CASE_ID,ACCIDENT_YEAR,PROC_DATE,JURIS,COLLISION_DATE,COLLISION_TIME,OFFICER_ID,REPORTING_DISTRICT,DAY_OF_WEEK,CHP_SHIFT,POPULATION,CNTY_CITY_LOC,SPECIAL_COND,BEAT_TYPE,CHP_BEAT_TYPE,CITY_DIVISION_LAPD,CHP_BEAT_CLASS,BEAT_NUMBER,PRIMARY_RD,SECONDARY_RD,DISTANCE,DIRECTION,INTERSECTION,WEATHER_1,WEATHER_2,STATE_HWY_IND,CALTRANS_COUNTY,CALTRANS_DISTRICT,STATE_ROUTE,ROUTE_SUFFIX,POSTMILE_PREFIX,POSTMILE,LOCATION_TYPE,RAMP_INTERSECTION,SIDE_OF_HWY,TOW_AWAY,COLLISION_SEVERITY,NUMBER_KILLED,NUMBER_INJURED,PARTY_COUNT,PRIMARY_COLL_FACTOR,PCF_CODE_OF_VIOL,PCF_VIOL_CATEGORY,PCF_VIOLATION,PCF_VIOL_SUBSECTION,HIT_AND_RUN,TYPE_OF_COLLISION,MVIW,PED_ACTION,ROAD_SURFACE,ROAD_COND_1,ROAD_COND_2,LIGHTING,CONTROL_DEVICE,CHP_ROAD_TYPE,PEDESTRIAN_ACCIDENT,BICYCLE_ACCIDENT,MOTORCYCLE_ACCIDENT,TRUCK_ACCIDENT,NOT_PRIVATE_PROPERTY,ALCOHOL_INVOLVED,STWD_VEHTYPE_AT_FAULT,CHP_VEHTYPE_AT_FAULT,COUNT_SEVERE_INJ,COUNT_VISIBLE_INJ,COUNT_COMPLAINT_PAIN,COUNT_PED_KILLED,COUNT_PED_INJURED,COUNT_BICYCLIST_KILLED,COUNT_BICYCLIST_INJURED,COUNT_MC_KILLED,COUNT_MC_INJURED,PRIMARY_RAMP,SECONDARY_RAMP,LATITUDE,LONGITUDE,COUNTY,CITY,POINT_X,POINT_Y
94391493,2024,2024-09-12,9265,2024-08-16,2305,022307,,5,3,9,3900,0,3,5,,2,040,"ROBERTS RD","UNDINE ROAD",15.00,S,N,A,-,N,,,,,,,,,,N,2,0,1,1,A,-,08,22107,,F,E,I,A,A,H,-,D,D,0,,,,,Y,,A,01,1,0,0,0,0,0,0,0,0,"- ","- ",37.832530975341797,-121.337890625,"SAN JOAQUIN",UNINCORPORATED,-121.337890625,37.834400177001953
94897783,2025,2025-10-22,9265,2025-10-13,"306 ",024262,,1,3,9,3900,0,1,3,,1,092,"GUARD RD",SR-12,0.00,,Y,A,-,Y,SJ,,12," "," ",8.833,H,,R,N,4,0,1,2,A,-,09,21802,A,N,D,D,A,A,H,-,D,A,0,,,,Y,Y,,F,25,0,0,1,0,0,0,0,0,0,"- ","- ",38.116031646728516,-121.42253112792969,"SAN JOAQUIN",UNINCORPORATED,-121.42253112792969,38.116008758544922
91453872,2021,2021-04-20,9265,2021-04-10,1955,020513,,6,2,9,3900,0,3,5,,2,090,"PELTIER RD","THORNTON RD",775.00,E,N,A,-,N,,,,,,,,,,Y,3,0,1,1,A,-,01,23152,A,N,E,I,A,A,H,-,D,D,0,,,,,Y,Y,A,07,0,1,0,0,0,0,0,0,0,"- ","- ",38.189369201660156,-121.40013885498047,"SAN JOAQUIN",UNINCORPORATED,-121.40023040771484,38.189437866210938
91454289,2021,2021-04-20,9266,2021-04-12,1725,022498,,1,2,9,3900,0,1,1,,2,014,"I-205 E/B","MOUNTAIN HOUSE PKWY",1460.00,W,N,A,-,Y,,,,,,,,,,Y,4,0,1,2,A,-,07,21658,A,N,B,C,A,A,H,-,A,D,0,,,Y,,Y,,A,01,0,0,1,0,0,0,0,0,1,"- ","- ",37.44329833984375,-121.32119750976562,"SAN JOAQUIN",UNINCORPORATED,-121.53280639648438,37.742130279541016
91517435,2021,2021-07-12,9265,2021-07-02,0102,021537,,5,3,9,3900,0,1,S,,2,034,"SR-99 S/B TO GOLDEN GATE AVE OFR","GOLDEN GATE AVE",226.00,N,N,A,-,Y,,,99,,,,R,,S,Y,3,0,1,1,A,-,01,23152,A,N,F,8,A,A,H,-,D,D,0,,,,,Y,Y,D,22,0,1,0,0,0,0,0,0,0,"- ","- ",37.945850372314453,-121.23684692382812,"SAN JOAQUIN",UNINCORPORATED,-121.23684692382812,37.945850372314453
91521162,2021,2021-07-15,9265,2021-07-09,1750,022356,,5,2,9,3900,0,2,4,,1,014,"MARIPOSA RD","CARPENTER RD",0.00,,Y,A,-,N,,,,,,,,,,Y,2,0,1,2,A,-,01,23152,A,N,B,C,A,A,H,-,A,A,0,,,,,Y,Y,A,01,1,0,0,0,0,0,0,0,0,"- ","- ",37.928169250488281,-121.21678924560547,"SAN JOAQUIN",UNINCORPORATED,-121.21671295166016,37.928150177001953
92206158,2023,2023-10-23,9265,2023-10-12,"10  ",022042,,4,3,9,3900,0,3,5,,2,030,"MANTHEY RD","BOWMAN RD",410.00,N,N,A,-,N,,,,,,,,,,N,2,0,1,2,A,-,11,21956,A,N,G,B,E,A,H,-,D,D,0,Y,,,,Y,,N,60,1,0,0,0,1,0,0,0,0,"- ","- ",37.866859436035156,-121.2794189453125,"SAN JOAQUIN",UNINCORPORATED,-121.27943420410156,37.866840362548828
92247136,2023,2023-11-28,9265,2023-11-09,1725,019182,,4,2,4,3903,0,1,3,,2,001,"SR-99 S/B",SR-120,725.00,S,N,A,-,Y,SJ,,99," "," ",5.676,H,,L,Y,4,0,1,2,A,-,03,22350,,N,C,C,A,A,H,-,C,D,0,,,,Y,Y,,A,01,0,0,1,0,0,0,0,0,0,"- ","- ",37.783279418945312,-121.18778228759766,"SAN JOAQUIN",MANTECA,-121.18772888183594,37.783287048339844
91028419,2019,2019-07-10,9265,2019-06-24,1350,018836,,1,1,5,3902,0,1,3,,2,006,"SR-99 S/B","LODI AVE",290.00,N,N,A,-,Y,,,99,,,,,,S,Y,4,0,2,2,A,-,03,22350,,N,C,C,A,A,H,-,A,D,0,,,,,Y,,A,01,0,0,2,0,0,0,0,0,0,"- ","- ",38.131881713867188,-121.257568359375,"SAN JOAQUIN",LODI,-121.25758361816406,38.131881713867188
91053666,2019,2019-08-16,9265,2019-08-10,1450,013539,,6,2,4,3903,0,1,3,,2,025,"SR-120 W/B","MAIN STREET",325.00,W,N,A,-,Y,,,120,,,,,,W,Y,3,0,1,1,C,-,18,,,N,F,A,A,A,H,-,A,D,0,,,,,Y,,-,"- ",0,1,0,0,0,0,0,0,0,"- ","- ",37.783489227294922,-121.21701812744141,"SAN JOAQUIN",MANTECA,-121.21701812744141,37.783561706542969
91088320,2019,2019-10-01,9266,2019-09-20,2241,021975,,5,3,9,3900,0,3,5,,2,001,"REDONDO DR.","TSIRELAS DR",320.00,N,N,A,-,N,,,,,,,,,,N,4,0,1,2,A,-,03,22350,,N,B,C,A,A,C,-,D,D,0,,,,,Y,,A,01,0,0,1,0,0,0,0,0,0,"- ","- ",37.746761322021484,-121.50995635986328,"SAN JOAQUIN",UNINCORPORATED,-121.51007080078125,37.746753692626953
91096407,2019,2019-10-14,9265,2019-10-02,0850,019073,,3,1,9,3900,0,1,3,,2,003,"SR-99 N/B FROM GOLDEN GATE AVE.","GOLDEN GATE AVE",652.00,N,N,A,-,Y,,,99,,,,R,,N,Y,4,0,1,2,A,-,03,22350,,N,C,C,A,A,H,-,A,A,0,,,,,Y,,D,22,0,0,1,0,0,0,0,0,0,"- ","- ",37.945819854736328,-121.23531341552734,"SAN JOAQUIN",UNINCORPORATED,-121.23531341552734,37.945819854736328
91444138,2021,2021-04-06,9265,2021-03-27,1320,018836,,6,1,9,3900,0,1,3,,2,006,"SR-99 S/B","ACAMPO RD",280.00,N,N,A,-,Y,,,99,,,,,,S,Y,4,0,1,1,A,-,08,22107,,N,E,I,A,A,H,-,A,D,0,,,,,Y,,A,01,0,0,1,0,0,0,0,0,0,"- ","- ",38.175510406494141,-121.26242828369141,"SAN JOAQUIN",UNINCORPORATED,-121.26245880126953,38.175510406494141
91448620,2021,2021-04-12,9266,2021-04-01,1505,018888,,4,2,9,3900,0,1,1,,2,014,"I-205 W/B","11TH ST",200.00,E,N,A,-,Y,,,205,,,,,,W,Y,3,0,2,1,A,-,08,22107,,N,E,J,A,A,H,-,A,D,0,,,,,Y,,A,01,0,2,0,0,0,0,0,0,0,"- ","- ",37.741539001464844,-121.494873046875,"SAN JOAQUIN",UNINCORPORATED,-121.49485015869141,37.741455078125
90950349,2019,2019-03-21,9265,2019-03-15,1644,018955,,5,2,3,3904,0,1,3,,2,001,"SR-99 S/B","MAIN ST",1500.00,N,N,A,-,Y,,,99,,,,,,S,Y,3,0,1,1,A,-,03,22350,,N,F,A,A,A,H,-,A,D,0,,,Y,,Y,,C,02,0,1,0,0,0,0,0,0,1,"- ","- ",37.736469268798828,-121.11743927001953,"SAN JOAQUIN",RIPON,-121.11744689941406,37.736465454101562
90972358,2019,2019-04-22,9265,2019-04-11,0342,019073,,4,3,9,3900,0,1,1,,2,505,"I-5 N/B TO TURNER RD","TURNER RD",498.00,S,N,B,-,Y,,,5,,,,R,,N,Y,3,0,1,2,A,-,03,22350,,N,C,C,A,A,C,-,D,D,0,,,,Y,Y,,A,01,0,1,0,0,0,0,0,0,0,"- ","- ",38.144599914550781,-121.39875030517578,"SAN JOAQUIN",UNINCORPORATED,-121.39875030517578,38.144599914550781
90981624,2019,2019-05-03,9265,2019-04-30,0600,017989,,2,1,9,3900,0,2,4,,1,051,"MAIN ST","WALKER LN",70.00,E,N,A,-,N,,,,,,,,,,Y,2,0,2,2,A,-,08,22107,,N,A,C,A,A,H,-,B,D,0,,,Y,,Y,,C,02,1,0,1,0,0,0,0,0,1,"- ","- ",37.957778930664062,-121.22244262695312,"SAN JOAQUIN",UNINCORPORATED,-121.22287750244141,37.9576416015625
90992407,2019,2019-05-20,9266,2019-05-18,1050,018711,,6,1,9,3900,0,2,4,,2,013,"BYRON ROAD","HENDERSON RD",6.00,N,N,A,-,N,,,,,,,,,,Y,4,0,2,2,A,-,07,21658,A,N,C,C,A,A,H,-,A,A,0,,,,,Y,,A,01,0,0,2,0,0,0,0,0,0,"- ","- ",37.780048370361328,-121.52749633789062,"SAN JOAQUIN",UNINCORPORATED,-121.52751922607422,37.780120849609375
91004509,2019,2019-06-06,9265,2019-05-28,0900,015490,,2,1,9,3900,0,3,5,,2,060,"ELLIOTT RD","JAHANT RD",0.00,,Y,B,-,N,,,,,,,,,,Y,3,0,1,2,A,-,12,22450,A,N,D,C,A,A,H,-,A,A,0,,,,,Y,,D,22,0,1,0,0,0,0,0,0,0,"- ","- ",38.204818725585938,-121.17082214355469,"SAN JOAQUIN",UNINCORPORATED,-121.17095947265625,38.204780578613281
91012495,2019,2019-06-18,9265,2019-06-09,0128,020071,,7,3,3,3904,0,1,3,,2,001,"SR-99 S/B","MAIN ST",3168.00,S,N,A,-,Y,,,99,,,,,,S,Y,3,0,2,3,A,-,07,21658,A,N,B,C,A,A,D,-,D,D,0,,,,,Y,Y,A,01,0,1,1,0,0,0,0,0,0,"- ","- ",37.732658386230469,-121.11309814453125,"SAN JOAQUIN",RIPON,-121.11301422119141,37.732765197753906
90519614,2017,2017-08-09,9265,2017-01-03,2312,019996,,2,3,9,3900,0,1,3,,1,041,SR-4,"PORT OF STOCKTON EXPY",858.00,W,N,C,-,Y,,,4,,,,,,,Y,1,1,0,2,A,-,03,22350,,N,C,C,A,B,H,-,D,D,0,,,Y,,Y,,A,07,0,0,0,0,0,0,0,1,0,"- ","- ",37.926850000000002,-121.36055,"SAN JOAQUIN",UNINCORPORATED,-121.36055057999999,37.926938849999999
90549606,2017,2017-09-18,9265,2017-09-06,1558,016639,,3,2,9,3900,0,1,1,,2,502,"I-5 N/B","FRENCH CAMP RD",500.00,S,N,A,-,Y,,,5,,,,,,N,Y,4,0,1,2,A,-,03,22350,,N,C,C,A,A,H,-,A,D,0,,,,,Y,,A,01,0,0,1,0,0,0,0,0,0,"- ","- ",37.890050000000002,-121.2813,"SAN JOAQUIN",UNINCORPORATED,-121.28111486,37.890116740000003
90556489,2017,2017-09-27,9265,2017-09-18,0845,018289,,1,1,9,3900,0,2,4,,1,053,"NEWTON ROAD","STEVENSON AVE",100.00,S,N,A,-,N,,,,,,,,,,N,3,0,1,2,A,-,05,21460,C,N,D,C,A,A,H,-,A,D,0,,,Y,,Y,,C,02,0,1,0,0,0,0,0,0,1,"- ","- ",37.996989999999997,-121.25866000000001,"SAN JOAQUIN",UNINCORPORATED,-121.25870604000001,37.997037980000002
90865563,2018,2018-11-22,9265,2018-11-21,1125,017123,,3,1,9,3900,0,2,4,,1,074,"BENJAMIN HOLT DR","GETTYSBURG PL",290.00,E,N,C,-,N,,,,,,,,,,Y,4,0,2,2,A,-,09,21804,A,N,D,C,A,B,H,-,A,D,0,,,,,Y,,D,22,0,0,2,0,0,0,0,0,0,"- ","- ",38.010341644287109,-121.32295227050781,"SAN JOAQUIN",UNINCORPORATED,-121.32301330566406,38.010387420654297
90870482,2018,2018-11-29,9265,2018-11-24,1255,016854,,6,1,9,3900,0,1,3,,1,063,SR-12,"BRUELLA RD",0.00,,Y,B,-,Y,,,,,,,,,,Y,4,0,2,2,A,-,09,21801,A,N,A,C,A,A,H,-,A,A,0,,,,,Y,,A,07,0,0,2,0,0,0,0,0,0,"- ","- ",38.136890411376953,-121.20596313476562,"SAN JOAQUIN",UNINCORPORATED,,
90874564,2018,2018-12-04,9266,2018-12-02,1400,018751,,7,2,9,3900,0,1,1,,1,015,"I-205 E/B","I-5 S/B",1000.00,E,N,A,-,Y,,,,,,,,,,Y,4,0,1,2,A,-,08,22107,,N,C,C,A,A,H,-,A,D,0,,,,,Y,,A,01,0,0,1,0,0,0,0,0,0,"- ","- ",37.769100189208984,-121.32898712158203,"SAN JOAQUIN",UNINCORPORATED,,
90009279,2015,2015-10-19,9265,2015-07-28,1320,018289,,2,1,9,3900,0,1,3,,1,062,"STATE ROUTE 88","LIVE OAK ROAD",0.00,,Y,A,-,Y,,,88,,,,,,,Y,4,0,1,2,A,-,12,22450,A,N,D,C,A,A,H,-,A,A,0,,,,,Y,,A,01,0,0,1,0,0,0,0,0,0,"- ","- ",38.079799999999999,-121.18549,"SAN JOAQUIN",UNINCORPORATED,-121.18500853,38.079648970000001
90370949,2017,2017-01-17,9265,2017-01-07,2042,019888,,6,2,6,3905,0,1,1,,2,503,"I-5 N/B","CHARTER WAY",940.00,S,N,B,C,Y,,,5,,,,,,N,Y,3,0,1,1,A,-,08,22107,,N,E,I,A,B,H,-,C,B,0,,,,,Y,,A,01,0,1,0,0,0,0,0,0,0,"- ","- ",37.934179999999998,-121.29691,"SAN JOAQUIN",STOCKTON,-121.29692381,37.93417693
90407925,2017,2017-03-08,9265,2017-02-16,1645,016382,,4,2,9,3900,0,1,3,,1,041,"ROBERTS ROAD","HOWARD RD",1320.00,E,N,B,-,Y,,,,,,,,,,Y,4,0,1,1,A,-,08,22107,,N,F,A,A,A,H,-,A,D,0,,,,,Y,,D,22,0,0,1,0,0,0,0,0,0,"- ","- ",37.877780000000001,-121.33601,"SAN JOAQUIN",UNINCORPORATED,-121.3424,37.877400000000002
90434878,2017,2017-04-17,9265,2017-04-13,1400,016382,,4,2,2,3920,0,1,1,,2,502,"I-5 N/B","LOUISE AVE",528.00,N,N,B,-,Y,,,5,,,,,,N,Y,4,0,1,2,A,-,08,22107,,N,B,C,A,A,H,-,A,D,0,,,,Y,Y,,G,25,0,0,1,0,0,0,0,0,0,"- ","- ",37.813180000000003,-121.29494,"SAN JOAQUIN",LATHROP,-121.29496272999999,37.813188459999999
90456753,2017,2017-05-16,9265,2017-04-21,0657,17405,,5,1,9,3900,0,1,3,,1,011,SR-120,"HUSE RD.",961.00,W,N,A,-,Y,,,,,,,,,,Y,4,0,1,2,A,-,03,22350,,N,C,C,A,A,H,-,A,D,0,,,,,Y,,A,01,0,0,1,0,0,0,0,0,0,"- ","- ",37.789250000000003,-121.0783,"SAN JOAQUIN",UNINCORPORATED,,
90502119,2017,2017-07-17,9266,2017-07-15,1210,014717,,6,1,5,3906,0,1,1,,1,015,"I-205 E/B","MACARTHUR DRIVE",100.00,E,N,A,-,Y,,,205,,,,,,E,N,4,0,2,2,A,-,03,22350,,N,C,C,A,A,H,-,A,D,0,,,,,Y,,A,01,0,0,2,0,0,0,0,0,0,"- ","- ",37.764499999999998,-121.41289999999999,"SAN JOAQUIN",TRACY,-121.41288219,37.764382269999999
84672611,2025,2025-05-02,3903,2025-04-04,2350,6194,,5,5,4,3903,0,0,0,,0,,"E YOSEMITE AVE","FREMONT AVE",165.00,W,N,A,-,N,,,,,,,,,,N,4,0,1,2,A,-,03,22350,,N,C,C,A,A,H,-,C,D,0,,,,,Y,,J,48,0,0,1,0,0,0,0,0,0,"- ","- ",,,"SAN JOAQUIN",MANTECA,-121.21017456054688,37.797428131103516
84813741,2025,2025-08-22,3905,2025-07-17,"918 ",7387,,4,5,6,3905,0,0,0,,0,,"FREMONT ST","LAUREL ST",54.00,W,N,A,-,N,,,,,,,,,,Y,4,0,1,4,A,-,03,22350,,N,C,E,A,A,H,-,A,D,0,,,,,Y,,A,01,0,0,1,0,0,0,0,0,0,"- ","- ",37.962039947509766,-121.26505279541016,"SAN JOAQUIN",STOCKTON,-121.26535034179688,37.962135314941406
84819197,2025,2025-08-27,3906,2025-05-30,1210,903,,5,5,5,3906,0,0,0,,0,005,"HOLLY DR","TWELFTH ST",0.00,,Y,A,-,N,,,,,,,,,,N,3,0,1,2,A,-,07,21658,A,N,D,G,A,A,H,-,A,D,0,,Y,,,Y,,L,04,0,1,0,0,0,0,1,0,0,"- ","- ",37.74053955078125,-121.42585754394531,"SAN JOAQUIN",TRACY,-121.42581176757812,37.740627288818359
84950530,2025,2025-11-28,3905,2025-10-15,2330,1315,,3,5,6,3905,0,0,0,,0,,"AIRPORT WY","FREMONT ST",0.00,,Y,A,-,N,,,,,,,,,,N,4,0,1,2,A,-,12,21453,A,F,D,C,A,A,H,-,C,A,0,,,,,Y,,A,01,0,0,1,0,0,0,0,0,0,"- ","- ",37.959720611572266,-121.27661895751953,"SAN JOAQUIN",STOCKTON,-121.27554321289062,37.960361480712891
85012746,2025,2026-01-14,3905,2025-11-22,"430 ",3202,,6,5,6,3905,0,0,0,,0,,"CENTER ST","PARKERS AL",20.00,N,N,A,-,N,,,,,,,,,,N,4,0,1,2,A,-,11,21954,A,N,G,B,D,A,H,-,C,A,0,Y,,,,Y,,N,60,0,0,1,0,1,0,0,0,0,"- ","- ",37.952011108398438,-121.29093933105469,"SAN JOAQUIN",STOCKTON,-121.29099273681641,37.952033996582031
85032838,2025,2026-01-28,3905,2025-12-08,"629 ",2676,,1,5,6,3905,0,0,0,,0,,"AUSTIN RD","MARIPOSA RD (E)",1100.00,E,N,E,-,N,,,,,,,,,,N,4,0,1,2,A,-,03,22350,,N,D,C,A,B,H,-,B,B,0,,,,,Y,,D,22,0,0,1,0,0,0,0,0,0,"- ","- ",37.911701202392578,-121.18393707275391,"SAN JOAQUIN",STOCKTON,-121.18402862548828,37.911846160888672
81985777,2022,2023-02-03,3905,2022-12-17,1258,2466,VAL,6,5,6,3905,0,0,0,,0,,"HAMMER LN","PALISADES DR",230.00,W,N,A,-,N,,,,,,,,,,Y,4,0,1,1,A,-,03,22350,,N,E,I,A,A,H,-,A,A,0,,,,,Y,,A,01,0,0,1,0,0,0,0,0,0,"- ","- ",38.020961761474609,-121.29773712158203,"SAN JOAQUIN",STOCKTON,-121.29824066162109,38.020877838134766
82028719,2023,2023-03-27,3905,2023-01-27,1630,2676,LAK,5,5,6,3905,0,0,0,,0,,"BENJAMIN HOLT DR","INGLEWOOD AV",0.00,,Y,A,-,N,,,,,,,,,,Y,4,0,1,2,A,-,17,21451,A,N,D,C,A,A,H,-,A,A,0,,,,,Y,,A,01,0,0,1,0,0,0,0,0,0,"- ","- ",38.011978149414062,-121.31781768798828,"SAN JOAQUIN",STOCKTON,-121.31739807128906,38.011825561523438
82057506,2023,2023-05-01,3905,2023-03-27,1536,7035,PAR,1,5,6,3905,0,0,0,,0,,"AIRPORT WY","MARKET ST",0.00,,Y,A,-,N,,,,,,,,,,Y,4,0,2,4,A,-,12,21453,A,N,D,C,A,A,H,-,A,A,0,,,,,Y,,A,07,0,0,2,0,0,0,0,0,0,"- ","- ",37.951728820800781,-121.28951263427734,"SAN JOAQUIN",STOCKTON,-121.27392578125,37.954387664794922
82067448,2023,2023-05-12,3905,2023-04-07,"32  ",2681,CIV,5,5,6,3905,0,0,0,,0,,"EL DORADO ST","PARK ST",34.00,S,N,B,-,N,,,,,,,,,,Y,4,0,1,2,A,-,08,22107,,N,B,C,A,B,H,-,C,A,0,,,,,Y,,A,07,0,0,1,0,0,0,0,0,0,"- ","- ",37.959140777587891,-121.29279327392578,"SAN JOAQUIN",STOCKTON,-121.29167938232422,37.959598541259766
82122531,2023,2023-07-24,3906,2023-07-06,2131,1824,,4,5,5,3906,0,0,0,,0,004,"ELEVENTH ST","LAMMERS RD",0.00,N,Y,A,-,N,,,,,,,,,,Y,2,0,1,2,A,-,12,21453,A,N,H,C,A,A,H,-,C,A,0,,,,,Y,,A,01,1,0,0,0,0,0,0,0,0,"- ","- ",37.739208221435547,-121.47673034667969,"SAN JOAQUIN",TRACY,-121.47676849365234,37.739368438720703
84587213,2025,2025-02-24,3905,2025-01-16,1140,7323,,4,5,6,3905,0,0,0,,0,,"ACACIA ST","HARRISON ST",0.00,,Y,A,-,N,,,,,,,,,,Y,4,0,1,1,A,-,08,22100,B,N,E,I,A,A,H,-,A,A,0,,,,,Y,,A,07,0,0,1,0,0,0,0,0,0,"- ","- ",37.960578918457031,-121.30268859863281,"SAN JOAQUIN",STOCKTON,-121.30158996582031,37.961074829101562
81751791,2021,2022-04-20,3905,2021-11-23,0745,2747,CIV,2,5,6,3905,0,0,0,,0,,"CALIFORNIA ST","GEARY ST",11.00,S,N,E,-,N,,,,,,,,,,Y,1,1,1,2,A,-,01,23152,B,N,A,C,A,A,H,-,A,D,0,,,,,Y,Y,A,01,0,0,1,0,0,0,0,0,0,"- ","- ",37.976211547851562,-121.29106903076172,"SAN JOAQUIN",STOCKTON,-121.29132080078125,37.976150512695312
81766795,2022,2022-05-09,3905,2022-04-02,1206,7221,VAL,6,5,6,3905,0,0,0,,0,,"EIGHT MILE RD","MICKE GROVE RD",0.00,,Y,A,-,N,,,,,,,,,,Y,3,0,3,2,A,-,09,21801,A,N,D,C,A,A,H,-,A,A,0,,,,,Y,,A,01,0,2,1,0,0,0,0,0,0,"- ","- ",38.056720733642578,-121.26873779296875,"SAN JOAQUIN",STOCKTON,-121.26878356933594,38.057407379150391
81851061,2022,2023-03-02,3905,2022-06-10,1629,7192,CIV,5,5,6,3905,0,0,0,,0,,"PARK ST","BAKER ST",0.00,,Y,A,-,N,,,,,,,,,,Y,4,0,1,2,A,-,09,21802,A,N,D,C,A,A,H,-,A,A,0,,,,,Y,,A,01,0,0,1,0,0,0,0,0,0,"- ","- ",37.957229614257812,-121.30454254150391,"SAN JOAQUIN",STOCKTON,-121.30342102050781,37.957687377929688
81875222,2022,2022-09-28,3905,2022-08-10,0535,2463,PAR,3,5,6,3905,0,0,0,,0,,"WILSON WY","HARDING WY",0.00,,Y,A,-,N,,,,,,,,,,Y,4,0,1,2,A,-,12,21453,A,N,D,C,A,A,H,-,B,A,0,,,,,Y,,A,08,0,0,1,0,0,0,0,0,0,"- ","- ",37.969970703125,-121.27657318115234,"SAN JOAQUIN",STOCKTON,-121.27559661865234,37.970623016357422
81913397,2022,2022-11-09,3905,2022-08-27,1854,2928,LAK,6,5,6,3905,0,0,0,,0,,"BENJAMIN HOLT DR","PLYMOUTH RD",0.00,,Y,A,-,N,,,,,,,,,,N,4,0,1,2,A,-,12,21453,A,N,D,C,A,A,H,-,A,A,0,,,,,Y,,A,01,0,0,1,0,0,0,0,0,0,"- ","- ",38.004779815673828,-121.35030364990234,"SAN JOAQUIN",STOCKTON,-121.34983062744141,38.004940032958984
81942915,2022,2022-12-15,3905,2022-10-12,0630,2463,SEA,3,5,6,3905,0,0,0,,0,,"EL DORADO ST","LOWELL AV",0.00,,Y,A,-,N,,,,,,,,,,N,4,0,1,2,A,-,17,21663,,F,D,G,A,A,H,-,C,A,0,,Y,,,Y,,L,04,0,0,1,0,0,0,1,0,0,"- ","- ",37.921211242675781,-121.27951049804688,"SAN JOAQUIN",STOCKTON,-121.27968597412109,37.921211242675781
9256366,2021,2023-06-30,3905,2021-05-02,0619,1641,PAR,7,5,6,3905,0,0,0,,0,,"MARTIN LUTHER KING BL","WILSON WY",0.00,,Y,A,-,N,,,,,,,,,,Y,1,2,0,3,A,-,01,23153,A,N,D,C,A,A,H,-,A,A,0,,,,,Y,Y,D,22,0,0,0,0,0,0,0,0,0,"- ","- ",37.941909790039062,-121.26790618896484,"SAN JOAQUIN",STOCKTON,-121.26783752441406,37.942100524902344
9263970,2021,2021-05-20,3903,2021-04-06,0947,2295,,2,5,4,3903,0,0,0,,0,,"EUCALYPTUS ST","MAGNOLIA AV",110.00,W,N,A,-,N,,,,,,,,,,Y,3,0,2,2,C,-,18,,,N,E,E,A,A,H,-,A,D,0,,,,,Y,,-,"- ",0,2,0,0,0,0,0,0,0,"- ","- ",37.80120849609375,-121.23332977294922,"SAN JOAQUIN",MANTECA,-121.23371887207031,37.801216125488281
9266147,2021,2021-06-08,3905,2021-04-11,2330,3093,PAR,7,5,6,3905,0,0,0,,0,,"MARTIN LUTHER KING BL","AIRPORT WY",0.00,,Y,-,-,N,,,,,,,,,,Y,4,0,1,2,A,-,01,23152,A,N,D,C,A,A,H,-,A,A,0,,,,,Y,Y,A,01,0,0,1,0,0,0,0,0,0,"- ","- ",37.941471099853516,-121.27059173583984,"SAN JOAQUIN",STOCKTON,-121.27058410644531,37.941562652587891
9287361,2021,2021-07-22,3905,2021-05-15,0208,3093,SEA,6,5,6,3905,0,0,0,,0,,"SUTTER ST","MARTIN LUTHER KING BL",100.00,S,N,A,-,N,,,,,,,,,,,4,0,1,2,A,-,21,22106,,F,G,B,E,A,H,-,C,D,0,Y,,,,Y,Y,A,01,0,0,1,0,1,0,0,0,0,"- ","- ",37.939361572265625,-121.28356170654297,"SAN JOAQUIN",STOCKTON,-121.28208160400391,37.93939208984375
9287506,2021,2021-07-28,3905,2021-05-24,2121,3020,SEA,1,5,6,3905,0,0,0,,0,,"MARTIN LUTHER KING BL","SAN JOAQUIN ST",0.00,,Y,A,-,N,,,,,,,,,,N,4,0,1,3,A,-,01,23152,A,F,C,C,A,A,H,-,C,A,0,,,,,Y,Y,A,07,0,0,1,0,0,0,0,0,0,"- ","- ",37.939361572265625,-121.28356170654297,"SAN JOAQUIN",STOCKTON,-121.28343963623047,37.939445495605469
9303076,2021,2021-10-16,3906,2021-07-17,0916,918,,6,5,5,3906,0,0,0,,0,003,"SCHULTE RD","LAURIANA LN",0.00,,Y,A,-,N,,,,,,,,,,N,2,0,1,2,D,-,00,,,N,D,G,A,-,H,-,A,A,0,,Y,,,Y,,-,"- ",1,0,0,0,0,0,1,0,0,"- ","- ",,,"SAN JOAQUIN",TRACY,-121.44712829589844,37.728656768798828
9119629,2020,2020-09-10,3903,2020-06-11,1758,3213,,4,5,4,3903,0,0,0,,0,,"AIRPORT WY","GENEVA WY",0.00,,Y,A,-,N,,,,,,,,,,N,4,0,1,2,A,-,08,22107,,N,D,C,A,A,H,-,A,D,0,,,,,Y,,A,01,0,0,1,0,0,0,0,0,0,"- ","- ",37.808139801025391,-121.25301361083984,"SAN JOAQUIN",MANTECA,-121.25279235839844,37.808208465576172