CASE_ID,ACCIDENT_YEAR,PROC_DATE,JURIS,COLLISION_DATE,COLLISION_TIME,OFFICER_ID,REPORTING_DISTRICT,DAY_OF_WEEK,CHP_SHIFT,POPULATION,CNTY_CITY_LOC,SPECIAL_COND,BEAT_TYPE,CHP_BEAT_TYPE,CITY_DIVISION_LAPD,CHP_BEAT_CLASS,BEAT_NUMBER,PRIMARY_RD,SECONDARY_RD,DISTANCE,DIRECTION,INTERSECTION,WEATHER_1,WEATHER_2,STATE_HWY_IND,CALTRANS_COUNTY,CALTRANS_DISTRICT,STATE_ROUTE,ROUTE_SUFFIX,POSTMILE_PREFIX,POSTMILE,LOCATION_TYPE,RAMP_INTERSECTION,SIDE_OF_HWY,TOW_AWAY,COLLISION_SEVERITY,NUMBER_KILLED,NUMBER_INJURED,PARTY_COUNT,PRIMARY_COLL_FACTOR,PCF_CODE_OF_VIOL,PCF_VIOL_CATEGORY,PCF_VIOLATION,PCF_VIOL_SUBSECTION,HIT_AND_RUN,TYPE_OF_COLLISION,MVIW,PED_ACTION,ROAD_SURFACE,ROAD_COND_1,ROAD_COND_2,LIGHTING,CONTROL_DEVICE,CHP_ROAD_TYPE,PEDESTRIAN_ACCIDENT,BICYCLE_ACCIDENT,MOTORCYCLE_ACCIDENT,TRUCK_ACCIDENT,NOT_PRIVATE_PROPERTY,ALCOHOL_INVOLVED,STWD_VEHTYPE_AT_FAULT,CHP_VEHTYPE_AT_FAULT,COUNT_SEVERE_INJ,COUNT_VISIBLE_INJ,COUNT_COMPLAINT_PAIN,COUNT_PED_KILLED,COUNT_PED_INJURED,COUNT_BICYCLIST_KILLED,COUNT_BICYCLIST_INJURED,COUNT_MC_KILLED,COUNT_MC_INJURED,PRIMARY_RAMP,SECONDARY_RAMP,LATITUDE,LONGITUDE,COUNTY,CITY,POINT_X,POINT_Y
8010309,2016,2017-02-11,3905,2016-03-16,1410,1315,SEA,3,5,6,3905,0,0,0,,0,,"CENTER ST","LAFAYETTE ST",0.00,,Y,A,-,Y,SJ,10,4,-,R,16.514,R,4,E,Y,4,0,3,2,A,-,12,21453,A,N,D,C,A,A,H,-,A,A,0,,,,,Y,,A,07,0,0,3,0,0,0,0,0,0,"- ","- ",37.949620000000003,-121.29033,"SAN JOAQUIN",STOCKTON,-121.29249221000001,37.94962331
8031811,2016,2016-05-09,3905,2016-04-03,0121,2448,PAR,7,5,6,3905,0,0,0,,0,,"SOUTH AIRPORT WY","E ANDERSON ST",0.00,,Y,A,-,N,,,,,,,,,,Y,3,0,3,2,A,-,03,22350,,F,D,C,A,A,H,-,C,A,0,,,,,Y,,A,01,0,1,2,0,0,0,0,0,0,"- ","- ",,,"SAN JOAQUIN",STOCKTON,-121.27146994,37.9454499
8050635,2016,2016-06-11,3905,2016-05-28,0241,2794,SEA,6,5,6,3905,0,0,0,,0,,"ARGONAUT ST","2ND ST",473.00,W,N,A,-,N,,,,,,,,,,N,2,0,1,2,A,-,03,22350,,F,G,B,E,A,H,-,C,D,0,Y,,,,Y,,A,01,1,0,0,0,1,0,0,0,0,"- ","- ",37.93486,-121.30311,"SAN JOAQUIN",STOCKTON,-121.30296,37.934739999999998
8057534,2016,2016-06-15,3903,2016-05-05,0300,2186,,4,5,4,3903,0,0,0,,0,,"SPRECKELS AV","PHOENIX DR",206.00,N,N,A,-,N,,,,,,,,,,Y,4,0,1,1,A,-,03,22350,,N,E,I,A,A,H,-,C,D,0,,,,,Y,,A,01,0,0,1,0,0,0,0,0,0,"- ","- ",,,"SAN JOAQUIN",MANTECA,-121.19771969999999,37.794009490000001
8073007,2016,2016-07-06,3905,2016-06-11,1328,2537,VAL,6,5,6,3905,0,0,0,,0,,"MARCH LN","BIANCHI RD",0.00,,Y,A,-,N,,,,,,,,,,Y,4,0,1,2,A,-,12,21453,A,N,D,C,A,A,H,-,A,A,0,,,,,Y,,D,22,0,0,1,0,0,0,0,0,0,"- ","- ",38.003540000000001,-121.28413,"SAN JOAQUIN",STOCKTON,-121.28474987,38.00347996
8073062,2016,2016-06-30,3905,2016-06-14,1800,1393,VAL,2,5,6,3905,0,0,0,,0,,"EL DORADO ST","JAMESTOWN ST",584.00,S,N,A,-,N,,,,,,,,,,N,4,0,1,3,A,-,03,22350,,N,C,C,A,A,C,-,A,D,0,,,,,Y,,D,22,0,0,1,0,0,0,0,0,0,"- ","- ",37.99362,-121.3043,"SAN JOAQUIN",STOCKTON,-121.30431959000001,37.992385689999999
8078939,2016,2016-07-12,3906,2016-06-22,1510,1164,CITY,3,5,5,3906,0,0,0,,0,001,"MACARTHUR BL","E 6TH ST",20.00,S,N,A,-,N,,,,,,,,,,N,4,0,1,2,A,-,03,22350,,N,C,C,A,A,H,-,A,D,0,,,,,Y,,A,07,0,0,1,0,0,0,0,0,0,"- ","- ",,,"SAN JOAQUIN",TRACY,-121.41656725999999,37.737335109999997
8088053,2016,2016-07-28,3905,2016-07-08,1549,2529,,5,5,6,3905,0,0,0,,0,,"FRESNO AV","DIABLO CREEK DR",129.00,N,N,A,-,N,,,,,,,,,,N,3,0,2,1,A,-,03,22350,,M,E,I,A,A,A,-,A,A,0,,,,,Y,,A,01,0,1,1,0,0,0,0,0,0,"- ","- ",37.925690000000003,-121.31241,"SAN JOAQUIN",STOCKTON,-121.31214513,37.925854090000001
8096334,2016,2016-08-11,3906,2016-08-02,1127,1373,,2,5,5,3906,0,0,0,,0,001,"WEST 11TH ST","NORTH TRACY BL",0.00,,Y,A,-,N,,,,,,,,,,Y,4,0,2,2,D,-,00,,,N,D,C,A,A,H,-,A,A,0,,,,,Y,,-,"- ",0,0,2,0,0,0,0,0,0,"- ","- ",,,"SAN JOAQUIN",TRACY,-121.43637995,37.739679940000002
8102736,2016,2016-08-23,3905,2016-08-06,1018,1422,BEA,6,5,6,3905,0,0,0,,0,,"HAMMER LN","MARINERS DR",237.00,E,N,A,-,N,,,,,,,,,,N,4,0,1,2,A,-,08,22100,A,N,D,C,A,A,H,-,A,D,0,,,,,Y,,A,01,0,0,1,0,0,0,0,0,0,"- ","- ",38.021279999999997,-121.36190999999999,"SAN JOAQUIN",STOCKTON,-121.36074408,38.021282210000003
8102799,2016,2016-08-23,3905,2016-08-04,1717,2525,PAR,4,5,6,3905,0,0,0,,0,,"FREMONT ST","GRATTAN AV",17.00,W,N,A,-,N,,,,,,,,,,N,4,0,2,3,A,-,03,22350,,N,C,C,A,A,H,-,A,A,0,,,,,Y,,A,08,0,0,2,0,0,0,0,0,0,"- ","- ",37.962420000000002,-121.26326,"SAN JOAQUIN",STOCKTON,-121.26341673,37.962557250000003
8152897,2016,2016-11-01,3905,2016-09-07,1530,2763,LAK,3,5,6,3905,0,0,0,,0,,"MEADOW AV","PARK WOODS DR",0.00,,Y,A,-,N,,,,,,,,,,N,4,0,1,2,A,-,03,22350,,N,C,C,A,A,H,-,A,A,0,,,,Y,Y,,F,21,0,0,1,0,0,0,0,0,0,"- ","- ",38.01661,-121.34181,"SAN JOAQUIN",STOCKTON,-121.34147,38.016769910000001
8152921,2016,2016-11-01,3905,2016-09-05,1305,2537,VAL,1,5,6,3905,0,0,0,,0,,"HOLMAN RD","BRYANT DR",0.00,,Y,A,-,N,,,,,,,,,,Y,4,0,2,2,A,-,12,21453,A,N,D,C,A,A,H,-,A,A,0,,,,,Y,,I,11,0,0,2,0,0,0,0,0,0,"- ","- ",38.027050000000003,-121.26989,"SAN JOAQUIN",STOCKTON,-121.26975996,38.027199940000003
8154733,2016,2016-10-31,3905,2016-10-11,1515,2277,,2,5,6,3905,0,0,0,,0,,"WEST LN","WEST LN  2040",0.00,,Y,A,-,N,,,,,,,,,,N,4,0,1,2,B,-,22,,,M,G,B,F,A,H,-,A,D,0,Y,,,,Y,,A,01,0,0,1,0,1,0,0,0,0,"- ","- ",,,"SAN JOAQUIN",STOCKTON,-121.28022194,37.975326899999999
8154794,2016,2016-10-31,3905,2016-10-12,1936,2787,CIV,3,5,6,3905,0,0,0,,0,,"OAK ST","LINCOLN ST",0.00,,Y,A,-,N,,,,,,,,,,Y,4,0,1,2,A,-,12,22450,A,N,B,C,A,A,H,-,D,A,0,,,,,Y,,A,01,0,0,1,0,0,0,0,0,0,"- ","- ",37.957450000000001,-121.29916,"SAN JOAQUIN",STOCKTON,-121.29922994,37.957399989999999
81663024,2021,2021-12-28,3905,2021-11-09,1525,3041,PAR,2,5,6,3905,0,0,0,,0,,"MINER AV","WILSON WY",131.00,E,N,A,-,N,,,,,,,,,,N,2,0,1,2,A,-,03,22350,,N,B,E,A,A,H,-,A,D,0,,,,,Y,,A,07,1,0,0,0,0,0,0,0,0,"- ","- ",37.958110809326172,-121.27348327636719,"SAN JOAQUIN",STOCKTON,-121.27191162109375,37.958816528320312
8169159,2016,2016-11-16,3903,2016-10-22,1033,2602,,6,5,4,3903,0,0,0,,0,,"YOSEMITE AV","TREVINO AV",0.00,,Y,A,-,N,,,,,,,,,,Y,4,0,2,2,A,-,09,21801,A,N,D,C,A,A,H,-,A,D,0,,,,,Y,,A,01,0,0,2,0,0,0,0,0,0,"- ","- ",37.79721,-121.24056,"SAN JOAQUIN",MANTECA,-121.24049986999999,37.797359909999997
81725860,2022,2022-03-17,3905,2022-01-12,0839,7161,VAL,3,5,6,3905,0,0,0,,0,,"E SWAIN RD","WELCH AV",30.00,E,N,A,-,N,,,,,,,,,,Y,3,0,1,2,A,-,03,22350,,N,B,E,A,A,H,-,A,D,0,,,,,Y,,A,01,0,1,0,0,0,0,0,0,0,"- ","- ",38.011581420898438,-121.29300689697266,"SAN JOAQUIN",STOCKTON,-121.29257202148438,38.011566162109375
81752124,2022,2022-04-20,3905,2022-03-05,1647,2466,SEA,6,5,6,3905,0,0,0,,0,,"MARTIN LUTHER KING BL","GRANT ST",0.00,,Y,A,-,N,,,,,,,,,,N,4,0,1,2,A,-,12,21453,A,M,D,C,A,A,H,-,A,A,0,,,,,Y,,D,22,0,0,1,0,0,0,0,0,0,"- ","- ",37.939861297607422,-121.27825927734375,"SAN JOAQUIN",STOCKTON,-121.27693176269531,37.940509796142578
81752188,2022,2022-04-20,3905,2022-03-11,1415,7035,BEA,5,5,6,3905,0,0,0,,0,,"ESTATE DR","TREETOP DR",5.00,E,N,A,-,N,,,,,,,,,,N,3,0,2,3,A,-,10,21950,A,N,G,B,B,A,H,-,A,A,0,Y,,,,Y,,A,01,0,1,1,0,2,0,0,0,0,"- ","- ",38.040950775146484,-121.35205078125,"SAN JOAQUIN",STOCKTON,-121.35190582275391,38.041088104248047
8177993,2016,2016-12-07,3905,2016-11-12,1154,2573,,6,5,6,3905,0,0,0,,0,,"PERCIVAL WY","HOMEWOOD DR",0.00,,Y,A,-,N,,,,,,,,,,Y,4,0,1,4,A,-,03,22350,,M,B,C,A,A,H,-,A,A,0,,,,,Y,,A,01,0,0,1,0,0,0,0,0,0,"- ","- ",38.016669999999998,-121.28416,"SAN JOAQUIN",STOCKTON,-121.28381988,38.016739909999998
81823661,2022,2022-07-25,3905,2022-06-17,2318,2625,PAR,5,5,6,3905,0,0,0,,0,,"COURT ST","ALMA AV",0.00,,Y,A,-,N,,,,,,,,,,N,2,0,2,2,A,-,01,23152,A,N,A,E,A,A,H,-,C,D,0,,,,,Y,Y,A,08,1,1,0,0,0,0,0,0,0,"- ","- ",37.953449249267578,-121.25911712646484,"SAN JOAQUIN",STOCKTON,-121.25914001464844,37.953655242919922
8186568,2016,2016-12-21,3902,2016-11-10,1245,67,,4,5,5,3902,0,0,0,,0,,"WEST LODI AV",MILLS,12.00,E,N,A,-,N,,,,,,,,,,N,4,0,1,2,A,-,12,21453,A,N,H,G,A,A,H,-,A,A,0,,Y,,,Y,,L,04,0,0,1,0,0,0,1,0,0,"- ","- ",,,"SAN JOAQUIN",LODI,-121.29744828,38.130060520000001
81921076,2022,2022-11-18,3905,2022-10-11,1645,2466,PAR,2,5,6,3905,0,0,0,,0,,"MYRTLE ST","S STATE ROUTE 99",40.00,W,N,-,-,N,,,,,,,,,,Y,4,0,1,1,A,-,03,22350,,N,E,I,A,A,H,-,A,A,0,,,,,Y,,A,01,0,0,1,0,0,0,0,0,0,"- ","- ",37.964199066162109,-121.24308013916016,"SAN JOAQUIN",STOCKTON,-121.24313354492188,37.964557647705078
81967539,2022,2023-01-13,3905,2022-12-11,1155,7254,CIV,7,5,6,3905,0,0,0,,0,,"ALPINE AV","SAN RAFAEL AV",35.00,E,N,B,-,N,,,,,,,,,,Y,4,0,2,2,A,-,03,22350,,N,C,C,A,A,H,-,A,A,0,,,,,Y,,A,01,0,0,2,0,0,0,0,0,0,"- ","- ",37.984169006347656,-121.28250885009766,"SAN JOAQUIN",STOCKTON,-121.28281402587891,37.984230041503906
81986925,2022,2023-02-06,3905,2022-12-15,1535,7192,PAR,4,5,6,3905,0,0,0,,0,,"MONTAUBAN AV","MARCH LN",80.00,N,N,B,-,N,,,,,,,,,,N,4,0,2,2,A,-,03,22350,,M,C,C,A,A,H,-,A,A,0,,,,,Y,,A,07,0,0,2,0,0,0,0,0,0,"- ","- ",38.002979278564453,-121.2852783203125,"SAN JOAQUIN",STOCKTON,-121.28486633300781,38.003868103027344
82020085,2023,2023-03-16,3924,2023-03-10,1211,1270,L2,5,5,2,3920,0,0,0,,0,00C,"15890 FIFTH ST","N ST",0.00,,Y,B,-,N,,,,,,,,,,Y,3,0,1,3,A,-,05,21650,,N,A,C,A,B,H,-,A,D,0,,,,,Y,,D,22,0,1,0,0,0,0,0,0,0,"- ","- ",37.817840576171875,-121.27789306640625,"SAN JOAQUIN",LATHROP,-121.27831268310547,37.817451477050781
82057485,2023,2023-05-01,3905,2023-03-17,2106,7161,SEA,5,5,6,3905,0,0,0,,0,,"EL DORADO ST","SECOND ST",146.00,S,N,A,-,N,,,,,,,,,,N,4,0,1,2,A,-,05,21202,A,N,D,G,A,A,H,-,D,A,0,,Y,,,Y,,L,04,0,0,1,0,0,0,1,0,0,"- ","- ",37.936378479003906,-121.28549957275391,"SAN JOAQUIN",STOCKTON,-121.28524780273438,37.935977935791016
82123768,2023,2023-07-24,3905,2023-06-10,2015,7034,CIV,6,5,6,3905,0,0,0,,0,,"FREMONT ST","PERSHING AV",175.00,E,N,B,-,N,,,,,,,,,,N,3,0,1,2,A,-,08,22107,,F,H,G,A,A,H,-,C,D,0,,Y,,,Y,,A,07,0,1,0,0,0,0,1,0,0,"- ","- ",37.954391479492188,-121.31230163574219,"SAN JOAQUIN",STOCKTON,-121.31183624267578,37.954235076904297
82127276,2023,2023-07-28,3905,2023-06-03,2237,3066,PAR,6,5,6,3905,0,0,0,,0,,"WEBER AV","WILSON WY",0.00,,Y,A,-,N,,,,,,,,,,N,2,0,1,2,A,-,03,22350,,F,G,B,B,A,H,-,C,D,0,Y,,,,Y,,-,99,1,0,0,0,1,0,0,0,0,"- ","- ",37.954700469970703,-121.27124786376953,"SAN JOAQUIN",STOCKTON,-121.2718505859375,37.956844329833984
82180709,2023,2023-10-02,3906,2023-09-15,"444 ",1770,,5,5,5,3906,0,0,0,,0,003,"CORRAL HOLLOW RD","SCHULTE RD (N)",575.00,N,N,A,-,N,,,,,,,,,,Y,3,0,2,3,A,-,03,22350,,N,B,C,A,A,H,-,C,D,0,,,,,Y,,A,01,0,1,1,0,0,0,0,0,0,"- ","- ",37.728599548339844,-121.45303344726562,"SAN JOAQUIN",TRACY,-121.4532470703125,37.730159759521484
82242470,2023,2023-11-22,3905,2023-10-12,1647,7192,CIV,4,5,6,3905,0,0,0,,0,,"EL DORADO ST","CHURCHILL ST",30.00,N,N,B,-,N,,,,,,,,,,N,4,0,1,2,A,-,03,22350,,F,C,C,A,A,H,-,A,A,0,,,,,Y,,A,07,0,0,1,0,0,0,0,0,0,"- ","- ",37.985988616943359,-121.30132293701172,"SAN JOAQUIN",STOCKTON,-121.30175018310547,37.985977172851562
82264179,2023,2023-12-18,3905,2023-10-25,"459 ",2785,PAR,3,5,6,3905,0,0,0,,0,,"AIRPORT WY","MICHAEL AV",176.00,S,N,A,-,N,,,,,,,,,,Y,1,1,0,2,A,-,08,22107,,N,B,C,A,A,H,-,C,D,0,,,,,Y,,A,01,0,0,0,0,0,0,0,0,0,"- ","- ",37.922401428222656,-121.26338958740234,"SAN JOAQUIN",STOCKTON,-121.26309204101562,37.922080993652344
82285691,2023,2024-01-12,3905,2023-12-07,"829 ",1315,,4,5,6,3905,0,0,0,,0,,"PAJARO WY","EIGHTH ST",121.00,S,N,A,-,N,,,,,,,,,,Y,4,0,1,2,A,-,09,21801,A,N,D,C,A,A,H,-,A,D,0,,,,,Y,,A,07,0,0,1,0,0,0,0,0,0,"- ","- ",37.926788330078125,-121.31031036376953,"SAN JOAQUIN",STOCKTON,-121.31006622314453,37.926319122314453
82367817,2024,2024-04-18,3924,2024-04-08,1055,1295,,1,5,2,3920,0,0,0,,0,00C,"FIFTH ST","SCNOOP CT",12.00,N,Y,A,-,N,,,,,,,,,,Y,3,0,1,2,A,-,03,22350,,N,C,E,A,A,H,-,C,D,0,,,,,Y,,A,01,0,1,0,0,0,0,0,0,0,"- ","- ",37.814121246337891,-121.27744293212891,"SAN JOAQUIN",LATHROP,-121.27762603759766,37.813949584960938
82393424,2024,2024-05-20,3905,2024-04-12,1758,7192,,5,5,6,3905,0,0,0,,0,,"WASHINGTON ST","SUTTER ST",0.00,,Y,A,-,N,,,,,,,,,,N,4,0,1,2,A,-,12,22450,A,N,D,C,A,A,H,-,A,A,0,,,,,Y,,A,01,0,0,1,0,0,0,0,0,0,"- ","- ",37.950828552246094,-121.28655242919922,"SAN JOAQUIN",STOCKTON,-121.28536224365234,37.951408386230469
82409680,2024,2024-06-10,3905,2024-04-16,1959,2982,,2,5,6,3905,0,0,0,,0,,"HAMMER LN","TAM O SHANTER DR",0.00,,Y,A,-,N,,,,,,,,,,N,4,0,1,2,A,-,12,21453,A,F,D,C,A,A,H,-,A,A,0,,,,,Y,,A,07,0,0,1,0,0,0,0,0,0,"- ","- ",38.020999908447266,-121.30084228515625,"SAN JOAQUIN",STOCKTON,-121.30054473876953,38.020877838134766
82426808,2024,2024-07-01,3905,2024-05-29,1804,7273,,3,5,6,3905,0,0,0,,0,,"PARK ST","LINCOLN ST",0.00,,Y,A,-,N,,,,,,,,,,N,3,0,4,2,A,-,07,21658,A,N,B,C,A,A,H,-,A,A,0,,,,,Y,,A,07,0,1,3,0,0,0,0,0,0,"- ","- ",37.957859039306641,-121.30062103271484,"SAN JOAQUIN",STOCKTON,-121.29947662353516,37.958347320556641
82431831,2024,2024-07-05,3924,2024-06-29,1902,1334,,6,5,2,3920,0,0,0,,0,00C,"W LATHROP RD","HARLAN ROAD",0.00,,Y,A,-,N,,,,,,,,,,Y,3,0,2,2,A,-,12,21453,A,N,D,C,A,A,H,-,A,A,0,,,,,Y,,A,07,0,2,0,0,0,0,0,0,0,"- ","- ",37.826400756835938,-121.28681182861328,"SAN JOAQUIN",LATHROP,-121.28689575195312,37.826370239257812
8286329,2016,2017-01-19,3900,2016-12-13,2019,149258,LATHR,2,5,2,3920,0,0,0,,0,009,"LONG BARN DR","WOODFIELD DR",0.00,,Y,C,-,N,,,,,,,,,,N,3,0,1,2,A,-,10,21950,A,N,G,B,B,B,H,-,C,A,0,Y,,,,Y,,A,01,0,1,0,0,1,0,0,0,0,"- ","- ",,,"SAN JOAQUIN",LATHROP,-121.27821993000001,37.827629950000002
8288264,2015,2017-01-20,3905,2015-02-04,2049,2603,SEA,3,5,6,3905,0,0,0,,0,,"CENTER ST","SONORA ST",18.00,S,N,A,-,N,,,,,,,,,,Y,4,0,1,1,A,-,03,22350,,N,E,I,A,A,H,-,C,D,0,,,,,Y,,A,01,0,0,1,0,0,0,0,0,0,"- ","- ",,,"SAN JOAQUIN",STOCKTON,-121.29001719,37.948551620000003
8288286,2015,2017-01-20,3905,2015-05-23,1750,2658,BEA,6,5,6,3905,0,0,0,,0,,"THORNTON RD","ESTATE DR",35.00,S,N,A,-,N,,,,,,,,,,Y,4,0,3,2,A,-,03,22350,,N,C,C,A,A,H,-,A,A,0,,,,,Y,,A,01,0,0,3,0,0,0,0,0,0,"- ","- ",,,"SAN JOAQUIN",STOCKTON,-121.34676822,38.041428889999999
8288367,2015,2017-01-20,3905,2015-05-01,1448,1422,,5,5,6,3905,0,0,0,,0,,"MARCH LN","PERSHING AV",97.00,W,N,A,-,N,,,,,,,,,,N,4,0,1,2,A,-,07,21658,A,N,B,C,A,A,H,-,A,A,0,,,,,Y,,A,01,0,0,1,0,0,0,0,0,0,"- ","- ",,,"SAN JOAQUIN",STOCKTON,-121.32229116000001,37.989010210000004
8319858,2017,2017-03-13,3906,2017-02-24,1741,1475,85,5,5,5,3906,0,0,0,,0,004,"CORRAL HOLLOW RD","11TH ST",0.00,,Y,A,-,N,,,,,,,,,,Y,4,0,1,2,A,-,08,22107,,N,D,C,A,A,H,-,C,A,0,,,,,Y,,A,01,0,0,1,0,0,0,0,0,0,"- ","- ",,,"SAN JOAQUIN",TRACY,-121.45321998,37.739409999999999
8348344,2017,2017-04-27,3905,2017-03-08,1507,1393,VAL,3,5,6,3905,0,0,0,,0,,"WEST LN","ATCHENSON ST",500.00,N,N,A,-,N,,,,,,,,,,Y,3,0,2,2,A,-,03,22350,,N,C,C,A,A,H,-,A,D,0,,,,,Y,,A,01,0,1,1,0,0,0,0,0,0,"- ","- ",38.006010000000003,-121.29277,"SAN JOAQUIN",STOCKTON,-121.29272924,38.007350240000001
8349625,2017,2017-04-28,3902,2017-04-09,1530,CD93,,7,5,5,3902,0,0,0,,0,,"SONORA AV","CALAVERAS ST",230.00,E,N,A,-,N,,,,,,,,,,N,3,0,1,2,A,-,09,21804,A,N,H,G,A,A,H,-,A,D,0,,Y,,,Y,,L,04,0,1,0,0,0,0,1,0,0,"- ","- ",,,"SAN JOAQUIN",LODI,-121.26431291,38.141911810000003
8351020,2017,2017-05-01,3905,2017-04-19,1456,2525,SEA,3,5,6,3905,0,0,0,,0,,"SAN JOAQUIN ST","MARTIN LUTHER KING BL",0.00,,Y,A,-,N,,,,,,,,,,N,4,0,2,2,A,-,12,21453,A,N,D,C,A,A,H,-,A,A,0,,,,,Y,,A,08,0,0,2,0,0,0,0,0,0,"- ","- ",37.939360000000001,-121.28355999999999,"SAN JOAQUIN",STOCKTON,-121.28344,37.93944999
8353682,2017,2017-05-01,3905,2017-03-24,1105,2542,SEA,5,5,6,3905,0,0,0,,0,,"4TH ST","HUNTER ST",0.00,,Y,B,-,N,,,,,,,,,,N,4,0,1,2,A,-,06,21750,,N,D,C,A,B,H,-,A,A,0,,,Y,,Y,,C,02,0,0,1,0,0,0,0,0,1,"- ","- ",37.934089999999998,-121.28355000000001,"SAN JOAQUIN",STOCKTON,-121.28336994,37.934149980000001
8355511,2017,2017-05-02,3905,2017-03-14,0653,3452,PAR,2,5,6,3905,0,0,0,,0,,"B ST","ZEPHYR ST",315.00,N,N,A,-,N,,,,,,,,,,Y,3,0,2,2,A,-,09,21801,A,N,D,C,A,A,H,-,B,D,0,,,,,Y,,A,01,0,1,1,0,0,0,0,0,0,"- ","- ",37.916870000000003,-121.24849,"SAN JOAQUIN",STOCKTON,-121.24893412999999,37.917853620000002
8384822,2017,2017-07-07,3905,2017-05-07,1407,2277,LAK,7,5,6,3905,0,0,0,,0,,"MARCH LN","HOLIDAY DR",0.00,,Y,A,-,N,,,,,,,,,,Y,4,0,1,2,A,-,12,21453,A,N,D,C,A,A,H,-,A,A,0,,,,,Y,,A,01,0,0,1,0,0,0,0,0,0,"- ","- ",38.000709999999998,-121.29621,"SAN JOAQUIN",STOCKTON,-121.29674996,38.000749919999997
8389326,2017,2018-03-24,3905,2017-05-12,2128,2817,SEA,5,5,6,3905,0,0,0,,0,,"MARTIN LUTHER KING BL","RT 5",0.00,,Y,A,-,Y,SJ,10,5,-,-,26.510,R,4,N,Y,4,0,1,2,A,-,09,21453,B,N,D,C,A,A,H,-,C,A,0,,,,,Y,,A,01,0,0,1,0,0,0,0,0,0,"- ",NO,37.937080000000002,-121.29679,"SAN JOAQUIN",STOCKTON,-121.30512812000001,37.951395640000001
8390757,2017,2017-06-22,3905,2017-05-02,1033,1312,CIV,2,5,6,3905,0,0,0,,0,,"CALIFORNIA ST","WEBER AV",0.00,,Y,A,-,N,,,,,,,,,,N,4,0,1,2,A,-,09,21453,B,N,D,G,A,A,H,-,A,A,0,,Y,,,Y,,A,01,0,0,1,0,0,0,1,0,0,"- ","- ",37.954599999999999,-121.28480999999999,"SAN JOAQUIN",STOCKTON,-121.2849099,37.954679900000002
8392684,2017,2017-06-22,3905,2017-05-17,0905,3452,PAR,3,5,6,3905,0,0,0,,0,,"8TH ST","UNION ST",0.00,,Y,A,-,N,,,,,,,,,,Y,4,0,1,2,A,-,12,22450,A,M,D,C,A,A,H,-,A,D,0,,,,,Y,,A,01,0,0,1,0,0,0,0,0,0,"- ","- ",37.930990000000001,-121.2705,"SAN JOAQUIN",STOCKTON,-121.27029992,37.931109929999998
8398949,2017,2017-06-28,3906,2017-06-17,1959,1442,TRACY,6,5,5,3906,0,0,0,,0,002,"CORRAL HOLLOW RD","SCHULTE RD",0.00,,Y,A,-,N,,,,,,,,,,Y,4,0,1,1,D,-,00,,,N,E,I,A,A,H,-,A,D,0,,,,,Y,,-,"- ",0,0,1,0,0,0,0,0,0,"- ","- ",,,"SAN JOAQUIN",TRACY,-121.45323999,37.728699880000001
8402558,2017,2017-07-28,3906,2017-07-06,1224,918,,4,5,5,3906,0,0,0,,0,006,"HOLLY DR","LARCH RD",0.00,,Y,A,-,N,,,,,,,,,,Y,3,0,1,2,A,-,09,21802,A,N,D,C,A,A,H,-,A,D,0,,,,,Y,,A,08,0,1,0,0,0,0,0,0,0,"- ","- ",,,"SAN JOAQUIN",TRACY,-121.42598993999999,37.765039979999997
8427521,2017,2017-08-17,3905,2017-06-26,2250,2798,SEA,1,5,6,3905,0,0,0,,0,,"8TH ST","MANTHEY RD",0.00,,Y,A,-,N,,,,,,,,,,Y,3,0,3,3,A,-,01,23152,A,N,D,C,A,A,H,-,C,D,0,,,,,Y,Y,A,07,0,1,2,0,0,0,0,0,0,"- ","- ",37.926720000000003,-121.29651,"SAN JOAQUIN",STOCKTON,-121.29628988,37.926629939999998
84368476,2024,2024-08-26,3924,2024-08-09,"834 ",1356,,5,5,2,3920,0,0,0,,0,00R,"RIVER ISLANDS BLVD","CALLERTON AVE",485.00,E,-,A,-,N,,,,,,,,,,Y,4,0,1,1,A,-,03,22350,,N,E,I,A,A,H,-,A,D,0,,,,,Y,,A,01,0,0,1,0,0,0,0,0,0,"- ","- ",37.807868957519531,-121.34483337402344,"SAN JOAQUIN",LATHROP,,
84459590,2024,2024-11-06,3905,2024-09-13,2140,3214,,5,5,6,3905,0,0,0,,0,,"WILSON WY","MAIN ST",0.00,,Y,A,-,N,,,,,,,,,,N,4,0,1,2,A,-,09,21801,A,N,B,C,A,A,H,-,C,A,0,,,,,Y,,A,01,0,0,1,0,0,0,0,0,0,"- ","- ",37.955150604248047,-121.27271270751953,"SAN JOAQUIN",STOCKTON,-121.27156066894531,37.955780029296875
8447514,2017,2017-09-29,3906,2017-08-24,1531,918,,4,5,5,3906,0,0,0,,0,004,"CORRAL HOLLOW RD","GOLDEN LEAF LN",0.00,,Y,A,-,N,,,,,,,,,,Y,4,0,5,2,A,-,09,21802,A,N,D,C,A,A,H,-,A,D,0,,,,,Y,,A,07,0,0,5,0,0,0,0,0,0,"- ","- ",,,"SAN JOAQUIN",TRACY,-121.45318985999999,37.726209990000001
8447818,2017,2018-05-04,3905,2017-08-29,1730,2724,LAK,2,5,6,3905,0,0,0,,0,,"MARCH LN","FEATHER RIVER DR",416.00,E,N,A,-,N,,,,,,,,,,N,2,0,1,2,A,-,09,21801,A,N,D,C,A,A,H,-,A,D,0,,,Y,,Y,,A,01,1,0,0,0,0,0,0,0,1,"- ","- ",37.984720000000003,-121.34716,"SAN JOAQUIN",STOCKTON,-121.34611292,37.98447779
84540228,2025,2025-01-16,3924,2025-01-12,1501,1278,,7,5,2,3920,0,0,0,,0,00R,"RIVER ISLANDS PKWY","ENNEKING DR",0.00,,Y,A,-,N,,,,,,,,,,Y,4,0,4,2,A,-,12,21453,A,N,D,C,A,A,H,-,A,A,0,,,,,Y,,A,01,0,0,4,0,0,0,0,0,0,"- ","- ",37.811981201171875,-121.34990692138672,"SAN JOAQUIN",LATHROP,-121.35073852539062,37.811412811279297