CASE_ID,ACCIDENT_YEAR,PROC_DATE,JURIS,COLLISION_DATE,COLLISION_TIME,OFFICER_ID,REPORTING_DISTRICT,DAY_OF_WEEK,CHP_SHIFT,POPULATION,CNTY_CITY_LOC,SPECIAL_COND,BEAT_TYPE,CHP_BEAT_TYPE,CITY_DIVISION_LAPD,CHP_BEAT_CLASS,BEAT_NUMBER,PRIMARY_RD,SECONDARY_RD,DISTANCE,DIRECTION,INTERSECTION,WEATHER_1,WEATHER_2,STATE_HWY_IND,CALTRANS_COUNTY,CALTRANS_DISTRICT,STATE_ROUTE,ROUTE_SUFFIX,POSTMILE_PREFIX,POSTMILE,LOCATION_TYPE,RAMP_INTERSECTION,SIDE_OF_HWY,TOW_AWAY,COLLISION_SEVERITY,NUMBER_KILLED,NUMBER_INJURED,PARTY_COUNT,PRIMARY_COLL_FACTOR,PCF_CODE_OF_VIOL,PCF_VIOL_CATEGORY,PCF_VIOLATION,PCF_VIOL_SUBSECTION,HIT_AND_RUN,TYPE_OF_COLLISION,MVIW,PED_ACTION,ROAD_SURFACE,ROAD_COND_1,ROAD_COND_2,LIGHTING,CONTROL_DEVICE,CHP_ROAD_TYPE,PEDESTRIAN_ACCIDENT,BICYCLE_ACCIDENT,MOTORCYCLE_ACCIDENT,TRUCK_ACCIDENT,NOT_PRIVATE_PROPERTY,ALCOHOL_INVOLVED,STWD_VEHTYPE_AT_FAULT,CHP_VEHTYPE_AT_FAULT,COUNT_SEVERE_INJ,COUNT_VISIBLE_INJ,COUNT_COMPLAINT_PAIN,COUNT_PED_KILLED,COUNT_PED_INJURED,COUNT_BICYCLIST_KILLED,COUNT_BICYCLIST_INJURED,COUNT_MC_KILLED,COUNT_MC_INJURED,PRIMARY_RAMP,SECONDARY_RAMP,LATITUDE,LONGITUDE,COUNTY,CITY,POINT_X,POINT_Y
91293814,2020,2020-08-27,9265,2020-08-21,1205,019073,,5,1,9,3900,0,2,4,,1,082,"ALPINE AVE","DELAWARE AVE",0.00,,Y,A,-,N,,,,,,,,,,Y,3,0,1,2,A,-,12,22450,A,N,D,C,A,A,H,-,A,A,0,,,,,Y,,A,01,0,1,0,0,0,0,0,0,0,"- ","- ",37.97161865234375,-121.33307647705078,"SAN JOAQUIN",UNINCORPORATED,-121.33290863037109,37.971611022949219
91304173,2020,2020-09-14,9266,2020-07-03,1818,021822,,5,2,9,3900,0,2,4,,1,016,"GRANT LINE ROAD","BIRD ROAD",0.00,,Y,A,-,N,,,,,,,,,,Y,1,1,1,2,A,-,09,21801,A,N,A,C,A,A,H,-,A,D,0,,,Y,,Y,,A,08,0,0,1,0,0,0,0,1,0,"- ","- ",37.754009246826172,-121.36186218261719,"SAN JOAQUIN",UNINCORPORATED,-121.36183929443359,37.754318237304688
9131865,2020,2020-10-08,3905,2020-07-21,1942,2982,CIV,2,5,6,3905,0,0,0,,0,,"COUNTRY CLUB BL","PERSHING AV",0.00,,Y,A,-,N,,,,,,,,,,Y,4,0,1,2,A,-,09,21801,A,N,A,C,A,A,H,-,A,A,0,,,,,Y,,A,01,0,0,1,0,0,0,0,0,0,"- ","- ",37.969070434570312,-121.31611633300781,"SAN JOAQUIN",STOCKTON,-121.31513977050781,37.969470977783203
91322341,2020,2020-10-12,9266,2020-10-09,0625,018217,,5,1,9,3900,0,1,1,,2,014,"I-205 W/B","MOUNTAIN HOUSE PKWY",2270.00,W,N,A,-,Y,,,205,,,,,,W,N,4,0,1,2,A,-,08,22107,,N,B,C,A,A,H,-,D,D,0,,,Y,,Y,,C,02,0,0,1,0,0,0,0,0,1,"- ","- ",37.742988586425781,-121.53970336914062,"SAN JOAQUIN",UNINCORPORATED,-121.53969573974609,37.743106842041016
91330235,2020,2020-10-23,9266,2020-10-20,2203,021704,,2,3,9,3900,0,1,1,,1,015,"I-205 E/B","EL RANCHO RD",2640.00,E,N,A,-,Y,,,205,,,,,,E,Y,3,0,1,2,A,-,03,22350,,N,C,C,A,A,H,-,D,D,0,,,,,Y,,A,01,0,1,0,0,0,0,0,0,0,"- ","- ",37.764808654785156,-121.36221313476562,"SAN JOAQUIN",UNINCORPORATED,-121.36221313476562,37.764793395996094
91338280,2020,2020-11-03,9265,2020-10-26,1920,019489,,1,2,6,3905,0,1,3,,1,042,"SR-4 W/B","WILSON WAY",2295.00,E,N,A,-,Y,,,4,,,,,,W,Y,4,0,1,1,A,-,08,22107,,N,F,J,A,A,H,-,C,D,0,,,,,Y,,A,01,0,0,1,0,0,0,0,0,0,"- ","- ",37.956718444824219,-121.26396942138672,"SAN JOAQUIN",STOCKTON,-121.26390838623047,37.956623077392578
91339430,2020,2020-11-04,9265,2020-10-28,1200,015630,,3,1,9,3900,0,1,3,,1,062,"WATERLOO ROAD",SR-99,300.00,E,N,A,-,Y,,,,,,,,,,N,4,0,1,2,A,-,21,22106,,N,C,C,A,A,H,-,A,A,0,,,,,Y,,D,22,0,0,1,0,0,0,0,0,0,"- ","- ",37.590599060058594,-121.14559936523438,"SAN JOAQUIN",UNINCORPORATED,-121.24999237060547,37.984699249267578
9134409,2020,2020-10-21,3906,2020-08-01,1928,1476,,6,5,5,3906,0,0,0,,0,001,"3RD ST","TUDOR WY",143.00,E,N,A,-,N,,,,,,,,,,Y,3,0,1,2,A,-,01,23152,A,N,C,E,A,A,H,-,B,A,0,,,,Y,Y,Y,A,01,0,1,0,0,0,0,0,0,0,"- ","- ",,,"SAN JOAQUIN",TRACY,-121.41889190673828,37.730422973632812
9136590,2020,2020-10-14,3906,2020-08-04,1930,1697,,2,5,5,3906,0,0,0,,0,003,"CORRAL HOLLOW","W SCHULTE RD",0.00,,Y,A,-,N,,,,,,,,,,N,3,0,1,2,D,-,00,,,N,D,G,A,A,H,-,A,A,0,,Y,,,Y,,-,"- ",0,1,0,0,0,0,1,0,0,"- ","- ",,,"SAN JOAQUIN",TRACY,-121.45323944091797,37.72869873046875
91405765,2021,2021-02-10,9265,2021-01-28,0710,015629,,4,1,6,3905,0,1,1,,2,503,"I-5 N/B","CHURCH STREET",128.00,S,N,B,C,Y,,,5,,,,,,N,Y,2,0,3,4,A,-,01,23152,A,N,B,E,E,B,H,-,C,D,0,Y,,,,Y,Y,A,01,1,0,2,0,1,0,0,0,0,"- ","- ",37.945579528808594,-121.29889678955078,"SAN JOAQUIN",STOCKTON,-121.29893493652344,37.945568084716797
91408968,2021,2021-02-16,9265,2021-02-07,1445,021781,,7,2,9,3900,0,3,5,,2,010,"RIVER ROAD","CARROLTON ROAD",528.00,W,N,A,-,N,,,,,,,,,,Y,2,0,1,1,A,-,01,23152,A,M,E,I,A,A,H,-,A,D,0,,,,,Y,Y,A,07,1,0,0,0,0,0,0,0,0,"- ","- ",37.757991790771484,-121.07228851318359,"SAN JOAQUIN",UNINCORPORATED,-121.07107543945312,37.758045196533203
91409906,2021,2021-02-17,9265,2021-02-13,2005,022356,,6,2,9,3900,0,1,3,,2,004,"SR-99 S/B","ARMSTRONG RD",3330.00,S,N,A,-,Y,,,99,,,,,,S,Y,4,0,1,1,A,-,01,23152,A,N,E,I,A,A,H,-,D,D,0,,,,,Y,Y,A,08,0,0,1,0,0,0,0,0,0,"- ","- ",38.078330993652344,-121.26010131835938,"SAN JOAQUIN",UNINCORPORATED,-121.25999450683594,38.078330993652344
91454163,2021,2021-04-20,9265,2021-04-10,1300,019073,,6,1,9,3900,0,3,5,,2,020,"AIRPORT WAY","MORTENSEN RD",1531.00,S,N,A,-,N,,,,,,,,,,Y,3,0,1,1,A,-,08,22107,,N,F,A,A,A,H,-,A,D,0,,,Y,,Y,,C,02,0,1,0,0,0,0,0,0,1,"- ","- ",37.695560455322266,-121.24196624755859,"SAN JOAQUIN",UNINCORPORATED,-121.24188232421875,37.695644378662109
91468100,2021,2021-05-27,9266,2021-05-01,0150,021704,,6,3,9,3900,0,3,5,,2,001,"MACARTHUR DRIVE","CANAL BLVD",2000.00,S,N,A,-,N,,,,,,,,,,Y,3,0,1,1,A,-,01,23152,A,N,E,I,A,A,H,-,D,D,0,,,,,Y,Y,A,01,0,1,0,0,0,0,0,0,0,"- ","- ",37.779819488525391,-121.41481018066406,"SAN JOAQUIN",UNINCORPORATED,-121.41474914550781,37.779838562011719
9148317,2020,2020-11-30,3905,2020-08-27,1543,2542,VAL,4,5,6,3905,0,0,0,,0,,"HAMMER LN","TAM O SHANTER DR",320.00,W,N,A,-,N,,,,,,,,,,Y,4,0,2,3,A,-,03,22350,,N,B,C,A,A,H,-,A,A,0,,,,,Y,,D,22,0,0,2,0,0,0,0,0,0,"- ","- ",38.020999908447266,-121.30084228515625,"SAN JOAQUIN",STOCKTON,-121.30165100097656,38.021034240722656
91487958,2021,2021-06-02,9265,2021-05-24,1143,018511,,1,1,9,3900,0,2,4,,1,014,"MARIPOSA ROAD","DROGE ROAD",3.00,E,N,A,-,N,,,,,,,,,,Y,3,0,4,2,A,-,05,21460,A,N,C,C,A,A,H,-,A,A,0,,,,,Y,,A,01,0,2,2,0,0,0,0,0,0,"- ","- ",37.837711334228516,-121.00376129150391,"SAN JOAQUIN",UNINCORPORATED,-121.00379943847656,37.837734222412109
91489624,2021,2021-06-04,9266,2021-05-30,0205,021704,,7,3,9,3900,0,1,1,,2,014,"I-205 E/B","HANSEN ROAD",528.00,W,N,A,-,Y,,,205,,,,,,E,Y,4,0,1,1,A,-,08,22107,,N,E,I,A,A,H,-,D,D,0,,,,,Y,,A,01,0,0,1,0,0,0,0,0,0,"- ","- ",37.741138458251953,-121.51393127441406,"SAN JOAQUIN",UNINCORPORATED,-121.51392364501953,37.741275787353516
91492990,2021,2021-06-09,9266,2021-06-07,1800,018751,,1,2,9,3900,0,3,5,,2,003,"ARNAUDO BLVD.","DE ANZA BLVD.",555.00,W,N,A,-,N,,,,,,,,,,N,4,0,3,2,A,-,03,22350,,N,C,C,A,A,H,-,A,D,0,,,,,Y,,A,07,0,0,3,0,0,0,0,0,0,"- ","- ",37.775859832763672,-121.53668212890625,"SAN JOAQUIN",UNINCORPORATED,-121.53661346435547,37.775821685791016
91494205,2021,2021-06-10,9265,2021-05-29,1744,021644,,6,2,9,3900,0,1,3,,1,067,SR-88,"COLLIER RD",0.00,,Y,A,-,Y,,,88,,,,,,,Y,4,0,1,2,A,-,03,22350,,N,D,C,A,A,H,-,A,A,0,,,,,Y,,A,01,0,0,1,0,0,0,0,0,0,"- ","- ",38.213729858398438,-121.06851196289062,"SAN JOAQUIN",UNINCORPORATED,-121.06838226318359,38.213695526123047
91496255,2021,2021-06-14,9266,2021-06-03,0758,019012,,4,1,9,3900,0,1,1,,1,015,"I-205 W/B","CANAL BOULEVARD",1056.00,E,N,A,-,Y,,,205,,,,,,W,Y,3,0,1,1,A,-,08,22107,,N,E,I,A,A,H,-,A,D,0,,,,,Y,,A,07,0,1,0,0,0,0,0,0,0,"- ","- ",37.766189575195312,-121.34858703613281,"SAN JOAQUIN",UNINCORPORATED,-121.34854125976562,37.76568603515625
91507895,2021,2021-06-28,9266,2021-06-15,1655,013539,,2,2,9,3900,0,1,1,,1,015,"I-205 E/B","TOM PAINE SLOUGH",1480.00,E,N,A,-,Y,,,205,,,,,,E,N,4,0,1,2,A,-,03,22350,,F,C,C,A,A,H,-,A,D,0,,,,,Y,,-,99,0,0,1,0,0,0,0,0,0,"- ","- ",37.765918731689453,-121.34381866455078,"SAN JOAQUIN",UNINCORPORATED,-121.34381103515625,37.765865325927734
91512136,2021,2021-07-02,9265,2021-06-25,0720,019128,,5,1,9,3900,0,1,3,,2,025,"SR-120 W/B TO I-5 S/B","GUTHMILLER RD",5280.00,W,N,A,-,Y,,,,,,,,,,N,4,0,1,2,A,-,03,22350,,M,C,C,A,A,H,-,A,D,0,,,,,Y,,-,99,0,0,1,0,0,0,0,0,0,"- ","- ",37.785850524902344,-121.306396484375,"SAN JOAQUIN",UNINCORPORATED,,
91520120,2021,2021-07-14,9265,2021-04-06,1835,018289,,2,2,9,3900,0,2,4,,1,053,"WATERLOO ROAD","SIERRA LANE",102.00,W,N,A,-,N,,,,,,,,,,Y,4,0,2,3,A,-,09,21804,A,F,A,C,A,A,H,-,A,D,0,,,,,Y,,A,01,0,0,2,0,0,0,0,0,0,"- ","- ",37.976360321044922,-121.26316070556641,"SAN JOAQUIN",UNINCORPORATED,-121.26457977294922,37.975231170654297
9152423,2020,2020-11-10,3905,2020-08-28,1841,2466,CIV,5,5,6,3905,0,0,0,,0,,"PARK ST","SAN JOSE ST",30.00,W,N,A,F,N,,,,,,,,,,N,3,0,2,2,A,-,08,22107,,N,D,G,A,A,H,-,A,D,0,,Y,,,Y,,L,04,0,1,1,0,0,0,1,0,0,"- ","- ",37.956588745117188,-121.30844879150391,"SAN JOAQUIN",STOCKTON,-121.30743408203125,37.957004547119141
91553004,2021,2021-08-24,9266,2021-08-18,1555,021241,,3,2,5,3906,0,1,1,,2,014,"I-205 E/B",MACARTHUR,500.00,W,N,A,-,Y,,,205,,,,,,E,Y,4,0,1,2,A,-,07,21658,A,N,B,C,A,A,H,-,A,D,0,,,,Y,Y,,G,27,0,0,1,0,0,0,0,0,0,"- ","- ",37.762950897216797,-121.42266845703125,"SAN JOAQUIN",TRACY,-121.42266845703125,37.762939453125
91581469,2021,2021-09-28,9265,2021-09-17,1915,022049,,5,2,9,3900,0,1,1,,2,503,"N/B I-5","CHARTER WAY",1000.00,W,N,A,-,Y,,,,,,,,,,N,4,0,2,2,A,-,03,22350,,N,C,C,A,A,H,-,D,D,0,,,,,Y,,A,01,0,0,2,0,0,0,0,0,0,"- ","- ",37.933860778808594,-121.29669952392578,"SAN JOAQUIN",UNINCORPORATED,-121.29811096191406,37.939250946044922
91590665,2021,2021-10-07,9266,2021-10-03,1435,013668,,7,2,2,3920,0,1,1,,2,024,"I-5 S/B","SAN JOAQUIN RIVER BRIDGE",1584.00,S,N,A,-,Y,,,5,,,,,,S,N,4,0,2,2,A,-,07,21658,A,N,B,C,A,A,H,-,A,D,0,,,,,Y,,D,22,0,0,2,0,0,0,0,0,0,"- ","- ",37.782749176025391,-121.31047058105469,"SAN JOAQUIN",LATHROP,-121.31050872802734,37.782814025878906
9160171,2020,2020-11-18,3905,2020-09-23,1918,2463,CIV,3,5,6,3905,0,0,0,,0,,"ACACIA ST","MADISON ST",0.00,,Y,A,-,N,,,,,,,,,,N,4,0,1,2,A,-,12,22450,,N,D,C,A,A,H,-,C,A,0,,,,,Y,,A,01,0,0,1,0,0,0,0,0,0,"- ","- ",37.961990356445312,-121.29627227783203,"SAN JOAQUIN",STOCKTON,-121.29640197753906,37.961948394775391
91615996,2021,2021-11-04,9265,2021-10-24,1504,022123,,7,2,9,3900,0,3,5,,2,090,"WALNUT GROVE RD","N STATEN ISLAND RD",2112.00,E,N,B,C,N,,,,,,,,,,Y,3,0,1,1,A,-,03,22350,,N,E,I,A,B,H,-,A,D,0,,,,,Y,,A,07,0,1,0,0,0,0,0,0,0,"- ","- ",38.225639343261719,-121.49400329589844,"SAN JOAQUIN",UNINCORPORATED,-121.49402618408203,38.225536346435547
91617267,2021,2021-11-05,9265,2021-10-26,1555,018289,,2,2,9,3900,0,2,4,,1,064,"HARNEY LANE","BECKMAN ROAD",150.00,W,N,B,-,N,,,,,,,,,,Y,4,0,3,2,A,-,03,22350,,N,B,C,A,A,H,-,A,D,0,,,,,Y,,A,01,0,0,3,0,0,0,0,0,0,"- ","- ",38.101760864257812,-121.2578125,"SAN JOAQUIN",UNINCORPORATED,-121.25752258300781,38.1015625
91628149,2021,2021-11-18,9265,2021-11-10,1535,018850,,3,2,9,3900,0,1,3,,1,042,"SR-4 E/B","FILBERT ST",400.00,W,N,A,-,Y,,,,,,,,,,Y,4,0,1,2,A,-,03,22350,,M,C,C,A,A,H,-,A,D,0,,,,,Y,,A,01,0,0,1,0,0,0,0,0,0,"- ","- ",37.958999633789062,-121.25582122802734,"SAN JOAQUIN",UNINCORPORATED,-121.25389862060547,37.959499359130859
91630850,2021,2021-11-19,9265,2021-11-14,0202,022356,,7,3,9,3900,0,1,3,,1,011,SR-120,"BEELER RD",450.00,E,N,E,-,Y,,,120,,,,,,,Y,3,0,1,2,A,-,01,23152,A,N,C,C,A,A,H,-,D,D,0,,,Y,,Y,Y,C,02,0,1,0,0,0,0,0,0,1,"- ","- ",37.798591613769531,-121.02037811279297,"SAN JOAQUIN",UNINCORPORATED,-121.02037811279297,37.798576354980469
91659050,2021,2021-12-22,9266,2021-12-22,0705,013668,,3,1,9,3900,0,1,1,,2,014,"I-205 W/B","MOUNTAIN HOUSE PKWY",2640.00,W,N,B,C,Y,,,205,,,,,,W,Y,3,0,2,3,A,-,03,22350,,N,C,C,A,B,H,-,B,D,0,,,,,Y,,A,01,0,2,0,0,0,0,0,0,0,"- ","- ",37.743370056152344,-121.54292297363281,"SAN JOAQUIN",UNINCORPORATED,-121.54292297363281,37.743316650390625
91672102,2022,2022-01-06,9265,2022-01-04,1145,014412,,2,1,9,3900,0,1,3,,1,062,"STATE ROUTE 88","VIEW LANE",1111.00,E,N,B,-,Y,,,,,,,,,,Y,4,0,1,1,C,-,18,,,N,E,I,A,A,H,-,A,D,0,,,,,Y,,-,"- ",0,0,1,0,0,0,0,0,0,"- ","- ",38.169570922851562,-121.13580322265625,"SAN JOAQUIN",UNINCORPORATED,-121.13588714599609,38.169872283935547
91674933,2021,2022-01-10,9265,2021-12-26,1700,021284,,7,2,9,3900,0,1,3,,2,004,"SR-99 S/B","N WILSON WAY O/C",133.00,S,N,C,-,Y,,,99,,,,,,S,Y,4,0,2,5,A,-,03,22350,,N,B,C,A,B,H,-,D,D,0,,,,Y,Y,,A,07,0,0,2,0,0,0,0,0,0,"- ","- ",38.003009796142578,-121.25750732421875,"SAN JOAQUIN",UNINCORPORATED,-121.25749206542969,38.003021240234375
91677423,2021,2022-01-13,9265,2021-12-01,1628,021284,,3,2,9,3900,0,3,5,,2,060,"PELTIER RD","DUSTIN RD",3960.00,E,N,A,-,N,,,,,,,,,,Y,1,1,1,2,A,-,01,23152,F,N,A,C,A,A,H,-,A,D,0,,,,,Y,,D,22,1,0,0,0,0,0,0,0,0,"- ","- ",38.189510345458984,-121.21163177490234,"SAN JOAQUIN",UNINCORPORATED,-121.21181488037109,38.189472198486328
91684009,2022,2022-01-24,9265,2022-01-14,1300,018836,,5,1,9,3900,0,2,4,,1,051,"MAIN ST","CHARTER WAY",15.00,E,N,A,-,N,,,,,,,,,,N,4,0,1,2,A,-,03,22350,,M,C,C,A,A,H,-,A,D,0,,,,,Y,,A,01,0,0,1,0,0,0,0,0,0,"- ","- ",37.954078674316406,-121.237548828125,"SAN JOAQUIN",UNINCORPORATED,-121.23759460449219,37.954124450683594
91711912,2022,2022-03-01,9265,2022-02-16,0612,017405,,3,1,3,3904,0,1,3,,2,001,"SR-99 N/B","JACK TONE RD.",1056.00,N,N,A,-,Y,SJ,,99,,,2.552,H,,R,Y,4,0,3,4,A,-,03,22350,,N,C,C,A,A,H,-,D,D,0,,,,,Y,,D,22,0,0,3,0,0,0,0,0,0,"- ","- ",37.754219055175781,-121.14540863037109,"SAN JOAQUIN",RIPON,-121.14539337158203,37.754245758056641
91721128,2022,2022-03-11,9265,2022-03-03,1710,019182,,4,2,9,3900,0,2,4,,1,053,"WILSON WAY","VAIL AVE",0.00,,Y,A,-,N,,,,,,,,,,Y,4,0,2,2,A,-,09,21804,A,N,D,C,A,A,H,-,A,D,0,,,,,Y,,A,07,0,0,2,0,0,0,0,0,0,"- ","- ",37.984149932861328,-121.270751953125,"SAN JOAQUIN",UNINCORPORATED,-121.27086639404297,37.984104156494141
91724175,2022,2022-03-16,9265,2022-03-06,0625,017405,,7,1,4,3903,0,1,3,,2,025,"SR-120 W/B","AIRPORT WAY",3643.00,W,N,A,-,Y,SJ,,120,,R,2.628,H,,L,Y,4,0,1,1,A,-,08,22107,,N,E,8,A,A,H,-,A,D,0,,,,,Y,,A,01,0,0,1,0,0,0,0,0,0,"- ","- ",37.783821105957031,-121.26476287841797,"SAN JOAQUIN",MANTECA,-121.26480865478516,37.783657073974609
91738247,2022,2022-03-31,9265,2022-03-25,2036,021830,,5,2,9,3900,0,3,5,,2,030,"MARIPSOSA RD","POCK LN",141.00,W,N,A,-,Y,,,,,,,,,,N,4,0,2,2,A,-,08,22107,,N,D,C,A,A,H,-,C,D,0,,,,,Y,,A,07,0,0,2,0,0,0,0,0,0,"- ","- ",37.942058563232422,-121.25039672851562,"SAN JOAQUIN",UNINCORPORATED,-121.25051116943359,37.942165374755859
91751189,2022,2022-04-19,9265,2022-04-07,2050,018694,,4,2,9,3900,0,2,4,,1,024,"AIRPORT WAY","TRAHERN ROAD",3.00,N,N,A,-,N,,,,,,,,,,N,3,0,1,1,A,-,01,23152,A,N,E,I,A,A,H,-,D,A,0,,,,,Y,Y,D,22,0,1,0,0,0,0,0,0,0,"- ","- ",37.706710815429688,-121.23895263671875,"SAN JOAQUIN",UNINCORPORATED,-121.23883819580078,37.706729888916016
91754812,2022,2022-04-22,9265,2022-04-12,1225,015629,,2,1,9,3900,0,2,4,,1,072,"PERSHING AVENUE","RIVARA ROAD",0.00,,Y,A,-,N,,,,,,,,,,Y,3,0,2,2,A,-,09,21802,B,N,D,C,A,A,H,-,A,A,0,,,,,Y,,A,01,0,1,1,0,0,0,0,0,0,"- ","- ",38.018531799316406,-121.33000946044922,"SAN JOAQUIN",UNINCORPORATED,-121.32994842529297,38.018547058105469
91756857,2022,2022-04-26,9265,2022-04-11,2130,021537,,1,2,9,3900,0,1,3,,2,025,"SR-120 WB TO I-5 NB","LOUISE AVE",8131.00,S,N,A,-,Y,,,,,,,,,,N,3,0,1,2,A,-,03,22350,,F,C,C,A,A,H,-,C,D,0,,,,,Y,,D,22,0,1,0,0,0,0,0,0,0,"- ","- ",37.789661407470703,-121.29978942871094,"SAN JOAQUIN",UNINCORPORATED,-121.29978942871094,37.789661407470703
91772183,2022,2022-05-16,9265,2022-05-04,1905,021781,,3,2,9,3900,0,1,3,,2,003,"SR-99 SOUTHBOUND","MARIPOSA ROAD",2640.00,S,N,A,-,Y,SJ,,99,,,16.188,H,,L,N,4,0,1,2,A,-,07,21658,A,N,C,C,A,A,H,-,A,D,0,,,,,Y,,A,01,0,0,1,0,0,0,0,0,0,"- ","- ",37.926700592041016,-121.23182678222656,"SAN JOAQUIN",UNINCORPORATED,-121.23182678222656,37.926700592041016
91775963,2022,2022-05-19,9265,2022-05-10,1500,022365,,2,2,9,3900,0,1,3,,2,004,"SR 99 SB","WILSON WAY OC",63.00,S,N,A,-,Y,SJ,,99,,,21.657,H,,L,N,2,0,1,3,A,-,08,22107,,N,C,C,A,A,H,-,A,D,0,,,Y,,Y,,C,02,1,0,0,0,0,0,0,0,1,"- ","- ",38.002899169921875,-121.25743103027344,"SAN JOAQUIN",UNINCORPORATED,-121.25741577148438,38.002906799316406
91779009,2022,2022-05-24,9265,2022-05-12,0445,022042,,4,3,9,3900,0,3,5,,2,010,SR-120,"FRENCH CAMP ROAD",0.00,,Y,A,-,Y,SJ,,120,,,11.604,H,,R,N,4,0,1,2,A,-,09,21802,A,N,D,C,A,A,H,-,C,D,0,,,,,Y,,A,01,0,0,1,0,0,0,0,0,0,"- ","- ",37.798099517822266,-121.09258270263672,"SAN JOAQUIN",UNINCORPORATED,-121.09258270263672,37.798084259033203
91786103,2022,2022-06-01,9266,2022-05-23,0415,019091,,1,3,9,3900,0,2,4,,2,032,"BYRON RD","GREAT VALLEY PKWY",1584.00,W,N,A,-,N,,,,,,,,,,Y,3,0,1,1,A,-,08,22107,,N,E,I,A,A,H,-,D,D,0,,,,,Y,,A,07,0,1,0,0,0,0,0,0,0,"- ","- ",37.798149108886719,-121.55579376220703,"SAN JOAQUIN",UNINCORPORATED,-121.54923248291016,37.793807983398438
91805155,2022,2022-06-28,9266,2022-06-21,1245,018217,,2,1,9,3900,0,3,5,,2,003,"GREAT VALLEY PARKWAY","ESCUELA DRIVE",0.00,,Y,A,-,N,,,,,,,,,,N,3,0,1,2,A,-,09,21804,A,N,D,C,A,A,H,-,A,A,0,,,,,Y,,M,94,0,1,0,0,0,0,0,0,0,"- ","- ",37.771389007568359,-121.55696105957031,"SAN JOAQUIN",UNINCORPORATED,-121.55714416503906,37.770904541015625
91814402,2022,2022-07-11,9265,2022-06-19,1955,021830,,7,2,9,3900,0,3,5,,2,050,"HORNER AVE","SINCLAIR AVE",0.00,,Y,A,-,N,,,,,,,,,,N,4,0,2,2,A,-,12,22450,A,M,D,C,A,A,H,-,A,A,0,,,,,Y,,A,08,0,0,2,0,0,0,0,0,0,"- ","- ",37.958518981933594,-121.23294830322266,"SAN JOAQUIN",UNINCORPORATED,-121.23293304443359,37.958507537841797
91875807,2022,2022-09-28,9265,2022-09-07,1948,022422,,3,2,9,3900,0,2,4,,1,082,"PLYMOUTH ROAD","WEST MENDOCINO AVENUE",100.00,N,N,A,-,N,,,,,,,,,,N,4,0,1,3,B,-,22,,,F,C,C,A,A,H,-,C,D,0,,,,,Y,,-,99,0,0,1,0,0,0,0,0,0,"- ","- ",37.969261169433594,-121.33673858642578,"SAN JOAQUIN",UNINCORPORATED,-121.33676910400391,37.969249725341797
91890492,2022,2022-10-14,9265,2022-09-25,1214,018836,,7,1,9,3900,0,2,4,,1,014,"MARIPOSA RD","JACK TONE RD",1003.00,W,N,A,-,N,,,,,,,,,,Y,2,0,3,3,A,-,01,23152,A,F,A,C,A,A,H,-,A,D,0,,,,,Y,Y,D,22,1,2,0,0,0,0,0,0,0,"- ","- ",37.906078338623047,-121.15070343017578,"SAN JOAQUIN",UNINCORPORATED,-121.15053558349609,37.906040191650391
91916805,2022,2022-11-14,9265,2022-11-01,1235,015629,,2,1,9,3900,0,1,1,,2,505,"I-5 NORTHBOUND (N/B)",SR-12,7920.00,S,N,B,C,Y,SJ,,5,,,37.492,H,,R,Y,3,0,1,2,A,-,03,22350,,N,D,C,A,B,H,-,A,D,0,,,,,Y,,A,07,0,1,0,0,0,0,0,0,0,"- ","- ",38.088600158691406,-121.38230895996094,"SAN JOAQUIN",UNINCORPORATED,-121.38241577148438,38.088565826416016
91922801,2022,2022-11-21,9265,2022-10-30,2142,022365,,7,2,9,3900,0,1,3,,2,001,"SR-99 S/B","LATHROP RD",2165.00,N,N,A,-,Y,SJ,,99,,,9.602,H,,L,Y,3,0,5,2,A,-,01,23152,A,N,C,C,A,A,H,-,D,D,0,,,,,Y,Y,A,01,0,3,2,0,0,0,0,0,0,"- ","- ",37.832691192626953,-121.21762084960938,"SAN JOAQUIN",UNINCORPORATED,-121.21767425537109,37.832687377929688
91930345,2022,2022-11-30,9265,2022-11-27,1246,018694,,7,1,9,3900,0,1,1,,2,502,"I-5 N/B","MATTHEWS ROAD",1056.00,S,N,A,-,Y,SJ,,5,,R,21.189,H,,R,Y,4,0,3,2,A,-,03,22350,,N,C,2,A,A,H,-,A,D,0,,,,,Y,,A,01,0,0,3,0,0,0,0,0,0,"- ","- ",37.878341674804688,-121.27819061279297,"SAN JOAQUIN",UNINCORPORATED,-121.27815246582031,37.878341674804688