CASE_ID,ACCIDENT_YEAR,PROC_DATE,JURIS,COLLISION_DATE,COLLISION_TIME,OFFICER_ID,REPORTING_DISTRICT,DAY_OF_WEEK,CHP_SHIFT,POPULATION,CNTY_CITY_LOC,SPECIAL_COND,BEAT_TYPE,CHP_BEAT_TYPE,CITY_DIVISION_LAPD,CHP_BEAT_CLASS,BEAT_NUMBER,PRIMARY_RD,SECONDARY_RD,DISTANCE,DIRECTION,INTERSECTION,WEATHER_1,WEATHER_2,STATE_HWY_IND,CALTRANS_COUNTY,CALTRANS_DISTRICT,STATE_ROUTE,ROUTE_SUFFIX,POSTMILE_PREFIX,POSTMILE,LOCATION_TYPE,RAMP_INTERSECTION,SIDE_OF_HWY,TOW_AWAY,COLLISION_SEVERITY,NUMBER_KILLED,NUMBER_INJURED,PARTY_COUNT,PRIMARY_COLL_FACTOR,PCF_CODE_OF_VIOL,PCF_VIOL_CATEGORY,PCF_VIOLATION,PCF_VIOL_SUBSECTION,HIT_AND_RUN,TYPE_OF_COLLISION,MVIW,PED_ACTION,ROAD_SURFACE,ROAD_COND_1,ROAD_COND_2,LIGHTING,CONTROL_DEVICE,CHP_ROAD_TYPE,PEDESTRIAN_ACCIDENT,BICYCLE_ACCIDENT,MOTORCYCLE_ACCIDENT,TRUCK_ACCIDENT,NOT_PRIVATE_PROPERTY,ALCOHOL_INVOLVED,STWD_VEHTYPE_AT_FAULT,CHP_VEHTYPE_AT_FAULT,COUNT_SEVERE_INJ,COUNT_VISIBLE_INJ,COUNT_COMPLAINT_PAIN,COUNT_PED_KILLED,COUNT_PED_INJURED,COUNT_BICYCLIST_KILLED,COUNT_BICYCLIST_INJURED,COUNT_MC_KILLED,COUNT_MC_INJURED,PRIMARY_RAMP,SECONDARY_RAMP,LATITUDE,LONGITUDE,COUNTY,CITY,POINT_X,POINT_Y
6606670,2014,2014-10-03,3902,2014-09-02,1002,52,,2,5,5,3902,0,0,0,,0,,"TURNER RD","STOCKTON ST",0.00,,Y,A,-,N,,,,,,,,,,Y,3,0,2,2,A,-,09,21801,A,N,D,C,A,A,H,-,A,A,0,,,Y,,Y,,D,22,0,2,0,0,0,0,0,0,1,"- ","- ",,,"SAN JOAQUIN",LODI,-121.26855995,38.145729940000003
6617381,2014,2014-09-22,3906,2014-08-31,0314,10118,,7,5,5,3906,0,0,0,,0,003,"SPENCER LN","CROSSROADS DR",139.00,W,N,A,-,N,,,,,,,,,,N,4,0,1,3,A,-,21,22106,,F,G,B,F,A,H,-,C,D,0,Y,,,,Y,Y,A,01,0,0,1,0,1,0,0,0,0,"- ","- ",,,"SAN JOAQUIN",TRACY,-121.46254913999999,37.742496189999997
6621464,2014,2016-04-29,9265,2014-08-04,1352,018488,,1,1,9,3900,0,1,3,,1,067,"RT 88","LIBERTY RD",0.00,,Y,A,-,Y,SJ,10,88,-,-,22.093,I,5,W,Y,4,0,1,3,A,-,09,21802,A,N,D,C,A,A,H,-,A,A,0,,,,,Y,,A,01,0,0,1,0,0,0,0,0,0,"- ","- ",38.23601,-121.05128999999999,"SAN JOAQUIN",UNINCORPORATED,-121.05108006,38.236043080000002
6634131,2014,2016-01-15,9265,2014-09-02,2300,015872,,2,3,9,3900,0,3,5,,2,060,"FLOOD RD","RT 26",5808.00,S,N,A,-,N,,,,,,,,,,Y,3,0,1,1,A,-,01,23152,A,M,E,I,A,A,H,-,D,D,0,,,,,Y,Y,A,01,0,1,0,0,0,0,0,0,0,"- ","- ",38.016030000000001,-121.07697,"SAN JOAQUIN",UNINCORPORATED,-121.07707000000001,38.013129999999997
6664550,2014,2014-10-22,3901,2014-09-21,2327,L4,,7,5,2,3901,0,0,0,,0,,"MAIN ST","3RD ST",191.00,S,N,A,-,N,,,,,,,,,,Y,4,0,1,2,A,-,01,23152,A,N,A,C,A,A,H,-,C,D,0,,,,,Y,Y,A,01,0,0,1,0,0,0,0,0,0,"- ","- ",,,"SAN JOAQUIN",ESCALON,-120.99095432,37.793115810000003
6665553,2014,2016-04-28,9265,2014-09-30,1420,016581,,2,2,9,3900,0,1,3,,1,061,"RT 26","STOKES AV",70.00,W,N,A,-,Y,SJ,10,26,-,-,1.580,H,-,W,N,3,0,1,3,A,-,04,21703,,N,C,C,A,A,H,-,A,A,0,,,Y,,Y,,D,22,0,1,0,0,0,0,0,0,0,"- ","- ",37.972670000000001,-121.23769,"SAN JOAQUIN",UNINCORPORATED,-121.23767104,37.972586960000001
6706765,2014,2014-11-21,9265,2014-10-21,1601,018477,,2,2,4,3903,0,1,3,,2,001,"RT 99","MOFFAT BL",40.00,E,N,A,-,Y,,,99,,,,,,,N,4,0,1,2,A,-,03,22350,,M,C,C,A,A,H,-,A,A,0,,,,,Y,,A,01,0,0,1,0,0,0,0,0,0,TO,"- ",37.774410000000003,-121.18056,"SAN JOAQUIN",MANTECA,-121.18001862,37.775117100000003
6722006,2014,2014-12-31,3901,2014-10-07,2105,L4,,2,5,2,3901,0,0,0,,0,,"MCHENRY AV","1ST ST",0.00,,Y,A,-,N,,,,,,,,,,Y,3,0,1,2,A,-,12,21453,A,N,D,C,A,A,E,-,C,A,0,,,,,Y,,A,01,0,1,0,0,0,0,0,0,0,"- ","- ",,,"SAN JOAQUIN",ESCALON,-120.99660996,37.794359980000003
6724078,2014,2016-04-09,9266,2014-11-28,0905,014808,,5,1,9,3900,0,2,4,,2,020,"KASSON RD","RT 5",0.00,,Y,E,-,Y,SJ,10,5,-,R,11.319,R,4,S,Y,4,0,1,2,A,-,03,22350,,N,D,C,A,A,H,-,A,A,1,,,,Y,Y,,A,01,0,0,1,0,0,0,0,0,0,"- ","- ",37.74239,-121.3449,"SAN JOAQUIN",UNINCORPORATED,-121.34393349,37.75198357
6732453,2014,2015-01-20,9265,2014-11-13,0910,018784,,4,1,9,3900,0,1,3,,2,004,"RT 99","WATERLOO RD",25.00,S,N,B,C,Y,,,,,,,,,,N,4,0,1,2,A,-,03,22350,,F,C,C,A,B,H,-,A,D,0,,,,,Y,,A,01,0,0,1,0,0,0,0,0,0,TO,"- ",37.985709999999997,-121.24838,"SAN JOAQUIN",UNINCORPORATED,-121.2502228,37.984471579999997
6748683,2014,2015-01-30,3906,2014-12-15,1401,1094,,1,5,5,3906,0,0,0,,0,003,"CORRAL HOLLOW RD","CYPRESS DR",528.00,N,N,C,-,N,,,,,,,,,,Y,4,0,1,3,A,-,03,22350,,N,C,C,A,B,H,-,A,A,0,,,,Y,Y,,A,01,0,0,1,0,0,0,0,0,0,"- ","- ",,,"SAN JOAQUIN",TRACY,-121.45324493,37.736510160000002
6755148,2014,2015-02-10,9265,2014-12-11,0637,018784,,4,1,9,3900,0,1,3,,1,061,"RT 26","AVALON DR",200.00,W,N,B,-,Y,,,26,,,,,,,N,3,0,1,2,A,-,03,22350,,N,G,B,E,A,H,-,A,D,0,Y,,,,Y,,D,22,0,1,0,0,1,0,0,0,0,"- ","- ",37.977200000000003,-121.22017,"SAN JOAQUIN",UNINCORPORATED,-121.22016929,37.9771973
6755164,2014,2015-01-28,9265,2014-11-22,0038,017989,,6,3,9,3900,0,2,4,,1,091,"THORNTON RD","EL CAMINO AV",162.00,N,N,A,-,N,,,,,,,,,,Y,3,0,1,3,A,-,01,23152,A,N,G,E,A,A,H,-,D,D,0,,,,,Y,Y,A,07,0,1,0,0,0,0,0,0,0,"- ","- ",38.022950000000002,-121.32709,"SAN JOAQUIN",UNINCORPORATED,-121.32700740999999,38.023021759999999
6755303,2014,2015-02-05,9265,2014-12-06,0150,019136,,6,3,5,3902,0,1,3,,2,004,"RT 99","CHEROKEE LN",50.00,N,N,B,C,Y,,,99,,,,,,,Y,3,0,1,1,A,-,08,22107,,N,F,I,A,B,H,-,C,D,0,,,,,Y,,A,01,0,1,0,0,0,0,0,0,0,"- ",TO,38.109319999999997,-121.25955,"SAN JOAQUIN",LODI,-121.25949937999999,38.109309379999999
6777390,2015,2016-09-27,9266,2015-01-02,1120,015432,,5,1,9,3900,0,1,1,,2,021,"RT 580","ALAMEDA CO LINE",3696.00,E,N,A,-,Y,SJ,10,580,-,-,14.670,H,-,W,Y,4,0,1,2,A,-,08,22107,,M,F,I,A,A,H,-,A,D,1,,,,Y,Y,,-,99,0,0,1,0,0,0,0,0,0,"- ","- ",37.73104,-121.54783999999999,"SAN JOAQUIN",UNINCORPORATED,-121.5484878,37.731638429999997
6844702,2015,2015-03-17,3902,2015-02-02,1255,AB48,,1,5,5,3902,0,0,0,,0,,"STOCKTON ST","EDEN ST",15.00,S,N,A,-,N,,,,,,,,,,Y,4,0,1,2,A,-,21,22106,,N,B,C,A,A,H,-,A,D,0,,,,,Y,,A,07,0,0,1,0,0,0,0,0,0,"- ","- ",,,"SAN JOAQUIN",LODI,-121.26972924,38.127508810000002
6844869,2015,2016-09-19,9265,2015-02-14,1925,018821,,6,2,9,3900,0,1,3,,2,001,"RT 99","AUSTIN RD",200.00,N,N,A,-,Y,SJ,10,99,-,-,4.930,H,-,N,Y,4,0,1,2,A,-,08,22107,,N,D,C,A,A,H,-,D,D,1,,,,,Y,,A,01,0,0,1,0,0,0,0,0,0,"- ","- ",37.7759,-121.17992,"SAN JOAQUIN",UNINCORPORATED,-121.17974623000001,37.77512454
6852590,2015,2016-09-20,9265,2015-02-20,0145,019991,,5,3,5,3902,0,1,3,,2,004,"RT 99","HARNEY LN",1113.00,N,N,A,-,Y,SJ,10,99,-,-,28.670,H,-,N,Y,3,0,1,1,A,-,08,22107,,N,E,I,A,A,H,-,C,D,1,,,,,Y,,A,01,0,1,0,0,0,0,0,0,0,"- ","- ",38.104379999999999,-121.26011,"SAN JOAQUIN",LODI,-121.26011391,38.10431638
6883307,2015,2015-04-22,3902,2015-04-07,1459,28,,2,5,5,3902,0,0,0,,0,,"TOKAY ST",FAIRMONT,288.00,W,N,A,-,N,,,,,,,,,,N,4,0,1,3,A,-,03,22350,,M,B,E,E,A,H,-,A,D,0,Y,,,,Y,,A,08,0,0,1,0,1,0,0,0,0,"- ","- ",,,"SAN JOAQUIN",LODI,-121.28687127000001,38.126339999999999
6895543,2015,2016-12-05,9265,2015-04-09,1333,18955,,4,1,6,3905,0,1,1,,2,503,"RT 5","COUNTRY CLUB BL",500.00,S,N,A,-,Y,SJ,10,5,-,-,28.440,H,-,S,Y,3,0,1,2,A,-,07,21658,A,N,B,C,A,A,D,-,A,D,1,,,,Y,Y,,A,01,0,1,0,0,0,0,0,0,0,"- ","- ",37.960979999999999,-121.33413,"SAN JOAQUIN",STOCKTON,-121.33502817,37.962895850000002
6927079,2015,2015-05-26,9265,2015-04-06,1405,16479,,1,2,9,3900,0,2,4,,1,091,"LOWER SACRAMENTO RD","METTLER RD",0.00,,Y,B,-,N,,,,,,,,,,N,3,0,2,2,A,-,05,21460,A,N,C,C,A,A,D,-,A,D,0,,,,,Y,,A,01,0,1,1,0,0,0,0,0,0,"- ","- ",38.075519999999997,-121.31007,"SAN JOAQUIN",UNINCORPORATED,-121.31045998,38.075609919999998
6946606,2015,2016-12-05,9265,2015-05-05,2155,19307,,2,2,9,3900,0,1,1,,2,503,"RT 5","ALPINE AV",500.00,S,N,A,-,Y,SJ,10,5,-,-,28.880,H,-,S,Y,3,0,2,3,A,-,01,23152,A,N,B,C,A,A,D,-,D,A,1,,,,Y,Y,Y,A,01,0,1,1,0,0,0,0,0,0,"- ","- ",37.965679999999999,-121.33588,"SAN JOAQUIN",UNINCORPORATED,-121.33746214,37.968968089999997
6949733,2015,2016-11-15,9266,2015-05-29,1620,015432,,5,2,9,3900,0,1,3,,1,026,"RT 132","CHRISMAN RD",25.00,W,N,A,-,Y,SJ,10,132,-,-,0.057,R,4,W,Y,4,0,1,1,A,-,12,22450,A,N,F,I,A,A,H,-,A,D,1,,,,,Y,,A,01,0,0,1,0,0,0,0,0,0,"- ","- ",37.639099999999999,-121.39764,"SAN JOAQUIN",UNINCORPORATED,-121.40108974,37.639142659999997
6956327,2015,2016-11-19,9265,2015-04-20,1530,018477,,1,2,4,3903,0,1,3,,2,025,"RT 120","MOFFAT BL",25.00,E,N,A,-,Y,SJ,10,120,-,R,6.430,H,-,E,Y,4,0,1,2,A,-,03,22350,,N,C,C,A,A,H,-,A,D,1,,,,Y,Y,,G,25,0,0,1,0,0,0,0,0,0,"- ","- ",37.783189999999998,-121.19535,"SAN JOAQUIN",MANTECA,-121.1949937,37.783194039999998
6960469,2015,2015-06-24,9265,2015-05-10,1240,018289,,7,1,9,3900,0,2,4,,1,091,"WEST LN","ARMSTRONG RD",50.00,N,N,A,-,N,,,,,,,,,,Y,3,0,1,2,A,-,09,21453,B,N,C,C,A,A,H,-,A,A,0,,,Y,,Y,,A,01,0,1,0,0,0,0,0,0,1,"- ","- ",38.0869,-121.27836000000001,"SAN JOAQUIN",UNINCORPORATED,-121.27861249999999,38.086597300000001
6965627,2015,2016-12-07,9265,2015-05-31,0850,019882,,7,1,9,3900,0,1,3,,1,066,"RT 26","WIMER RD",1500.00,W,N,A,-,Y,SJ,10,26,-,-,20.020,H,-,W,Y,4,0,1,1,A,-,08,22107,,N,E,I,A,A,H,-,A,D,0,,,,,Y,,A,01,0,0,1,0,0,0,0,0,0,"- ","- ",,,"SAN JOAQUIN",UNINCORPORATED,-120.94800103,38.091341079999999
6977592,2015,2016-12-05,9265,2015-06-17,1520,18590,,3,2,6,3905,0,1,1,,2,504,"RT 5","HAMMER LN",2640.00,S,N,A,-,Y,SJ,10,5,-,-,32.160,H,-,S,Y,4,0,1,1,A,-,08,22107,,N,E,I,A,A,D,-,A,D,1,,,,,Y,,D,22,0,0,1,0,0,0,0,0,0,"- ","- ",38.138599999999997,-121.35535,"SAN JOAQUIN",STOCKTON,-121.35559296,38.014390319999997
6979083,2015,2016-12-07,9265,2015-06-13,1238,013515,,6,1,9,3900,0,1,3,,1,061,"RT 26","ORO AV",170.00,E,N,A,-,Y,SJ,10,26,-,-,1.410,H,-,W,Y,3,0,2,3,A,-,03,22350,,N,C,C,A,A,H,-,A,A,0,,,,,Y,,A,01,0,2,0,0,0,0,0,0,0,"- ","- ",37.971899999999998,-121.24081,"SAN JOAQUIN",UNINCORPORATED,-121.24063305,37.971834919999999
6979089,2015,2016-11-19,9265,2015-06-10,1155,015490,,3,1,9,3900,0,1,3,,2,006,"RT 99","WOODBRIDGE RD",1056.00,S,N,B,C,Y,SJ,10,99,-,-,32.370,H,-,S,Y,3,0,1,1,A,-,03,22350,,N,E,I,A,B,H,-,A,D,1,,,,,Y,,D,22,0,1,0,0,0,0,0,0,0,FR,"- ",38.158070000000002,-121.26206000000001,"SAN JOAQUIN",UNINCORPORATED,-121.26181683,38.157273279999998
6981491,2015,2015-07-18,9265,2015-06-10,0800,13465,,3,1,9,3900,0,2,4,,1,064,"JACK TONE RD","WHITEHOUSE RD",1056.00,N,N,B,C,N,,,,,,,,,,Y,4,0,1,1,A,-,08,22107,,N,E,I,A,B,H,-,A,D,0,,,,,Y,,A,01,0,0,1,0,0,0,0,0,0,"- ","- ",37.992669999999997,-121.14934,"SAN JOAQUIN",UNINCORPORATED,-121.14927569,37.992249569999998
7002268,2015,2017-01-10,3902,2015-07-15,1201,39,,3,5,5,3902,0,0,0,,0,,"MILLS AV","KETTLEMAN LN",56.00,S,N,A,-,Y,SJ,10,12,-,-,15.675,I,6,E,N,4,0,1,2,A,-,21,22106,,N,C,C,A,A,H,-,A,A,0,,,,,Y,,A,07,0,0,1,0,0,0,0,0,0,"- ","- ",,,"SAN JOAQUIN",LODI,-121.29693027,38.115424320000002
7006099,2015,2015-08-25,3906,2015-07-09,0512,1374,99,4,5,5,3906,0,0,0,,0,005,"PARADISE RD","CHABOT RD",176.00,W,N,A,-,N,,,,,,,,,,Y,1,1,0,1,A,-,08,22107,,N,E,I,A,A,H,-,C,D,0,,,Y,,Y,,C,02,0,0,0,0,0,0,0,1,0,"- ","- ",,,"SAN JOAQUIN",TRACY,-121.39040709,37.752054620000003
7017061,2015,2016-11-05,9265,2015-06-22,2200,19489,,1,3,9,3900,0,1,3,,1,092,"RT 12","GUARD RD",250.00,W,N,A,-,Y,SJ,10,12,-,-,8.780,H,-,E,Y,4,0,3,2,A,-,01,23152,A,N,C,C,A,A,D,-,D,A,0,,,,,Y,Y,A,01,0,0,3,0,0,0,0,0,0,"- ","- ",38.115290000000002,-121.43272,"SAN JOAQUIN",UNINCORPORATED,-121.42335921,38.116092199999997
7017636,2015,2016-09-16,9265,2015-01-30,1224,018784,,5,1,9,3900,0,1,3,,1,066,"RT 26","FINE RD",0.00,,Y,A,-,Y,SJ,10,26,-,-,12.670,I,5,W,Y,3,0,2,2,A,-,09,21802,A,N,D,C,A,A,H,-,A,A,0,,,,,Y,,A,07,0,2,0,0,0,0,0,0,0,"- ","- ",38.031799999999997,-121.0504,"SAN JOAQUIN",UNINCORPORATED,-121.05014703000001,38.031841069999999
7049715,2015,2017-01-10,3902,2015-08-02,1800,MH42,,7,5,5,3902,0,0,0,,0,,"RT 12","CHURCH ST",0.00,,Y,A,-,Y,SJ,10,12,-,-,17.090,I,5,E,Y,3,0,1,2,A,-,12,21453,A,F,D,C,A,A,H,-,A,A,0,,,,,Y,,A,01,0,1,0,0,0,0,0,0,0,"- ","- ",,,"SAN JOAQUIN",LODI,-121.27606116,38.115502050000003
7055087,2015,2015-09-30,3902,2015-08-12,1900,DH59,,3,5,5,3902,0,0,0,,0,,"SOUTH CHEROKEE LN","HALE RD",0.00,,Y,A,-,N,,,,,,,,,,N,4,0,1,2,A,-,09,21801,,N,D,C,A,A,H,-,A,A,0,,,,,Y,,A,01,0,0,1,0,0,0,0,0,0,"- ","- ",,,"SAN JOAQUIN",LODI,-121.26057986000001,38.125699949999998
7055174,2015,2015-10-09,3902,2015-08-08,1657,DB72,,6,5,5,3902,0,0,0,,0,,"SOUTH HAM LN","W LODI AV",6.00,S,N,A,-,N,,,,,,,,,,Y,2,0,5,4,A,-,01,23152,A,N,A,C,A,A,H,-,A,A,0,,,,,Y,Y,A,01,1,0,4,0,0,0,0,0,0,"- ","- ",,,"SAN JOAQUIN",LODI,-121.28831972,38.130023520000002
7055200,2015,2015-09-30,3902,2015-08-22,1601,RD7,,6,5,5,3902,0,0,0,,0,,"TURNER RD","LAUREL AV",360.00,W,N,A,-,N,,,,,,,,,,Y,4,0,3,2,A,-,21,22106,,N,D,C,A,A,H,-,A,D,0,,,,,Y,,A,08,0,0,3,0,0,0,0,0,0,"- ","- ",,,"SAN JOAQUIN",LODI,-121.29394741999999,38.145595839999999
7158804,2015,2016-02-05,3905,2015-12-23,0913,1312,PAR,3,5,6,3905,0,0,0,,0,,"FREMONT ST","E ST",12.00,W,N,B,-,N,,,,,,,,,,Y,4,0,1,2,A,-,08,22100,A,N,D,C,A,A,H,-,A,D,0,,,,,Y,,A,01,0,0,1,0,0,0,0,0,0,"- ","- ",37.962739999999997,-121.26223,"SAN JOAQUIN",STOCKTON,-121.21019,37.804699999999997
7175037,2015,2016-02-17,3905,2015-11-29,1211,1422,LAK,7,5,6,3905,0,0,0,,0,,"PACIFIC AV","EDAN AV",0.00,,Y,A,-,N,,,,,,,,,,Y,3,0,2,2,A,-,12,21453,A,N,D,C,A,A,H,-,A,A,0,,,,,Y,,A,01,0,1,1,0,0,0,0,0,0,"- ","- ",38.016579999999998,-121.32304000000001,"SAN JOAQUIN",STOCKTON,-121.32272992,38.016329949999999
7175741,2015,2016-02-11,3905,2015-12-02,0845,2643,CIV,3,5,6,3905,0,0,0,,0,,"MADISON ST","ACACIA ST",0.00,,Y,A,B,N,,,,,,,,,,Y,4,0,2,2,A,-,12,22450,A,N,D,C,A,A,H,-,A,A,0,,,,,Y,,A,01,0,0,2,0,0,0,0,0,0,"- ","- ",37.96199,-121.29627000000001,"SAN JOAQUIN",STOCKTON,-121.29639998,37.9619499
7175819,2015,2016-02-10,3905,2015-12-08,1723,1393,LAK,2,5,6,3905,0,0,0,,0,,"PERSHING AV","VENETIAN DR",2.00,W,N,B,-,N,,,,,,,,,,N,4,0,1,2,A,-,05,21650,1,N,H,G,A,A,H,-,C,A,0,,Y,,,Y,,L,04,0,0,1,0,0,0,1,0,0,"- ","- ",37.996459999999999,-121.32418,"SAN JOAQUIN",STOCKTON,-121.32466199,37.996265260000001
7176834,2015,2016-02-05,3905,2015-11-02,0700,2463,VAL,1,5,6,3905,0,0,0,,0,,"WINDFLOWER LN","HOLMAN RD",0.00,,Y,B,-,N,,,,,,,,,,N,4,0,1,2,A,-,05,21650,1,F,D,G,A,B,H,-,B,A,0,,Y,,,Y,,L,04,0,0,1,0,0,0,1,0,0,"- ","- ",38.009979999999999,-121.27354,"SAN JOAQUIN",STOCKTON,-121.27322995999999,38.010099930000003
7183162,2016,2016-03-25,3902,2016-03-05,1820,30,,6,5,5,3902,0,0,0,,0,,"LOCKEFORD ST",CALAVERAS,300.00,E,N,C,-,N,,,,,,,,,,N,4,0,1,2,A,-,03,22350,,N,C,C,A,B,H,-,C,D,0,,,,,Y,,D,22,0,0,1,0,0,0,0,0,0,"- ","- ",,,"SAN JOAQUIN",LODI,-121.26453993,38.138163310000003
7183804,2015,2016-02-16,3903,2015-12-31,2300,2186,,4,5,4,3903,0,0,0,,0,,"SOLARO WY","STEFANO WY",60.00,W,N,A,-,N,,,,,,,,,,N,4,0,1,2,A,-,11,21950,B,N,G,B,E,A,H,-,C,B,0,Y,,,,Y,,N,60,0,0,1,0,1,0,0,0,0,"- ","- ",,,"SAN JOAQUIN",MANTECA,-121.2460176,37.81445446
7183861,2015,2016-02-17,3903,2015-12-18,1243,2916,,5,5,4,3903,0,0,0,,0,,"NEHEMIAH DR","PROSPECTOR DR",250.00,W,N,A,-,N,,,,,,,,,,N,4,0,1,2,A,-,09,21801,,N,D,C,A,A,H,-,A,D,0,,,,,Y,,A,01,0,0,1,0,0,0,0,0,0,"- ","- ",,,"SAN JOAQUIN",MANTECA,-121.19230534,37.804753359999999
7188330,2016,2016-02-23,3903,2016-01-02,1527,3220,,6,5,4,3903,0,0,0,,0,,"PESTANA AV","PENNEBAKER WY",10.00,S,N,B,-,N,,,,,,,,,,N,4,0,1,2,A,-,04,21703,,N,C,C,A,A,H,-,A,A,0,,,,,Y,,A,01,0,0,1,0,0,0,0,0,0,"- ","- ",,,"SAN JOAQUIN",MANTECA,-121.18683932,37.800762540000001
7188356,2016,2016-02-24,3903,2016-01-24,1802,2284,CITY,7,5,4,3903,0,0,0,,0,001,"YOSEMITE AV","FISHBACK RD",75.00,W,N,A,-,N,,,,,,,,,,Y,3,0,1,2,A,-,01,23152,A,N,C,E,A,A,H,-,C,D,0,,,,,Y,Y,A,01,0,1,0,0,0,0,0,0,0,"- ","- ",,,"SAN JOAQUIN",MANTECA,-121.24837958000001,37.797311270000002
7190981,2016,2016-02-24,3901,2016-01-09,2004,D1,,6,5,2,3901,0,0,0,,0,,"MAIN ST","3RD ST",0.00,N,N,A,-,N,,,,,,,,,,N,2,0,1,1,B,-,22,,,N,F,A,A,A,H,-,C,D,0,,,Y,,Y,Y,C,02,1,0,0,0,0,0,0,0,1,"- ","- ",,,"SAN JOAQUIN",ESCALON,-120.99142988,37.79347989
7199481,2015,2016-03-21,3905,2015-10-01,1929,1084,CIV,4,5,6,3905,0,0,0,,0,,"OAK FOREST AV","MIGHTY OAK DR",0.00,,Y,A,-,N,,,,,,,,,,N,1,1,0,2,A,-,11,21950,B,N,G,B,E,A,H,-,D,D,0,Y,,,,Y,Y,N,60,0,0,0,1,0,0,0,0,0,"- ","- ",37.990949999999998,-121.27598999999999,"SAN JOAQUIN",STOCKTON,-121.27642985999999,37.99104999
7208630,2016,2016-03-28,3905,2016-02-10,0838,1312,VAL,3,5,6,3905,0,0,0,,0,,"SWAIN RD","TAM O SHANTER DR",4.00,E,N,A,-,N,,,,,,,,,,N,4,0,1,2,A,-,10,21950,A,N,G,B,B,A,H,-,A,A,0,Y,,,,Y,,D,22,0,0,1,0,1,0,0,0,0,"- ","- ",38.010399999999997,-121.29662,"SAN JOAQUIN",STOCKTON,-121.29616679999999,38.010393399999998
8010223,2016,2016-04-11,3905,2016-03-08,1504,2525,VAL,2,5,6,3905,0,0,0,,0,,"BIANCHI RD","IJAMS RD",53.00,W,N,A,-,N,,,,,,,,,,Y,4,0,1,2,A,-,03,22350,,N,C,C,A,A,H,-,A,A,0,,,,,Y,,A,01,0,0,1,0,0,0,0,0,0,"- ","- ",37.999409999999997,-121.28454000000001,"SAN JOAQUIN",STOCKTON,-121.28519596,37.999423929999999
8010305,2016,2016-04-12,3905,2016-03-16,1203,1312,LAK,3,5,6,3905,0,0,0,,0,,"MARCH LN","PRECISSI LN",0.00,,Y,A,-,N,,,,,,,,,,Y,3,0,3,2,A,-,12,21453,A,N,D,C,A,A,H,-,A,A,0,,,,,Y,,A,01,0,1,2,0,0,0,0,0,0,"- ","- ",37.990720000000003,-121.31529999999999,"SAN JOAQUIN",STOCKTON,-121.31574989000001,37.990629980000001
8015461,2016,2016-04-13,3905,2016-03-21,0815,2529,CIV,1,5,6,3905,0,0,0,,0,,"STANISLAUS ST","WASHINGTON ST",30.00,S,N,A,-,N,,,,,,,,,,N,4,0,1,2,A,-,03,22350,,N,C,C,A,A,H,-,A,A,0,,,,,Y,,A,01,0,0,1,0,0,0,0,0,0,"- ","- ",37.952010000000001,-121.28143,"SAN JOAQUIN",STOCKTON,-121.28142517000001,37.951949990000003
8015465,2016,2016-04-13,3905,2016-03-21,1658,1489,LAK,1,5,6,3905,0,0,0,,0,,"PACIFIC AV","YOKUTS AV",0.00,,Y,B,-,N,,,,,,,,,,N,4,0,1,3,A,-,03,22350,,F,C,C,A,A,H,-,A,A,0,,,,,Y,,D,22,0,0,1,0,0,0,0,0,0,"- ","- ",37.996760000000002,-121.3143,"SAN JOAQUIN",STOCKTON,-121.31471997,37.996639960000003
8016998,2016,2017-02-11,3901,2016-02-23,0755,L28,,2,5,2,3901,0,0,0,,0,,"RT 120","3RD ST",0.00,,Y,A,-,Y,SJ,10,120,-,-,17.540,I,5,W,N,4,0,1,1,A,-,08,22107,,N,E,I,A,A,H,-,A,D,0,,,,,Y,,A,01,0,0,1,0,0,0,0,0,0,"- ","- ",,,"SAN JOAQUIN",ESCALON,-120.98992369,37.79476554
8023657,2016,2016-04-25,3905,2016-04-15,1203,2525,SEA,5,5,6,3905,0,0,0,,0,,"WAIT AV","HARVEY AV",0.00,,Y,A,-,N,,,,,,,,,,Y,4,0,2,2,A,-,03,22350,,N,D,C,A,A,H,-,A,D,0,,,,,Y,,A,01,0,0,2,0,0,0,0,0,0,"- ","- ",37.912640000000003,-121.27806,"SAN JOAQUIN",STOCKTON,-121.27813998000001,37.912629920000001
8025720,2016,2016-04-21,3903,2016-03-13,1149,1907,,7,5,4,3903,0,0,0,,0,,"LONDON AV","EXETER DR",102.00,N,N,A,-,N,,,,,,,,,,Y,3,0,2,2,A,-,09,21801,A,N,D,C,A,B,H,-,A,D,0,,,,,Y,,A,01,0,1,1,0,0,0,0,0,0,"- ","- ",,,"SAN JOAQUIN",MANTECA,-121.24495541,37.825490109999997
8028962,2016,2016-05-27,3905,2016-05-06,1357,2525,SEA,5,5,6,3905,0,0,0,,0,,"LINCOLN ST","TURNPIKE RD",157.00,N,N,A,-,N,,,,,,,,,,Y,4,0,4,2,A,-,09,21804,A,F,D,C,A,A,H,-,A,A,0,,,,,Y,,D,22,0,0,4,0,0,0,0,0,0,"- ","- ",37.934890000000003,-121.29325,"SAN JOAQUIN",STOCKTON,-121.29321992,37.93519036
8029025,2016,2016-05-25,3905,2016-05-01,1640,2529,PAR,7,5,6,3905,0,0,0,,0,,"FREMONT ST","E ST",0.00,,Y,A,-,N,,,,,,,,,,Y,3,0,2,2,A,-,09,21801,A,N,A,C,A,A,H,-,A,D,0,,,,,Y,,A,01,0,1,1,0,0,0,0,0,0,"- ","- ",37.963270000000001,-121.26096,"SAN JOAQUIN",STOCKTON,-121.21018998,37.804699919999997
8034199,2016,2016-05-12,3905,2016-05-01,1220,1323,SEA,7,5,6,3905,0,0,0,,0,,"TILDEN PARK ST","TITLEIST CT",71.00,S,N,A,-,N,,,,,,,,,,Y,4,0,1,1,A,-,03,22350,,N,E,I,A,A,H,-,A,D,0,,,,,Y,,A,01,0,0,1,0,0,0,0,0,0,"- ","- ",37.926389999999998,-121.31858,"SAN JOAQUIN",STOCKTON,-121.31831127,37.925975129999998