CASE_ID,ACCIDENT_YEAR,PROC_DATE,JURIS,COLLISION_DATE,COLLISION_TIME,OFFICER_ID,REPORTING_DISTRICT,DAY_OF_WEEK,CHP_SHIFT,POPULATION,CNTY_CITY_LOC,SPECIAL_COND,BEAT_TYPE,CHP_BEAT_TYPE,CITY_DIVISION_LAPD,CHP_BEAT_CLASS,BEAT_NUMBER,PRIMARY_RD,SECONDARY_RD,DISTANCE,DIRECTION,INTERSECTION,WEATHER_1,WEATHER_2,STATE_HWY_IND,CALTRANS_COUNTY,CALTRANS_DISTRICT,STATE_ROUTE,ROUTE_SUFFIX,POSTMILE_PREFIX,POSTMILE,LOCATION_TYPE,RAMP_INTERSECTION,SIDE_OF_HWY,TOW_AWAY,COLLISION_SEVERITY,NUMBER_KILLED,NUMBER_INJURED,PARTY_COUNT,PRIMARY_COLL_FACTOR,PCF_CODE_OF_VIOL,PCF_VIOL_CATEGORY,PCF_VIOLATION,PCF_VIOL_SUBSECTION,HIT_AND_RUN,TYPE_OF_COLLISION,MVIW,PED_ACTION,ROAD_SURFACE,ROAD_COND_1,ROAD_COND_2,LIGHTING,CONTROL_DEVICE,CHP_ROAD_TYPE,PEDESTRIAN_ACCIDENT,BICYCLE_ACCIDENT,MOTORCYCLE_ACCIDENT,TRUCK_ACCIDENT,NOT_PRIVATE_PROPERTY,ALCOHOL_INVOLVED,STWD_VEHTYPE_AT_FAULT,CHP_VEHTYPE_AT_FAULT,COUNT_SEVERE_INJ,COUNT_VISIBLE_INJ,COUNT_COMPLAINT_PAIN,COUNT_PED_KILLED,COUNT_PED_INJURED,COUNT_BICYCLIST_KILLED,COUNT_BICYCLIST_INJURED,COUNT_MC_KILLED,COUNT_MC_INJURED,PRIMARY_RAMP,SECONDARY_RAMP,LATITUDE,LONGITUDE,COUNTY,CITY,POINT_X,POINT_Y
90921749,2018,2019-02-07,9265,2018-08-17,0105,019666,,5,3,6,3905,0,1,1,,2,503,"I-5 N/B TO EIGHTH STREET","EIGHTH STREET",805.00,S,N,A,-,Y,,,5,,,,R,,N,Y,1,1,0,3,A,-,08,22107,,F,G,B,E,A,H,-,D,D,0,Y,,,,Y,,D,22,0,0,0,1,0,0,0,0,0,"- ","- ",37.924560546875,-121.29332733154297,"SAN JOAQUIN",STOCKTON,-121.29332733154297,37.924560546875
90928370,2019,2019-02-19,9265,2019-02-07,1040,015756,,4,1,9,3900,0,1,3,,2,003,"FARMINGTON ROAD","STAGECOACH RD",10.00,E,N,A,-,N,,,,,,,,,,Y,4,0,1,2,A,-,03,22350,,N,C,C,A,A,H,-,A,A,0,,,,,Y,,A,01,0,0,1,0,0,0,0,0,0,"- ","- ",37.94110107421875,-121.23204040527344,"SAN JOAQUIN",UNINCORPORATED,-121.232177734375,37.941112518310547
90931347,2019,2019-02-21,9266,2019-02-08,2025,019532,,5,2,9,3900,0,2,4,,1,022,"CORRAL HOLLOW ROAD","LARCH ROAD",427.00,N,N,B,C,N,,,,,,,,,,Y,3,0,2,3,A,-,21,22106,,N,D,C,A,B,H,-,D,D,0,,,,,Y,Y,D,22,0,1,1,0,0,0,0,0,0,"- ","- ",37.766609191894531,-121.45333862304688,"SAN JOAQUIN",UNINCORPORATED,-121.45335388183594,37.766704559326172
90941267,2019,2019-03-07,9265,2019-03-01,1804,019996,,5,2,9,3900,0,2,4,,1,074,"BENJAMIN HOLT DR","HARRISBURG PL",100.00,E,N,B,-,N,,,,,,,,,,Y,4,0,1,3,A,-,03,22350,,N,C,C,A,A,H,-,D,D,0,,,,,Y,,D,22,0,0,1,0,0,0,0,0,0,"- ","- ",38.007270812988281,-121.33361053466797,"SAN JOAQUIN",UNINCORPORATED,-121.33364105224609,38.007312774658203
90945926,2018,2019-03-14,9265,2018-09-21,2103,020313,,5,2,9,3900,0,1,3,,1,013,"STATE ROUTE 4","DRAIS RD",5280.00,W,N,A,-,Y,,,4,,,,,,,Y,1,1,0,2,A,-,01,23152,F,N,D,C,A,A,H,-,D,D,0,,,,Y,Y,,A,01,0,0,0,0,0,0,0,0,0,"- ","- ",37.939620971679688,-121.10199737548828,"SAN JOAQUIN",UNINCORPORATED,-121.10198974609375,37.939666748046875
9095148,2020,2020-07-03,3905,2020-03-20,1451,7034,SEA,5,5,6,3905,0,0,0,,0,,"CENTER ST","SONORA ST",0.00,,Y,A,-,N,,,,,,,,,,Y,4,0,1,2,A,-,07,21658,A,N,B,C,A,A,H,-,A,D,0,,,,,Y,,A,01,0,0,1,0,0,0,0,0,0,"- ","- ",37.948020935058594,-121.291259765625,"SAN JOAQUIN",STOCKTON,-121.29003143310547,37.948600769042969
9095158,2020,2020-07-03,3905,2020-03-19,2151,2625,PAR,4,5,6,3905,0,0,0,,0,,"HAZELTON AV","AIRPORT WY",0.00,,Y,A,-,N,,,,,,,,,,Y,4,0,1,2,A,-,09,21801,A,F,A,C,A,A,H,-,C,A,0,,,,,Y,Y,A,01,0,0,1,0,0,0,0,0,0,"- ","- ",37.949321746826172,-121.27256011962891,"SAN JOAQUIN",STOCKTON,-121.2725830078125,37.949428558349609
90961921,2019,2019-04-05,9265,2019-03-31,0010,019307,,7,3,9,3900,0,1,3,,2,004,"SR-99 S/B","EIGHT MILE ROAD",1107.00,N,N,A,-,Y,,,99,,,,,,S,Y,3,0,1,1,A,-,01,23152,A,N,E,I,A,A,H,-,D,D,0,,,,,Y,Y,A,01,0,1,0,0,0,0,0,0,0,"- ","- ",38.059928894042969,-121.25975799560547,"SAN JOAQUIN",UNINCORPORATED,-121.25966644287109,38.059932708740234
90965955,2019,2019-04-11,9265,2019-03-31,1830,019182,,7,2,9,3900,0,3,5,,2,010,"SANTA FE RD","RIVER RD",3168.00,N,N,A,-,N,,,,,,,,,,Y,3,0,1,1,A,-,01,23152,A,N,F,A,A,A,H,-,A,D,0,,,,,Y,Y,A,07,0,1,0,0,0,0,0,0,0,"- ","- ",37.767940521240234,-120.95812225341797,"SAN JOAQUIN",UNINCORPORATED,-120.958251953125,37.768070220947266
90970285,2019,2019-04-18,9265,2019-04-08,0330,019666,,1,3,9,3900,0,1,3,,2,004,"SR-99 S/B","ARMSTRONG RD",1000.00,N,N,A,-,Y,,,99,,,,,,S,Y,4,0,1,1,A,-,08,22107,,N,E,I,A,A,H,-,D,D,0,,,,,Y,,A,01,0,0,1,0,0,0,0,0,0,"- ","- ",38.091758728027344,-121.26011657714844,"SAN JOAQUIN",UNINCORPORATED,-121.26017761230469,38.091758728027344
90970850,2019,2019-04-19,9265,2019-04-14,0243,020156,,7,3,9,3900,0,3,5,,2,050,"NEWTON RD","CHEROKEE RD",2112.00,N,N,A,-,N,,,,,,,,,,Y,4,0,1,2,A,-,01,23152,A,N,C,C,A,A,H,-,D,D,0,,,,,Y,Y,A,01,0,0,1,0,0,0,0,0,0,"- ","- ",37.994659423828125,-121.25776672363281,"SAN JOAQUIN",UNINCORPORATED,-121.25768280029297,37.994449615478516
90973127,2019,2019-04-23,9266,2019-04-06,1825,020083,,6,2,9,3900,0,2,4,,1,016,"ELEVENTH STREET","KASSON ROAD",4.00,W,N,A,-,N,,,,,,,,,,Y,2,0,3,3,A,-,01,23152,A,M,B,C,A,A,H,-,A,A,0,,,,,Y,Y,A,01,1,0,2,0,0,0,0,0,0,"- ","- ",37.451038360595703,-121.21700286865234,"SAN JOAQUIN",UNINCORPORATED,-121.35169982910156,37.752887725830078
90973656,2019,2019-04-23,9265,2019-04-15,0545,018694,,1,3,9,3900,0,1,3,,1,062,SR-88,"KETTLEMAN LANE",365.00,N,N,B,-,Y,,,88,,,,,,,Y,4,0,1,2,A,-,03,22350,,N,C,C,A,A,H,-,D,D,0,,,,,Y,,A,01,0,0,1,0,0,0,0,0,0,"- ","- ",38.117259979248047,-121.17317962646484,"SAN JOAQUIN",UNINCORPORATED,-121.17312622070312,38.117240905761719
90976709,2018,2019-04-26,9265,2018-12-25,0155,020071,,2,3,9,3900,0,1,1,,2,502,"I-5 N/B","HOSPITAL RD",380.00,N,N,C,-,Y,,,5,,,,,,N,Y,1,1,5,5,A,-,01,23152,A,N,C,C,E,B,H,-,D,D,0,Y,,,Y,Y,Y,A,07,0,2,3,1,0,0,0,0,0,"- ","- ",37.886749267578125,-121.27986907958984,"SAN JOAQUIN",UNINCORPORATED,-121.27989196777344,37.886741638183594
90976935,2019,2019-04-26,9266,2019-04-19,1000,018365,,5,1,9,3900,0,1,3,,1,011,"SR-4 W/B","SAN JOAQUIN CO. LINE",500.00,E,N,A,-,Y,,,4,,,,,,W,Y,3,0,1,2,A,-,04,21703,,N,C,C,A,A,H,-,A,D,0,,,,,Y,,D,22,0,1,0,0,0,0,0,0,0,"- ","- ",37.889999389648438,-121.56735992431641,"SAN JOAQUIN",UNINCORPORATED,-121.56735992431641,37.889995574951172
90977123,2019,2019-04-26,9266,2019-04-22,1550,018751,,1,2,9,3900,0,3,5,,2,003,"MOUNTAIN HOUSE PKWY","GRANT LINE ROAD",40.00,S,N,A,-,N,,,,,,,,,,Y,4,0,1,3,A,-,03,22350,,N,C,C,A,A,H,-,A,A,0,,,,,Y,,A,08,0,0,1,0,0,0,0,0,0,"- ","- ",37.757579803466797,-121.53163146972656,"SAN JOAQUIN",UNINCORPORATED,-121.53170776367188,37.757839202880859
90977778,2019,2019-04-29,9265,2019-04-20,2005,019387,,6,2,6,3905,0,1,3,,1,042,"SR-4 E/B","FILBERT STREET",988.00,W,N,A,-,Y,,,4,,,,,,E,Y,3,0,2,2,A,-,01,23152,A,M,B,C,A,A,H,-,C,D,0,,,,,Y,Y,A,08,0,1,1,0,0,0,0,0,0,"- ","- ",37.958709716796875,-121.25700378417969,"SAN JOAQUIN",STOCKTON,-121.25701904296875,37.958774566650391
90978746,2019,2019-04-30,9265,2019-04-20,1745,013539,,6,2,2,3920,0,1,1,,2,502,"I-5 N/B","LATHROP ROAD",1280.00,N,N,A,-,Y,,,5,,,,,,N,Y,4,0,1,1,A,-,08,22107,,N,F,A,A,A,H,-,A,D,0,,,,,Y,,A,07,0,0,1,0,0,0,0,0,0,"- ","- ",37.829818725585938,-121.28843688964844,"SAN JOAQUIN",LATHROP,-121.28855895996094,37.829864501953125
90983252,2019,2019-05-07,9266,2019-04-26,1655,019532,,5,2,9,3900,0,2,4,,1,022,"CORRAL HOLLOW ROAD","I-580 E/B",6600.00,W,N,A,-,N,,,,,,,,,,N,3,0,1,1,A,-,08,22107,,N,E,I,A,A,H,-,A,D,0,,,,,Y,,D,22,0,1,0,0,0,0,0,0,0,"- ","- ",37.659019470214844,-121.47367095947266,"SAN JOAQUIN",UNINCORPORATED,-121.47367095947266,37.659019470214844
90986045,2019,2019-05-10,9265,2019-05-05,0635,017405,,7,1,2,3920,0,1,1,,2,502,"I-5 S/B","LATHROP RD.",157.00,N,N,A,-,Y,,,5,,,,,,S,N,4,0,1,1,A,-,08,22107,,N,E,I,A,A,H,-,A,D,0,,,,,Y,,A,01,0,0,1,0,0,0,0,0,0,"- ","- ",37.826900482177734,-121.29067993164062,"SAN JOAQUIN",LATHROP,-121.29011535644531,37.826679229736328
90987170,2019,2019-05-13,9265,2019-05-01,1250,015756,,3,1,4,3903,0,1,3,,2,025,"SR-120 E/B","MOFFAT BLVD",100.00,E,N,A,-,Y,,,120,,,,,,E,Y,4,0,1,2,A,-,03,22350,,N,C,C,A,A,H,-,A,D,0,,,,,Y,,A,01,0,0,1,0,0,0,0,0,0,"- ","- ",37.783199310302734,-121.19483184814453,"SAN JOAQUIN",MANTECA,-121.19483184814453,37.783191680908203
90989903,2019,2019-05-16,9265,2019-05-09,0617,015629,,4,1,9,3900,0,2,4,,1,091,"DAVIS ROAD","ARMSTRONG ROAD",4876.00,S,N,A,-,N,,,,,,,,,,Y,3,0,1,1,A,-,01,23152,A,N,F,A,A,A,H,-,B,D,0,,,,,Y,Y,A,01,0,1,0,0,0,0,0,0,0,"- ","- ",38.071578979492188,-121.33329010009766,"SAN JOAQUIN",UNINCORPORATED,-121.33341979980469,38.073200225830078
90997013,2019,2019-05-28,9265,2019-05-16,1055,018694,,4,1,9,3900,0,1,3,,2,003,"SR-99 N/B","ARCH ROAD",2112.00,S,N,B,C,Y,,,99,,,,,,N,Y,3,0,1,1,A,-,08,22107,,N,E,I,A,B,H,-,A,D,0,,,,,Y,,A,08,0,1,0,0,0,0,0,0,0,"- ","- ",37.899848937988281,-121.22087097167969,"SAN JOAQUIN",UNINCORPORATED,-121.22080993652344,37.899871826171875
9100438,2020,2020-06-26,3905,2020-03-04,1456,2992,LAK,3,5,6,3905,0,0,0,,0,,"PERSHING AV","MONACO CT",8.00,S,N,A,-,N,,,,,,,,,,,4,0,2,2,A,-,09,21802,A,N,D,C,A,A,H,-,A,A,0,,,,,Y,,A,01,0,0,2,0,0,0,0,0,0,"- ","- ",37.988239288330078,-121.32108306884766,"SAN JOAQUIN",STOCKTON,-121.32151031494141,37.988029479980469
91004516,2019,2019-06-06,9265,2019-05-28,2203,018511,,2,3,9,3900,0,3,5,,2,090,"ARMSTRONG RD","LOWER SACRAMENTO RD",1056.00,E,N,A,-,N,,,,,,,,,,Y,2,0,1,1,A,-,01,23152,A,N,E,I,A,A,H,-,D,D,0,,,,,Y,Y,A,01,1,0,0,0,0,0,0,0,0,"- ","- ",38.086509704589844,-121.30351257324219,"SAN JOAQUIN",UNINCORPORATED,-121.30677795410156,38.086521148681641
91004548,2019,2019-06-06,9265,2019-05-11,0230,013193,,6,3,9,3900,0,1,1,,2,505,"I-5 N/B","ACAMPO RD",528.00,N,N,A,-,Y,,,5,,,,,,N,Y,3,0,1,1,A,-,01,23152,A,M,E,I,A,A,H,-,C,D,0,,,,,Y,Y,A,01,0,1,0,0,0,0,0,0,0,"- ","- ",38.176311492919922,-121.39940643310547,"SAN JOAQUIN",UNINCORPORATED,-121.39976501464844,38.176300048828125
91010090,2019,2019-06-14,9265,2019-06-05,1230,018767,,3,1,9,3900,0,3,5,,2,090,SR-99,"WOODBRIDGE RD",1056.00,S,N,A,-,Y,,,99,,,,,,,Y,4,0,1,1,A,-,08,22107,,N,E,I,A,A,H,-,A,D,0,,,,,Y,,A,01,0,0,1,0,0,0,0,0,0,"- ","- ",38.158519744873047,-121.26154327392578,"SAN JOAQUIN",UNINCORPORATED,-121.2615966796875,38.158519744873047
91013348,2019,2019-06-19,9265,2019-06-07,1712,020248,,5,2,3,3904,0,1,3,,1,011,SR-120,"CARROLTON RD",2429.00,W,N,A,-,N,,,,,,,,,,Y,4,0,1,2,A,-,04,21703,,N,C,C,A,A,H,-,A,D,0,,,,,Y,,A,01,0,0,1,0,0,0,0,0,0,"- ","- ",37.798160552978516,-121.07887268066406,"SAN JOAQUIN",RIPON,-121.07883453369141,37.798187255859375
91017042,2019,2019-06-25,9265,2019-06-13,0850,015629,,4,1,6,3905,1,4,S,,2,901,"HAMMER LANE E/B","RICHLAND WAY",35.00,W,N,A,-,N,,,,,,,,,,N,4,0,1,2,A,-,03,22350,,M,C,C,A,A,H,-,A,A,0,,,,,Y,,A,01,0,0,1,0,0,0,0,0,0,"- ","- ",38.021198272705078,-121.35163879394531,"SAN JOAQUIN",STOCKTON,-121.35160064697266,38.021381378173828
91019268,2019,2019-06-27,9265,2019-06-20,1745,013515,,4,2,9,3900,0,3,5,,2,050,"WALKER LANE","STATE ROUTE 4 (FARMINGTON ROAD)",15.00,N,N,A,-,Y,,,,,,,,,,Y,3,0,1,2,A,-,08,22100,B,N,A,C,A,A,H,-,A,A,0,,,,,Y,,A,01,0,1,0,0,0,0,0,0,0,"- ","- ",37.944980621337891,-121.21784210205078,"SAN JOAQUIN",UNINCORPORATED,,
91024172,2019,2019-07-03,9266,2019-07-01,0715,014808,,1,1,9,3900,0,1,1,,2,021,"I-580 W/B","CORRAL HOLLOW RD.",881.00,E,N,A,-,Y,,,580,,,,,,W,Y,4,0,1,3,A,-,03,22350,,N,C,C,A,A,H,-,A,D,0,,,,,Y,,A,01,0,0,1,0,0,0,0,0,0,"- ","- ",37.670711517333984,-121.45456695556641,"SAN JOAQUIN",UNINCORPORATED,-121.45451354980469,37.670806884765625
91024219,2019,2019-07-03,9265,2019-06-17,2005,018836,,1,2,9,3900,0,3,5,,2,060,"LOCKE RD","BRANDT RD",335.00,E,N,A,-,N,,,,,,,,,,Y,3,0,1,2,A,-,03,22350,,N,C,C,A,A,H,-,B,D,0,,,,,Y,,A,01,0,1,0,0,0,0,0,0,0,"- ","- ",38.147331237792969,-121.17532348632812,"SAN JOAQUIN",UNINCORPORATED,-121.17537689208984,38.147293090820312
91024541,2019,2019-07-04,9265,2019-06-25,0110,020651,,2,3,9,3900,0,1,1,,2,502,"I-5 S/B","HOSPITAL RD",146.00,N,N,A,-,Y,,,5,,,,,,S,Y,4,0,1,1,A,-,08,22107,,N,E,I,A,A,H,-,C,D,0,,,,,Y,,A,01,0,0,1,0,0,0,0,0,0,"- ","- ",37.886268615722656,-121.28018188476562,"SAN JOAQUIN",UNINCORPORATED,-121.28007507324219,37.886306762695312
91029113,2019,2019-07-11,9266,2019-06-24,1445,019532,,1,2,9,3900,0,2,4,,1,016,"11TH ST","GRANT LINE ROAD",0.00,,Y,A,-,N,,,,,,,,,,Y,3,0,1,2,A,-,17,21461,A,N,B,C,A,A,H,-,A,D,0,,,Y,,Y,,A,01,0,1,0,0,0,0,0,0,1,"- ","- ",37.753318786621094,-121.35198211669922,"SAN JOAQUIN",UNINCORPORATED,-121.351888,37.753297000000003
91035908,2019,2019-07-23,9266,2019-07-19,0515,020599,,5,3,5,3906,0,1,1,,2,014,"I-205 E/B","TRACY BLVD",5280.00,W,N,A,-,Y,,,205,,,,,,E,Y,4,0,2,4,A,-,03,22350,,N,C,C,A,A,H,-,C,D,0,,,,,Y,,A,01,0,0,2,0,0,0,0,0,0,"- ","- ",37.759819030761719,-121.44877624511719,"SAN JOAQUIN",TRACY,-121.44878387451172,37.759822845458984
91036575,2019,2019-07-24,9266,2019-07-15,0305,021956,,1,3,9,3900,0,1,1,,2,014,I-205,"MOUNTAIN HOUSE PKWY",5280.00,W,N,A,-,Y,,,205,,,,,,,Y,3,0,1,2,A,-,01,23152,A,N,C,C,A,A,D,-,D,D,0,,,,Y,Y,Y,A,01,0,1,0,0,0,0,0,0,0,"- ","- ",37.743541717529297,-121.54669189453125,"SAN JOAQUIN",UNINCORPORATED,-121.54669189453125,37.743553161621094
91040355,2019,2019-07-29,9265,2019-07-15,0016,020071,,1,3,9,3900,0,1,3,,2,025,"SR-120 E/B TO SR-99 N/B","YOSEMITE AVE",4752.00,S,N,A,-,Y,,,,,,,,,,Y,4,0,1,2,A,-,03,22350,,N,D,C,A,A,H,-,C,D,0,,,,,Y,,A,07,0,0,1,0,0,0,0,0,0,"- ","- ",37.784141540527344,-121.19065856933594,"SAN JOAQUIN",UNINCORPORATED,-121.01499176025391,37.798549652099609
91052114,2019,2019-08-14,9265,2019-08-08,1516,018955,,4,2,9,3900,0,2,4,,1,031,"FRENCH CAMP RD","AIRPORT WAY",510.00,W,N,A,-,N,,,,,,,,,,Y,4,0,2,3,A,-,03,22350,,N,C,C,A,A,H,-,A,D,0,,,,,Y,,D,22,0,0,2,0,0,0,0,0,0,"- ","- ",37.874641418457031,-121.25508117675781,"SAN JOAQUIN",UNINCORPORATED,-121.25357055664062,37.873691558837891
9105265,2020,2020-11-17,3905,2020-05-24,1825,2542,VAL,7,5,6,3905,0,0,0,,0,,"HAMMER LN","HOLMAN RD",108.00,W,N,A,-,N,,,,,,,,,,N,4,0,1,2,A,-,01,23152,A,F,C,C,A,A,H,-,A,A,0,,,,,Y,Y,A,01,0,0,1,0,0,0,0,0,0,"- ","- ",38.020980834960938,-121.27191162109375,"SAN JOAQUIN",STOCKTON,-121.27211761474609,38.021266937255859
9105343,2020,2021-01-12,3905,2020-05-15,1303,7035,VAL,5,5,6,3905,0,0,0,,0,,"BIANCHI RD","KENTFIELD RD",0.00,,Y,A,-,N,,,,,,,,,,Y,4,0,1,2,A,-,09,21804,A,N,D,C,A,A,H,-,A,A,0,,,,,Y,,A,07,0,0,1,0,0,0,0,0,0,"- ","- ",37.993000030517578,-121.30008697509766,"SAN JOAQUIN",STOCKTON,-121.30056762695312,37.992950439453125
9105345,2020,2021-01-12,3905,2020-05-10,1744,2466,PAR,7,5,6,3905,0,0,0,,0,,"AIRPORT WY","PARK ST",0.00,,Y,A,-,N,,,,,,,,,,Y,4,0,1,2,A,-,12,21453,A,N,D,C,A,A,H,-,A,A,0,,,,,Y,,A,01,0,0,1,0,0,0,0,0,0,"- ","- ",37.962238311767578,-121.27593231201172,"SAN JOAQUIN",STOCKTON,-121.27607727050781,37.962318420410156
91055800,2019,2019-08-20,9265,2019-08-13,2240,019307,,2,3,4,3903,0,1,3,,2,001,"SR-99 S/B","AUSTIN ROAD",2059.00,N,N,A,-,Y,,,99,,,,,,S,Y,4,0,1,1,A,-,08,22107,,M,F,A,A,A,H,-,D,D,0,,,,,Y,,A,01,0,0,1,0,0,0,0,0,0,"- ","- ",37.778068542480469,-121.18441009521484,"SAN JOAQUIN",MANTECA,-121.18440246582031,37.778079986572266
91059021,2019,2019-08-26,9266,2019-08-18,0500,021975,,7,3,5,3906,0,1,1,,2,014,"I-205 W/B OFF-RAMP TO NAGLEE RD.","I-205 W/B",180.00,N,N,A,-,Y,,,205,,,,R,,W,Y,3,0,1,1,A,-,03,22350,,N,F,A,A,A,H,-,D,D,0,,,,,Y,Y,A,01,0,1,0,0,0,0,0,0,0,"- ","- ",37.755100250244141,-121.46253204345703,"SAN JOAQUIN",TRACY,-121.46253204345703,37.755100250244141
91060331,2019,2019-08-27,9265,2019-08-19,1412,018955,,1,2,9,3900,0,2,4,,1,074,"BENJAMIN HOLT DR","HARRISBURG PL",432.00,W,N,A,-,N,,,,,,,,,,Y,4,0,1,2,A,-,03,22350,,N,C,C,A,A,H,-,A,D,0,,,,,Y,,A,01,0,0,1,0,0,0,0,0,0,"- ","- ",38.006778717041016,-121.33553314208984,"SAN JOAQUIN",UNINCORPORATED,-121.33537292480469,38.006809234619141
91061611,2019,2019-08-28,9266,2019-08-16,1530,014717,,5,2,9,3900,0,1,3,,1,011,SR-4,"MIDDLE RIVER BRIDGE",745.00,W,N,A,-,Y,,,4,,,,,,,Y,3,0,4,4,A,-,03,22350,,N,C,C,A,A,H,-,A,D,0,,,,,Y,,D,22,0,3,1,0,0,0,0,0,0,"- ","- ",37.891548156738281,-121.49249267578125,"SAN JOAQUIN",UNINCORPORATED,-121.49249267578125,37.891536712646484
91062785,2019,2019-08-29,9266,2019-08-29,0925,018544,,4,1,9,3900,0,1,1,,1,015,"I-205 W/B","TOM PAINE SLOUGH",528.00,E,N,A,-,Y,,,205,,,,,,W,Y,4,0,1,2,A,-,03,22350,,N,C,C,A,A,H,-,A,D,0,,,,Y,Y,,F,55,0,0,1,0,0,0,0,0,0,"- ","- ",37.765941619873047,-121.34629058837891,"SAN JOAQUIN",UNINCORPORATED,-121.34629058837891,37.765911102294922
91064493,2019,2019-08-30,9265,2019-08-22,1830,019139,,4,2,9,3900,0,1,3,,2,001,"SR-99 S/B","JACK TONE RD",2640.00,N,N,A,-,Y,,,99,,,,,,S,Y,4,0,1,2,A,-,03,22350,,N,C,C,A,A,H,-,A,D,0,,,,,Y,,D,22,0,0,1,0,0,0,0,0,0,"- ","- ",37.755081176757812,-121.14778137207031,"SAN JOAQUIN",UNINCORPORATED,-121.14779663085938,37.755050659179688
91069122,2019,2019-09-06,9265,2019-08-22,1835,019139,,4,2,9,3900,0,1,3,,2,001,"SR-99 S/B","JACK TONE RD",2640.00,N,N,A,-,Y,,,99,,,,,,S,Y,4,0,1,2,A,-,03,22350,,N,C,C,A,A,H,-,A,D,0,,,,,Y,,D,22,0,0,1,0,0,0,0,0,0,"- ","- ",37.756118774414062,-121.14964294433594,"SAN JOAQUIN",UNINCORPORATED,-121.14964294433594,37.756114959716797
91072991,2019,2019-09-12,9265,2019-09-03,1845,013539,,2,2,9,3900,0,2,4,,1,023,"UNION ROAD","LOVELACE ROAD",0.00,,Y,A,-,N,,,,,,,,,,Y,3,0,3,2,A,-,09,21801,A,N,D,C,A,A,H,-,A,D,0,,,,,Y,,A,07,0,1,2,0,0,0,0,0,0,"- ","- ",37.848258972167969,-121.23692321777344,"SAN JOAQUIN",UNINCORPORATED,-121.23689270019531,37.848239898681641
9107305,2020,2020-11-18,3905,2020-05-04,0907,1312,LAK,1,5,6,3905,0,0,0,,0,,"PLYMOUTH RD","MALVERN CT",55.00,S,N,A,-,N,,,,,,,,,,Y,4,0,1,2,A,-,03,22350,,N,A,E,A,A,H,-,A,D,0,,,,,Y,,A,07,0,0,1,0,0,0,0,0,0,"- ","- ",38.012210845947266,-121.35298156738281,"SAN JOAQUIN",STOCKTON,-121.35250854492188,38.012149810791016
9107377,2020,2020-08-04,3905,2020-04-19,1720,3004,VAL,7,5,6,3905,0,0,0,,0,,"SUTHERLAND DR","WEST LN",305.00,W,N,A,-,N,,,,,,,,,,,4,0,1,2,A,-,11,21954,A,N,G,B,D,-,H,-,A,D,0,Y,,,,Y,,N,60,0,0,1,0,1,0,0,0,0,"- ","- ",38.035018920898438,-121.29517364501953,"SAN JOAQUIN",STOCKTON,-121.29635620117188,38.035026550292969
9107380,2020,2020-08-04,3905,2020-04-30,0441,3027,CIV,4,5,6,3905,0,0,0,,0,,"CENTER ST","POPLAR ST",0.00,,Y,A,-,N,,,,,,,,,,,4,0,2,3,A,-,09,21802,A,N,D,D,A,-,H,-,C,A,0,,,,,Y,,A,01,0,0,2,0,0,0,0,0,0,"- ","- ",37.961441040039062,-121.29340362548828,"SAN JOAQUIN",STOCKTON,-121.29353332519531,37.961410522460938
91076995,2019,2019-09-18,9265,2019-08-23,1640,019657,,5,2,9,3900,0,2,4,,1,023,"MANTECA ROAD","W. RIPON ROAD",1200.00,N,N,A,-,N,,,,,,,,,,Y,2,0,1,1,A,-,08,22107,,N,E,I,A,A,H,-,A,A,0,,,,,Y,,D,22,1,0,0,0,0,0,0,0,0,"- ","- ",37.742698669433594,-121.21549224853516,"SAN JOAQUIN",UNINCORPORATED,-121.21543884277344,37.742706298828125
91081590,2019,2019-09-24,9265,2019-09-13,1605,019489,,5,2,9,3900,0,3,5,,2,010,"ESCALON BELLOTA RD","GAWNE RD",2600.00,N,N,A,-,N,,,,,,,,,,Y,3,0,1,1,A,-,08,22107,,N,E,I,A,A,H,-,A,D,0,,,,,Y,,A,07,0,1,0,0,0,0,0,0,0,"- ","- ",37.907081604003906,-121.00000762939453,"SAN JOAQUIN",UNINCORPORATED,-121.00000762939453,37.900791168212891
91081799,2019,2019-09-24,9265,2019-09-14,1625,020313,,6,2,4,3903,0,1,3,,2,025,"SR-120 E/B","VAN RYN AVENUE O/C",830.00,W,N,A,-,Y,,,120,,,,,,E,Y,4,0,1,3,A,-,03,22350,,N,C,C,A,A,H,-,A,D,0,,,,,Y,,A,07,0,0,1,0,0,0,0,0,0,"- ","- ",37.783149719238281,-121.20407104492188,"SAN JOAQUIN",MANTECA,-121.20407104492188,37.783203125