CASE_ID,ACCIDENT_YEAR,PROC_DATE,JURIS,COLLISION_DATE,COLLISION_TIME,OFFICER_ID,REPORTING_DISTRICT,DAY_OF_WEEK,CHP_SHIFT,POPULATION,CNTY_CITY_LOC,SPECIAL_COND,BEAT_TYPE,CHP_BEAT_TYPE,CITY_DIVISION_LAPD,CHP_BEAT_CLASS,BEAT_NUMBER,PRIMARY_RD,SECONDARY_RD,DISTANCE,DIRECTION,INTERSECTION,WEATHER_1,WEATHER_2,STATE_HWY_IND,CALTRANS_COUNTY,CALTRANS_DISTRICT,STATE_ROUTE,ROUTE_SUFFIX,POSTMILE_PREFIX,POSTMILE,LOCATION_TYPE,RAMP_INTERSECTION,SIDE_OF_HWY,TOW_AWAY,COLLISION_SEVERITY,NUMBER_KILLED,NUMBER_INJURED,PARTY_COUNT,PRIMARY_COLL_FACTOR,PCF_CODE_OF_VIOL,PCF_VIOL_CATEGORY,PCF_VIOLATION,PCF_VIOL_SUBSECTION,HIT_AND_RUN,TYPE_OF_COLLISION,MVIW,PED_ACTION,ROAD_SURFACE,ROAD_COND_1,ROAD_COND_2,LIGHTING,CONTROL_DEVICE,CHP_ROAD_TYPE,PEDESTRIAN_ACCIDENT,BICYCLE_ACCIDENT,MOTORCYCLE_ACCIDENT,TRUCK_ACCIDENT,NOT_PRIVATE_PROPERTY,ALCOHOL_INVOLVED,STWD_VEHTYPE_AT_FAULT,CHP_VEHTYPE_AT_FAULT,COUNT_SEVERE_INJ,COUNT_VISIBLE_INJ,COUNT_COMPLAINT_PAIN,COUNT_PED_KILLED,COUNT_PED_INJURED,COUNT_BICYCLIST_KILLED,COUNT_BICYCLIST_INJURED,COUNT_MC_KILLED,COUNT_MC_INJURED,PRIMARY_RAMP,SECONDARY_RAMP,LATITUDE,LONGITUDE,COUNTY,CITY,POINT_X,POINT_Y
91628161,2021,2021-11-18,9265,2021-10-21,1625,019139,,4,2,9,3900,0,1,1,,2,504,"I-5 S/B","MARCH LN",826.00,N,N,A,-,Y,,,,,,,,,,Y,3,0,1,1,A,-,08,22107,,N,F,A,A,A,H,-,A,D,0,,,,,Y,,A,07,0,1,0,0,0,0,0,0,0,"- ","- ",37.986930847167969,-121.34454345703125,"SAN JOAQUIN",UNINCORPORATED,-121.344482421875,37.98681640625
91632488,2021,2021-11-22,9266,2021-11-14,1825,022498,,7,2,9,3900,0,1,1,,2,024,"I-5 N/B","STEWART ROAD",200.00,N,N,B,-,Y,,,5,,,,,,N,Y,3,0,2,3,A,-,01,23152,A,N,C,C,A,A,H,-,D,D,0,,,,,Y,Y,A,07,0,2,0,0,0,0,0,0,0,"- ","- ",37.779510498046875,-121.31443786621094,"SAN JOAQUIN",UNINCORPORATED,-121.31448364257812,37.779563903808594
91633422,2021,2021-11-23,9265,2021-11-22,1255,015490,,1,1,9,3900,0,1,3,,1,061,SR-26,"ESCALON BELLOTA RD.",14256.00,E,N,A,-,Y,,,,,,,,,,Y,3,0,1,1,A,-,08,22107,,N,F,A,A,A,H,-,A,D,0,,,,,Y,,A,01,0,1,0,0,0,0,0,0,0,"- ","- ",38.073089599609375,-121.98171997070312,"SAN JOAQUIN",UNINCORPORATED,-120.98117828369141,38.073963165283203
91638365,2021,2021-11-30,9265,2021-11-21,1835,020513,,7,2,9,3900,0,2,4,,1,072,"PERSHING AVE","BENJAMIN HOLT DR",200.00,S,N,A,-,N,,,,,,,,,,N,2,0,1,2,A,-,11,21954,A,N,G,B,D,A,H,-,D,D,0,Y,,,,Y,,N,60,1,0,0,0,1,0,0,0,0,"- ","- ",38.007919311523438,-121.32919311523438,"SAN JOAQUIN",UNINCORPORATED,-121.32913208007812,38.008041381835938
91638461,2021,2021-11-30,9265,2021-11-21,2057,021649,,7,2,6,3905,0,1,1,,2,503,"I-5 S/B","N. PERSHING AVENUE",605.00,W,N,A,-,Y,,,5,,,,,,S,Y,3,0,1,1,A,-,08,22107,,N,E,I,A,A,H,-,C,D,0,,,,,Y,,A,01,0,1,0,0,0,0,0,0,0,"- ","- ",37.955539703369141,-121.31443023681641,"SAN JOAQUIN",STOCKTON,-121.31446075439453,37.955425262451172
91641120,2021,2021-12-02,9265,2021-11-17,0620,018850,,3,1,9,3900,0,1,3,,2,025,"SR-120 W/B","AIRPORT WAY",2270.00,E,N,E,-,Y,,,,,,,,,,Y,2,0,4,3,A,-,03,22350,,N,C,C,A,A,H,-,C,D,0,,,,Y,Y,,G,26,1,1,2,0,0,0,0,0,0,"- ","- ",37.783439636230469,-121.25209808349609,"SAN JOAQUIN",UNINCORPORATED,-121.24843597412109,37.783401489257812
91641295,2021,2021-12-02,9265,2021-11-27,0010,018784,,6,3,9,3900,0,1,3,,1,092,"SR-12 E/B","THORNTON RD",0.00,,Y,A,-,Y,,,12,,,,,,E,Y,3,0,1,2,A,-,12,21453,A,N,D,C,A,A,H,-,C,A,0,,,,,Y,Y,A,07,0,1,0,0,0,0,0,0,0,"- ","- ",38.115909576416016,-121.39263916015625,"SAN JOAQUIN",UNINCORPORATED,-121.39263916015625,38.115940093994141
91648166,2021,2021-12-09,9265,2021-11-30,1320,019128,,2,1,9,3900,0,1,3,,2,001,"SR-99 N/B","LOUISE AVE.",1320.00,N,N,A,-,Y,,,,,,,,,,N,3,0,1,2,A,-,03,22350,,N,C,C,A,A,H,-,A,D,0,,,,Y,Y,,A,01,0,1,0,0,0,0,0,0,0,"- ","- ",37.814659118652344,-121.20790100097656,"SAN JOAQUIN",UNINCORPORATED,-121.20468902587891,37.812110900878906
91650083,2021,2021-12-13,9265,2021-12-01,1630,019182,,3,2,9,3900,0,1,3,,2,001,"SR-99 N/B","AUSTIN RD",2376.00,S,N,A,-,Y,,,99,,,,,,N,N,4,0,1,2,A,-,03,22350,,N,C,C,A,A,H,-,A,D,0,,,,,Y,,A,01,0,0,1,0,0,0,0,0,0,"- ","- ",37.770309448242188,-121.17346954345703,"SAN JOAQUIN",UNINCORPORATED,-121.17343902587891,37.770362854003906
91653368,2021,2021-12-15,9265,2021-12-03,0550,019128,,5,3,9,3900,0,3,5,,2,010,"LOUISE AVENUE","PRESCOTT ROAD",0.00,,Y,B,E,N,,,,,,,,,,Y,3,0,1,2,A,-,03,22350,,N,D,C,A,B,H,-,D,D,0,,,,Y,Y,,A,01,0,1,0,0,0,0,0,0,0,"- ","- ",37.812129974365234,-121.16663360595703,"SAN JOAQUIN",UNINCORPORATED,-121.16664886474609,37.812095642089844
91654369,2021,2021-12-16,9265,2021-12-03,0552,019128,,5,3,9,3900,0,3,5,,2,010,"LOUISE AVENUE","PRESCOTT ROAD",200.00,E,N,B,E,N,,,,,,,,,,Y,3,0,2,2,A,-,03,22350,,N,A,C,A,B,H,-,D,D,0,,,,,Y,,A,07,0,2,0,0,0,0,0,0,0,"- ","- ",37.812110900878906,-121.16661834716797,"SAN JOAQUIN",UNINCORPORATED,-121.16595458984375,37.812103271484375
91657859,2021,2021-12-21,9265,2021-12-11,0952,018850,,6,1,9,3900,0,3,5,,2,030,"8TH ST","BIEGHLE ST",70.00,E,N,A,-,N,,,,,,,,,,Y,2,0,4,2,A,-,08,22107,,N,B,C,A,A,H,-,A,D,0,,,,,Y,,A,01,1,0,3,0,0,0,0,0,0,"- ","- ",37.932949066162109,-121.25890350341797,"SAN JOAQUIN",UNINCORPORATED,-121.25904083251953,37.932941436767578
91658838,2021,2021-12-22,9265,2021-11-19,2240,022123,,5,3,6,3905,0,1,1,,2,504,"I-5 S/B","HAMMER LN",2640.00,N,N,A,-,Y,,,5,,,,,,S,Y,1,1,0,1,A,-,01,23152,G,N,E,I,A,A,H,-,D,D,0,,,,,Y,Y,A,07,0,0,0,0,0,0,0,0,0,"- ","- ",38.028560638427734,-121.36273956298828,"SAN JOAQUIN",STOCKTON,-121.36256408691406,38.028644561767578
91658901,2021,2021-12-22,9266,2021-12-17,1040,013866,,5,1,5,3906,0,1,A,,2,710,"2785 AUTO PLAZA DR.","AUTO PLAZA DR.",200.00,N,N,A,-,N,,,,,,,,,,Y,3,0,1,1,B,-,22,,,N,E,I,A,A,H,-,A,D,0,,,,,Y,,A,07,0,1,0,0,0,0,0,0,0,"- ","- ",37.763160705566406,-121.46750640869141,"SAN JOAQUIN",TRACY,-121.46424102783203,37.762809753417969
91667396,2021,2021-12-31,9266,2021-12-23,2120,018888,,4,2,9,3900,0,2,4,,1,016,"GRANT LINE ROAD","HANSEN ROAD",0.00,,Y,A,-,N,,,,,,,,,,N,4,0,1,2,A,-,12,22450,A,N,D,C,A,A,H,-,D,A,0,,,,,Y,,A,01,0,0,1,0,0,0,0,0,0,"- ","- ",37.758308410644531,-121.51320648193359,"SAN JOAQUIN",UNINCORPORATED,-121.51323699951172,37.758220672607422
91683554,2022,2022-01-24,9265,2022-01-12,1245,019073,,3,1,9,3900,0,3,5,,2,060,"SOWLES RD","COLLIER RD",0.00,,Y,A,-,N,,,,,,,,,,Y,3,0,2,2,A,-,09,21802,A,N,D,C,A,A,H,-,A,A,0,,,,,Y,,A,01,0,1,1,0,0,0,0,0,0,"- ","- ",38.218730926513672,-121.18963623046875,"SAN JOAQUIN",UNINCORPORATED,-121.18963623046875,38.218769073486328
91684637,2022,2022-01-25,9265,2022-01-14,1200,015490,,5,1,9,3900,0,3,5,,2,050,"STEWART ST.","F ST.",0.00,,Y,B,-,N,,,,,,,,,,Y,4,0,1,2,A,-,09,21802,A,N,D,C,A,A,H,-,B,A,0,,,,,Y,,D,22,0,0,1,0,0,0,0,0,0,"- ","- ",37.980369567871094,-121.265380859375,"SAN JOAQUIN",UNINCORPORATED,-121.26551055908203,37.980323791503906
9168718,2020,2020-10-29,3905,2020-09-09,1116,2466,CIV,3,5,6,3905,0,0,0,,0,,"MARKET ST","CENTER ST",145.00,W,N,A,-,,,,,,,,,,,,4,0,1,2,A,-,17,21657,,N,B,C,A,A,H,-,A,D,0,,,,,Y,,A,07,0,0,1,0,0,0,0,0,0,"- ","- ",,,"SAN JOAQUIN",STOCKTON,-121.29134368896484,37.951427459716797
91689433,2022,2022-01-31,9265,2022-01-22,0925,016382,,6,1,9,3900,0,1,1,,2,505,"I-5 N/B","TURNER ROAD",5280.00,S,N,A,-,Y,SJ,,5,,,40.562,H,,R,Y,3,0,2,2,A,-,08,22107,,N,C,C,A,A,H,-,A,D,0,,,,,Y,,A,07,0,2,0,0,0,0,0,0,0,"- ","- ",38.129959106445312,-121.39940643310547,"SAN JOAQUIN",UNINCORPORATED,-121.39949798583984,38.129970550537109
91692839,2022,2022-02-03,9266,2022-01-26,0700,018217,,3,1,2,3920,0,1,1,,2,024,"I-5 S/B","STEWART ROAD U/C",1000.00,N,N,E,-,Y,,,,,,,,,,Y,4,0,1,4,A,-,03,22350,,N,C,C,A,A,H,-,A,D,0,,,,Y,Y,,G,25,0,0,1,0,0,0,0,0,0,"- ","- ",37,-121,"SAN JOAQUIN",LATHROP,,
91695668,2022,2022-02-08,9265,2022-01-31,1530,019182,,1,2,9,3900,0,1,3,,2,001,"SR-99 N/B","JACK TONE RD",5280.00,N,N,A,-,Y,SJ,,99,,,3.277,H,,R,N,4,0,1,2,A,-,08,22107,,M,B,C,A,A,H,-,A,D,0,,,,,Y,,-,99,0,0,1,0,0,0,0,0,0,"- ","- ",37.760219573974609,-121.15627288818359,"SAN JOAQUIN",UNINCORPORATED,-121.15624237060547,37.760246276855469
91700427,2022,2022-02-14,9265,2022-02-06,1107,020313,,7,1,9,3900,0,1,3,,2,004,"SR-99 S/B","WILSON WAY",100.00,S,N,A,-,Y,SJ,,99,,,21.651,H,,L,N,4,0,2,2,A,-,08,22107,,N,C,C,A,A,H,-,A,D,0,,,,,Y,,A,01,0,0,2,0,0,0,0,0,0,"- ","- ",38.00286865234375,-121.25727081298828,"SAN JOAQUIN",UNINCORPORATED,-121.25736236572266,38.002830505371094
91703514,2022,2022-02-17,9265,2022-02-10,1845,022365,,4,2,6,3905,0,1,3,,1,042,"SR-4 E/B","FILBERT ST",1040.00,E,N,A,-,Y,SJ,,4,,R,18.977,H,,R,Y,3,0,1,2,A,-,03,22350,,N,C,C,A,A,H,-,D,D,0,,,,,Y,,A,01,0,1,0,0,0,0,0,0,0,"- ","- ",37.960521697998047,-121.25002288818359,"SAN JOAQUIN",STOCKTON,-121.25003051757812,37.960540771484375
91705646,2022,2022-02-22,9266,2022-02-13,0155,022498,,7,3,9,3900,0,1,1,,1,015,"I-205 W/B","EL RANCHO RD",1200.00,E,N,A,-,Y,SJ,,205,,R,10.834,H,,L,Y,2,0,1,2,A,-,01,23152,A,N,C,C,A,A,H,-,D,D,0,,,,,Y,Y,A,07,1,0,0,0,0,0,0,0,0,"- ","- ",37.765090942382812,-121.36567687988281,"SAN JOAQUIN",UNINCORPORATED,-121.36567687988281,37.765079498291016
91712467,2022,2022-03-01,9265,2022-02-23,0743,018511,,3,1,9,3900,0,1,3,,1,063,SR-12,"ALPINE ROAD",92.00,E,N,A,-,Y,SJ,,12,,,20.405,H,,R,Y,3,0,3,4,A,-,03,22350,,N,C,C,A,A,H,-,A,D,0,,,,,Y,,A,01,0,1,2,0,0,0,0,0,0,"- ","- ",38.137908935546875,-121.21508026123047,"SAN JOAQUIN",UNINCORPORATED,-121.21508026123047,38.137920379638672
91715297,2022,2022-03-04,9265,2022-02-25,1550,022356,,5,2,9,3900,0,1,1,,2,505,"I-5 N/B","WALNUT GROVE RD",5280.00,S,N,A,-,Y,SJ,,5,,,46.619,H,,R,N,4,0,1,2,A,-,08,22107,,N,B,C,A,A,H,-,A,D,0,,,,,Y,,A,07,0,0,1,0,0,0,0,0,0,"- ","- ",38.213451385498047,-121.42169189453125,"SAN JOAQUIN",UNINCORPORATED,-121.42166900634766,38.213459014892578
91737259,2022,2022-03-30,9265,2022-03-18,0355,021781,,5,3,9,3900,0,1,3,,2,006,"SR-99 SOUTHBOUND","WILSON WAY",150.00,S,N,A,-,Y,SJ,,99,,,21.656,H,,L,N,2,0,1,2,A,-,01,23152,A,N,B,2,A,A,H,-,D,D,0,,,,Y,Y,Y,A,01,1,0,0,0,0,0,0,0,0,"- ","- ",38.002880096435547,-121.2574462890625,"SAN JOAQUIN",UNINCORPORATED,-121.25740814208984,38.002899169921875
91745177,2022,2022-04-11,9266,2022-04-06,2353,021704,,3,3,9,3900,0,2,4,,2,013,"BYRON RD","GRANT LINE RD",0.00,,Y,A,-,N,,,,,,,,,,Y,4,0,1,2,A,-,01,23152,A,N,A,C,A,A,H,-,C,D,0,,,,,Y,Y,A,01,0,0,1,0,0,0,0,0,0,"- ","- ",37.7540283203125,-121.48502349853516,"SAN JOAQUIN",UNINCORPORATED,-121.48486328125,37.753955841064453
91749254,2022,2022-04-15,9265,2022-04-06,0715,015490,,3,1,9,3900,0,3,5,,2,050,"BROADWAY AVE.","FREMONT ST.",0.00,,Y,A,-,N,,,,,,,,,,Y,4,0,1,2,A,-,12,22450,A,N,D,C,A,A,H,-,A,A,0,,,,,Y,,A,01,0,0,1,0,0,0,0,0,0,"- ","- ",37.968479156494141,-121.24925994873047,"SAN JOAQUIN",UNINCORPORATED,-121.24906158447266,37.968605041503906
91749284,2022,2022-04-15,9266,2022-04-08,1530,022498,,5,2,9,3900,0,3,5,,2,003,"ARTURO BLVD","MONTEBELLO ST",0.00,,Y,A,-,N,,,,,,,,,,Y,4,0,1,2,A,-,09,21802,A,N,D,C,A,A,H,-,A,A,0,,,,,Y,,A,08,0,0,1,0,0,0,0,0,0,"- ","- ",37.785888671875,-121.55184173583984,"SAN JOAQUIN",UNINCORPORATED,,
91751209,2022,2022-04-19,9265,2022-04-07,2045,021781,,4,2,9,3900,0,1,3,,2,004,"EAST SR-99 FRONTAGE ROAD","QUASHNICK ROAD",0.00,,Y,A,-,N,,,,,,,,,,N,4,0,1,1,A,-,01,23152,A,N,E,I,A,A,H,-,D,D,0,,,,,Y,Y,A,01,0,0,1,0,0,0,0,0,0,"- ","- ",38.050128936767578,-121.25858306884766,"SAN JOAQUIN",UNINCORPORATED,,
91755900,2022,2022-04-25,9265,2022-04-13,1224,018836,,3,1,9,3900,0,2,4,,1,015,"ESCALON BELLOTA RD","DOVE RD",5.00,S,N,A,-,N,,,,,,,,,,Y,4,0,2,2,A,-,03,22350,,N,C,C,A,A,H,-,A,D,0,,,,,Y,,D,22,0,0,2,0,0,0,0,0,0,"- ","- ",37.849361419677734,-120.99838256835938,"SAN JOAQUIN",UNINCORPORATED,-120.99836730957031,37.849414825439453
91756023,2022,2022-04-25,9265,2022-04-01,1538,021649,,5,2,6,3905,0,1,1,,2,503,"I-5 S/B","W. CHARTER WAY",9.00,S,N,A,-,Y,SJ,,5,,,25.356,H,,L,Y,4,0,1,3,A,-,03,22350,,M,C,C,A,A,H,-,A,D,0,,,,,Y,,-,"- ",0,0,1,0,0,0,0,0,0,"- ","- ",37.936630249023438,-121.29766082763672,"SAN JOAQUIN",STOCKTON,-121.29768371582031,37.936626434326172
91756889,2022,2022-04-26,9265,2022-04-14,0745,015629,,4,1,9,3900,0,2,4,,1,072,"PERSHING AVE","BENJAMIN HOLT DR",0.00,,Y,A,-,N,,,,,,,,,,Y,3,0,4,4,A,-,12,21453,A,N,D,C,A,A,H,-,A,A,0,,,,,Y,,A,07,0,3,1,0,0,0,0,0,0,"- ","- ",38.008510589599609,-121.32924652099609,"SAN JOAQUIN",UNINCORPORATED,-121.32926177978516,38.008583068847656
91757005,2022,2022-04-26,9265,2022-04-01,1530,022134,,5,2,9,3900,0,1,3,,2,003,"SR-99 S/B","FARMINGTON RD",300.00,N,N,A,-,Y,SJ,,99,,,17.262,H,,L,N,3,0,1,2,A,-,01,23152,A,N,B,D,A,A,H,-,A,D,0,,,,,Y,Y,A,01,0,1,0,0,0,0,0,0,0,"- ","- ",37.941890716552734,-121.23509216308594,"SAN JOAQUIN",UNINCORPORATED,-121.23513793945312,37.941886901855469
91761033,2022,2022-04-29,9266,2022-04-21,0115,021704,,4,3,9,3900,0,1,3,,1,026,SR-132,SR-33,835.00,W,N,A,-,Y,SJ,,132,,,5.666,H,,R,Y,3,0,1,1,A,-,08,22107,,N,F,A,A,A,H,-,D,D,0,,,,,Y,,A,01,0,1,0,0,0,0,0,0,0,"- ","- ",37.638141632080078,-121.29882049560547,"SAN JOAQUIN",UNINCORPORATED,-121.29882049560547,37.638042449951172
91761989,2022,2022-05-02,9265,2022-04-21,1820,021781,,4,2,5,3902,0,1,3,,2,006,"SR-99 N/B","TURNER RD",20.00,N,N,A,-,Y,SJ,,99,,,31.583,H,,R,N,4,0,2,2,A,-,08,22107,,M,B,C,A,A,H,-,A,D,0,,,,,Y,,-,99,0,0,2,0,0,0,0,0,0,"- ","- ",38.145839691162109,-121.26107025146484,"SAN JOAQUIN",LODI,-121.2611083984375,38.145839691162109
91765394,2022,2022-05-05,9265,2022-04-15,1950,021781,,5,2,9,3900,0,1,3,,1,061,SR-26,"MURRAY ROAD",2112.00,W,N,A,-,Y,SJ,,26,,,8.474,H,,R,N,3,0,2,1,A,-,01,23152,A,M,E,I,A,A,H,-,B,D,0,,,,,Y,Y,D,22,0,1,1,0,0,0,0,0,0,"- ","- ",38.008659362792969,-121.12142181396484,"SAN JOAQUIN",UNINCORPORATED,-121.12144470214844,38.008705139160156
9176903,2020,2020-11-17,3905,2020-07-25,1853,2992,CIV,6,5,6,3905,0,0,0,,0,,"PACIFIC AV","ALPINE AV",286.00,S,N,A,-,,,,,,,,,,,,4,0,1,3,A,-,03,22350,,N,B,E,F,A,H,-,A,D,0,Y,,,,Y,,A,01,0,0,1,0,1,0,0,0,0,"- ","- ",37.978561401367188,-121.30525970458984,"SAN JOAQUIN",STOCKTON,-121.30503845214844,37.977771759033203
91774488,2022,2022-05-18,9265,2022-04-03,1050,020313,,7,1,9,3900,0,1,3,,1,066,SR-26,"FINE RD",26.00,W,N,A,-,N,,,,,,,,,,Y,2,0,1,2,A,-,12,22450,A,N,D,C,A,A,H,-,A,A,0,,,Y,,Y,,D,22,1,0,0,0,0,0,0,0,1,"- ","- ",38.031810760498047,-121.05016326904297,"SAN JOAQUIN",UNINCORPORATED,-121.0501708984375,38.031833648681641
91775372,2022,2022-05-18,9265,2022-05-03,0301,022042,,2,3,6,3905,0,1,3,,2,004,"SR-99 S/B",SR-88,100.00,N,N,A,-,Y,SJ,,99,,,20.362,H,,L,Y,4,0,1,2,A,-,03,22350,,N,D,C,A,A,H,-,C,D,0,,,,,Y,,A,01,0,0,1,0,0,0,0,0,0,"- ","- ",37.984939575195312,-121.25022125244141,"SAN JOAQUIN",STOCKTON,-121.250244140625,37.984939575195312
91776868,2022,2022-05-20,9266,2022-05-13,0535,018217,,5,3,9,3900,0,1,3,,1,025,SR-33,"VERNALIS ROAD",2800.00,N,N,A,-,Y,SJ,,33,,,1.422,H,,R,Y,4,0,1,2,A,-,08,22107,,N,D,C,A,A,H,-,B,D,0,,,,,Y,,A,01,0,0,1,0,0,0,0,0,0,"- ","- ",37.644580841064453,-121.30243682861328,"SAN JOAQUIN",UNINCORPORATED,-121.30249786376953,37.644542694091797
91777306,2022,2022-05-23,9265,2022-05-07,1612,021830,,6,2,9,3900,0,3,5,,2,050,"WILSON WAY","NEWTON RD",3200.00,S,N,A,-,N,,,,,,,,,,N,4,0,2,2,A,-,07,21658,A,N,C,C,A,A,H,-,A,A,0,,,,,Y,,A,01,0,0,2,0,0,0,0,0,0,"- ","- ",37.992149353027344,-121.26627349853516,"SAN JOAQUIN",UNINCORPORATED,-121.26596832275391,37.992809295654297
91779369,2022,2022-05-24,9266,2022-05-16,0830,021822,,1,1,9,3900,0,1,1,,2,014,"I-205 W/B","HANSEN RD",1500.00,E,N,A,-,Y,SJ,,205,,,2.600,H,,L,N,4,0,1,2,A,-,03,22350,,N,C,C,A,A,H,-,A,D,0,,,,,Y,,A,07,0,0,1,0,0,0,0,0,0,"- ","- ",37.7410888671875,-121.50932312011719,"SAN JOAQUIN",UNINCORPORATED,-121.50930786132812,37.741195678710938
91781233,2022,2022-05-26,9266,2022-05-14,0035,019091,,6,3,9,3900,0,1,3,,1,025,SR-33,"S. KOSTER ROAD",5808.00,S,N,A,-,Y,SJ,,33,,,2.162,H,,R,Y,3,0,1,1,A,-,08,22107,,N,F,A,A,A,H,-,D,D,0,,,,,Y,,D,22,0,1,0,0,0,0,0,0,0,"- ","- ",37.652671813964844,-121.31133270263672,"SAN JOAQUIN",UNINCORPORATED,-121.31137847900391,37.652637481689453
91781593,2022,2022-05-26,9265,2022-05-18,1645,021830,,3,2,9,3900,0,2,4,,1,091,"ARMSTRONG RD","WEST LN",0.00,,Y,A,-,Y,,,,,,,,,,N,4,0,1,2,A,-,12,21457,A,N,D,C,A,A,H,-,A,A,0,,,,,Y,,A,01,0,0,1,0,0,0,0,0,0,"- ","- ",38.086509704589844,-121.27860260009766,"SAN JOAQUIN",UNINCORPORATED,-121.27861022949219,38.086460113525391
9178169,2020,2021-01-15,3903,2020-10-01,0659,3768,,4,5,4,3903,0,0,0,,0,,"AIRPORT WY","DANIELS ST",0.00,,Y,A,-,N,,,,,,,,,,N,4,0,1,3,A,-,08,22107,,N,C,C,A,A,H,-,A,A,0,,,,,Y,,A,01,0,0,1,0,0,0,0,0,0,"- ","- ",37.786449432373047,-121.25241851806641,"SAN JOAQUIN",MANTECA,-121.25221252441406,37.786518096923828
9178525,2020,2020-12-21,3903,2020-10-30,1649,3951,,5,5,4,3903,0,0,0,,0,,"AIRPORT WAY","WEST YOSEMITE AV",0.00,,Y,A,-,N,,,,,,,,,,Y,4,0,1,2,A,-,09,21801,A,N,B,C,A,A,H,-,A,D,0,,,,,Y,,A,01,0,0,1,0,0,0,0,0,0,"- ","- ",,,"SAN JOAQUIN",MANTECA,-121.25222015380859,37.797328948974609
9178535,2020,2020-12-21,3903,2020-10-09,0745,2393,,5,5,4,3903,0,0,0,,0,,"YOSEMITE AV","VEACH AV",10.00,W,N,A,-,N,,,,,,,,,,Y,4,0,1,3,A,-,03,22350,,N,C,C,A,A,H,-,A,D,0,,,,,Y,,D,22,0,0,1,0,0,0,0,0,0,"- ","- ",37.797519683837891,-121.2247314453125,"SAN JOAQUIN",MANTECA,-121.22510528564453,37.797428131103516
9178726,2020,2020-12-07,3900,2020-10-15,0949,151272,MANTE,4,5,2,3920,0,0,0,,0,009,"TESLA DR","HARLAN RD",250.00,E,N,A,-,N,,,,,,,,,,Y,4,0,1,2,A,-,08,22107,,N,D,C,A,A,H,-,A,D,0,,,,,Y,,D,22,0,0,1,0,0,0,0,0,0,"- ","- ",,,"SAN JOAQUIN",LATHROP,-121.298574,37.798890999999998
91792527,2022,2022-06-10,9265,2022-05-27,1415,021830,,5,2,9,3900,0,1,3,,2,004,"SR-99 S/B","CHEROKEE RD",1076.00,S,N,A,-,Y,SJ,,99,,,20.669,H,,L,Y,3,0,3,5,D,-,00,,,M,C,C,A,A,H,-,A,D,0,,,,,Y,,-,"- ",0,2,1,0,0,0,0,0,0,"- ","- ",37.989219665527344,-121.25160217285156,"SAN JOAQUIN",UNINCORPORATED,-121.25167083740234,37.989200592041016
91794863,2022,2022-06-14,9265,2022-06-03,1425,018289,,5,2,9,3900,0,1,3,,1,062,"STATE ROUTE 88 (MAIN STREET)","BUSH STREET",100.00,W,N,A,-,Y,SJ,,88,,,14.202,H,,R,Y,4,0,1,3,A,-,03,22350,,N,C,C,A,A,H,-,A,D,0,,,,,Y,,D,22,0,0,1,0,0,0,0,0,0,"- ","- ",38.164600372314453,-121.14855194091797,"SAN JOAQUIN",UNINCORPORATED,-121.1484375,38.164505004882812
91796168,2022,2022-06-15,9266,2022-06-06,1440,021774,,1,2,9,3900,0,1,3,,1,026,"SR-132 E/B","BIRD RD",528.00,W,N,A,-,N,,,,,,,,,,Y,4,0,1,3,A,-,08,22107,,N,B,C,A,A,H,-,A,D,0,,,,Y,Y,,A,07,0,0,1,0,0,0,0,0,0,"- ","- ",37.637619018554688,-121.37667083740234,"SAN JOAQUIN",UNINCORPORATED,-121.37667083740234,37.637851715087891
91798922,2022,2022-06-20,9265,2022-06-08,0950,015490,,3,1,9,3900,0,3,5,,2,060,"ACAMPO RD.","TRETHEWAY RD.",0.00,,Y,A,-,N,,,,,,,,,,N,4,0,1,2,A,-,03,22350,,N,B,E,A,A,H,-,A,A,0,,,,,Y,,A,01,0,0,1,0,0,0,0,0,0,"- ","- ",38.175998687744141,-121.1790771484375,"SAN JOAQUIN",UNINCORPORATED,-121.17919158935547,38.177524566650391
91799665,2022,2022-06-21,9265,2022-06-11,1750,018694,,6,2,4,3903,0,1,3,,2,025,"SR-120 E/B","MAIN STREET",2112.00,E,N,A,-,Y,SJ,,120,,R,5.708,H,,R,N,4,0,1,2,A,-,03,22350,,N,C,C,A,A,H,-,A,D,0,,,,,Y,,A,07,0,0,1,0,0,0,0,0,0,"- ","- ",37.783191680908203,-121.20860290527344,"SAN JOAQUIN",MANTECA,-121.20860290527344,37.783203125
9180117,2020,2020-11-16,3905,2020-10-20,2228,2932,PAR,2,5,6,3905,0,0,0,,0,,"SIERRA NEVADA ST","PARK ST",0.00,,Y,A,-,N,,,,,,,,,,Y,3,0,1,2,A,-,09,21800,C,N,D,C,A,A,H,-,C,D,0,,,,,Y,Y,A,01,0,1,0,0,0,0,0,0,0,"- ","- ",37.962448120117188,-121.27462768554688,"SAN JOAQUIN",STOCKTON,-121.27477264404297,37.962539672851562