CASE_ID,ACCIDENT_YEAR,PROC_DATE,JURIS,COLLISION_DATE,COLLISION_TIME,OFFICER_ID,REPORTING_DISTRICT,DAY_OF_WEEK,CHP_SHIFT,POPULATION,CNTY_CITY_LOC,SPECIAL_COND,BEAT_TYPE,CHP_BEAT_TYPE,CITY_DIVISION_LAPD,CHP_BEAT_CLASS,BEAT_NUMBER,PRIMARY_RD,SECONDARY_RD,DISTANCE,DIRECTION,INTERSECTION,WEATHER_1,WEATHER_2,STATE_HWY_IND,CALTRANS_COUNTY,CALTRANS_DISTRICT,STATE_ROUTE,ROUTE_SUFFIX,POSTMILE_PREFIX,POSTMILE,LOCATION_TYPE,RAMP_INTERSECTION,SIDE_OF_HWY,TOW_AWAY,COLLISION_SEVERITY,NUMBER_KILLED,NUMBER_INJURED,PARTY_COUNT,PRIMARY_COLL_FACTOR,PCF_CODE_OF_VIOL,PCF_VIOL_CATEGORY,PCF_VIOLATION,PCF_VIOL_SUBSECTION,HIT_AND_RUN,TYPE_OF_COLLISION,MVIW,PED_ACTION,ROAD_SURFACE,ROAD_COND_1,ROAD_COND_2,LIGHTING,CONTROL_DEVICE,CHP_ROAD_TYPE,PEDESTRIAN_ACCIDENT,BICYCLE_ACCIDENT,MOTORCYCLE_ACCIDENT,TRUCK_ACCIDENT,NOT_PRIVATE_PROPERTY,ALCOHOL_INVOLVED,STWD_VEHTYPE_AT_FAULT,CHP_VEHTYPE_AT_FAULT,COUNT_SEVERE_INJ,COUNT_VISIBLE_INJ,COUNT_COMPLAINT_PAIN,COUNT_PED_KILLED,COUNT_PED_INJURED,COUNT_BICYCLIST_KILLED,COUNT_BICYCLIST_INJURED,COUNT_MC_KILLED,COUNT_MC_INJURED,PRIMARY_RAMP,SECONDARY_RAMP,LATITUDE,LONGITUDE,COUNTY,CITY,POINT_X,POINT_Y
94368260,2024,2024-08-23,9266,2024-08-10,"349 ",022029,,6,3,5,3906,0,1,1,,2,014,"I-205 W/B","CORRAL HOLLOW RD",2376.00,E,N,A,-,Y,SJ,,205," ",R,6.473,H,,L,Y,2,0,1,1,A,-,08,22107,,F,E,I,A,A,H,-,D,D,0,,,,,Y,,A,01,1,0,0,0,0,0,0,0,0,"- ","- ",37.761798858642578,-121.4449462890625,"SAN JOAQUIN",TRACY,-121.44490814208984,37.761734008789062
94369728,2024,2024-08-26,9265,2024-08-14,1357,020313,,3,1,9,3900,0,1,1,,2,502,"I-5 S/B","LATHROP ROAD",1894.00,S,N,A,-,Y,SJ,,5," ",R,17.162,H,,L,N,4,0,1,2,A,-,03,22350,,N,C,C,A,A,H,-,A,D,0,,,,Y,Y,,G,27,0,0,1,0,0,0,0,0,0,"- ","- ",37.821269989013672,-121.29232025146484,"SAN JOAQUIN",UNINCORPORATED,-121.29220581054688,37.821243286132812
94370166,2024,2024-08-26,9265,2024-05-19,2335,023223,,7,3,6,3905,0,1,1,,2,503,"I-5 S/B","CHARTER WAY",1584.00,N,N,A,-,Y,SJ,,5," "," ",25.741,H,,L,Y,3,0,4,6,A,-,03,22350,,N,C,C,A,A,H,-,C,D,0,,,,Y,Y,,A,07,0,4,0,0,0,0,0,0,0,"- ","- ",37.942161560058594,-121.29869079589844,"SAN JOAQUIN",STOCKTON,-121.29859924316406,37.942169189453125
94379002,2024,2024-09-03,9265,2024-08-18,1738,023746,,7,2,6,3905,0,1,1,,2,504,"I-5 S/B","HAMMER LN",1742.00,N,N,A,-,Y,SJ,,5," "," ",33.025,H,,L,N,3,0,2,2,A,-,07,21658,A,N,B,2,A,A,D,-,A,D,0,,,,,Y,,A,01,0,2,0,0,0,0,0,0,0,"- ","- ",38.026020050048828,-121.36132049560547,"SAN JOAQUIN",STOCKTON,-121.36128997802734,38.026031494140625
94380264,2024,2024-09-03,9266,2024-08-21,1020,022752,,3,1,9,3900,0,1,1,,2,014,"I-205 E/B","ELEVENTH STREET",1290.00,W,N,A,-,Y,SJ,,205," ",R,3.127,H,,R,Y,2,0,2,2,A,-,08,22107,,N,D,C,A,A,H,-,A,D,0,,,,,Y,,A,01,1,0,1,0,0,0,0,0,0,"- ","- ",37.740470886230469,-121.4993896484375,"SAN JOAQUIN",UNINCORPORATED,-121.4993896484375,37.740467071533203
94390795,2024,2024-09-12,9265,2024-08-26,1824,023174,,1,2,9,3900,0,2,4,,1,053,"WILSON WAY","ALPINE AVE",1332.00,N,N,A,-,N,,,,,,,,,,N,3,0,1,2,A,-,08,22107,,F,C,G,A,A,H,-,A,D,0,,Y,,,Y,,L,04,0,1,0,0,0,0,1,0,0,"- ","- ",37.991371154785156,-121.26673889160156,"SAN JOAQUIN",UNINCORPORATED,-121.26690673828125,37.991157531738281
94397514,2024,2024-09-17,9266,2024-09-05,1515,022752,,4,2,9,3900,0,3,5,,2,001,"BETHANY ROAD","SAN JOSE ROAD",843.00,W,N,A,-,N,,,,,,,,,,Y,4,0,1,1,A,-,03,22350,,N,E,I,A,A,B,D,A,D,0,,,,,Y,,A,01,0,0,1,0,0,0,0,0,0,"- ","- ",37.780529022216797,-121.49397277832031,"SAN JOAQUIN",UNINCORPORATED,-121.49370574951172,37.780548095703125
94407252,2024,2024-09-25,9265,2024-09-18,1315,023736,,3,1,9,3900,0,3,5,,2,030,"HOWARD RD","MATHEWS RD",0.00,,Y,A,-,N,,,,,,,,,,N,4,0,1,2,A,-,03,22350,,N,C,C,A,A,H,-,A,D,0,,,,,Y,,A,07,0,0,1,0,0,0,0,0,0,"- ","- ",37.882068634033203,-121.29702758789062,"SAN JOAQUIN",UNINCORPORATED,-121.29698944091797,37.882099151611328
94409614,2024,2024-09-26,9266,2024-09-14,2215,022792,,6,3,5,3906,0,1,1,,1,015,"I-205 E/B","MACARTHUR DRIVE",1056.00,W,N,A,-,Y,SJ,,205," ",R,7.892,H,,R,Y,3,0,1,1,A,-,08,22107,,N,F,A,A,A,H,-,D,D,0,,,,,Y,,A,01,0,1,0,0,0,0,0,0,0,"- ","- ",37.763481140136719,-121.41912078857422,"SAN JOAQUIN",TRACY,-121.41911315917969,37.763450622558594
9440986,2022,2022-05-09,3902,2022-02-28,1743,26,HERIT,1,5,5,3902,0,0,0,,0,001,"HOLLY DR","HAM LN",0.00,,Y,A,-,N,,,,,,,,,,Y,4,0,3,3,A,-,09,21801,,N,D,C,A,A,H,-,A,D,0,,,,,Y,,A,01,0,0,3,0,0,0,0,0,0,"- ","- ",38.1416015625,-121.28842163085938,"SAN JOAQUIN",LODI,-121.28846740722656,38.141620635986328
94410064,2024,2024-09-26,9266,2024-09-16,"620 ",023624,,1,1,9,3900,0,2,4,,2,018,"VON SOSTEN ROAD","LOS RANCHOS DRIVE",229.00,W,N,B,-,N,,,,,,,,,,Y,4,0,1,3,A,-,03,22350,,N,C,C,A,A,H,-,B,D,0,,,,,Y,,A,01,0,0,1,0,0,0,0,0,0,"- ","- ",37.750919342041016,-121.51937103271484,"SAN JOAQUIN",UNINCORPORATED,-121.51929473876953,37.750911712646484
94417133,2024,2024-10-02,9266,2024-09-20,1845,022029,,5,2,9,3900,0,1,1,,1,015,"I-205 W/B","EL RANCHO RD",1637.00,E,N,A,-,Y,SJ,,205," ",R,10.829,H,,L,Y,3,0,3,3,A,-,03,22350,,N,C,C,A,A,H,-,A,D,0,,,,,Y,,A,01,0,1,2,0,0,0,0,0,0,"- ","- ",37.764968872070312,-121.36576080322266,"SAN JOAQUIN",UNINCORPORATED,-121.36576080322266,37.765079498291016
94425465,2024,2024-10-09,9266,2024-09-28,1245,022792,,6,1,9,3900,0,1,1,,1,015,"I-205 W/B","CALIFORNIA AVENUE",100.00,W,N,A,-,Y,SJ,,205," ",R,11.194,H,,L,Y,4,0,1,3,A,-,03,22350,,N,C,2,A,A,H,-,A,D,0,,,,,Y,,A,07,0,0,1,0,0,0,0,0,0,"- ","- ",37.765071868896484,-121.35909271240234,"SAN JOAQUIN",UNINCORPORATED,-121.35909271240234,37.765098571777344
94425484,2024,2024-10-10,9265,2024-09-27,1556,023736,,5,2,6,3905,0,1,3,,1,042,"SR-4 W/B","WILSON WAY",378.00,W,N,A,-,Y,SJ,,4," ",R,17.510,H,,L,N,4,0,3,3,A,-,03,22350,,N,C,C,A,A,H,-,A,D,0,,,,,Y,,A,01,0,0,3,0,0,0,0,0,0,"- ","- ",37.952880859375,-121.27474975585938,"SAN JOAQUIN",STOCKTON,-121.27474212646484,37.952846527099609
94432298,2024,2024-10-15,9266,2024-10-04,1411,024017,,5,2,9,3900,0,1,1,,1,015,"I-205 E/B","MACARTHUR DRIVE",1373.00,W,N,A,-,Y,SJ,,205," ",R,7.876,H,,R,Y,3,0,2,3,A,-,08,22107,,N,B,C,A,A,H,-,A,D,0,,,,,Y,,-,"- ",0,1,1,0,0,0,0,0,0,"- ","- ",37.763469696044922,-121.41945648193359,"SAN JOAQUIN",UNINCORPORATED,-121.41944122314453,37.763404846191406
94444606,2024,2024-10-24,9265,2024-10-17,2040,022887,,4,2,9,3900,0,3,5,,2,060,"TULLY ROAD","HAMMOND STREET",30.00,S,N,A,-,N,,,,,,,,,,N,4,0,1,2,A,-,03,22350,,N,C,C,A,A,H,-,C,A,0,,,,,Y,,A,01,0,0,1,0,0,0,0,0,0,"- ","- ",38.1627197265625,-121.14926910400391,"SAN JOAQUIN",UNINCORPORATED,-121.14931488037109,38.162738800048828
94448671,2024,2024-10-29,9265,2024-05-19,1805,023195,,7,2,9,3900,0,2,4,,1,093,"ARMSTRONG RD","PEARSON RD",89.00,E,N,A,-,N,,,,,,,,,,Y,1,1,0,2,A,-,01,23152,A,N,D,5,A,A,H,-,A,A,0,,,,,Y,Y,A,01,0,0,0,0,0,0,0,0,0,"- ","- ",38.086578369140625,-121.27490997314453,"SAN JOAQUIN",UNINCORPORATED,-121.27494049072266,38.086551666259766
94452299,2024,2024-10-31,9265,2024-10-22,1512,017439,,2,2,9,3900,0,1,3,,2,001,"STATE ROUTE 99 S/B","JACK TONE RD.",2376.00,S,N,A,-,Y,SJ,,99," "," ",1.887,H,,L,N,3,0,2,3,A,-,03,22350,,N,C,C,A,A,H,-,A,D,0,,,,,Y,,E,22,0,2,0,0,0,0,0,0,0,"- ","- ",37.748088836669922,-121.13600158691406,"SAN JOAQUIN",UNINCORPORATED,-121.13599395751953,37.748096466064453
94457437,2024,2024-11-04,9265,2024-10-28,"750 ",017439,,1,1,9,3900,0,1,3,,2,025,"STATE ROUTE 120 W/B","AIRPORT WAY",75.00,W,N,A,-,Y,SJ,,120," ",R,3.324,H,,R,N,3,0,1,3,A,-,03,22350,,N,C,C,A,A,H,-,A,D,0,,,,,Y,,D,22,0,1,0,0,0,0,0,0,0,"- ","- ",37.783069610595703,-121.25215148925781,"SAN JOAQUIN",UNINCORPORATED,-121.25215148925781,37.783065795898438
94459680,2024,2024-11-06,9265,2024-10-26,1814,023174,,6,2,9,3900,0,1,3,,1,061,"SR-26 E/B","ALPINE RD",2399.00,W,N,A,-,N,,,,,,,,,,Y,3,0,3,1,A,-,01,23152,A,N,F,I,A,A,H,-,D,D,0,,,,,Y,Y,A,01,0,1,2,0,0,0,0,0,0,"- ","- ",37.982959747314453,-121.20075988769531,"SAN JOAQUIN",UNINCORPORATED,-121.20030212402344,37.983238220214844
94460259,2024,2024-11-06,9265,2024-10-27,"305 ",023156,,7,3,4,3903,0,1,3,,2,025,"SR-120 E/B","VAN RYN AVE",938.00,W,N,A,-,Y,SJ,,120," ",R,5.964,H,,R,N,4,0,1,2,A,-,03,22350,,N,C,C,A,A,H,-,D,D,0,,,,,Y,,A,07,0,0,1,0,0,0,0,0,0,"- ","- ",37.783191680908203,-121.20393371582031,"SAN JOAQUIN",MANTECA,-121.20393371582031,37.783203125
94472966,2024,2024-11-18,9265,2024-11-01,1944,022072,,5,2,9,3900,0,3,5,,2,060,"SR-99 EAST FRONTAGE ROAD","ARMSTRONG RD",528.00,N,N,B,-,Y,SJ,,99," "," ",27.678,H,,R,Y,4,0,1,2,A,-,01,23152,A,N,A,C,A,A,H,-,D,D,0,,,,,Y,Y,A,01,0,0,1,0,0,0,0,0,0,"- ","- ",38.089981079101562,-121.25969696044922,"SAN JOAQUIN",UNINCORPORATED,-121.25994873046875,38.089977264404297
94473394,2024,2024-11-18,9265,2024-11-05,1320,017439,,2,1,6,3905,0,3,5,,2,070,"6445 PACIFIC AVE.","BENJAMIN HOLT DR",655.00,S,N,A,-,N,,,,,,,,,,N,3,0,1,2,B,-,22,,,N,G,B,C,A,H,-,A,D,0,Y,,,,Y,,A,01,0,1,0,0,1,0,0,0,0,"- ","- ",38.0089111328125,-121.32108306884766,"SAN JOAQUIN",STOCKTON,-121.31999969482422,38.009334564208984
94480843,2024,2024-11-22,9265,2024-11-12,1834,015583,,2,2,9,3900,0,1,1,,2,502,"INTERSTATE 5 N/B","ROTH ROAD",300.00,S,N,A,-,Y,SJ,,5," ",R,19.533,H,,R,Y,3,0,2,4,A,-,03,22350,,F,C,C,A,A,H,-,C,D,0,,,,,Y,,D,22,0,2,0,0,0,0,0,0,0,"- ","- ",37.854660034179688,-121.28218841552734,"SAN JOAQUIN",UNINCORPORATED,-121.28212738037109,37.854648590087891
94491688,2024,2024-12-04,9265,2024-11-25,"750 ",021364,,1,1,4,3903,0,1,3,,2,025,"SR-120 W/B","YOSEMITE AVE",700.00,E,N,B,C,Y,SJ,,120," ",R,1.477,H,,L,N,4,0,1,2,A,-,03,22350,,N,C,C,A,B,H,-,A,D,0,,,,,Y,,A,01,0,0,1,0,0,0,0,0,0,"- ","- ",37.788818359375,-121.28472900390625,"SAN JOAQUIN",MANTECA,-121.28472900390625,37.788822174072266
94500898,2024,2024-12-13,9265,2024-12-02,"610 ",020785,,1,1,9,3900,0,3,5,,2,060,"PELTIER RD.","DUSTIN RD.",140.00,W,N,E,-,N,,,,,,,,,,Y,4,0,2,2,A,-,08,22107,,N,A,C,A,A,H,-,D,D,0,,,,,Y,,A,07,0,0,2,0,0,0,0,0,0,"- ","- ",38.189140319824219,-121.22614288330078,"SAN JOAQUIN",UNINCORPORATED,-121.22607421875,38.189117431640625
94503302,2024,2024-12-13,9265,2024-12-08,1740,023195,,7,2,9,3900,0,1,1,,2,504,"I-5 N/B TO EIGHT MILE RD","EIGHT MILE RD",837.00,S,N,A,-,Y,SJ,,5," "," ",35.139,H,,R,N,3,0,3,2,A,-,03,22350,,N,C,C,A,A,H,-,C,D,0,,,,,Y,,A,01,0,3,0,0,0,0,0,0,0,"- ","- ",38.055511474609375,-121.37161254882812,"SAN JOAQUIN",UNINCORPORATED,-121.37173461914062,38.055484771728516
94503310,2024,2025-02-14,9265,2024-12-06,1750,022229,,5,2,4,3903,0,1,3,,2,001,"SR-99 SOUTHBOUND",SR-120,500.00,N,N,A,-,Y,SJ,,99," "," ",5.935,H,,L,Y,4,0,2,5,A,-,03,22350,,N,C,C,A,A,H,-,C,D,0,,,,Y,Y,,F,25,0,0,2,0,0,0,0,0,0,"- ","- ",37.786960601806641,-121.18874359130859,"SAN JOAQUIN",MANTECA,-121.18869781494141,37.786968231201172
94505439,2024,2024-12-16,9265,2024-12-08,1507,020785,,7,2,9,3900,0,1,3,,1,062,SR-88,"LIVE OAK RD.",1428.00,W,N,A,-,Y,SJ,,88," "," ",7.795,H,,R,Y,3,0,1,1,A,-,08,22107,,N,E,8,A,A,H,-,A,D,0,,,,,Y,,D,22,0,1,0,0,0,0,0,0,0,"- ","- ",38.076271057128906,-121.18608093261719,"SAN JOAQUIN",UNINCORPORATED,-121.18605804443359,38.076267242431641
94505955,2024,2024-12-16,9265,2024-12-11,2017,023202,,3,2,9,3900,0,3,5,,2,010,"MARIPOSA RD","CARROLTON RD",100.00,E,N,A,-,N,,,,,,,,,,N,4,0,1,2,A,-,03,22350,,N,C,C,A,A,H,-,D,D,0,,,,,Y,,A,07,0,0,1,0,0,0,0,0,0,"- ","- ",37.871608734130859,-121.07282257080078,"SAN JOAQUIN",UNINCORPORATED,-121.07265472412109,37.871505737304688
94510681,2024,2024-12-19,9265,2024-12-14,"120 ",022072,,6,3,9,3900,0,1,3,,2,006,"SR-99 S/B","SR-99 FRONTAGE RD UNDERPASS",270.00,N,N,B,C,Y,SJ,,99," "," ",31.923,H,,L,Y,3,0,2,2,A,-,01,23152,A,N,A,C,A,B,H,-,C,D,0,,,,,Y,Y,A,01,0,1,1,0,0,0,0,0,0,"- ","- ",38.150779724121094,-121.26149749755859,"SAN JOAQUIN",UNINCORPORATED,-121.26150512695312,38.150779724121094
94520316,2024,2024-12-30,9265,2024-12-04,"800 ",016639,,3,1,9,3900,0,2,4,,1,072,"PERSHING AVE","HAMMER LN",40.00,S,N,A,-,N,,,,,,,,,,N,3,0,1,2,A,-,21,22106,,N,C,C,A,A,H,-,A,A,0,,,,,Y,,A,07,0,1,0,0,0,0,0,0,0,"- ","- ",38.020709991455078,-121.32998657226562,"SAN JOAQUIN",UNINCORPORATED,-121.32998657226562,38.020759582519531
94521414,2024,2024-12-31,9265,2024-12-18,"230 ",023277,,3,3,9,3900,0,3,5,,2,010,"E RIVER RD","MCHENRY AVE",836.00,W,N,B,-,N,,,,,,,,,,Y,3,0,1,1,A,-,08,22107,,N,E,8,A,B,H,-,C,D,0,,,,,Y,,D,22,0,1,0,0,0,0,0,0,0,"- ","- ",37.759620666503906,-120.99832916259766,"SAN JOAQUIN",UNINCORPORATED,-120.99813079833984,37.759696960449219
94525079,2024,2025-01-03,9265,2024-12-23,"848 ",020785,,1,1,9,3900,0,3,5,,2,060,"TULLY RD.","KETTLEMAN LN.",0.00,,Y,B,-,N,,,,,,,,,,Y,4,0,2,2,A,-,09,21802,A,N,D,C,A,B,H,-,A,A,0,,,,,Y,,A,01,0,0,2,0,0,0,0,0,0,"- ","- ",38.117229461669922,-121.13327789306641,"SAN JOAQUIN",UNINCORPORATED,-121.13327026367188,38.117214202880859
94525281,2024,2025-01-03,9265,2024-12-23,1549,017439,,1,2,9,3900,0,1,3,,2,001,"STATE ROUTE 99 S/B","JACK TONE RD.",3274.00,N,N,A,-,Y,SJ,,99," "," ",4.208,H,,L,N,3,0,1,2,A,-,03,22350,,N,C,C,A,A,H,-,A,D,0,,,,,Y,,A,01,0,1,0,0,0,0,0,0,0,"- ","- ",37.768028259277344,-121.16996002197266,"SAN JOAQUIN",UNINCORPORATED,-121.169921875,37.768074035644531
9453116,2022,2022-06-27,3902,2022-04-11,0840,110,HERIT,1,5,5,3902,0,0,0,,0,004,"KETTLEMAN LN","CENTRAL AV",214.00,W,N,C,-,Y,SJ,10,12,-,-,17.650,H,-,E,Y,3,0,1,2,A,-,03,22350,,N,C,C,A,B,H,-,A,D,0,,,,,Y,,A,01,0,1,0,0,0,0,0,0,0,"- ","- ",38.115879058837891,-121.26519775390625,"SAN JOAQUIN",LODI,-121.26577758789062,38.116004943847656
94532194,2024,2025-01-09,9265,2024-12-30,"215 ",023736,,1,3,9,3900,0,1,1,,2,502,"I-5 N/B","LOUISE AVE",61.00,S,N,A,-,Y,SJ,,5," ",R,16.469,H,,R,N,4,0,1,2,C,-,18,,,N,E,J,A,A,A,-,C,D,0,,,,Y,Y,,-,"- ",0,0,1,0,0,0,0,0,0,"- ","- ",37.811580657958984,-121.29547882080078,"SAN JOAQUIN",UNINCORPORATED,-121.29553985595703,37.811592102050781
94534914,2024,2025-01-13,9265,2024-12-28,1756,023202,,6,2,9,3900,0,3,5,,2,050,"GOLDEN GATE AVE","FARMINGTON RD",0.00,,Y,B,-,N,,,,,,,,,,Y,4,0,1,2,A,-,09,21453,C,N,A,C,A,A,H,-,C,A,0,,,,,Y,,A,01,0,0,1,0,0,0,0,0,0,"- ","- ",37.941730499267578,-121.23056793212891,"SAN JOAQUIN",UNINCORPORATED,-121.23056793212891,37.941776275634766
94551592,2025,2025-01-27,9265,2025-01-25,2125,022042,,6,2,9,3900,0,3,5,,2,060,SR-12,"ALPINE RD",0.00,,Y,A,-,Y,SJ,,12," "," ",20.391,H,,R,Y,3,0,4,2,A,-,01,23152,A,N,D,2,A,A,H,-,C,D,0,,,,,Y,Y,A,01,0,1,3,0,0,0,0,0,0,"- ","- ",38.137859344482422,-121.21533966064453,"SAN JOAQUIN",UNINCORPORATED,-121.21533966064453,38.137920379638672
94554115,2024,2025-01-29,9265,2024-09-01,1525,022365,,7,2,9,3900,0,1,3,,2,004,"STATE ROUTE 99 SOUTHBOUND","CHEROKEE ROAD",2222.00,N,N,A,-,Y,SJ,,99," "," ",21.302,H,,L,Y,1,1,1,1,A,-,08,22107,,N,F,8,A,A,H,-,A,D,0,,,,,Y,,A,07,0,0,1,0,0,0,0,0,0,"- ","- ",37.997928619384766,-121.25524139404297,"SAN JOAQUIN",UNINCORPORATED,-121.25514221191406,37.997955322265625
94555671,2025,2025-01-30,9265,2025-01-21,2155,022849,,2,2,4,3903,0,1,3,,2,001,"SR-99 S/B TO LATHROP ROAD","LATHROP ROAD",755.00,N,N,A,-,Y,,,,,,,,,,Y,4,0,1,1,A,-,03,22350,,N,F,I,A,A,H,-,D,D,0,,,,,Y,,A,01,0,0,1,0,0,0,0,0,0,"- ","- ",37.824691772460938,-121.21633148193359,"SAN JOAQUIN",MANTECA,-121.21750640869141,37.828723907470703
94557207,2025,2025-01-31,9265,2025-01-16,1955,023202,,4,2,9,3900,0,3,5,,2,050,"MINER AVE","SHASTA AVE",330.00,E,N,A,-,N,,,,,,,,,,N,4,0,1,2,C,-,18,,,N,G,B,E,A,H,-,D,D,0,Y,,,,Y,,-,"- ",0,0,1,0,1,0,0,0,0,"- ","- ",37.964088439941406,-121.25050354003906,"SAN JOAQUIN",UNINCORPORATED,-121.25052642822266,37.964042663574219
9457836,2022,2022-06-09,3906,2022-05-26,0926,1400,,4,5,5,3906,0,0,0,,0,002,"TRACY BL","ROCKPORT CT",27.00,N,N,A,-,N,,,,,,,,,,Y,4,0,1,1,A,-,03,22350,,N,E,I,A,A,H,-,A,D,0,,,,,Y,,A,01,0,0,1,0,0,0,0,0,0,"- ","- ",,,"SAN JOAQUIN",TRACY,-121.43499755859375,37.706039428710938
94579762,2025,2025-02-14,9265,2025-02-06,"835 ",018836,,4,1,9,3900,0,1,3,,2,004,"SR-99 N/B","CHEROKEE RD",1003.00,N,N,C,-,Y,SJ,,99," "," ",21.077,H,,R,Y,4,0,2,2,A,-,08,22107,,N,E,I,A,B,H,-,A,D,0,,,,,Y,,A,01,0,0,2,0,0,0,0,0,0,"- ","- ",37.994941711425781,-121.25385284423828,"SAN JOAQUIN",UNINCORPORATED,-121.25376892089844,37.994960784912109
94582706,2025,2025-02-18,9265,2025-02-09,1925,023612,,7,2,9,3900,0,1,3,,1,061,SR-26,SR-99,205.00,E,N,A,-,N,,,,,,,,,,Y,4,0,1,4,A,-,01,23152,A,N,C,2,A,A,H,-,C,D,0,,,,,Y,Y,A,01,0,0,1,0,0,0,0,0,0,"- ","- ",37.970268249511719,-121.24497222900391,"SAN JOAQUIN",UNINCORPORATED,-121.24528503417969,37.970188140869141
94582838,2025,2025-02-18,9265,2025-01-19,1808,020071,,7,2,9,3900,0,1,3,,2,025,"STATE ROUTE 120 WESTBOUND","GUTHMILLER ROAD",1420.00,E,N,A,-,Y,SJ,,120," ",R,1.616,H,,L,Y,4,0,3,2,A,-,03,22350,,N,C,C,A,A,H,-,D,D,0,,,,,Y,,A,01,0,0,3,0,0,0,0,0,0,"- ","- ",37.788188934326172,-121.28231048583984,"SAN JOAQUIN",UNINCORPORATED,-121.28231048583984,37.788192749023438
94584223,2025,2025-02-19,9265,2025-02-10,1715,017439,,1,2,9,3900,0,3,5,,2,010,"AUSTIN RD.","LOUISE AVE.",0.00,,Y,A,-,N,,,,,,,,,,N,3,0,2,2,A,-,09,21800,A,N,D,C,A,A,H,-,A,A,0,,,,,Y,,A,07,0,2,0,0,0,0,0,0,0,"- ","- ",37.812080383300781,-121.18052673339844,"SAN JOAQUIN",UNINCORPORATED,-121.18051147460938,37.812049865722656
94586281,2025,2025-02-21,9265,2025-02-11,"750 ",020785,,2,1,9,3900,0,1,3,,1,061,SR-26,"DUNCAN RD.",900.00,E,N,A,-,Y,SJ,,26," "," ",10.166,H,,R,Y,3,0,3,3,A,-,03,22350,,N,C,C,A,A,H,-,A,D,0,,,,,Y,,D,22,0,1,2,0,0,0,0,0,0,"- ","- ",38.018299102783203,-121.09282684326172,"SAN JOAQUIN",UNINCORPORATED,-121.09280395507812,38.018245697021484
94587948,2025,2025-02-24,9265,2025-02-11,"800 ",021364,,2,1,9,3900,0,1,1,,2,502,"I-5 N/B","FRENCH CAMP RD",960.00,S,N,A,-,Y,SJ,,5," ",R,22.320,H,,R,Y,3,0,1,2,A,-,03,22350,,N,C,C,A,A,H,-,A,D,0,,,,,Y,,A,07,0,1,0,0,0,0,0,0,0,"- ","- ",37.894439697265625,-121.28273010253906,"SAN JOAQUIN",UNINCORPORATED,-121.28267669677734,37.894451141357422
94588205,2025,2025-02-24,9265,2025-02-04,2245,023195,,2,3,9,3900,0,1,3,,1,061,"SR-26 E/B","CARDINAL AVE",45.00,W,N,B,-,N,,,,,,,,,,N,3,0,1,1,A,-,01,23152,A,N,E,I,A,B,H,-,C,D,0,,,,,Y,Y,A,01,0,1,0,0,0,0,0,0,0,"- ","- ",37.973678588867188,-121.23213958740234,"SAN JOAQUIN",UNINCORPORATED,-121.2327880859375,37.973808288574219
94596519,2025,2025-03-05,9265,2025-02-23,1515,023096,,7,2,9,3900,0,3,5,,2,050,"CARDINAL AVE","ARDELLE AVE",386.00,S,N,B,-,N,,,,,,,,,,Y,4,0,7,2,A,-,03,22350,,N,C,C,A,A,H,-,A,D,0,,,,,Y,,A,01,0,0,7,0,0,0,0,0,0,"- ","- ",37.962028503417969,-121.22088623046875,"SAN JOAQUIN",UNINCORPORATED,-121.22093200683594,37.962081909179688
94597342,2025,2025-03-05,9265,2025-02-20,"556 ",024252,,4,3,9,3900,0,1,3,,2,006,"SR-99 S/B","LIBERTY RD",4013.00,N,N,A,-,Y,SJ,,99," "," ",38.580,H,,L,Y,2,0,1,2,A,-,07,21658,A,M,B,2,A,A,H,-,D,D,0,,,,,Y,Y,-,99,1,0,0,0,0,0,0,0,0,"- ","- ",38.243110656738281,-121.28630828857422,"SAN JOAQUIN",UNINCORPORATED,-121.28649139404297,38.243038177490234
9460094,2022,2022-06-24,3902,2022-01-12,1352,105,SUNSE,3,5,5,3902,0,0,0,,0,001,"LOCKEFORD ST","CALIFORNIA ST",11.00,W,N,A,-,N,,,,,,,,,,N,2,0,1,2,A,-,05,21650,1,N,D,G,A,A,H,-,A,D,0,,Y,,,Y,,L,04,1,0,0,0,0,0,1,0,0,"- ","- ",38.1380615234375,-121.28048706054688,"SAN JOAQUIN",LODI,-121.28052520751953,38.138130187988281
94625930,2025,2025-03-25,9265,2025-03-09,1345,021781,,7,1,9,3900,0,1,3,,2,003,"SR-99 S/B TO SR-4 W/B","SR-4 W/B",528.00,N,N,A,-,Y,,,,,,,,,,N,4,0,1,1,A,-,01,23152,A,N,F,A,A,A,H,-,A,D,0,,,,,Y,Y,A,01,0,0,1,0,0,0,0,0,0,"- ","- ",37.961841583251953,-121.2442626953125,"SAN JOAQUIN",UNINCORPORATED,-121.23848724365234,37.952667236328125