CASE_ID,ACCIDENT_YEAR,PROC_DATE,JURIS,COLLISION_DATE,COLLISION_TIME,OFFICER_ID,REPORTING_DISTRICT,DAY_OF_WEEK,CHP_SHIFT,POPULATION,CNTY_CITY_LOC,SPECIAL_COND,BEAT_TYPE,CHP_BEAT_TYPE,CITY_DIVISION_LAPD,CHP_BEAT_CLASS,BEAT_NUMBER,PRIMARY_RD,SECONDARY_RD,DISTANCE,DIRECTION,INTERSECTION,WEATHER_1,WEATHER_2,STATE_HWY_IND,CALTRANS_COUNTY,CALTRANS_DISTRICT,STATE_ROUTE,ROUTE_SUFFIX,POSTMILE_PREFIX,POSTMILE,LOCATION_TYPE,RAMP_INTERSECTION,SIDE_OF_HWY,TOW_AWAY,COLLISION_SEVERITY,NUMBER_KILLED,NUMBER_INJURED,PARTY_COUNT,PRIMARY_COLL_FACTOR,PCF_CODE_OF_VIOL,PCF_VIOL_CATEGORY,PCF_VIOLATION,PCF_VIOL_SUBSECTION,HIT_AND_RUN,TYPE_OF_COLLISION,MVIW,PED_ACTION,ROAD_SURFACE,ROAD_COND_1,ROAD_COND_2,LIGHTING,CONTROL_DEVICE,CHP_ROAD_TYPE,PEDESTRIAN_ACCIDENT,BICYCLE_ACCIDENT,MOTORCYCLE_ACCIDENT,TRUCK_ACCIDENT,NOT_PRIVATE_PROPERTY,ALCOHOL_INVOLVED,STWD_VEHTYPE_AT_FAULT,CHP_VEHTYPE_AT_FAULT,COUNT_SEVERE_INJ,COUNT_VISIBLE_INJ,COUNT_COMPLAINT_PAIN,COUNT_PED_KILLED,COUNT_PED_INJURED,COUNT_BICYCLIST_KILLED,COUNT_BICYCLIST_INJURED,COUNT_MC_KILLED,COUNT_MC_INJURED,PRIMARY_RAMP,SECONDARY_RAMP,LATITUDE,LONGITUDE,COUNTY,CITY,POINT_X,POINT_Y
6509246,2014,2014-08-08,3906,2014-06-02,2059,1384,3906,1,5,5,3906,0,0,0,,0,002,"VALPICO RD","GLENBRIAR DR",0.00,,Y,A,-,N,,,,,,,,,,Y,3,0,2,2,A,-,01,23152,A,N,C,C,A,A,H,-,C,A,0,,,,,Y,Y,A,01,0,1,1,0,0,0,0,0,0,"- ","- ",,,"SAN JOAQUIN",TRACY,-121.42072994,37.710639960000002
6514800,2014,2014-08-11,3906,2014-06-13,0856,786,,5,5,5,3906,0,0,0,,0,002,"VALPICO RD","SYCAMORE PKWY",0.00,,Y,A,-,N,,,,,,,,,,Y,4,0,1,2,A,-,09,21802,A,N,D,C,A,A,H,-,A,A,0,,,,,Y,,A,01,0,0,1,0,0,0,0,0,0,"- ","- ",,,"SAN JOAQUIN",TRACY,-121.43904993,37.710689889999998
6515753,2014,2014-08-12,9266,2014-06-10,0520,018217,,2,3,9,3900,0,2,4,,2,013,"BYRON RD","W GRANT LINE RD",0.00,,Y,A,-,N,,,,,,,,,,Y,2,0,2,2,A,-,09,21801,A,N,D,C,A,A,H,-,B,D,0,,,,,Y,,A,07,1,1,0,0,0,0,0,0,0,"- ","- ",37.758420000000001,-121.49202,"SAN JOAQUIN",UNINCORPORATED,-121.48485992000001,37.753959989999998
6516732,2014,2016-04-11,9265,2014-06-02,1550,019387,,1,2,6,3905,0,1,1,,2,504,"RT 5","HAMMER LN",1056.00,N,N,A,-,Y,SJ,10,5,-,-,32.510,H,-,N,N,3,0,2,3,A,-,03,22350,,N,C,C,A,A,D,-,A,D,1,,,,,Y,,D,22,0,1,1,0,0,0,0,0,0,"- ","- ",38.0139,-121.3549,"SAN JOAQUIN",STOCKTON,-121.35755869,38.019128080000002
6516823,2014,2016-04-09,9265,2014-06-08,1515,018590,,7,2,2,3920,0,1,1,,2,502,"RT 5","RT 120",750.00,N,N,A,-,Y,SJ,10,5,-,R,15.060,H,-,S,Y,4,0,2,1,A,-,08,22107,,N,E,I,A,A,H,-,A,D,1,,,,,Y,,A,01,0,0,2,0,0,0,0,0,0,"- ","- ",37.790500000000002,-121.30125,"SAN JOAQUIN",LATHROP,-121.30102135999999,37.791723830000002
6516830,2014,2014-08-20,3902,2014-06-19,0039,RL25,,4,5,5,3902,0,0,0,,0,,"N HUTCHINS ST","W LOCKEFORD ST",96.00,S,N,A,-,N,,,,,,,,,,Y,3,0,1,1,A,-,01,23152,A,M,E,I,A,A,H,-,C,D,0,,,,,Y,Y,A,01,0,1,0,0,0,0,0,0,0,"- ","- ",,,"SAN JOAQUIN",LODI,-121.2792815,38.137816440000002
6516853,2014,2014-08-20,9265,2014-06-06,1220,17405,,5,1,9,3900,0,3,5,,2,090,"COTTA RD","GUARD RD",666.00,E,N,A,-,N,,,,,,,,,,Y,4,0,1,1,C,-,18,,,N,E,I,A,A,H,-,A,D,0,,,,,Y,,-,"- ",0,0,1,0,0,0,0,0,0,"- ","- ",38.137909999999998,-121.42022,"SAN JOAQUIN",UNINCORPORATED,-121.42027533,38.137922410000002
6516869,2014,2016-04-09,9265,2014-06-14,0127,18955,,6,3,9,3900,0,1,3,,1,092,"RT 12","FLAG CITY BL",410.00,W,N,A,-,Y,SJ,10,12,-,-,10.820,H,-,W,Y,2,0,3,1,A,-,01,23152,A,N,F,A,A,A,H,-,C,D,0,,,,,Y,Y,A,07,2,0,1,0,0,0,0,0,0,"- ","- ",38.116280000000003,-121.38741,"SAN JOAQUIN",UNINCORPORATED,-121.3860885,38.116149350000001
6517050,2014,2015-12-21,9265,2014-06-02,1815,019358,,1,2,9,3900,0,3,5,,2,060,"HARNEY LN","RT 88",2640.00,E,N,A,-,N,,,,,,,,,,Y,3,0,1,2,A,-,01,23152,A,N,C,C,A,A,H,-,A,D,0,,,,,Y,Y,D,22,0,1,0,0,0,0,0,0,0,"- ","- ",38.10181,-121.18751,"SAN JOAQUIN",UNINCORPORATED,-121.16910525999999,38.101759819999998
6518495,2014,2014-07-31,9265,2014-05-20,1314,018289,,2,1,9,3900,0,3,5,,2,050,"FREMONT ST","WINDSOR AV",0.00,,Y,A,-,N,,,,,,,,,,Y,4,0,1,2,A,-,09,21802,A,N,D,C,A,A,H,-,A,A,0,,,,,Y,,A,01,0,0,1,0,0,0,0,0,0,"- ","- ",37.968620000000001,-121.24884,"SAN JOAQUIN",UNINCORPORATED,-121.24879996999999,37.968719900000004
6518499,2014,2014-07-31,9265,2014-05-16,1500,016854,,5,2,9,3900,0,2,4,,1,074,"BENJAMIN HOLT DR","HARRISBURG PL",134.00,W,N,A,-,N,,,,,,,,,,Y,3,0,4,3,A,-,03,22350,,N,C,C,A,A,-,-,A,D,0,,,,,Y,,A,01,0,2,2,0,0,0,0,0,0,"- ","- ",38.007100000000001,-121.33467,"SAN JOAQUIN",UNINCORPORATED,-121.33440598,38.007091770000002
6518515,2014,2016-04-11,9265,2014-05-21,1730,013515,,3,2,6,3905,0,1,1,,2,503,"RT 5","CHARTER WY",100.00,N,N,A,-,Y,SJ,10,5,-,-,25.498,R,2,N,N,4,0,1,2,A,-,06,21750,,N,B,C,A,A,C,-,A,D,1,,,,,Y,,A,01,0,0,1,0,0,0,0,0,0,"- ","- ",37.937919999999998,-121.29728,"SAN JOAQUIN",STOCKTON,-121.29772121000001,37.93872606
6523793,2014,2016-04-09,9265,2014-04-06,1445,018836,,7,2,9,3900,0,1,3,,2,004,"RT 99","HAMMER LN",260.00,N,N,A,-,Y,SJ,10,99,-,-,22.905,R,2,N,Y,2,0,4,1,A,-,03,22350,,N,F,A,A,A,H,-,A,D,1,,,,,Y,,A,01,1,2,1,0,0,0,0,0,0,TO,"- ",38.022019999999998,-121.25655,"SAN JOAQUIN",UNINCORPORATED,-121.25808481999999,38.020946590000001
6523818,2014,2014-07-22,9265,2014-04-16,1615,014248,,3,2,9,3900,0,3,5,,2,060,"BECKMAN RD","HARNEY LN",1000.00,N,N,A,-,N,,,,,,,,,,Y,3,0,1,1,A,-,08,22107,,N,E,I,A,A,H,-,A,D,0,,,,,Y,,A,01,0,1,0,0,0,0,0,0,0,"- ","- ",38.104500000000002,-121.25691,"SAN JOAQUIN",UNINCORPORATED,-121.25679277,38.104287810000002
6523865,2014,2014-07-17,9265,2014-04-10,0730,015699,,4,1,9,3900,0,3,5,,2,090,"RAY RD","WOODBRIDGE RD",1056.00,N,N,A,-,N,,,,,,,,,,Y,4,0,2,2,A,-,03,22350,,N,C,C,A,A,H,-,A,D,0,,,,,Y,,A,01,0,0,2,0,0,0,0,0,0,"- ","- ",38.094299999999997,-121.2217,"SAN JOAQUIN",UNINCORPORATED,-121.37158782,38.163209510000002
6524034,2014,2016-04-09,9266,2014-04-22,1140,013652,,2,1,9,3900,0,1,1,,1,015,"RT 205","EL RANCHO RD",2000.00,E,N,A,-,Y,SJ,10,205,-,R,11.080,H,-,W,Y,3,0,2,1,A,-,03,22350,,N,E,I,A,A,H,-,A,D,1,,,,,Y,,A,07,0,1,1,0,0,0,0,0,0,"- ","- ",37.765039999999999,-121.35768,"SAN JOAQUIN",UNINCORPORATED,-121.36174653,37.765090960000002
6524101,2014,2016-04-09,9265,2014-04-11,0855,015604,,5,1,6,3905,0,1,3,,2,003,"RT 99","ARCH RD",528.00,S,N,A,-,Y,SJ,10,99,-,-,14.510,H,-,N,N,4,0,1,2,A,-,03,22350,,N,C,C,A,A,H,-,A,D,1,,,,,Y,,A,01,0,0,1,0,0,0,0,0,0,"- ","- ",37.90372,-121.22248,"SAN JOAQUIN",STOCKTON,-121.22199392,37.9028049
6528254,2014,2015-12-21,9265,2014-04-09,2039,019053,,3,2,6,3905,0,2,4,,1,093,"LOWER SACRAMENTO RD","HARNEY LN",1584.00,N,N,A,-,N,,,,,,,,,,N,4,0,1,2,A,-,03,22350,,N,C,C,A,A,H,-,D,D,0,,,,,Y,,A,07,0,0,1,0,0,0,0,0,0,"- ","- ",38.095480000000002,-121.31064000000001,"SAN JOAQUIN",STOCKTON,-121.30643132,38.105429960000002
6529388,2014,2015-03-06,9265,2014-06-17,1415,19182,,2,2,4,3903,0,1,3,,2,025,"RT 120","MAIN ST",2640.00,E,N,A,-,Y,SJ,10,120,-,R,5.810,H,-,E,Y,3,0,1,2,A,-,03,22350,,N,C,C,A,A,H,-,A,D,1,,,Y,,Y,,C,02,0,1,0,0,0,0,0,0,1,"- ","- ",37.783189999999998,-121.19569,"SAN JOAQUIN",MANTECA,-121.20676828000001,37.783209130000003
6533787,2014,2016-04-09,9265,2014-06-15,1820,19657,,7,2,6,3905,0,1,3,,2,003,"RT 99","FARMINGTON RD",1584.00,S,N,A,-,Y,SJ,10,99,-,-,16.920,H,-,N,N,4,0,2,2,A,-,03,22350,,N,C,C,A,A,D,-,A,D,1,,,,,Y,,A,01,0,0,2,0,0,0,0,0,0,"- ","- ",37.939149999999998,-121.23464,"SAN JOAQUIN",STOCKTON,-121.23429332000001,37.936897799999997
6533803,2014,2014-08-14,9265,2014-06-11,1252,19336,,3,1,9,3900,0,2,4,,1,082,"ALPINE AV","DELAWARE AV",0.00,,Y,A,-,N,,,,,,,,,,Y,4,0,1,2,A,-,21,22106,,N,D,C,A,A,H,-,A,A,0,,,,,Y,,A,07,0,0,1,0,0,0,0,0,0,"- ","- ",37.97137,-121.3329,"SAN JOAQUIN",UNINCORPORATED,-121.33290989,37.971609909999998
6534242,2014,2015-04-04,9266,2014-06-15,1157,019670,,7,1,5,3906,0,1,1,,2,014,"RT 205","GRANT LINE RD",1000.00,W,N,A,-,Y,SJ,10,205,-,R,5.100,H,-,W,Y,3,0,6,4,A,-,03,22350,,N,C,C,A,A,H,-,A,D,1,,,,,Y,,A,07,0,2,4,0,0,0,0,0,0,"- ","- ",37.454000000000001,-121.2816,"SAN JOAQUIN",TRACY,-121.46747885000001,37.752531480000002
6542088,2014,2014-08-26,9265,2014-06-17,1333,18661,,2,1,9,3900,0,3,5,,2,050,"NEWTON RD","CHEROKEE RD",1500.00,N,N,A,-,N,,,,,,,,,,Y,4,0,1,2,A,-,04,21703,,N,C,C,A,A,H,-,A,D,0,,,,,Y,,A,01,0,0,1,0,0,0,0,0,0,"- ","- ",37.992989999999999,-121.25700999999999,"SAN JOAQUIN",UNINCORPORATED,-121.2570431,37.992846360000001
6542112,2014,2014-08-26,9265,2014-06-14,1030,15408,,6,1,9,3900,0,2,4,,1,053,"WEST LN","ALPINE AV",0.00,,Y,A,-,N,,,,,,,,,,N,4,0,1,2,A,-,01,23152,E,M,D,C,A,A,H,-,A,A,0,,,,,Y,,A,07,0,0,1,0,0,0,0,0,0,"- ","- ",37.98404,-121.28382999999999,"SAN JOAQUIN",UNINCORPORATED,-121.28390988,37.983959919999997
6542641,2014,2014-08-18,3906,2014-06-29,0339,1056,,7,5,5,3906,0,0,0,,0,002,MACARTHUR,VALPICO,103.00,N,N,A,-,N,,,,,,,,,,Y,4,0,1,1,A,-,01,23152,A,N,E,I,A,A,H,-,C,A,0,,,,,Y,Y,A,01,0,0,1,0,0,0,0,0,0,"- ","- ",,,"SAN JOAQUIN",TRACY,-121.41637338,37.710922590000003
6544927,2014,2014-08-13,9265,2014-06-24,2040,17021,,2,2,6,3905,0,3,5,,2,080,"MISSION ST","SONOMA AV",0.00,,Y,A,-,N,,,,,,,,,,Y,4,0,2,2,A,-,09,21802,A,N,D,C,A,A,H,-,B,A,0,,,,,Y,,A,01,0,0,2,0,0,0,0,0,0,"- ","- ",37.972589999999997,-121.32528000000001,"SAN JOAQUIN",STOCKTON,-121.32537988999999,37.97262997
6544947,2014,2016-04-09,9265,2014-06-22,1740,19657,,7,2,2,3920,0,1,3,,2,001,"RT 99","FRENCH CAMP RD",2640.00,S,N,A,-,Y,SJ,10,99,-,-,10.970,H,-,S,Y,3,0,2,1,A,-,08,22107,,N,E,I,A,A,D,-,A,D,1,,,,,Y,,A,01,0,2,0,0,0,0,0,0,0,"- ","- ",37.849930000000001,-121.21836999999999,"SAN JOAQUIN",LATHROP,-121.21855924,37.852379689999999
6561461,2014,2014-08-28,3906,2014-07-11,1723,1138,,5,5,5,3906,0,0,0,,0,003,"CORRAL HOLLOW RD","SCHULTE RD",29.00,N,N,A,-,N,,,,,,,,,,Y,3,0,1,2,A,-,01,23152,B,N,C,C,A,A,H,-,A,A,0,,,,,Y,Y,A,01,0,1,0,0,0,0,0,0,0,"- ","- ",,,"SAN JOAQUIN",TRACY,-121.45324051,37.72877965
6563326,2014,2014-08-22,9265,2014-07-06,0958,18477,,7,1,9,3900,0,3,5,,2,010,"RIVER RD","CARROLTON RD",1700.00,E,N,A,-,N,,,,,,,,,,Y,3,0,1,1,A,-,08,22107,,N,E,I,A,A,H,-,A,D,0,,,,,Y,,D,22,0,1,0,0,0,0,0,0,0,"- ","- ",37.75806,-121.06317,"SAN JOAQUIN",UNINCORPORATED,-121.06337085,37.758185699999999
6567082,2014,2016-04-29,9266,2014-07-23,1035,012723,,3,1,9,3900,0,1,1,,2,014,"RT 205","MOUNTAIN HOUSE PKWY",528.00,W,N,A,-,Y,SJ,10,205,-,-,1.280,H,-,W,Y,4,0,2,2,A,-,03,22350,,N,C,C,A,A,H,-,A,D,1,,,,,Y,,A,01,0,0,2,0,0,0,0,0,0,"- ","- ",37.74277,-121.53608,"SAN JOAQUIN",UNINCORPORATED,-121.53309829,37.74268721
6570229,2014,2014-08-29,3901,2014-06-18,1704,L1,,3,5,2,3901,0,0,0,,0,,"MCHENRY AV","1ST ST",57.00,N,N,A,-,N,,,,,,,,,,N,4,0,1,2,A,-,03,22350,,N,C,C,A,A,H,-,A,A,0,,,,,Y,,A,07,0,0,1,0,0,0,0,0,0,"- ","- ",,,"SAN JOAQUIN",ESCALON,-120.99661,37.794516530000003
6572001,2014,2016-04-29,9265,2014-07-15,1625,19182,,2,2,6,3905,0,1,1,,2,504,"RT 5","HAMMER LN",1000.00,S,N,A,-,Y,SJ,10,5,-,-,32.516,R,1,N,Y,4,0,1,2,A,-,03,22350,,N,C,C,A,A,D,-,A,D,1,,,,,Y,,A,01,0,0,1,0,0,0,0,0,0,TO,"- ",37.9572,-121.3292,"SAN JOAQUIN",STOCKTON,-121.35759851,38.019209240000002
6572021,2014,2014-09-02,9265,2014-07-10,1635,15604,,4,2,9,3900,0,3,5,,2,050,"ARDELLE AV","WALKER AV",84.00,E,N,A,-,N,,,,,,,,,,,4,0,1,3,A,-,01,23152,A,N,C,C,A,A,H,-,A,A,0,,,,,Y,Y,A,01,0,0,1,0,0,0,0,0,0,"- ","- ",37.962040000000002,-121.22483,"SAN JOAQUIN",UNINCORPORATED,-121.22471471999999,37.962165630000001
6572201,2014,2015-01-15,9265,2014-06-15,0503,19882,,7,3,5,3902,0,2,4,,1,093,"THORNTON RD","EIGHT MILE RD",1584.00,N,N,A,-,N,,,,,,,,,,N,3,0,1,2,A,-,03,22350,,F,G,B,E,A,H,-,B,D,0,Y,,,,Y,,-,99,0,1,0,0,1,0,0,0,0,"- ","- ",38.343000000000004,-121.2171,"SAN JOAQUIN",LODI,-121.35183000000001,38.057659999999998
6573758,2014,2016-04-09,3902,2014-06-27,1452,6,,5,5,5,3902,0,0,0,,0,,"KETTLEMAN LN","S MILLS AV",300.00,W,N,A,-,Y,SJ,10,12,-,-,15.620,H,-,E,N,4,0,1,2,A,-,01,23152,A,N,C,C,A,A,H,-,A,A,0,,,,,Y,,A,01,0,0,1,0,0,0,0,0,0,"- ","- ",,,"SAN JOAQUIN",LODI,-121.29794221,38.115502229999997
6595470,2014,2016-01-15,3906,2014-08-11,1634,1311,,1,5,5,3906,0,0,0,,0,004,"FOOTHILL RANCH","CORRAL HOLLOW",16.00,W,N,A,-,N,,,,,,,,,,Y,4,0,1,1,A,-,03,22350,,N,E,I,A,A,H,-,A,D,0,,,,,Y,,A,01,0,0,1,0,0,0,0,0,0,"- ","- ",,,"SAN JOAQUIN",TRACY,-121.45329533,37.750689059999999
6596573,2014,2016-04-29,9265,2014-07-29,1058,17385,,2,1,9,3900,0,1,1,,2,502,"RT 5","FRENCH CAMP RD",500.00,S,N,A,-,Y,SJ,10,5,-,R,22.336,R,2,N,Y,4,0,1,2,A,-,03,22350,,N,C,C,A,A,H,-,A,D,1,,,,,Y,,A,08,0,0,1,0,0,0,0,0,0,TO,"- ",37.895319999999998,-121.28225,"SAN JOAQUIN",UNINCORPORATED,-121.2826893,37.894476099999999
6621470,2014,2016-04-28,9265,2014-08-22,1730,019307,,5,2,6,3905,0,1,3,,1,042,"RT 4","RT 5",1000.00,E,N,A,-,Y,SJ,10,4,-,R,16.320,H,-,W,N,4,0,1,3,A,-,03,22350,,N,C,C,A,A,H,-,A,D,1,,,,Y,Y,,G,25,0,0,1,0,0,0,0,0,0,"- ","- ",37.892029999999998,-121.29809,"SAN JOAQUIN",STOCKTON,-121.29613844000001,37.949193190000003
6621472,2014,2014-10-02,9265,2014-08-09,2035,018525,,6,2,9,3900,0,3,5,,2,050,"JOHN ST","F ST",0.00,,Y,A,-,N,,,,,,,,,,Y,4,0,2,2,A,-,01,23152,E,M,B,C,A,A,H,-,C,D,0,,,,,Y,,D,22,0,0,2,0,0,0,0,0,0,"- ","- ",37.975270000000002,-121.26333,"SAN JOAQUIN",UNINCORPORATED,-121.26325997000001,37.975219920000001
6623503,2014,2015-01-12,9265,2014-08-05,1150,18590,,2,1,9,3900,0,3,5,,2,070,"MC CLELLAN WY","GETTYSBURG PL",270.00,W,N,B,-,N,,,,,,,,,,Y,4,0,1,2,A,-,08,22107,,N,A,E,A,A,H,-,A,D,0,,,,,Y,,D,22,0,0,1,0,0,0,0,0,0,"- ","- ",38.010680000000001,-121.32528000000001,"SAN JOAQUIN",UNINCORPORATED,-121.32515444000001,38.010658659999997
6625807,2014,2016-04-29,9265,2014-08-20,2303,018850,,3,3,6,3905,0,1,1,,2,503,"RT 5","PERSHING AV",2640.00,S,N,A,-,Y,SJ,10,5,-,-,26.454,R,1,N,Y,3,0,1,2,A,-,01,23152,B,M,C,C,A,A,D,-,D,D,1,,,,,Y,Y,A,01,0,1,0,0,0,0,0,0,0,FR,"- ",37.951270000000001,-121.30437000000001,"SAN JOAQUIN",STOCKTON,-121.30424420999999,37.950959490000002
6627848,2014,2016-04-29,9265,2014-08-08,1520,15408,,5,2,9,3900,0,1,3,,2,003,"RT 99","MARIPOSA RD",1200.00,S,N,B,-,Y,SJ,10,99,-,-,16.470,H,-,N,N,4,0,1,2,A,-,04,21703,,N,C,C,A,A,D,E,A,D,1,,,,,Y,,A,01,0,0,1,0,0,0,0,0,0,"- ","- ",37.930430000000001,-121.23321,"SAN JOAQUIN",UNINCORPORATED,-121.23322650999999,37.930823689999997
6628807,2014,2016-04-29,9266,2014-09-14,2000,013668,,7,2,2,3920,0,1,1,,2,024,"RT 5","STEWART RD",1056.00,S,N,A,-,Y,SJ,10,5,-,R,14.120,H,-,S,Y,4,0,2,3,A,-,03,22350,,N,C,C,A,A,H,-,D,D,1,,,,,Y,,-,99,0,0,2,0,0,0,0,0,0,"- ","- ",,,"SAN JOAQUIN",LATHROP,-121.31192048,37.781861169999999
6629027,2014,2016-01-15,9265,2014-08-24,2315,015827,,7,3,9,3900,0,3,5,,2,060,"RT 99 E FR RD","E CLARKSDALE RD",1056.00,S,N,A,-,N,,,99,,,,,,,Y,3,0,1,1,A,-,01,23152,A,N,E,I,A,A,H,-,C,D,0,,,,,Y,Y,A,01,0,1,0,0,0,0,0,0,0,"- ","- ",38.150019999999998,-121.26119,"SAN JOAQUIN",UNINCORPORATED,-121.2612041,38.150019550000003
6629068,2014,2016-04-29,9265,2014-08-28,1110,015756,,4,1,9,3900,0,1,3,,2,003,"RT 99","MYRTLE ST",353.00,S,N,A,-,Y,SJ,10,99,-,-,18.882,R,2,S,Y,2,0,1,1,A,-,08,22107,,N,E,I,A,A,H,-,A,D,1,,,,,Y,,A,01,1,0,0,0,0,0,0,0,0,TO,"- ",37.963009999999997,-121.24319,"SAN JOAQUIN",UNINCORPORATED,-121.24321506,37.964472049999998
6629100,2014,2014-09-29,9265,2014-08-28,1110,015408,,4,1,9,3900,0,2,4,,1,053,"WILSON WY","MCALLEN RD",0.00,,Y,A,-,N,,,,,,,,,,N,4,0,1,2,A,-,08,22107,,N,B,C,A,A,H,-,A,D,0,,,,,Y,,A,01,0,0,1,0,0,0,0,0,0,"- ","- ",38.00027,-121.26027999999999,"SAN JOAQUIN",UNINCORPORATED,-121.26027000000001,38.000329960000002
6631201,2014,2016-01-15,9265,2014-08-02,1230,019182,,6,1,9,3900,0,3,5,,2,010,"SANTA FE RD","HENRY RD",1584.00,N,N,A,-,N,,,,,,,,,,N,3,0,1,2,A,-,08,22107,,F,G,B,E,A,H,-,D,D,0,Y,,,,Y,Y,-,99,0,1,0,0,1,0,0,0,0,"- ","- ",37.464399999999998,-120.5821,"SAN JOAQUIN",UNINCORPORATED,-120.94347285000001,37.750889280000003
6633009,2014,2015-05-14,3906,2014-09-17,0921,941,TSC,3,5,5,3906,0,0,0,,0,004,"GRANT LINE RD","OHARA DR",72.00,E,N,A,-,N,,,,,,,,,,Y,3,0,1,2,A,-,03,22350,,N,C,C,A,A,H,-,A,D,0,,,,,Y,,A,01,0,1,0,0,0,0,0,0,0,"- ","- ",,,"SAN JOAQUIN",TRACY,-121.43829092999999,37.754161009999997
6634038,2014,2016-04-28,9265,2014-09-07,0900,016581,,7,1,9,3900,0,1,3,,1,062,"RT 88","RT 99",150.00,E,N,A,-,Y,SJ,10,88,-,-,0.030,H,-,W,N,4,0,2,2,A,-,03,22350,,M,C,C,A,A,H,-,A,A,0,,,,,Y,,A,01,0,0,2,0,0,0,0,0,0,"- ","- ",37.985619999999997,-121.24866,"SAN JOAQUIN",UNINCORPORATED,-121.24971069,37.984886580000001
6640524,2014,2014-10-13,3902,2014-09-17,1952,SD47,,3,5,5,3902,0,0,0,,0,,"SAGE WY","CENTURY BL",6.00,S,N,A,-,N,,,,,,,,,,N,3,0,1,2,A,-,05,21650,1,N,D,G,A,A,H,-,C,D,0,,Y,,,Y,,L,04,0,1,0,0,0,0,1,0,0,"- ","- ",,,"SAN JOAQUIN",LODI,-121.30052000000001,38.108289999999997
6643946,2014,2015-01-16,3906,2014-11-20,1236,1372,,4,5,5,3906,0,0,0,,0,003,"MOUNTAIN HOUSE PKWY","SCHULTE RD",0.00,,Y,C,-,N,,,,,,,,,,Y,4,0,1,2,A,-,12,21453,A,N,D,C,A,B,H,-,A,A,0,,,,,Y,,D,22,0,0,1,0,0,0,0,0,0,"- ","- ",,,"SAN JOAQUIN",TRACY,-121.53174993,37.72221991
6665537,2014,2016-04-29,9265,2014-09-25,0912,013325,,4,1,9,3900,0,1,3,,2,001,"RT 99","ARCH RD",1320.00,S,N,B,C,Y,SJ,10,99,-,-,14.370,H,-,S,Y,4,0,1,2,A,-,03,22350,,N,C,C,A,B,D,-,A,D,1,,,,,Y,,D,22,0,0,1,0,0,0,0,0,0,"- ","- ",37.900530000000003,-121.2213,"SAN JOAQUIN",UNINCORPORATED,-121.22144826,37.900902090000002
6678176,2017,2019-04-05,3905,2017-04-04,1058,2133,LAK,2,5,6,3905,0,0,0,,0,,"HAMMER LN","ALEXANDRIA PL",182.00,E,N,A,-,N,,,,,,,,,,Y,1,2,4,6,A,-,03,22350,,N,B,C,A,A,H,-,A,A,0,,Y,,,Y,,A,01,1,1,2,0,0,0,1,0,0,"- ","- ",38.021520000000002,-121.33642,"SAN JOAQUIN",STOCKTON,-121.33611000000001,38.021000000000001
6682632,2014,2014-12-22,9266,2014-10-21,1705,13650,,2,2,9,3900,0,1,1,,2,014,"RT 205","MACARTHUR DR",1584.00,E,N,A,-,Y,,,205,,,,,,,Y,4,0,1,2,A,-,03,22350,,N,C,C,A,A,H,-,A,D,0,,,,,Y,,A,01,0,0,1,0,0,0,0,0,0,"- ","- ",37.76482,-121.40689,"SAN JOAQUIN",UNINCORPORATED,-121.40688987999999,37.764700259999998
6693744,2014,2014-12-08,9265,2014-10-01,0640,015756,,3,1,6,3905,0,1,3,,2,003,"RT 99","MYRTLE ST",378.00,N,N,A,-,Y,,,99,,,,,,,Y,3,0,2,3,A,-,03,22350,,N,C,C,A,A,H,-,A,D,0,,,,,Y,,A,01,0,1,1,0,0,0,0,0,0,"- ","- ",37.965910000000001,-121.24392,"SAN JOAQUIN",STOCKTON,-121.24395469,37.965889789999999
6693772,2014,2014-12-08,9265,2014-10-01,1614,013515,,3,2,9,3900,0,2,4,,1,015,"COPPEROPOLIS RD","BEST RD",0.00,,Y,A,-,N,,,,,,,,,,Y,3,0,1,2,A,-,05,21460,C,N,D,C,A,A,G,-,A,D,0,,,Y,,Y,,C,02,0,1,0,0,0,0,0,0,1,"- ","- ",37.969169999999998,-121.16132,"SAN JOAQUIN",UNINCORPORATED,-121.16142986,37.969159990000001
6693836,2014,2016-04-09,9265,2014-10-04,0825,17405,,6,1,9,3900,0,1,1,,2,502,"RT 5","FRENCH CAMP RD",1584.00,S,N,A,-,Y,SJ,10,5,-,R,22.110,H,-,S,Y,3,0,1,1,A,-,08,22107,,N,F,A,A,A,H,-,A,D,1,,,,,Y,,D,22,0,1,0,0,0,0,0,0,0,"- ","- ",37.891919999999999,-121.28223,"SAN JOAQUIN",UNINCORPORATED,-121.28188725,37.891320200000003
6697137,2014,2015-01-05,9266,2014-10-30,1125,014717,,4,1,9,3900,0,1,1,,2,014,"RT 205","HANSEN RD",1500.00,E,N,A,-,Y,,,205,,,,,,,Y,4,0,1,1,A,-,07,21658,A,N,E,I,A,A,H,-,A,D,0,,,,,Y,,A,01,0,0,1,0,0,0,0,0,0,"- ","- ",37.740699999999997,-121.50748,"SAN JOAQUIN",UNINCORPORATED,-121.50747024,37.740855889999999
6699100,2014,2014-11-17,9265,2014-10-03,1735,013515,,5,2,4,3903,0,1,3,,2,025,"RT 120","SPRECKELS RD",528.00,W,N,A,-,Y,,,120,,,,,,,N,4,0,1,2,A,-,03,22350,,N,C,C,A,A,H,-,A,D,0,,,,,Y,,A,08,0,0,1,0,0,0,0,0,0,"- ","- ",37.783149999999999,-121.20193,"SAN JOAQUIN",MANTECA,-121.20193011000001,37.783203380000003