CASE_ID,ACCIDENT_YEAR,PROC_DATE,JURIS,COLLISION_DATE,COLLISION_TIME,OFFICER_ID,REPORTING_DISTRICT,DAY_OF_WEEK,CHP_SHIFT,POPULATION,CNTY_CITY_LOC,SPECIAL_COND,BEAT_TYPE,CHP_BEAT_TYPE,CITY_DIVISION_LAPD,CHP_BEAT_CLASS,BEAT_NUMBER,PRIMARY_RD,SECONDARY_RD,DISTANCE,DIRECTION,INTERSECTION,WEATHER_1,WEATHER_2,STATE_HWY_IND,CALTRANS_COUNTY,CALTRANS_DISTRICT,STATE_ROUTE,ROUTE_SUFFIX,POSTMILE_PREFIX,POSTMILE,LOCATION_TYPE,RAMP_INTERSECTION,SIDE_OF_HWY,TOW_AWAY,COLLISION_SEVERITY,NUMBER_KILLED,NUMBER_INJURED,PARTY_COUNT,PRIMARY_COLL_FACTOR,PCF_CODE_OF_VIOL,PCF_VIOL_CATEGORY,PCF_VIOLATION,PCF_VIOL_SUBSECTION,HIT_AND_RUN,TYPE_OF_COLLISION,MVIW,PED_ACTION,ROAD_SURFACE,ROAD_COND_1,ROAD_COND_2,LIGHTING,CONTROL_DEVICE,CHP_ROAD_TYPE,PEDESTRIAN_ACCIDENT,BICYCLE_ACCIDENT,MOTORCYCLE_ACCIDENT,TRUCK_ACCIDENT,NOT_PRIVATE_PROPERTY,ALCOHOL_INVOLVED,STWD_VEHTYPE_AT_FAULT,CHP_VEHTYPE_AT_FAULT,COUNT_SEVERE_INJ,COUNT_VISIBLE_INJ,COUNT_COMPLAINT_PAIN,COUNT_PED_KILLED,COUNT_PED_INJURED,COUNT_BICYCLIST_KILLED,COUNT_BICYCLIST_INJURED,COUNT_MC_KILLED,COUNT_MC_INJURED,PRIMARY_RAMP,SECONDARY_RAMP,LATITUDE,LONGITUDE,COUNTY,CITY,POINT_X,POINT_Y
84698385,2025,2025-05-26,3905,2025-03-25,"243 ",3202,,2,5,6,3905,0,0,0,,0,,"CHERBOURG WY","BURGUNDY DR",30.00,E,N,A,-,N,,,,,,,,,,Y,4,0,1,1,A,-,03,22350,,N,E,I,A,A,H,-,C,A,0,,,,,Y,,A,01,0,0,1,0,0,0,0,0,0,"- ","- ",38.025501251220703,-121.28363037109375,"SAN JOAQUIN",STOCKTON,-121.28327941894531,38.025566101074219
84699686,2025,2025-05-26,3905,2025-04-11,"700 ",7366,,5,5,6,3905,0,0,0,,0,,"WAGNER HEIGHTS RD","BAINBRIDGE PL",0.00,,Y,A,-,N,,,,,,,,,,N,2,0,2,2,A,-,12,22450,A,F,D,C,A,A,H,-,A,A,0,,,,,Y,,A,01,2,0,0,0,0,0,0,0,0,"- ","- ",38.031959533691406,-121.35587310791016,"SAN JOAQUIN",STOCKTON,-121.35562896728516,38.032047271728516
84702833,2025,2025-05-28,3905,2025-04-16,1339,2463,,3,5,6,3905,0,0,0,,0,,"LAFAYETTE ST","EL DORADO ST",0.00,,Y,A,-,N,,,,,,,,,,N,4,0,2,2,A,-,07,21658,A,N,B,C,A,A,H,-,A,A,0,,,,,Y,,A,01,0,0,2,0,0,0,0,0,0,"- ","- ",37.949798583984375,-121.28900909423828,"SAN JOAQUIN",STOCKTON,-121.28899383544922,37.949832916259766
84702839,2025,2025-05-28,3905,2025-04-18,1145,7366,,5,5,6,3905,0,0,0,,0,,"SAN JOAQUIN ST","OAK ST",0.00,,Y,A,-,N,,,,,,,,,,Y,4,0,2,2,A,-,08,22100,B,N,B,C,A,A,H,-,A,A,0,,,,,Y,,A,01,0,0,2,0,0,0,0,0,0,"- ","- ",37.958580017089844,-121.2899169921875,"SAN JOAQUIN",STOCKTON,-121.288818359375,37.959148406982422
84702890,2025,2025-05-28,3905,2025-04-23,1450,7349,,3,5,6,3905,0,0,0,,0,,"FREMONT ST","GOLDEN GATE AV (W)",30.00,W,N,A,-,N,,,,,,,,,,N,4,0,1,2,A,-,05,21202,A,N,D,G,A,A,H,-,A,A,0,,Y,,,Y,,L,04,0,0,1,0,0,0,1,0,0,"- ","- ",37.967281341552734,-121.2513427734375,"SAN JOAQUIN",STOCKTON,-121.25167846679688,37.967460632324219
84708582,2025,2025-06-02,3905,2025-04-24,1616,7035,,4,5,6,3905,0,0,0,,0,,"MARCH LN","QUAIL LAKES DR",25.00,E,N,A,-,N,,,,,,,,,,N,4,0,1,2,A,-,03,22350,,M,C,C,A,A,H,-,A,A,0,,,,,Y,,A,07,0,0,1,0,0,0,0,0,0,"- ","- ",37.98516845703125,-121.33952331542969,"SAN JOAQUIN",STOCKTON,-121.33990478515625,37.984893798828125
84708932,2025,2025-06-02,3905,2025-04-25,1238,7034,,5,5,6,3905,0,0,0,,0,,"CHANNEL ST","WILSON WY",160.00,W,N,A,-,N,,,,,,,,,,N,4,0,1,2,A,-,09,21804,A,F,G,B,D,A,H,-,A,D,0,Y,,,,Y,,A,07,0,0,1,0,1,0,0,0,0,"- ","- ",37.9576416015625,-121.27201843261719,"SAN JOAQUIN",STOCKTON,-121.27263641357422,37.957660675048828
84717066,2025,2025-06-09,3903,2025-05-21,"715 ",3768,,3,5,4,3903,0,0,0,,0,,"EUCALYPTUS ST","MAGNOLIA LN",174.00,W,N,A,-,N,,,,,,,,,,N,4,0,1,2,A,-,05,21202,A,N,D,G,A,A,H,-,A,D,0,,Y,,,Y,,L,04,0,0,1,0,0,0,1,0,0,"- ","- ",37.801189422607422,-121.23329162597656,"SAN JOAQUIN",MANTECA,-121.23394012451172,37.801216125488281
84719403,2025,2025-06-10,3905,2025-04-30,1612,7035,,3,5,6,3905,0,0,0,,0,,"CALIFORNIA ST","MAIN ST",5.00,S,N,A,-,N,,,,,,,,,,N,4,0,1,2,A,-,03,22350,,M,C,C,A,A,H,-,A,A,0,,,,,Y,,A,01,0,0,1,0,0,0,0,0,0,"- ","- ",37.952999114990234,-121.28575134277344,"SAN JOAQUIN",STOCKTON,-121.28456878662109,37.953571319580078
84722823,2025,2025-06-12,3903,2025-05-21,1144,6269,,3,5,4,3903,0,0,0,,0,001,"YOSEMITE AV","UNION RD",582.00,W,N,A,-,N,,,,,,,,,,N,4,0,1,2,A,-,09,21804,A,N,D,C,A,A,H,-,A,D,0,,,,,Y,,A,01,0,0,1,0,0,0,0,0,0,"- ","- ",,,"SAN JOAQUIN",MANTECA,-121.23692321777344,37.797389984130859
84725662,2025,2025-06-16,3905,2025-05-01,1523,2714,,4,5,6,3905,0,0,0,,0,,"LINCOLN ST","OAK ST",0.00,,Y,A,-,N,,,,,,,,,,Y,4,0,2,2,A,-,12,22450,A,N,D,C,A,A,H,-,A,A,0,,,,,Y,,A,01,0,0,2,0,0,0,0,0,0,"- ","- ",37.957450866699219,-121.29915618896484,"SAN JOAQUIN",STOCKTON,-121.29922485351562,37.957401275634766
84726113,2025,2025-08-04,3905,2025-04-23,1945,2850,,3,5,6,3905,0,0,0,,0,,"WEST LN","CLOWES ST",40.00,S,N,A,-,Y,,,,,,,,,,Y,3,0,2,2,A,-,09,21804,A,N,D,C,A,A,H,-,B,D,0,,,Y,,Y,,A,01,0,1,1,0,0,0,0,0,1,"- ","- ",37.999889373779297,-121.29067993164062,"SAN JOAQUIN",STOCKTON,-121.28951263427734,37.998825073242188
84726146,2025,2025-06-16,3905,2025-05-07,1128,2649,,3,5,6,3905,0,0,0,,0,,"MORADA LN","FOX CREEK DR",0.00,,Y,A,-,N,,,,,,,,,,Y,4,0,3,2,A,-,09,21802,A,N,A,C,A,A,H,-,A,A,0,,,,,Y,,A,01,0,0,3,0,0,0,0,0,0,"- ","- ",38.036880493164062,-121.28137969970703,"SAN JOAQUIN",STOCKTON,-121.28125762939453,38.036952972412109
8473022,2017,2017-11-29,3905,2017-10-16,1716,2463,CIV,1,5,6,3905,0,0,0,,0,,"PACIFIC AV","ALPINE AV",167.00,S,N,A,-,N,,,,,,,,,,N,4,0,1,2,A,-,09,21801,A,N,D,C,A,A,H,-,A,D,0,,,,,Y,,A,01,0,0,1,0,0,0,0,0,0,"- ","- ",37.978560000000002,-121.30526,"SAN JOAQUIN",STOCKTON,-121.30525532999999,37.97804987
8473174,2017,2017-11-30,3905,2017-10-02,0950,2463,CIV,1,5,6,3905,0,0,0,,0,,"PERSHING AV","FREMONT ST",25.00,N,N,A,-,N,,,,,,,,,,N,4,0,1,2,A,-,03,22350,,F,C,C,A,A,H,-,A,A,0,,,,,Y,,A,01,0,0,1,0,0,0,0,0,0,"- ","- ",37.954389999999997,-121.31229999999999,"SAN JOAQUIN",STOCKTON,-121.31242779999999,37.954287979999997
8473259,2017,2017-11-21,3905,2017-10-23,0914,2277,LAK,1,5,6,3905,0,0,0,,0,,"QUAIL LAKES DR","MALLARD CREEK CT",150.00,S,N,A,-,N,,,,,,,,,,N,4,0,1,3,A,-,09,21801,A,N,D,C,A,A,H,-,A,D,0,,,,,Y,,A,01,0,0,1,0,0,0,0,0,0,"- ","- ",37.989139999999999,-121.33996,"SAN JOAQUIN",STOCKTON,-121.34031530999999,37.98848563
84733189,2025,2025-06-20,3905,2025-05-09,"841 ",7366,,5,5,6,3905,0,0,0,,0,,"BROOKSIDE RD","PERSHING AV",200.00,E,N,A,-,N,,,,,,,,,,N,4,0,3,2,A,-,03,22350,,N,C,C,A,A,H,-,A,A,0,,,,,Y,,A,01,0,0,3,0,0,0,0,0,0,"- ","- ",37.981620788574219,-121.31980133056641,"SAN JOAQUIN",STOCKTON,-121.31831359863281,37.982151031494141
84734804,2025,2025-06-23,3905,2025-05-20,1116,7035,,2,5,6,3905,0,0,0,,0,,"MARCH LN","EL DORADO ST",40.00,W,N,A,-,N,,,,,,,,,,N,4,0,2,2,A,-,03,22350,,M,C,C,A,A,H,-,A,D,0,,,,,Y,,A,01,0,0,2,0,0,0,0,0,0,"- ","- ",37.996379852294922,-121.30506896972656,"SAN JOAQUIN",STOCKTON,-121.30589294433594,37.996166229248047
84741550,2025,2025-06-27,3906,2025-06-06,1745,1920,,5,5,5,3906,0,0,0,,0,006,"GRANT LINE RD","TOSTE RD",0.00,,Y,A,-,N,,,,,,,,,,Y,4,0,2,2,A,-,08,22107,,N,A,C,A,A,H,-,A,A,0,,,,,Y,,A,01,0,0,2,0,0,0,0,0,0,"- ","- ",37.7540283203125,-121.46087646484375,"SAN JOAQUIN",TRACY,-121.46092987060547,37.754009246826172
84750330,2025,2025-07-07,3905,2025-05-23,"720 ",7034,,5,5,6,3905,0,0,0,,0,,"MARANATHA DR","CHRISTIAN LIFE WY",0.00,,Y,A,-,N,,,,,,,,,,Y,3,0,1,2,A,-,08,22107,,F,B,C,A,A,H,-,A,D,0,,,Y,,Y,,A,01,0,1,0,0,0,0,0,0,1,"- ","- ",38.024070739746094,-121.26441192626953,"SAN JOAQUIN",STOCKTON,-121.26412200927734,38.024253845214844
84754754,2025,2025-07-09,3905,2025-05-25,"141 ",2915,,7,5,6,3905,0,0,0,,0,,"MINER AV","SAN JOAQUIN ST",0.00,,Y,A,-,N,,,,,,,,,,N,3,0,1,1,A,-,01,23152,A,N,E,I,A,A,H,-,C,D,0,,,Y,,Y,Y,C,02,0,1,0,0,0,0,0,0,1,"- ","- ",37.956138610839844,-121.28794097900391,"SAN JOAQUIN",STOCKTON,-121.28804016113281,37.956130981445312
84769185,2025,2025-07-21,3905,2025-05-23,1700,2675,,5,5,6,3905,0,0,0,,0,,"PACIFIC AV","BIANCHI RD",0.00,,Y,A,-,Y,,,,,,,,,,N,4,0,1,2,-,-,"- ",,,N,D,G,A,A,H,-,A,A,0,,Y,,,Y,,-,"- ",0,0,1,0,0,0,1,0,0,"- ","- ",37.987960815429688,-121.31089782714844,"SAN JOAQUIN",STOCKTON,-121.31242370605469,37.987541198730469
84769198,2025,2025-07-21,3905,2025-05-31,"735 ",1315,,6,5,6,3905,0,0,0,,0,,"THORNTON RD","A G SPANOS BL (S)",137.00,S,N,A,-,N,,,,,,,,,,N,4,0,1,1,A,-,03,22350,,N,E,I,A,A,H,-,A,D,0,,,,,Y,,A,01,0,0,1,0,0,0,0,0,0,"- ","- ",38.045459747314453,-121.35044860839844,"SAN JOAQUIN",STOCKTON,-121.35153198242188,38.0545654296875
84769213,2025,2025-07-21,3905,2025-06-02,"746 ",2970,,1,5,6,3905,0,0,0,,0,,"CHARTER WY","ARMY CT",0.00,,Y,A,-,Y,SJ,,4," "," ",14.371,H,,R,Y,4,0,2,2,A,-,09,21802,A,N,D,C,A,A,H,-,A,A,0,,,,,Y,,A,08,0,0,2,0,0,0,0,0,0,"- ","- ",37.929668426513672,-121.32454681396484,"SAN JOAQUIN",STOCKTON,-121.32451629638672,37.929592132568359
8478107,2017,2017-10-31,3905,2017-09-19,0554,3452,SEA,2,5,6,3905,0,0,0,,0,,"FRESNO AV","NAVY DR",8.00,N,N,A,-,N,,,,,,,,,,N,4,0,1,2,A,-,05,21650,1,N,H,G,A,A,H,-,C,D,0,,Y,,,Y,,L,04,0,0,1,0,0,0,1,0,0,"- ","- ",37.937629999999999,-121.31225999999999,"SAN JOAQUIN",STOCKTON,-121.31211,37.937511970000003
8478110,2017,2017-11-01,3905,2017-09-12,0747,1312,CIV,2,5,6,3905,0,0,0,,0,,"PERSHING AV","WALNUT ST",118.00,E,N,A,-,N,,,,,,,,,,Y,4,0,1,2,A,-,03,22350,,N,C,C,A,A,H,-,A,D,0,,,,,Y,,A,01,0,0,1,0,0,0,0,0,0,"- ","- ",37.965710000000001,-121.31356,"SAN JOAQUIN",STOCKTON,-121.31363695,37.965236359999999
8478124,2017,2017-11-01,3905,2017-09-22,1642,3409,CIV,5,5,6,3905,0,0,0,,0,,"SIERRA NEVADA ST","HARDING WY",0.00,,Y,A,-,N,,,,,,,,,,Y,4,0,1,2,A,-,09,21802,A,N,D,C,A,A,H,-,A,A,0,,,Y,,Y,,C,02,0,0,1,0,0,0,0,0,0,"- ","- ",37.970309999999998,-121.27667,"SAN JOAQUIN",STOCKTON,-121.27688994,37.970389959999999
8478138,2017,2017-11-01,3905,2017-09-10,1137,2566,LAK,7,5,6,3905,0,0,0,,0,,"QUAIL LAKES DR","MARCH LN",323.00,N,N,A,-,N,,,,,,,,,,Y,4,0,3,3,A,-,09,21801,A,N,D,C,A,A,H,-,A,D,0,,,,,Y,,A,01,0,0,3,0,0,0,0,0,0,"- ","- ",37.985169999999997,-121.33951999999999,"SAN JOAQUIN",STOCKTON,-121.34008720999999,37.98577375
84782260,2025,2025-07-30,3903,2025-07-10,"457 ",3764,,4,5,4,3903,0,0,0,,0,,"YOSEMITE AV","RAYLOW AV",140.00,W,N,A,-,Y,,,,,,,,,,N,4,0,1,2,A,-,03,22350,,N,B,G,A,A,H,-,C,A,0,,Y,,,Y,Y,A,01,0,0,1,0,0,0,1,0,0,"- ","- ",37.797458648681641,-121.20220947265625,"SAN JOAQUIN",MANTECA,-121.20274353027344,37.797466278076172
84782311,2025,2025-07-30,3905,2025-06-16,"139 ",3160,,1,5,6,3905,0,0,0,,0,,"HARDING WY","CENTER ST",0.00,,Y,A,-,N,,,,,,,,,,N,4,0,1,2,A,-,12,21453,A,N,D,C,A,A,H,-,C,A,0,,,,,Y,,A,01,0,0,1,0,0,0,0,0,0,"- ","- ",37.967338562011719,-121.29493713378906,"SAN JOAQUIN",STOCKTON,-121.29514312744141,37.967311859130859
84782373,2025,2025-07-30,3905,2025-06-29,1007,1315,,7,5,6,3905,0,0,0,,0,,"COMMERCE ST","CLEVELAND ST",0.00,,Y,A,-,N,,,,,,,,,,N,4,0,1,2,A,-,12,22450,A,N,D,C,A,A,H,-,A,A,0,,,,,Y,,A,01,0,0,1,0,0,0,0,0,0,"- ","- ",37.97174072265625,-121.29801177978516,"SAN JOAQUIN",STOCKTON,-121.29824066162109,37.971691131591797
84782374,2025,2025-07-30,3905,2025-06-29,1153,7034,,7,5,6,3905,0,0,0,,0,,"BLUE GRASS DR","DEER CREEK CI",285.00,N,N,A,-,N,,,,,,,,,,Y,3,0,2,2,A,-,08,22103,,N,D,C,A,A,H,-,A,D,0,,,,,Y,,A,01,0,1,1,0,0,0,0,0,0,"- ","- ",38.030300140380859,-121.3072509765625,"SAN JOAQUIN",STOCKTON,-121.30744934082031,38.030925750732422
8478252,2017,2017-11-01,3905,2017-08-17,1523,2845,PAR,4,5,6,3905,0,0,0,,0,,"ALMA AV","MCDONELL AV",0.00,,Y,A,-,N,,,,,,,,,,N,3,0,1,2,A,-,12,22450,A,N,H,G,A,A,H,-,A,A,0,,Y,,,Y,,L,04,0,1,0,0,0,0,1,0,0,"- ","- ",37.95393,-121.25729,"SAN JOAQUIN",STOCKTON,-121.25732992,37.954129909999999
8478272,2017,2017-11-01,3905,2017-08-24,1518,2525,PAR,4,5,6,3905,0,0,0,,0,,"FREMONT ST","EASTLAND DR",7.00,E,N,A,-,N,,,,,,,,,,N,4,0,1,2,A,-,12,21453,A,F,H,G,A,A,H,-,A,A,0,,Y,,,Y,,A,01,0,0,1,0,0,0,1,0,0,"- ","- ",37.96105,-121.26987,"SAN JOAQUIN",STOCKTON,-121.26998601,37.961202950000001
84786999,2025,2025-08-04,3905,2025-06-16,"509 ",3188,,1,5,6,3905,0,0,0,,0,,"S STATE ROUTE 99 E FR RD","ARCH RD",614.00,N,N,A,-,N,,,,,,,,,,Y,4,0,1,3,A,-,03,22350,,F,C,C,A,A,H,-,A,D,0,,,,,Y,,A,01,0,0,1,0,0,0,0,0,0,"- ","- ",37.905288696289062,-121.22058868408203,"SAN JOAQUIN",STOCKTON,-121.22064208984375,37.905170440673828
84791234,2025,2025-08-06,3905,2025-06-29,1802,2714,,7,5,6,3905,0,0,0,,0,,"PERSHING AV","POPLAR ST",0.00,,Y,A,-,N,,,,,,,,,,Y,4,0,3,1,A,-,03,22350,,N,E,I,A,A,H,-,A,D,0,,,,,Y,,A,01,0,0,3,0,0,0,0,0,0,"- ","- ",37.958488464355469,-121.31166076660156,"SAN JOAQUIN",STOCKTON,-121.31175231933594,37.958320617675781
84791275,2025,2025-08-06,3905,2025-07-03,1255,7034,,4,5,6,3905,0,0,0,,0,,"AIRPORT WY","MINER AV",170.00,S,N,A,-,N,,,,,,,,,,Y,3,0,2,2,A,-,09,21801,A,N,D,C,A,A,H,-,A,D,0,,,,,Y,,A,08,0,1,1,0,0,0,0,0,0,"- ","- ",37.957698822021484,-121.27610015869141,"SAN JOAQUIN",STOCKTON,-121.27484893798828,37.9578857421875
84795795,2025,2025-08-11,3906,2025-07-13,1506,1984,,7,5,5,3906,0,0,0,,0,006,"GRANT LINE RD","BUTHMANN AVE",30.00,E,N,A,-,N,,,,,,,,,,N,4,0,1,2,A,-,07,21658,A,N,B,C,A,A,H,-,A,D,0,,,,,Y,,A,01,0,0,1,0,0,0,0,0,0,"- ","- ",37.754188537597656,-121.43216705322266,"SAN JOAQUIN",TRACY,-121.43218994140625,37.754169464111328
84796569,2025,2025-08-11,3902,2025-07-09,1313,123,,3,5,5,3902,0,0,0,,0,002,"TURNER RD","LINCOLN AVE",131.00,E,-,A,-,N,,,,,,,,,,Y,3,0,2,2,A,-,09,21804,A,N,D,C,A,A,H,-,A,D,0,,,,,Y,,A,01,0,2,0,0,0,0,0,0,0,"- ","- ",,,"SAN JOAQUIN",LODI,-121.27801513671875,38.145679473876953
84798183,2025,2025-08-12,3902,2025-07-02,1831,114,,3,5,5,3902,0,0,0,,0,003,"CENTURY BLVD","SAGE WAY",0.00,N,-,A,-,N,,,,,,,,,,N,3,0,5,3,A,-,12,22450,A,N,D,C,A,A,H,-,A,D,0,,,,,Y,,A,01,0,4,1,0,0,0,0,0,0,"- ","- ",,,"SAN JOAQUIN",LODI,-121.30052185058594,38.108287811279297
8479834,2017,2018-06-05,3905,2017-10-01,1800,2525,VAL,7,5,6,3905,0,0,0,,0,,"RT 99 W FR RD","EIGHT MILE RD",0.00,,Y,A,-,Y,SJ,10,99,-,-,25.397,R,4,S,N,3,0,2,3,A,-,12,22450,A,N,D,C,A,A,H,-,A,A,0,,,,,Y,,A,01,0,1,1,0,0,0,0,0,0,"- ","- ",38.057209999999998,-121.2612,"SAN JOAQUIN",STOCKTON,-121.25960121999999,38.057048960000003
84800151,2025,2025-08-13,3906,2025-08-01,1641,1951,,5,5,5,3906,0,0,0,,0,004,"GRANT LINE RD","NAGLEE RD",2250.00,W,N,A,-,N,,,,,,,,,,Y,3,0,2,2,A,-,09,21804,A,N,D,C,A,A,H,-,A,A,0,,,,,Y,,A,01,0,1,1,0,0,0,0,0,0,"- ","- ",37.754070281982422,-121.46656799316406,"SAN JOAQUIN",TRACY,-121.4698486328125,37.753940582275391
84800446,2025,2025-08-13,3905,2025-06-21,1521,2566,,6,5,6,3905,0,0,0,,0,,"EL DORADO ST","HAMMER LN",155.00,S,N,A,-,N,,,,,,,,,,Y,4,0,2,1,A,-,08,22107,,N,E,I,A,A,H,-,A,D,0,,,,,Y,,A,01,0,0,2,0,0,0,0,0,0,"- ","- ",38.021160125732422,-121.31549072265625,"SAN JOAQUIN",STOCKTON,-121.31511688232422,38.020450592041016
8480322,2017,2017-11-14,3905,2017-10-02,2229,2703,PAR,1,5,6,3905,0,0,0,,0,,"B ST","CARPENTER RD",0.00,,Y,A,-,N,,,,,,,,,,Y,4,0,1,2,A,-,03,22350,,N,D,C,A,A,H,-,C,D,0,,,,,Y,,A,01,0,0,1,0,0,0,0,0,0,"- ","- ",37.919669999999996,-121.24959,"SAN JOAQUIN",STOCKTON,-121.24973994,37.919839979999999
8480771,2017,2018-07-09,3905,2017-09-23,1814,2835,SEA,6,5,6,3905,0,0,0,,0,,"DOWNING AV","RT 5",100.00,W,N,A,-,Y,SJ,10,5,-,-,23.499,R,4,S,N,3,0,1,2,A,-,05,21650,1,N,H,G,A,A,H,-,B,D,0,,Y,,,Y,,L,04,0,1,0,0,0,0,1,0,0,"- ",SO,37.913080000000001,-121.92012,"SAN JOAQUIN",STOCKTON,-121.28886863,37.910663650000004
8480793,2017,2017-11-07,3905,2017-09-23,1915,2463,PAR,6,5,6,3905,0,0,0,,0,,"WILSON WY","HAZELTON AV",0.00,,Y,A,-,N,,,,,,,,,,N,4,0,1,2,A,-,17,21451,A,M,D,C,A,A,H,-,B,A,0,,,,,Y,,A,01,0,0,1,0,0,0,0,0,0,"- ","- ",37.949730000000002,-121.26994999999999,"SAN JOAQUIN",STOCKTON,-121.26993999,37.949849919999998
8480829,2017,2017-11-07,3905,2017-09-30,1315,3410,VAL,6,5,6,3905,0,0,0,,0,,"WEST LN","MORADA LN",55.00,N,N,A,-,N,,,,,,,,,,N,4,0,2,2,A,-,03,22350,,N,C,C,A,A,H,-,A,A,0,,,,,Y,,A,07,0,0,2,0,0,0,0,0,0,"- ","- ",38.036909999999999,-121.29519000000001,"SAN JOAQUIN",STOCKTON,-121.29513248000001,38.037021039999999
8480853,2017,2017-11-07,3905,2017-09-26,1220,1312,CIV,2,5,6,3905,0,0,0,,0,,"WEBER AV","CALIFORNIA ST",0.00,,Y,A,-,N,,,,,,,,,,Y,4,0,2,2,A,-,12,21453,A,N,D,C,A,A,H,-,A,A,0,,,,,Y,,A,01,0,0,2,0,0,0,0,0,0,"- ","- ",37.954599999999999,-121.28480999999999,"SAN JOAQUIN",STOCKTON,-121.2849099,37.954679900000002
8480857,2017,2017-11-07,3905,2017-09-22,2138,2848,PAR,5,5,6,3905,0,0,0,,0,,"AIRPORT WY","12TH ST",0.00,,Y,A,-,N,,,,,,,,,,N,4,0,1,2,A,-,09,21801,B,F,H,G,A,A,H,-,C,D,0,,Y,,,Y,,A,01,0,0,1,0,0,0,1,0,0,"- ","- ",37.92651,-121.26544,"SAN JOAQUIN",STOCKTON,-121.26529997,37.926669939999996
84815150,2025,2025-08-25,3902,2025-07-09,2139,11,,3,5,5,3902,0,0,0,,0,003,"HUTCHINS ST","HARNEY LN",0.00,N,-,A,-,N,,,,,,,,,,Y,4,0,1,2,A,-,09,21453,C,N,D,C,A,A,H,-,C,A,0,,,,,Y,,A,01,0,0,1,0,0,0,0,0,0,"- ","- ",,,"SAN JOAQUIN",LODI,-121.27886199951172,38.100959777832031
84819212,2025,2025-08-27,3906,2025-07-03,1538,1758,,4,5,5,3906,0,0,0,,0,005,"GRANT LINE RD","CHRISMAN RD",12.00,E,N,-,-,N,,,,,,,,,,N,3,0,1,2,A,-,03,22350,,N,C,C,A,A,H,-,A,A,0,,,,,Y,,A,01,0,1,0,0,0,0,0,0,0,"- ","- ",37.753448486328125,-121.39811706542969,"SAN JOAQUIN",TRACY,-121.39826202392578,37.754131317138672
84821341,2025,2025-08-29,3905,2025-07-20,"534 ",3197,,7,5,6,3905,0,0,0,,0,,"HAMMER LN","TAM O SHANTER DR",20.00,E,N,A,-,N,,,,,,,,,,Y,3,0,3,2,A,-,03,22350,,N,C,C,A,A,H,-,B,A,0,,,,,Y,,A,01,0,1,2,0,0,0,0,0,0,"- ","- ",38.020999908447266,-121.30084228515625,"SAN JOAQUIN",STOCKTON,-121.30046844482422,38.020881652832031
8482206,2017,2018-05-04,3905,2017-08-31,2040,2852,SEA,4,5,6,3905,0,0,0,,0,,"MARTIN LUTHER KING BL","STANISLAUS ST",0.00,,Y,A,-,N,,,,,,,,,,N,2,0,1,2,A,-,09,21802,A,N,H,G,A,A,H,-,C,A,0,,Y,,,Y,,L,04,1,0,0,0,0,0,1,0,0,"- ","- ",37.940199999999997,-121.27835,"SAN JOAQUIN",STOCKTON,-121.27824986,37.940279959999998
84831317,2025,2025-09-05,3905,2025-08-02,1059,7349,,6,5,6,3905,0,0,0,,0,,"AIRPORT WY","MARKET ST",0.00,,Y,A,-,N,,,,,,,,,,N,4,0,2,4,A,-,17,21657,,N,D,E,A,A,H,-,A,A,0,,,,,Y,,A,07,0,0,2,0,0,0,0,0,0,"- ","- ",37.954280853271484,-121.27384948730469,"SAN JOAQUIN",STOCKTON,-121.27392578125,37.954387664794922
8483570,2017,2017-11-06,3902,2017-10-06,2120,MH42,,5,5,5,3902,0,0,0,,0,,"SCHOOL ST","PINE ST",0.00,,Y,A,-,N,,,,,,,,,,N,4,0,1,2,A,-,12,21453,A,M,D,G,A,A,H,-,C,A,0,,Y,,,Y,,A,07,0,0,1,0,0,0,1,0,0,"- ","- ",,,"SAN JOAQUIN",LODI,-121.27368,38.134219899999998
8483660,2017,2017-11-16,3902,2017-09-23,2126,62,,6,5,5,3902,0,0,0,,0,,"LODI AV",CHURCH,25.00,W,N,A,-,N,,,,,,,,,,N,4,0,1,2,A,-,11,21453,D,N,G,B,B,A,H,-,C,A,0,Y,,,,Y,Y,N,60,0,0,1,0,1,0,0,0,0,"- ","- ",,,"SAN JOAQUIN",LODI,-121.27541659000001,38.130194029999998
84836644,2025,2025-09-09,3905,2025-07-21,"856 ",2463,,1,5,6,3905,0,0,0,,0,,"SAN JOAQUIN ST","WASHINGTON ST",85.00,S,N,A,-,N,,,,,,,,,,Y,4,0,2,3,A,-,09,21804,A,M,D,C,A,A,H,-,A,D,0,,,,,Y,Y,A,01,0,0,2,0,0,0,0,0,0,"- ","- ",37.951179504394531,-121.28665924072266,"SAN JOAQUIN",STOCKTON,-121.28657531738281,37.950981140136719
84842055,2025,2025-09-12,3905,2025-08-03,1238,2649,,7,5,6,3905,0,0,0,,0,,"HAMMER LN","HOLMAN RD",0.00,,Y,A,-,N,,,,,,,,,,Y,4,0,3,3,A,-,12,21453,A,N,D,C,A,A,H,-,A,A,0,,,,,Y,,A,07,0,0,3,0,0,0,0,0,0,"- ","- ",38.020980834960938,-121.27191162109375,"SAN JOAQUIN",STOCKTON,-121.271728515625,38.021076202392578
84842057,2025,2025-09-12,3905,2025-08-03,1344,7349,,7,5,6,3905,0,0,0,,0,,"EL DORADO ST","PARK ST",0.00,,Y,A,-,N,,,,,,,,,,Y,4,0,3,2,A,-,12,21453,A,N,D,C,A,A,H,-,A,A,0,,,,,Y,,A,01,0,0,3,0,0,0,0,0,0,"- ","- ",37.959701538085938,-121.29158782958984,"SAN JOAQUIN",STOCKTON,-121.29170227050781,37.959686279296875