CASE_ID,ACCIDENT_YEAR,PROC_DATE,JURIS,COLLISION_DATE,COLLISION_TIME,OFFICER_ID,REPORTING_DISTRICT,DAY_OF_WEEK,CHP_SHIFT,POPULATION,CNTY_CITY_LOC,SPECIAL_COND,BEAT_TYPE,CHP_BEAT_TYPE,CITY_DIVISION_LAPD,CHP_BEAT_CLASS,BEAT_NUMBER,PRIMARY_RD,SECONDARY_RD,DISTANCE,DIRECTION,INTERSECTION,WEATHER_1,WEATHER_2,STATE_HWY_IND,CALTRANS_COUNTY,CALTRANS_DISTRICT,STATE_ROUTE,ROUTE_SUFFIX,POSTMILE_PREFIX,POSTMILE,LOCATION_TYPE,RAMP_INTERSECTION,SIDE_OF_HWY,TOW_AWAY,COLLISION_SEVERITY,NUMBER_KILLED,NUMBER_INJURED,PARTY_COUNT,PRIMARY_COLL_FACTOR,PCF_CODE_OF_VIOL,PCF_VIOL_CATEGORY,PCF_VIOLATION,PCF_VIOL_SUBSECTION,HIT_AND_RUN,TYPE_OF_COLLISION,MVIW,PED_ACTION,ROAD_SURFACE,ROAD_COND_1,ROAD_COND_2,LIGHTING,CONTROL_DEVICE,CHP_ROAD_TYPE,PEDESTRIAN_ACCIDENT,BICYCLE_ACCIDENT,MOTORCYCLE_ACCIDENT,TRUCK_ACCIDENT,NOT_PRIVATE_PROPERTY,ALCOHOL_INVOLVED,STWD_VEHTYPE_AT_FAULT,CHP_VEHTYPE_AT_FAULT,COUNT_SEVERE_INJ,COUNT_VISIBLE_INJ,COUNT_COMPLAINT_PAIN,COUNT_PED_KILLED,COUNT_PED_INJURED,COUNT_BICYCLIST_KILLED,COUNT_BICYCLIST_INJURED,COUNT_MC_KILLED,COUNT_MC_INJURED,PRIMARY_RAMP,SECONDARY_RAMP,LATITUDE,LONGITUDE,COUNTY,CITY,POINT_X,POINT_Y
90014440,2015,2015-10-19,9265,2015-08-21,1349,018784,,5,1,9,3900,0,1,3,,2,006,"SR-99 S/B","ACAMPO RD",1056.00,S,N,A,-,Y,,,99,,,,,,S,Y,4,0,1,1,A,-,08,22107,,N,E,I,A,A,D,-,A,D,0,,,,,Y,,A,01,0,0,1,0,0,0,0,0,0,"- ","- ",38.172840000000001,-121.26246999999999,"SAN JOAQUIN",UNINCORPORATED,-121.26236331,38.172843159999999
90014509,2015,2015-10-19,9266,2015-09-02,1438,019670,,3,2,9,3900,0,1,1,,1,015,"I-205 E/B","PARADISE ROAD",1000.00,E,N,A,-,Y,,,205,,,,,,E,Y,4,0,1,2,A,-,03,22350,,N,C,C,A,A,H,-,A,D,0,,,,,Y,,A,01,0,0,1,0,0,0,0,0,0,"- ","- ",37.764859999999999,-121.37982,"SAN JOAQUIN",UNINCORPORATED,-121.37981993,37.764770900000002
90015343,2015,2015-10-19,9265,2015-08-17,1540,019413,,1,2,9,3900,0,1,1,,2,502,"I-5 S/B","LOUISE AVE",2640.00,S,N,A,-,Y,,,,,,,,,,Y,3,0,1,1,A,-,08,22107,,N,E,I,A,A,H,-,A,D,0,,,,,Y,,A,01,0,1,0,0,0,0,0,0,0,"- ","- ",37.80395,-121.29898,"SAN JOAQUIN",UNINCORPORATED,,
90015498,2015,2015-10-19,9265,2015-08-26,0550,018784,,3,3,9,3900,0,3,5,,2,060,"BRANDT ROAD","CLEMENTS ROAD",0.00,,Y,A,-,N,,,,,,,,,,Y,4,0,2,2,A,-,12,22450,A,N,D,C,A,A,H,-,D,A,0,,,,,Y,,A,01,0,0,2,0,0,0,0,0,0,"- ","- ",38.148040000000002,-121.07777,"SAN JOAQUIN",UNINCORPORATED,-121.07779999,38.148019900000001
90015836,2015,2015-10-19,9265,2015-08-20,1740,019803,,4,2,6,3905,0,1,1,,2,503,"I-5 N/B","8TH ST",300.00,S,N,A,-,Y,,,5,,,,,,N,N,4,0,1,2,A,-,03,22350,,N,C,C,A,A,H,-,A,D,0,,,,,Y,,A,01,0,0,1,0,0,0,0,0,0,"- ","- ",37.926020000000001,-121.29389999999999,"SAN JOAQUIN",STOCKTON,-121.29404400999999,37.925968050000002
90016285,2015,2015-10-19,9265,2015-08-25,2200,019178,,2,3,9,3900,0,1,1,,2,502,"I-5 S/B","LATHROP RD",0.00,,N,A,-,Y,,,5,,,,,,S,Y,4,0,1,2,A,-,08,22107,,N,D,C,A,A,H,-,D,D,0,,,,,Y,,A,01,0,0,1,0,0,0,0,0,0,"- ","- ",37.841419999999999,-121.28573,"SAN JOAQUIN",UNINCORPORATED,-121.28562048000001,37.841394719999997
90018166,2015,2015-10-19,9266,2015-09-11,1620,018330,,5,2,9,3900,0,2,4,,2,013,"BYRON ROAD","GRANT LINE ROAD",300.00,E,N,A,-,N,,,,,,,,,,Y,4,0,2,3,A,-,03,22350,,N,C,C,A,A,H,-,A,D,0,,,,,Y,,D,22,0,0,2,0,0,0,0,0,0,"- ","- ",37.75761,-121.49096,"SAN JOAQUIN",UNINCORPORATED,-121.48407303,37.753423069999997
90018464,2015,2015-10-19,9266,2015-09-11,0520,018888,,5,3,9,3900,0,2,4,,2,028,"SCHULTE ROAD","LAMMERS ROAD",4224.00,W,N,A,-,N,,,,,,,,,,Y,4,0,2,2,A,-,03,22350,,N,C,C,A,A,H,-,D,D,0,,,,,Y,,A,01,0,0,2,0,0,0,0,0,0,"- ","- ",37.431600000000003,-121.28149999999999,"SAN JOAQUIN",UNINCORPORATED,-121.49052023,37.721597029999998
90018927,2015,2015-10-19,9265,2015-09-13,0330,017021,,7,3,9,3900,0,3,5,,2,090,"WALNUT GROVE RD","MOKELUMNE RIVER",205.00,E,N,A,-,N,,,,,,,,,,Y,4,0,1,1,A,-,01,23152,A,N,E,I,A,A,H,-,C,D,0,,,,,Y,Y,A,07,0,0,1,0,0,0,0,0,0,"- ","- ",39.12238,-121.87563,"SAN JOAQUIN",UNINCORPORATED,-121.42600634999999,38.226175789999999
90022603,2015,2015-10-19,9266,2015-09-19,1550,018330,,6,2,9,3900,0,2,4,,2,030,"MOUNTAIN HOUSE PKWY","GRANT LINE ROAD",1240.00,N,N,A,-,N,,,,,,,,,,Y,3,0,1,2,A,-,03,22350,,N,C,C,A,A,C,-,A,D,0,,,,,Y,,A,01,0,1,0,0,0,0,0,0,0,"- ","- ",37.76153,-121.53161,"SAN JOAQUIN",UNINCORPORATED,-121.53172866,37.761355620000003
90022870,2015,2015-10-19,9265,2015-09-07,1220,019387,,1,1,6,3905,0,1,1,,2,503,"INTERSTATE 5 SOUTHBOUND",SR-4,0.00,,N,A,-,Y,,,5,,,,,,S,Y,4,0,1,2,A,-,03,22350,,N,E,I,A,A,D,-,A,D,0,,,,,Y,,A,07,0,0,1,0,0,0,0,0,0,"- ","- ",37.950299999999999,-121.3034,"SAN JOAQUIN",STOCKTON,-121.30342182,37.950257559999997
90024377,2015,2015-10-19,9265,2015-09-15,2110,017039,,2,2,9,3900,0,2,4,,1,072,"PERSHING AVE.","RIVARA RD.",0.00,,Y,A,-,N,,,,,,,,,,Y,3,0,1,2,A,-,09,21802,A,N,D,C,A,A,H,-,C,A,0,,,,,Y,,A,01,0,1,0,0,0,0,0,0,0,"- ","- ",38.125810000000001,-121.63818999999999,"SAN JOAQUIN",UNINCORPORATED,-121.32994988,38.01854994
90025287,2015,2015-10-19,9266,2015-09-25,1340,018888,,5,1,9,3900,0,1,1,,1,015,"I-205 E/B","MACARTHUR DRIVE",400.00,W,N,A,-,Y,,,,,,,,,,Y,4,0,1,3,A,-,07,21658,A,N,B,C,A,A,H,-,A,D,0,,,,,Y,,A,01,0,0,1,0,0,0,0,0,0,"- ","- ",37.763820000000003,-121.41757,"SAN JOAQUIN",UNINCORPORATED,-121.4161308,37.763920110000001
90025416,2015,2015-10-19,9265,2015-09-13,1100,019387,,7,1,6,3905,0,1,1,,2,504,"INTERSTATE 5 NORTHBOUND","HAMMER LANE",1584.00,N,N,A,-,Y,,,5,,,,,,N,Y,2,0,1,1,A,-,08,22107,,N,E,I,A,A,H,-,A,D,0,,,,,Y,,D,22,1,0,0,0,0,0,0,0,0,"- ","- ",38.0261,-121.3609,"SAN JOAQUIN",STOCKTON,-121.36095339000001,38.026073949999997
90025436,2015,2015-10-19,9265,2015-09-15,0610,019387,,2,1,9,3900,0,1,1,,2,502,"INTERSTATE 5 SOUTHBOUND","FRENCH CAMP ROAD",1056.00,S,N,A,-,Y,,,5,,,,,,S,Y,4,0,1,2,A,-,07,21658,A,N,B,C,A,A,H,-,D,D,0,,,,,Y,,A,01,0,0,1,0,0,0,0,0,0,"- ","- ",37.895099999999999,-121.2833,"SAN JOAQUIN",UNINCORPORATED,-121.28325977999999,37.895114579999998
90025618,2015,2015-10-19,9265,2015-09-11,0030,018850,,5,3,9,3900,0,2,4,,1,014,"MARIPOSA RD","BRENNAN RD",0.00,,Y,A,-,N,,,,,,,,,,Y,3,0,1,1,A,-,01,23152,A,N,F,A,A,A,H,-,D,D,0,,,,,Y,Y,A,01,0,1,0,0,0,0,0,0,0,"- ","- ",37.84375,-121.01621,"SAN JOAQUIN",UNINCORPORATED,-121.01650999,37.843929889999998
90026867,2015,2015-10-19,9265,2015-09-21,1247,018289,,1,1,9,3900,0,2,4,,1,053,"WILSON WAY","MCALLEN RD",2800.00,S,N,A,-,N,,,,,,,,,,Y,4,0,1,2,A,-,03,22350,,N,C,C,A,A,H,-,A,D,0,,,,,Y,,D,22,0,0,1,0,0,0,0,0,0,"- ","- ",37.593789999999998,-121.15555999999999,"SAN JOAQUIN",UNINCORPORATED,-121.26538366,37.993804339999997
90027637,2015,2015-10-19,9265,2015-09-24,0725,015490,,4,1,9,3900,0,1,3,,1,063,SR-12,"KENNISON LN",528.00,W,N,B,-,Y,,,,,,,,,,N,3,0,1,1,A,-,08,22107,,N,F,A,A,A,H,-,A,D,0,,,Y,,Y,,C,02,0,1,0,0,0,0,0,0,1,"- ","- ",38.8157,-121.14288000000001,"SAN JOAQUIN",UNINCORPORATED,,
90028371,2015,2015-10-19,9266,2015-10-03,2320,019312,,6,3,9,3900,0,3,5,,2,002,"KASSON ROAD","GREENWOOD ROAD",528.00,E,N,A,-,N,,,,,,,,,,Y,4,0,1,1,A,-,08,22107,,N,F,A,A,A,H,-,D,D,0,,,,,Y,,A,01,0,0,1,0,0,0,0,0,0,"- ","- ",37.652970000000003,-121.25789,"SAN JOAQUIN",UNINCORPORATED,-121.25769194,37.652786339999999
90028485,2015,2015-10-19,9265,2015-09-30,1005,013444,,3,1,9,3900,0,3,5,,2,060,"NAVONE ROAD","BOZZANO RAD",858.00,E,N,A,-,N,,,,,,,,,,N,3,0,1,2,A,-,09,21804,,N,D,C,A,A,H,-,A,D,0,,,,Y,Y,,D,22,0,1,0,0,0,0,0,0,0,"- ","- ",37.995930000000001,-121.21295000000001,"SAN JOAQUIN",UNINCORPORATED,-121.21348906,37.995780340000003
90028833,2015,2015-10-19,9266,2015-10-07,1610,013652,,3,2,9,3900,0,3,5,,2,001,"11TH ST. E/B","BIRD ROAD",0.00,,Y,A,-,N,,,,,,,,,,Y,3,0,1,2,A,-,12,21453,A,N,D,C,A,A,H,-,A,A,0,,,,,Y,,A,07,0,1,0,0,0,0,0,0,0,"- ","- ",37.745519999999999,-121.36178,"SAN JOAQUIN",UNINCORPORATED,-121.36178990000001,37.74593995
90035665,2015,2015-10-21,9266,2015-10-10,1300,015432,,6,1,9,3900,0,2,4,,2,020,"KASSON ROAD","I-5 S/B",1023.00,W,N,A,-,N,,,,,,,,,,Y,3,0,2,2,A,-,08,22107,,N,A,C,A,A,H,-,A,D,0,,,,,Y,,-,"- ",0,2,0,0,0,0,0,0,0,"- ","- ",37.75264,-121.35082,"SAN JOAQUIN",UNINCORPORATED,-121.3464725,37.7499593
90036193,2015,2015-11-24,9266,2015-10-16,1550,015969,,5,2,9,3900,0,1,1,,1,015,"I-205 E/B","MACARTHUR DRIVE",300.00,E,N,A,-,Y,,,,,,,,,,Y,4,0,1,2,A,-,07,21658,A,N,B,C,A,A,H,-,A,D,0,,,Y,,Y,,A,01,0,0,1,0,0,0,0,0,1,"- ","- ",37.764240000000001,-121.41354,"SAN JOAQUIN",UNINCORPORATED,-121.41375004,37.764272570000003
90039358,2015,2015-10-29,9265,2015-10-09,1810,019888,,5,2,3,3904,0,1,3,,2,001,"SR-99 S/B","JACK TONE RD",2000.00,N,N,A,-,Y,,,99,,,,,,S,Y,4,0,3,3,A,-,03,22350,,N,C,C,A,A,H,-,A,D,0,,,,,Y,,A,01,0,0,3,0,0,0,0,0,0,"- ","- ",37.757989999999999,-121.15267,"SAN JOAQUIN",RIPON,-121.15271992,37.757907439999997
90042382,2015,2015-11-02,9265,2015-10-11,2017,019774,,7,2,4,3903,0,1,3,,2,001,"SR-99 N/B","SR-120 E/B",1003.00,S,N,A,-,Y,,,99,,,,,,N,Y,4,0,1,2,A,-,03,22350,,N,D,E,A,A,H,-,D,D,0,,,,,Y,,A,01,0,0,1,0,0,0,0,0,0,"- ","- ",37.782229999999998,-121.18704,"SAN JOAQUIN",MANTECA,-121.18718489,37.782169199999998
90042888,2015,2015-11-02,9265,2015-10-18,0315,019136,,7,3,9,3900,0,3,5,,2,090,"KETTLEMAN LN","ALPINE RD",0.00,,Y,A,-,N,,,,,,,,,,Y,3,0,1,1,A,-,01,23152,A,N,E,I,A,A,H,-,D,D,0,,,,,Y,Y,A,01,0,1,0,0,0,0,0,0,0,"- ","- ",38.657209999999999,-121.12542000000001,"SAN JOAQUIN",UNINCORPORATED,-121.21504997,38.115949929999999
90043662,2015,2015-11-03,9265,2015-09-28,1030,018661,,1,1,9,3900,0,1,3,,2,003,"SR-99 S/B","MARIPOSA RD",800.00,S,N,A,-,Y,,,,,,,,,,Y,4,0,1,2,A,-,07,21658,A,N,B,C,A,A,D,-,A,D,0,,,,,Y,,A,01,0,0,1,0,0,0,0,0,0,"- ","- ",37.851799999999997,-121.8549,"SAN JOAQUIN",UNINCORPORATED,,
90044027,2015,2015-11-04,9265,2015-10-21,0535,019182,,3,3,9,3900,0,1,1,,2,502,"I-5 S/B","LOUIE AVE",4224.00,S,N,A,-,Y,,,,,,,,,,N,3,0,2,4,A,-,03,22350,,N,C,C,A,A,H,-,C,D,0,,,,,Y,,A,01,0,1,1,0,0,0,0,0,0,"- ","- ",38.801450000000003,-121.29957,"SAN JOAQUIN",UNINCORPORATED,,
90045445,2015,2015-11-05,9265,2015-10-21,1940,019136,,3,2,9,3900,0,3,5,,2,090,"KENNEFICK RD","PELTIER RD",0.00,,Y,A,-,N,,,,,,,,,,Y,3,0,1,2,A,-,12,22450,A,N,D,C,A,A,H,-,D,D,0,,,,,Y,,A,01,0,1,0,0,0,0,0,0,0,"- ","- ",38.189360000000001,-121.24396,"SAN JOAQUIN",UNINCORPORATED,-121.24402996000001,38.189030000000002
90045636,2015,2015-11-05,9265,2015-10-28,0920,013444,,3,1,9,3900,0,3,5,,2,060,"DUSTIN ROAD","COLLIER RD",1698.00,N,N,A,-,N,,,,,,,,,,Y,3,0,1,1,A,-,08,22107,,N,E,I,A,A,H,-,A,D,0,,,,,Y,,A,01,0,1,0,0,0,0,0,0,0,"- ","- ",38.223100000000002,-121.2266,"SAN JOAQUIN",UNINCORPORATED,-121.2266096,38.22308271
90047046,2015,2015-11-09,9265,2015-10-19,1900,019996,,1,2,9,3900,0,2,4,,1,014,"JACK TONE ROAD","FRENCH CAMP ROAD",1954.00,N,N,A,-,N,,,,,,,,,,Y,2,0,3,2,A,-,03,22350,,N,C,C,A,A,H,-,D,D,0,,,,,Y,,D,22,1,0,2,0,0,0,0,0,0,"- ","- ",37.4955,-121.084,"SAN JOAQUIN",UNINCORPORATED,-121.14454703,37.832152370000003
90048321,2015,2015-11-10,9265,2015-10-18,1040,019387,,7,1,9,3900,0,3,5,,2,020,"W/B FRENCH CAMP ROAD","HARLAN ROAD",0.00,,Y,A,-,N,,,,,,,,,,Y,3,0,1,2,A,-,03,22350,,N,C,C,A,A,H,-,A,A,0,,,,,Y,,D,22,0,1,0,0,0,0,0,0,0,"- ","- ",37.888300000000001,-121.2747,"SAN JOAQUIN",UNINCORPORATED,-121.27475993,37.88842004
90048347,2015,2015-11-10,9265,2015-10-11,1400,019387,,7,2,9,3900,0,1,1,,2,502,"INTERSTATE 5 NORTHBOUND","HOSPITAL ROAD",155.00,S,N,A,-,Y,,,5,,,,,,N,Y,2,0,1,2,A,-,03,22350,,N,G,B,D,A,H,-,A,D,0,Y,,,,Y,Y,A,01,1,0,0,0,1,0,0,0,0,"- ","- ",37.885199999999998,-121.2794,"SAN JOAQUIN",UNINCORPORATED,-121.27934189,37.885218969999997
90053301,2015,2015-11-18,9266,2015-11-06,0445,019730,,5,3,9,3900,0,1,1,,2,014,"I-205 W/B","MOUNTAIN HOUSE PKWY",500.00,E,N,A,-,Y,,,205,,,,,,W,Y,4,0,1,3,A,-,03,22350,,N,C,C,A,A,H,-,D,D,0,,,,,Y,,A,08,0,0,1,0,0,0,0,0,0,"- ","- ",37.742139999999999,-121.52565,"SAN JOAQUIN",UNINCORPORATED,-121.52564563,37.74221215
90053393,2015,2015-11-18,9266,2015-11-14,0525,019012,,6,3,2,3920,0,1,1,,2,024,"I-5 S/B","SAN JOAQUIN RIVER BRIDGE",300.00,S,N,E,-,Y,,,5,,,,,,S,Y,4,0,2,2,A,-,03,22350,,N,D,C,A,A,H,-,D,D,0,,,,,Y,,A,01,0,0,2,0,0,0,0,0,0,"- ","- ",37.785089999999997,-121.30745,"SAN JOAQUIN",LATHROP,-121.30728274000001,37.78482211
90053549,2015,2015-11-18,9265,2015-10-30,0715,013465,,5,1,9,3900,0,1,3,,2,003,"SR-99 N/B","MAIN ST",289.00,S,N,A,-,Y,,,,,,,,,,Y,4,0,1,1,A,-,08,22107,,N,E,I,A,A,H,-,A,D,0,,,,,Y,,A,01,0,0,1,0,0,0,0,0,0,"- ","- ",37.571219999999997,-121.14194000000001,"SAN JOAQUIN",UNINCORPORATED,-121.23871437,37.953444099999999
90054486,2015,2015-11-19,9265,2015-11-02,0715,019387,,1,1,6,3905,0,1,1,,2,503,"INTERSTATE 5 NORTHBOUND","PERSHING AVENUE",528.00,N,N,C,-,Y,,,5,,,,,,N,Y,4,0,2,2,A,-,03,22350,,N,E,I,A,B,D,-,A,D,0,,,,Y,Y,,D,22,0,0,2,0,0,0,0,0,0,"- ","- ",37.956099999999999,-121.3163,"SAN JOAQUIN",STOCKTON,-121.31631077,37.955981719999997
90054580,2015,2015-11-19,9265,2015-09-22,0730,018661,,2,1,9,3900,0,1,3,,2,003,"SR-99 N/B","FARMINGTON RD",400.00,S,N,A,-,Y,,,,,,,,,,Y,3,0,1,6,A,-,03,22350,,N,C,C,A,A,D,-,A,D,0,,,,,Y,,E,22,0,1,0,0,0,0,0,0,0,"- ","- ",37.940240000000003,-121.23287000000001,"SAN JOAQUIN",UNINCORPORATED,-121.23466707,37.940146540000001
90057097,2015,2015-11-23,9265,2015-11-09,1250,018477,,1,1,3,3904,0,1,3,,2,001,"SR-99 N/B","MAIN STREET",460.00,S,N,B,C,Y,,,99,,,,,,N,Y,4,0,1,2,A,-,03,22350,,N,B,C,A,B,H,-,A,D,0,,,,Y,Y,,D,22,0,0,1,0,0,0,0,0,0,"- ","- ",37.738779999999998,-121.11991,"SAN JOAQUIN",RIPON,-121.11990480999999,37.738786189999999
90057745,2015,2015-11-23,9265,2015-11-03,1545,018047,,2,2,9,3900,0,3,5,,2,030,"MATHEWS RD","HARLAN RD",0.00,,Y,A,-,N,,,,,,,,,,N,2,0,1,2,A,-,09,21801,A,N,D,G,A,A,H,-,A,A,0,,Y,,,Y,,I,11,1,0,0,0,0,0,1,0,0,"- ","- ",37.529000000000003,-121.16494,"SAN JOAQUIN",UNINCORPORATED,-121.27481988,37.881749890000002
90059088,2015,2015-11-24,9265,2015-10-27,1540,018289,,2,2,9,3900,0,1,3,,2,006,"STATE ROUTE 99 SOUTHBOUND","ACAMPO ROAD",2235.00,N,N,B,-,Y,,,99,,,,,,S,Y,3,0,1,1,A,-,08,22107,,N,E,I,A,A,H,-,A,D,0,,,,,Y,,D,22,0,1,0,0,0,0,0,0,0,"- ","- ",38.180880000000002,-121.26278000000001,"SAN JOAQUIN",UNINCORPORATED,-121.26260315,38.180884589999998
9006090,2019,2020-02-18,3902,2019-12-18,1125,67,,3,5,5,3902,0,0,0,,0,,"SOUTH CHEROKEE LN","DELORES ST",0.00,,Y,C,-,N,,,,,,,,,,N,4,0,4,3,A,-,09,21802,A,N,D,C,A,B,H,-,A,D,0,,,,Y,Y,,A,01,0,0,4,0,0,0,0,0,0,"- ","- ",,,"SAN JOAQUIN",LODI,-121.26049041748047,38.12091064453125
90061451,2015,2015-11-30,9265,2015-10-31,0225,019136,,6,3,5,3902,0,1,3,,2,004,"SR-99 S/B","HARNEY LN",260.00,N,N,B,-,Y,,,,,,,,,,Y,3,0,2,1,A,-,01,23152,A,N,E,I,A,A,H,-,D,D,0,,,,,Y,Y,A,01,0,2,0,0,0,0,0,0,0,"- ","- ",38.678800000000003,-121.1536,"SAN JOAQUIN",LODI,-121.26025552999999,38.102323990000002
90063614,2015,2015-12-09,9265,2015-12-01,1806,019774,,2,2,6,3905,0,1,1,,2,503,"I-5 N/B","EIGHTH STREET",60.00,N,N,A,-,Y,,,5,,,,,,N,Y,4,0,1,2,A,-,01,23152,A,N,D,C,A,A,H,-,C,D,0,,,,,Y,Y,A,01,0,0,1,0,0,0,0,0,0,"- ","- ",37.927100000000003,-121.29425000000001,"SAN JOAQUIN",STOCKTON,-121.29442917999999,37.927035230000001
90066640,2015,2015-12-07,9265,2015-11-22,1840,016661,,7,2,9,3900,0,1,1,,2,502,"I-5 N/B","MATHEWS RD",370.00,S,N,A,-,Y,,,5,,,,,,N,Y,3,0,1,2,A,-,01,23152,A,N,B,C,A,A,H,-,D,D,0,,,Y,,Y,Y,C,02,0,1,0,0,0,0,0,0,1,"- ","- ",37.881320000000002,-121.27845000000001,"SAN JOAQUIN",UNINCORPORATED,-121.27857142000001,37.881301669999999
90067027,2015,2015-12-07,9265,2015-11-13,1830,019888,,5,2,6,3905,0,1,1,,2,503,"I-5 N/B","FRENCH CAMP RD",4500.00,N,N,A,-,Y,,,5,,,,,,N,Y,4,0,2,3,A,-,03,22350,,N,C,C,A,A,H,-,B,D,0,,,,,Y,,A,01,0,0,2,0,0,0,0,0,0,"- ","- ",37.906379999999999,-121.28712,"SAN JOAQUIN",STOCKTON,-121.28699606000001,37.906424680000001
90067407,2015,2015-12-08,9265,2015-11-09,1035,018047,,1,1,2,3920,0,1,1,,2,502,"I-5 S/B","SR-120 W/B",50.00,N,N,B,C,Y,,,5,,,,,,S,Y,4,0,1,1,A,-,03,22350,,N,E,I,A,B,H,-,A,D,0,,,,Y,Y,,G,25,0,0,1,0,0,0,0,0,0,"- ","- ",37.788469999999997,-121.30262999999999,"SAN JOAQUIN",LATHROP,-121.30252589,37.788386340000002
90069069,2015,2015-12-09,9265,2015-11-18,1158,018590,,3,1,9,3900,0,1,1,,2,505,"I-5 N/B","WALNUT GROVE RD",528.00,S,N,A,-,Y,,,5,,,,,,N,Y,4,0,1,4,A,-,04,21703,,N,B,C,A,A,H,-,A,D,0,,,,Y,Y,,M,47,0,0,1,0,0,0,0,0,0,"- ","- ",38.22383,-121.42898,"SAN JOAQUIN",UNINCORPORATED,-121.42899785,38.223817339999997
90069845,2015,2015-12-10,9265,2015-11-19,1430,016639,,4,2,2,3920,0,1,1,,2,502,"I-5 S/B",SR-120,100.00,N,N,A,-,Y,,,,,,,,,,N,4,0,1,2,A,-,07,21658,,N,B,C,A,A,H,-,A,D,0,,,,,Y,,A,01,0,0,1,0,0,0,0,0,0,"- ","- ",37.786670000000001,-121.30271,"SAN JOAQUIN",LATHROP,,
90073111,2015,2015-12-15,9266,2015-12-02,1205,012723,,3,1,9,3900,0,3,5,,2,002,"KOSTER RD",SR-132,150.00,S,N,B,-,N,,,,,,,,,,Y,3,0,1,1,A,-,03,22350,,N,F,A,A,A,H,-,A,D,0,,,,Y,Y,,G,25,0,1,0,0,0,0,0,0,0,"- ","- ",37.458449999999999,-121.84569,"SAN JOAQUIN",UNINCORPORATED,-121.32434609000001,37.637598619999999
90073362,2015,2015-12-15,9266,2015-12-11,1005,014717,,5,1,9,3900,0,2,4,,2,018,"VON SOSTEN RD","CURRIER DR",0.00,,Y,A,-,N,,,,,,,,,,Y,3,0,2,3,A,-,09,21801,A,N,D,C,A,A,H,-,A,D,0,,,,,Y,,A,07,0,1,1,0,0,0,0,0,0,"- ","- ",37.750790000000002,-121.50466,"SAN JOAQUIN",UNINCORPORATED,-121.5047399,37.750779979999997
90073364,2015,2015-12-15,9265,2015-12-07,0639,018488,,1,1,9,3900,0,1,3,,1,062,SR-88,"FAIRCHILD RD",0.00,,Y,A,-,Y,,,88,,,,,,,Y,4,0,1,2,A,-,09,21802,A,N,D,C,A,A,H,-,C,A,0,,,,,Y,,A,01,0,0,1,0,0,0,0,0,0,"- ","- ",38.005389999999998,-121.21926000000001,"SAN JOAQUIN",UNINCORPORATED,-121.21924808999999,38.005377279999998
90076277,2015,2015-12-17,9266,2015-12-12,0700,015432,,6,1,9,3900,0,2,4,,2,020,"KASSON ROAD","DURHAM FERRY ROAD",2640.00,N,N,A,-,N,,,,,,,,,,Y,4,0,1,1,A,-,08,22107,,N,E,I,A,A,H,-,B,D,0,,,,,Y,,A,01,0,0,1,0,0,0,0,0,0,"- ","- ",37.678319999999999,-121.27970000000001,"SAN JOAQUIN",UNINCORPORATED,-121.27881530000001,37.677728569999999
90083019,2015,2015-12-28,9265,2015-12-22,0602,018047,,2,1,2,3920,0,1,1,,2,502,"I-5 S/B","LATHROP RD",3960.00,N,N,A,-,Y,,,5,,,,,,S,Y,4,0,2,4,A,-,03,22350,,N,C,C,A,B,H,-,D,A,0,,,,,Y,,A,01,0,0,2,0,0,0,0,0,0,"- ","- ",37.831090000000003,-121.28816999999999,"SAN JOAQUIN",LATHROP,-121.28837028,37.831167979999996
90089516,2015,2016-01-06,9265,2015-09-14,0225,016661,,1,3,9,3900,0,1,3,,1,062,SR-88,"DISCH RD",3168.00,W,N,A,-,Y,,,88,,,,,,,N,2,0,1,2,C,-,18,,,F,G,B,E,A,H,-,D,D,0,Y,,,,Y,Y,-,"- ",1,0,0,0,1,0,0,0,0,"- ","- ",38.174909999999997,-121.12354000000001,"SAN JOAQUIN",UNINCORPORATED,-121.12354266,38.174916240000002
90092297,2015,2016-01-11,9265,2015-12-31,2218,#13193,,4,3,9,3900,0,3,5,,2,090,"PELTIER RD","RAY RD",0.00,,Y,A,-,N,,,,,,,,,,Y,4,0,1,2,A,-,01,23152,A,N,D,C,A,A,H,-,C,A,0,,,,,Y,Y,A,01,0,0,1,0,0,0,0,0,0,"- ","- ",38.113610000000001,-121.22336,"SAN JOAQUIN",UNINCORPORATED,-121.37223994999999,38.189350060000002
90094245,2015,2016-01-13,9265,2015-12-11,0210,019073,,5,3,9,3900,0,2,4,,1,065,"SR-99 EAST FRONTAGE ROAD","TUDOR ROSE GLEN",520.00,N,N,C,-,N,,,,,,,,,,N,3,0,1,2,A,-,03,22350,,N,B,G,A,B,H,-,C,D,0,,Y,,Y,Y,Y,G,27,0,1,0,0,0,0,1,0,0,"- ","- ",38.054490000000001,-121.25827,"SAN JOAQUIN",UNINCORPORATED,-121.25891184,38.053885809999997
90094824,2015,2016-01-13,9265,2015-12-27,1550,019387,,7,2,9,3900,0,1,3,,1,041,SR-4,"BACON ISLAND ROAD",5280.00,W,N,B,-,Y,,,4,,,,,,,Y,3,0,1,1,A,-,08,22107,,N,E,I,A,A,H,-,A,D,0,,,,,Y,,A,01,0,1,0,0,0,0,0,0,0,"- ","- ",37.911900000000003,-121.45010000000001,"SAN JOAQUIN",UNINCORPORATED,-121.45009577,37.911896609999999