CASE_ID,ACCIDENT_YEAR,PROC_DATE,JURIS,COLLISION_DATE,COLLISION_TIME,OFFICER_ID,REPORTING_DISTRICT,DAY_OF_WEEK,CHP_SHIFT,POPULATION,CNTY_CITY_LOC,SPECIAL_COND,BEAT_TYPE,CHP_BEAT_TYPE,CITY_DIVISION_LAPD,CHP_BEAT_CLASS,BEAT_NUMBER,PRIMARY_RD,SECONDARY_RD,DISTANCE,DIRECTION,INTERSECTION,WEATHER_1,WEATHER_2,STATE_HWY_IND,CALTRANS_COUNTY,CALTRANS_DISTRICT,STATE_ROUTE,ROUTE_SUFFIX,POSTMILE_PREFIX,POSTMILE,LOCATION_TYPE,RAMP_INTERSECTION,SIDE_OF_HWY,TOW_AWAY,COLLISION_SEVERITY,NUMBER_KILLED,NUMBER_INJURED,PARTY_COUNT,PRIMARY_COLL_FACTOR,PCF_CODE_OF_VIOL,PCF_VIOL_CATEGORY,PCF_VIOLATION,PCF_VIOL_SUBSECTION,HIT_AND_RUN,TYPE_OF_COLLISION,MVIW,PED_ACTION,ROAD_SURFACE,ROAD_COND_1,ROAD_COND_2,LIGHTING,CONTROL_DEVICE,CHP_ROAD_TYPE,PEDESTRIAN_ACCIDENT,BICYCLE_ACCIDENT,MOTORCYCLE_ACCIDENT,TRUCK_ACCIDENT,NOT_PRIVATE_PROPERTY,ALCOHOL_INVOLVED,STWD_VEHTYPE_AT_FAULT,CHP_VEHTYPE_AT_FAULT,COUNT_SEVERE_INJ,COUNT_VISIBLE_INJ,COUNT_COMPLAINT_PAIN,COUNT_PED_KILLED,COUNT_PED_INJURED,COUNT_BICYCLIST_KILLED,COUNT_BICYCLIST_INJURED,COUNT_MC_KILLED,COUNT_MC_INJURED,PRIMARY_RAMP,SECONDARY_RAMP,LATITUDE,LONGITUDE,COUNTY,CITY,POINT_X,POINT_Y
91817346,2022,2022-07-14,9266,2022-07-02,1240,015029,,6,1,9,3900,0,2,4,,1,023,"LINNE ROAD","DEPOT MASTER DRIVE",0.00,,Y,A,-,N,,,,,,,,,,N,3,0,1,2,A,-,03,22350,,N,B,C,A,A,H,-,A,D,0,,,,,Y,,A,01,0,1,0,0,0,0,0,0,0,"- ","- ",37.414600372314453,-121.24220275878906,"SAN JOAQUIN",UNINCORPORATED,-121.40640258789062,37.696140289306641
91818013,2022,2022-07-15,9265,2022-07-02,1033,022356,,6,1,9,3900,0,1,3,,1,063,SR-12,"BLOSSOM CT",150.00,W,N,A,-,Y,SJ,,88,,,13.214,H,,L,Y,4,0,1,2,A,-,08,22107,,N,D,C,A,A,H,-,A,D,0,,,,,Y,,A,07,0,0,1,0,0,0,0,0,0,"- ","- ",38.151859283447266,-121.15669250488281,"SAN JOAQUIN",UNINCORPORATED,-121.15673828125,38.151863098144531
91818278,2022,2022-07-15,9265,2022-07-03,1735,022134,,7,2,9,3900,0,2,4,,1,093,"WOODBRIDGE RD","LOWER SACRAMENTO RD",4327.00,E,N,A,-,N,,,,,,,,,,Y,2,0,1,2,A,-,01,23152,A,F,C,C,A,A,H,-,A,D,0,,,,,Y,Y,D,22,1,0,0,0,0,0,0,0,0,"- ","- ",38.160209655761719,-121.27996826171875,"SAN JOAQUIN",UNINCORPORATED,-121.28031921386719,38.160198211669922
91822186,2022,2022-07-21,9266,2022-07-14,0830,020599,,4,1,9,3900,0,3,5,,2,003,"DE ANZA BLVD","MONTEBELLO ST",0.00,,Y,A,-,N,,,,,,,,,,Y,3,0,2,2,A,-,09,21802,A,N,D,C,A,A,H,-,A,A,0,,,,,Y,,A,07,0,2,0,0,0,0,0,0,0,"- ","- ",37.858669281005859,-121.55181121826172,"SAN JOAQUIN",UNINCORPORATED,-121.55181884765625,37.785762786865234
91822271,2022,2022-07-21,9265,2022-07-10,2145,022315,,7,2,9,3900,0,2,4,,1,031,"FRENCH CAMP RD.","SR-99 S/B TO FRENCH CAMP RD. OFF RAMP",70.00,W,N,A,-,N,,,,,,,,,,N,3,0,1,2,A,-,01,23152,A,M,B,C,A,A,H,-,D,D,0,,,,,Y,Y,A,01,0,1,0,0,0,0,0,0,0,"- ","- ",37.860530853271484,-121.22067260742188,"SAN JOAQUIN",UNINCORPORATED,,
91823236,2022,2022-07-22,9266,2022-07-15,2103,021704,,5,2,9,3900,0,1,1,,1,015,"I-205 E/B","PARADISE DR",528.00,E,N,A,-,Y,SJ,,205,,R,9.748,H,,R,N,4,0,1,2,A,-,03,22350,,N,B,C,A,A,H,-,D,D,0,,,Y,,Y,,C,02,0,0,1,0,0,0,0,0,1,"- ","- ",37.764789581298828,-121.38552856445312,"SAN JOAQUIN",UNINCORPORATED,-121.38552856445312,37.764755249023438
91824131,2022,2022-07-25,9266,2022-07-10,1430,021822,,7,2,9,3900,0,2,4,,1,016,"11TH STREET","LOVELY ROAD",375.00,E,N,A,-,N,,,,,,,,,,Y,4,0,1,2,A,-,17,21461,A,M,B,C,A,A,H,-,A,A,0,,,,,Y,,-,"- ",0,0,1,0,0,0,0,0,0,"- ","- ",37.74066162109375,-121.36872863769531,"SAN JOAQUIN",UNINCORPORATED,-121.36833953857422,37.741130828857422
91825012,2022,2022-07-26,9265,2022-07-14,0940,022365,,4,1,9,3900,0,3,5,,2,020,"WEST RIPON RD","AUSTIN ROAD",108.00,S,N,A,-,N,,,,,,,,,,Y,3,0,1,2,A,-,03,22350,,N,C,C,A,A,H,-,A,D,0,,,,,Y,,A,01,0,1,0,0,0,0,0,0,0,"- ","- ",37.739089965820312,-121.1787109375,"SAN JOAQUIN",UNINCORPORATED,-121.17871856689453,37.739429473876953
91825262,2022,2022-07-26,9266,2022-07-19,0545,021471,,2,3,9,3900,0,2,4,,1,012,"TRACY BLVD","CLIFTON COURT RD",3696.00,S,N,B,-,N,,,,,,,,,,N,4,0,1,1,A,-,08,22107,,N,F,A,A,A,H,-,B,D,0,,,,,Y,,A,01,0,0,1,0,0,0,0,0,0,"- ","- ",37.863620758056641,-121.45227813720703,"SAN JOAQUIN",UNINCORPORATED,-121.45037078857422,37.832599639892578
91826280,2022,2022-07-27,9265,2022-05-26,1012,019073,,4,1,9,3900,0,3,5,,2,010,"RIVER RD","EUGENIA AVE",132.00,E,N,A,-,N,,,,,,,,,,Y,1,1,0,1,A,-,01,23152,F,N,E,I,A,A,H,-,A,D,0,,,,,Y,,A,07,0,0,0,0,0,0,0,0,0,"- ","- ",37.761211395263672,-121.11467742919922,"SAN JOAQUIN",UNINCORPORATED,-121.11476135253906,37.761241912841797
91826814,2022,2022-07-28,9465,2022-07-23,0614,018955,,6,1,9,3900,0,1,3,,2,012,"STATE ROUTE 132 (MAZE BOULEVARD)","HART ROAD",227.00,E,N,A,-,Y,STA,,132,,,8.425,H,,R,Y,3,0,3,2,A,-,05,21460,A,N,D,C,A,A,H,-,A,D,0,,,,,Y,,A,01,0,3,0,0,0,0,0,0,0,"- ","- ",37.637901306152344,-121.121337890625,"SAN JOAQUIN",UNINCORPORATED,-121.121337890625,37.637912750244141
91831615,2022,2022-08-02,9265,2022-07-21,1617,021830,,4,2,9,3900,0,3,5,,2,050,SR-4,"GILLIS RD",3749.00,E,N,A,-,Y,SJ,,4,,R,22.306,H,,R,N,3,0,4,1,A,-,08,22107,,N,F,I,A,A,H,-,A,D,0,,,,,Y,,A,07,0,3,1,0,0,0,0,0,0,"- ","- ",37.951950073242188,-121.18940734863281,"SAN JOAQUIN",UNINCORPORATED,-121.18940734863281,37.951995849609375
91832323,2022,2022-08-03,9266,2022-07-11,0145,020279,,1,3,9,3900,0,3,5,,2,003,"GREAT VALLEY PARKWAY","GRANT LINE RD",0.00,,Y,A,-,N,,,,,,,,,,Y,3,0,1,1,A,-,01,23152,A,M,E,I,A,A,H,-,D,A,0,,,,,Y,Y,A,01,0,1,0,0,0,0,0,0,0,"- ","- ",37.756061553955078,-121.55722045898438,"SAN JOAQUIN",UNINCORPORATED,-121.55724334716797,37.756168365478516
91832997,2022,2022-08-04,9265,2022-07-24,2115,020785,,7,2,9,3900,0,2,4,,1,074,"BENJAMIN HOLT DR.","ALEXANDRIA PL.",460.00,E,N,A,-,N,,,,,,,,,,N,4,0,1,1,A,-,01,23152,A,M,E,J,A,A,H,-,C,D,0,,,,,Y,Y,A,01,0,0,1,0,0,0,0,0,0,"- ","- ",38.005180358886719,-121.34028625488281,"SAN JOAQUIN",UNINCORPORATED,-121.33732604980469,38.006252288818359
91834159,2022,2022-10-24,9266,2022-07-26,1900,021774,,2,2,9,3900,0,3,5,,2,003,"S TRADITION ST","MUELA RANCH RD",50.00,N,N,A,-,N,,,,,,,,,,N,3,0,1,3,A,-,11,21955,,N,G,B,D,A,H,-,A,D,0,Y,,,,Y,,N,60,0,1,0,0,1,0,0,0,0,"- ","- ",37.756031036376953,-121.54277801513672,"SAN JOAQUIN",UNINCORPORATED,,
9183687,2020,2020-12-14,3905,2020-10-25,1700,2536,LAK,7,5,6,3905,0,0,0,,0,,"HAMMER LN","EL DORADO ST",752.00,E,N,A,-,N,,,,,,,,,,N,4,0,1,3,A,-,07,21658,A,F,B,C,A,A,H,-,A,A,0,,,,,Y,Y,A,01,0,0,1,0,0,0,0,0,0,"- ","- ",38.020610809326172,-121.31556701660156,"SAN JOAQUIN",STOCKTON,-121.31520080566406,38.021011352539062
91837583,2022,2022-08-10,9266,2022-08-03,0740,021241,,3,1,9,3900,0,1,1,,2,014,"I-205 W/B","HANSEN RD",1320.00,W,N,A,-,Y,SJ,,205,,,2.119,H,,L,Y,2,0,3,2,A,-,03,22350,,N,C,C,A,A,H,-,A,D,0,,,,,Y,,A,01,1,1,1,0,0,0,0,0,0,"- ","- ",37.74169921875,-121.51805877685547,"SAN JOAQUIN",UNINCORPORATED,-121.51805877685547,37.741729736328125
91840466,2022,2022-08-15,9265,2022-07-30,2215,020071,,6,3,9,3900,0,1,3,,2,025,"SR-120 E/B","MAIN ST",1800.00,W,N,A,-,Y,SJ,,120,,R,4.966,H,,R,Y,4,0,1,2,A,-,03,22350,,N,C,C,A,A,H,-,D,D,0,,,,,Y,,A,07,0,0,1,0,0,0,0,0,0,"- ","- ",37.783180236816406,-121.22216033935547,"SAN JOAQUIN",UNINCORPORATED,-121.22216033935547,37.783180236816406
91842189,2022,2022-08-17,9265,2022-07-29,0650,015490,,5,1,9,3900,0,1,3,,1,062,SR-88,"EIGHT MILE RD.",2640.00,E,N,B,-,Y,SJ,,88,,,7.067,H,,R,N,4,0,1,1,A,-,08,22107,,N,E,I,A,A,H,-,A,D,0,,,,,Y,,A,01,0,0,1,0,0,0,0,0,0,"- ","- ",38.066009521484375,-121.18891906738281,"SAN JOAQUIN",UNINCORPORATED,-121.18901062011719,38.066009521484375
91843787,2022,2022-08-18,9266,2022-08-11,0358,021241,,4,3,5,3906,0,1,1,,1,015,"I-205 W/B",MACARTHUR,1320.00,W,N,A,-,Y,,,,,,,,,,Y,4,0,1,3,A,-,07,21658,,N,B,C,A,A,H,-,D,D,0,,,,Y,Y,,A,01,0,0,1,0,0,0,0,0,0,"- ","- ",37.763828277587891,-121.42099761962891,"SAN JOAQUIN",TRACY,-121.42094421386719,37.763481140136719
91844415,2022,2022-08-19,9265,2022-08-09,1337,018289,,2,1,9,3900,0,2,4,,1,053,"WATERLOO ROAD","SUTRO AVENUE",0.00,,Y,A,-,N,,,,,,,,,,Y,4,0,2,2,A,-,09,21801,A,N,A,C,A,A,H,-,A,D,0,,,,,Y,,A,01,0,0,2,0,0,0,0,0,0,"- ","- ",37.981208801269531,-121.25533294677734,"SAN JOAQUIN",UNINCORPORATED,-121.25546264648438,37.981151580810547
91844544,2022,2022-08-19,9265,2022-07-30,1215,018836,,6,1,9,3900,0,2,4,,1,051,"ORO ST","MYRTLE ST",75.00,N,N,A,-,N,,,,,,,,,,N,4,0,1,2,A,-,11,21954,A,N,G,B,D,A,H,-,A,D,0,Y,,,,Y,,N,60,0,0,1,0,1,0,0,0,0,"- ","- ",37.966011047363281,-121.23886871337891,"SAN JOAQUIN",UNINCORPORATED,-121.23883819580078,37.965965270996094
91848604,2022,2022-08-25,9266,2022-07-02,0330,021241,,6,3,9,3900,0,1,3,,1,011,SR-4,"OLD RIVER BRIDGE",2.00,W,N,A,-,Y,SJ,,4,,,4.428,H,,R,Y,1,1,0,2,A,-,01,23152,A,N,E,I,A,A,H,-,D,D,0,,,,Y,Y,Y,A,01,0,0,0,0,0,0,0,0,0,"- ","- ",37.891189575195312,-121.48992919921875,"SAN JOAQUIN",UNINCORPORATED,-121.48992919921875,37.891193389892578
91848673,2022,2022-08-25,9265,2022-08-13,1148,018836,,6,1,9,3900,0,1,3,,2,001,"SR-99 N/B","MAIN ST",2957.00,S,N,A,-,Y,SJ,,99,,,0.305,H,,R,Y,4,0,1,1,A,-,01,23152,A,N,E,I,A,A,H,-,A,D,0,,,,,Y,Y,D,22,0,0,1,0,0,0,0,0,0,"- ","- ",37.733638763427734,-121.11392974853516,"SAN JOAQUIN",UNINCORPORATED,-121.11385345458984,37.733695983886719
91852205,2022,2022-08-29,9265,2022-08-17,0625,015490,,3,1,9,3900,0,3,5,,2,090,"SR99 W. FRONTAGE RD.","JAHANT RD.",0.00,,Y,A,-,N,,,,,,,,,,N,4,0,1,1,A,-,03,22350,,N,F,I,A,A,H,-,A,D,0,,,,,Y,,A,01,0,0,1,0,0,0,0,0,0,"- ","- ",38.203769683837891,-121.26403045654297,"SAN JOAQUIN",UNINCORPORATED,,
91854541,2022,2022-08-31,9265,2022-08-25,0140,022422,,4,3,9,3900,0,1,1,,2,505,"I-5 S/B","CHURCH STREET",800.00,N,N,A,-,Y,SJ,,5,,,26.135,H,,L,N,3,0,1,1,A,-,01,23152,A,M,E,8,A,A,H,-,C,D,0,,,,,Y,Y,A,01,0,1,0,0,0,0,0,0,0,"- ","- ",37.947589874267578,-121.30037689208984,"SAN JOAQUIN",UNINCORPORATED,-121.30031585693359,37.947620391845703
91855189,2022,2022-09-01,9265,2022-08-06,0307,022422,,6,3,9,3900,0,1,1,,2,504,"ARCH AIRPORT ROAD","FRENCH CAMP ROAD",1000.00,E,N,A,-,N,,,,,,,,,,N,3,0,1,1,A,-,08,22107,,M,F,A,A,A,H,-,C,D,0,,,Y,,Y,,C,02,0,1,0,0,0,0,0,0,1,"- ","- ",37.895278930664062,-121.27731323242188,"SAN JOAQUIN",UNINCORPORATED,-121.27654266357422,37.895275115966797
91857306,2022,2022-09-05,9265,2022-08-09,0918,017405,,2,1,9,3900,0,3,5,,2,010,"RIVER RD.","BRENNAN RD.",480.00,E,N,A,-,N,,,,,,,,,,Y,4,0,1,1,A,-,08,22107,,N,E,I,A,A,H,-,A,D,0,,,,,Y,,A,07,0,0,1,0,0,0,0,0,0,"- ","- ",37.757171630859375,-121.01236724853516,"SAN JOAQUIN",UNINCORPORATED,-121.01242065429688,37.757301330566406
91858934,2022,2022-09-07,9265,2022-08-09,1830,019139,,2,2,9,3900,0,2,4,,1,082,"ALPINE AVE","DELAWARE AVE",0.00,,Y,A,-,N,,,,,,,,,,N,4,0,1,2,D,-,00,,,N,D,C,A,A,H,-,A,A,0,,,Y,,Y,,-,"- ",0,0,1,0,0,0,0,0,1,"- ","- ",37.971611022949219,-121.33297729492188,"SAN JOAQUIN",UNINCORPORATED,-121.33290863037109,37.971611022949219
91858958,2022,2022-09-07,9265,2022-08-13,1842,021830,,6,2,9,3900,0,3,5,,2,030,"POCK LN","CARPENTER RD",824.00,N,N,D,-,N,,,,,,,,,,N,2,0,3,3,A,-,03,22350,,N,D,C,A,A,H,-,A,D,0,,,Y,,Y,,C,02,1,1,1,0,0,0,0,0,1,"- ","- ",37.924041748046875,-121.24285125732422,"SAN JOAQUIN",UNINCORPORATED,-121.24282073974609,37.923995971679688
91862287,2022,2022-09-12,9265,2022-08-30,0135,022042,,2,3,9,3900,0,2,4,,1,053,"WILSON WAY","MCALLEN ROAD",500.00,S,N,A,-,N,,,,,,,,,,N,2,0,1,2,A,-,08,22107,,F,G,B,E,A,H,-,D,D,0,Y,,,,Y,,-,99,1,0,0,0,1,0,0,0,0,"- ","- ",37.999118804931641,-121.26117706298828,"SAN JOAQUIN",UNINCORPORATED,-121.26125335693359,37.999198913574219
91863277,2022,2022-09-13,9265,2022-08-31,0540,018836,,3,3,9,3900,0,2,4,,1,051,"ORO AVE","MAIN ST",203.00,S,N,A,-,N,,,,,,,,,,N,2,0,1,2,A,-,11,21954,A,N,G,B,D,A,H,-,D,D,0,Y,,,,Y,Y,N,60,1,0,0,0,1,0,0,0,0,"- ","- ",37.953361511230469,-121.23397827148438,"SAN JOAQUIN",UNINCORPORATED,-121.23403930664062,37.953433990478516
91865556,2022,2022-09-15,9465,2022-09-02,1805,019182,,5,2,9,3900,0,3,5,,2,010,"TULLY RD","ST FRANCIS AVE",0.00,,Y,A,-,N,,,,,,,,,,Y,4,0,2,2,A,-,09,21801,A,N,A,C,A,A,H,-,A,D,0,,,,,Y,,A,07,0,0,2,0,0,0,0,0,0,"- ","- ",37.722080230712891,-121.01332092285156,"SAN JOAQUIN",UNINCORPORATED,,
91866648,2022,2022-09-16,9265,2022-09-04,2305,022315,,7,3,9,3900,0,3,5,,2,060,SR-88,"E. EIGHT MILE RD.",2500.00,N,N,A,-,Y,SJ,,88,,,6.999,H,,R,N,3,0,1,1,A,-,01,23152,A,N,F,J,A,A,H,-,C,D,0,,,,,Y,Y,A,01,0,1,0,0,0,0,0,0,0,"- ","- ",38.065021514892578,-121.18907165527344,"SAN JOAQUIN",UNINCORPORATED,-121.18898010253906,38.065021514892578
91866655,2022,2022-09-16,9265,2022-09-05,0934,020313,,1,1,9,3900,0,1,3,,1,092,SR-12,"N. PEATLAND ROAD",4520.00,E,N,A,-,Y,SJ,,12,,,7.626,H,,R,N,4,0,1,2,A,-,08,22107,,N,D,C,A,A,H,-,A,D,0,,,,Y,Y,,D,22,0,0,1,0,0,0,0,0,0,"- ","- ",38.115268707275391,-121.44450378417969,"SAN JOAQUIN",UNINCORPORATED,-121.44449615478516,38.115406036376953
91868573,2022,2022-09-20,9265,2022-09-11,1340,022422,,7,1,9,3900,0,1,3,,2,025,"SR-120 E/B","VAN RYN AVENUE",1000.00,W,N,A,-,Y,SJ,,120,,R,5.971,H,,R,N,4,0,5,3,A,-,03,22350,,N,C,C,A,A,H,-,A,D,0,,,,,Y,,A,01,0,0,5,0,0,0,0,0,0,"- ","- ",37.783191680908203,-121.20378875732422,"SAN JOAQUIN",UNINCORPORATED,-121.20378875732422,37.783203125
9187187,2020,2021-01-28,3906,2020-11-23,1152,1673,,1,5,5,3906,0,0,0,,0,005,"TRACY BL","EATON AV",0.00,,Y,A,-,N,,,,,,,,,,N,4,0,1,2,A,-,12,21453,A,N,D,C,A,A,H,-,A,A,0,,,,,Y,,A,07,0,0,1,0,0,0,0,0,0,"- ","- ",,,"SAN JOAQUIN",TRACY,-121.43498992919922,37.743309020996094
91871964,2022,2022-09-23,9265,2022-09-14,1638,017439,,3,2,3,3904,0,1,3,,2,001,"STATE ROUTE  99 SB","MAIN ST.",1584.00,N,N,A,-,Y,SJ,,99,,,1.214,H,,L,N,3,0,2,2,A,-,03,22350,,N,C,C,A,A,H,-,A,D,0,,,,,Y,,A,01,0,1,1,0,0,0,0,0,0,"- ","- ",37.742359161376953,-121.12615966796875,"SAN JOAQUIN",RIPON,-121.12616729736328,37.742351531982422
91871976,2022,2022-09-23,9265,2022-09-06,1315,016382,,2,1,6,3905,0,1,1,,2,503,"I-5 N/B","W. ANDERSON STREET",10.00,N,N,A,-,N,,,,,,,,,,N,3,0,1,2,A,-,03,22350,,M,C,C,A,A,H,-,A,D,0,,,,,Y,,-,99,0,1,0,0,0,0,0,0,0,"- ","- ",37.940921783447266,-121.29808807373047,"SAN JOAQUIN",STOCKTON,-121.29811096191406,37.94091796875
91874524,2022,2022-09-27,9266,2022-09-18,0800,021471,,7,1,9,3900,0,1,1,,1,015,"I-205 W/B","MACARTHUR DR",150.00,W,N,C,-,Y,SJ,,205,,R,8.091,H,,L,N,3,0,1,1,A,-,08,22107,,N,E,I,A,B,H,-,A,D,0,,,,,Y,,A,01,0,1,0,0,0,0,0,0,0,"- ","- ",37.764381408691406,-121.41580200195312,"SAN JOAQUIN",UNINCORPORATED,-121.415771484375,37.764247894287109
91876673,2022,2022-09-29,9265,2022-08-26,0755,018836,,5,1,9,3900,0,3,5,,2,050,"MYRTLE ST","HINKLEY AVE",0.00,,Y,A,-,N,,,,,,,,,,N,4,0,1,2,A,-,03,22350,,M,C,C,A,A,H,-,A,D,0,,,,,Y,,A,07,0,0,1,0,0,0,0,0,0,"- ","- ",37.965259552001953,-121.24102783203125,"SAN JOAQUIN",UNINCORPORATED,-121.24107360839844,37.965240478515625
91877222,2022,2022-09-29,9266,2022-09-23,0400,021704,,5,3,9,3900,0,1,1,,1,015,"I-205 W/B","PARADISE RD",2112.00,E,N,A,-,Y,SJ,,205,,R,10.016,H,,L,Y,4,0,2,2,A,-,03,22350,,N,C,C,A,A,H,-,D,D,0,,,,,Y,,A,01,0,0,2,0,0,0,0,0,0,"- ","- ",37.765010833740234,-121.38054656982422,"SAN JOAQUIN",UNINCORPORATED,-121.38054656982422,37.765064239501953
91881941,2022,2022-10-28,9265,2022-08-02,1742,022356,,2,2,9,3900,0,2,4,,1,014,"MARIPOSA RD","MURPHY RD",3000.00,E,N,A,-,N,,,,,,,,,,Y,1,1,1,2,A,-,08,22107,,N,A,C,A,A,H,-,A,D,0,,,,,Y,,A,07,0,0,1,0,0,0,0,0,0,"- ","- ",37.886020660400391,-121.10188293457031,"SAN JOAQUIN",UNINCORPORATED,-121.10189819335938,37.886035919189453
91882874,2022,2022-10-05,9265,2022-09-23,2205,022072,,5,3,9,3900,0,1,3,,1,061,SR-26,"SR-99 N/B TO/FROM SR-26",0.00,,Y,A,-,Y,,,,,,,,,,Y,3,0,2,2,A,-,01,23152,A,N,A,C,A,A,D,-,C,A,0,,,,,Y,Y,A,01,0,2,0,0,0,0,0,0,0,"- ","- ",37.970588684082031,-122.24433898925781,"SAN JOAQUIN",UNINCORPORATED,-121.24571228027344,37.970020294189453
91884328,2022,2022-10-06,9265,2022-09-27,1610,021781,,2,2,9,3900,0,1,3,,2,001,"SR-99 S/B","JACK TONE ROAD",1584.00,N,N,A,-,Y,SJ,,99,,,2.878,H,,L,N,4,0,1,4,A,-,03,22350,,N,C,C,A,A,H,-,A,D,0,,,,,Y,,A,07,0,0,1,0,0,0,0,0,0,"- ","- ",37.756591796875,-121.15042114257812,"SAN JOAQUIN",UNINCORPORATED,-121.15042114257812,37.756587982177734
91884933,2022,2022-10-07,9265,2022-09-28,1350,018289,,3,1,9,3900,0,2,4,,1,065,"ASHLEY LANE","FOPPIANO LANE",640.00,N,N,A,-,N,,,,,,,,,,Y,4,0,1,1,A,-,08,22107,,N,E,I,A,A,H,-,A,D,0,,,,,Y,,A,01,0,0,1,0,0,0,0,0,0,"- ","- ",38.030521392822266,-121.225830078125,"SAN JOAQUIN",UNINCORPORATED,-121.22578430175781,38.030517578125
9188552,2020,2021-01-30,3905,2020-11-01,1542,2463,PAR,7,5,6,3905,0,0,0,,0,,"FREMONT ST","FILBERT ST",0.00,,Y,A,-,N,,,,,,,,,,Y,4,0,2,3,A,-,12,21453,A,F,D,C,A,A,H,-,A,A,0,,,,,Y,,D,22,0,0,2,0,0,0,0,0,0,"- ","- ",37.965278625488281,-121.25604248046875,"SAN JOAQUIN",STOCKTON,-121.25621795654297,37.965511322021484
91887574,2022,2022-10-11,9266,2022-10-04,1200,018217,,2,1,2,3920,0,1,1,,2,024,"I-5 S/B","PARADISE CUT",250.00,N,N,A,-,Y,SJ,,5,,R,13.107,H,,L,Y,4,0,1,1,A,-,08,22107,,N,E,I,A,A,H,-,A,D,0,,,,,Y,,A,01,0,0,1,0,0,0,0,0,0,"- ","- ",37.772029876708984,-121.32565307617188,"SAN JOAQUIN",LATHROP,-121.32553863525391,37.771934509277344
91887586,2022,2022-10-11,9265,2022-09-30,0917,018836,,5,1,9,3900,0,2,4,,1,015,"COPPEROPOLIS RD","JACK TONE RD",430.00,W,N,A,-,N,,,,,,,,,,Y,2,0,1,2,A,-,01,23152,A,N,E,I,A,A,H,-,A,D,0,,,,,Y,Y,A,01,1,0,0,0,0,0,0,0,0,"- ","- ",37.970321655273438,-121.15025329589844,"SAN JOAQUIN",UNINCORPORATED,-121.15016937255859,37.970314025878906
91887733,2022,2022-10-11,9265,2022-09-30,1650,021968,,5,2,9,3900,0,3,5,,2,030,"HOWARD RD","BORBA RD",1056.00,W,N,A,-,N,,,,,,,,,,Y,4,0,1,4,A,-,01,23152,A,M,C,C,A,A,H,-,A,D,0,,,,,Y,Y,A,01,0,0,1,0,0,0,0,0,0,"- ","- ",37.877391815185547,-121.36189270019531,"SAN JOAQUIN",UNINCORPORATED,-121.36376190185547,37.877410888671875
91892932,2022,2022-10-18,9465,2022-10-11,1915,020457,,2,2,9,3900,0,2,4,,2,016,"CLARIBEL ROAD","TERMINAL AVENUE",50.00,W,N,A,-,N,,,,,,,,,,N,3,0,1,2,A,-,14,25103,A,F,B,G,A,A,H,-,C,D,0,,Y,,,Y,,L,04,0,1,0,0,0,0,1,0,0,"- ","- ",37.701881408691406,-120.92958831787109,"SAN JOAQUIN",UNINCORPORATED,,
91894089,2022,2022-10-19,9265,2022-10-07,1615,018289,,5,2,9,3900,0,1,3,,1,062,"STATE ROUTE 88 (WATERLOO ROAD)","PICCOLI ROAD",240.00,E,N,A,-,Y,SJ,,88,,,0.276,H,,R,Y,4,0,1,2,A,-,03,22350,,N,C,C,A,A,H,-,A,D,0,,,,,Y,,A,07,0,0,1,0,0,0,0,0,0,"- ","- ",37.987178802490234,-121.24624633789062,"SAN JOAQUIN",UNINCORPORATED,-121.24617767333984,37.987110137939453
91894506,2022,2022-10-19,9266,2022-10-12,0415,021241,,3,3,9,3900,0,1,1,,2,014,"I-205 W/B","INTERNATIONAL PARKWAY",1584.00,W,N,A,-,Y,,,,,,,,,,Y,4,0,2,2,A,-,07,21658,A,N,B,C,A,A,H,-,D,D,0,,,,,Y,,-,31,0,0,2,0,0,0,0,0,0,"- ","- ",38.742950439453125,-121.53782653808594,"SAN JOAQUIN",UNINCORPORATED,,
91895290,2022,2022-10-20,9265,2022-10-08,1019,020313,,6,1,9,3900,0,3,5,,2,010,"RIVER ROAD","MCHENRY AVENUE",30.00,E,N,A,-,N,,,,,,,,,,N,4,0,1,2,A,-,03,22350,,N,C,C,A,A,H,-,A,A,0,,,,,Y,,D,22,0,0,1,0,0,0,0,0,0,"- ","- ",37.760910034179688,-120.99536895751953,"SAN JOAQUIN",UNINCORPORATED,-120.99557495117188,37.760898590087891
91895558,2022,2022-10-20,9265,2022-10-05,0218,021781,,3,3,9,3900,0,3,5,,2,010,"NORTHLAND ROAD","AUSTIN ROAD",1584.00,W,N,A,-,N,,,,,,,,,,N,2,0,1,1,A,-,08,22107,,N,E,I,A,A,H,-,D,D,0,,,Y,,Y,,C,02,1,0,0,0,0,0,0,0,1,"- ","- ",37.833839416503906,-121.19219970703125,"SAN JOAQUIN",UNINCORPORATED,-121.19147491455078,37.833808898925781
91895605,2022,2022-10-20,9266,2022-10-12,1900,013650,,3,2,9,3900,0,2,4,,2,030,"MOUNTAIN HOUSE PARKWAY","VON SOSTEN ROAD",0.00,,Y,A,-,N,,,,,,,,,,Y,4,0,1,2,A,-,08,22107,,N,D,C,A,A,H,-,C,A,0,,,,Y,Y,,G,27,0,0,1,0,0,0,0,0,0,"- ","- ",37.751029968261719,-121.53180694580078,"SAN JOAQUIN",UNINCORPORATED,-121.53170776367188,37.751003265380859