CASE_ID,ACCIDENT_YEAR,PROC_DATE,JURIS,COLLISION_DATE,COLLISION_TIME,OFFICER_ID,REPORTING_DISTRICT,DAY_OF_WEEK,CHP_SHIFT,POPULATION,CNTY_CITY_LOC,SPECIAL_COND,BEAT_TYPE,CHP_BEAT_TYPE,CITY_DIVISION_LAPD,CHP_BEAT_CLASS,BEAT_NUMBER,PRIMARY_RD,SECONDARY_RD,DISTANCE,DIRECTION,INTERSECTION,WEATHER_1,WEATHER_2,STATE_HWY_IND,CALTRANS_COUNTY,CALTRANS_DISTRICT,STATE_ROUTE,ROUTE_SUFFIX,POSTMILE_PREFIX,POSTMILE,LOCATION_TYPE,RAMP_INTERSECTION,SIDE_OF_HWY,TOW_AWAY,COLLISION_SEVERITY,NUMBER_KILLED,NUMBER_INJURED,PARTY_COUNT,PRIMARY_COLL_FACTOR,PCF_CODE_OF_VIOL,PCF_VIOL_CATEGORY,PCF_VIOLATION,PCF_VIOL_SUBSECTION,HIT_AND_RUN,TYPE_OF_COLLISION,MVIW,PED_ACTION,ROAD_SURFACE,ROAD_COND_1,ROAD_COND_2,LIGHTING,CONTROL_DEVICE,CHP_ROAD_TYPE,PEDESTRIAN_ACCIDENT,BICYCLE_ACCIDENT,MOTORCYCLE_ACCIDENT,TRUCK_ACCIDENT,NOT_PRIVATE_PROPERTY,ALCOHOL_INVOLVED,STWD_VEHTYPE_AT_FAULT,CHP_VEHTYPE_AT_FAULT,COUNT_SEVERE_INJ,COUNT_VISIBLE_INJ,COUNT_COMPLAINT_PAIN,COUNT_PED_KILLED,COUNT_PED_INJURED,COUNT_BICYCLIST_KILLED,COUNT_BICYCLIST_INJURED,COUNT_MC_KILLED,COUNT_MC_INJURED,PRIMARY_RAMP,SECONDARY_RAMP,LATITUDE,LONGITUDE,COUNTY,CITY,POINT_X,POINT_Y
94736473,2025,2025-06-23,9265,2025-06-21,1433,020785,,6,2,9,3900,0,1,3,,1,063,"VICTOR RD.","KENNISON LN.",0.00,,Y,A,-,Y,SJ,,12," "," ",19.109,H,,R,Y,3,0,2,2,A,-,03,22350,,N,C,C,A,A,H,-,A,D,0,,,,,Y,,E,22,0,1,1,0,0,0,0,0,0,"- ","- ",38.137710571289062,-121.23879241943359,"SAN JOAQUIN",UNINCORPORATED,-121.23879241943359,38.137737274169922
94737716,2025,2025-06-24,9265,2025-06-19,1010,024290,,4,1,9,3900,0,1,3,,2,025,"SR-120 E/B TO SR-99 SB","SR-99 S/B",1000.00,W,N,A,-,Y,,,,,,,,,,Y,4,0,1,2,A,-,03,22350,,N,C,C,A,A,H,-,A,D,0,,,,,Y,,A,01,0,0,1,0,0,0,0,0,0,"- ","- ",37.783298492431641,-121.18921661376953,"SAN JOAQUIN",UNINCORPORATED,-121.19049072265625,37.794418334960938
94750416,2025,2025-07-07,9265,2025-06-25,1830,022887,,3,2,2,3920,0,1,1,,2,502,"I-5 N/B","LOUISE AVE",138.00,N,N,A,-,Y,SJ,,5," ",R,16.517,H,,R,Y,4,0,3,4,A,-,03,22350,,N,C,C,A,A,H,-,A,D,0,,,,,Y,,A,01,0,0,3,0,0,0,0,0,0,"- ","- ",37.812278747558594,-121.29537200927734,"SAN JOAQUIN",LATHROP,-121.29530334472656,37.812263488769531
94754975,2025,2025-07-09,9265,2025-07-01,2035,023301,,2,2,9,3900,0,1,3,,2,006,"SR-99 W FRONTAGE RD","LIBERTY RD",1056.00,S,N,A,-,N,,,,,,,,,,N,4,0,1,1,A,-,08,22107,,N,E,I,A,A,H,-,B,D,0,,Y,,,Y,,M,91,0,0,1,0,0,0,1,0,0,"- ","- ",38.231121063232422,-121.27906036376953,"SAN JOAQUIN",UNINCORPORATED,,
94758356,2025,2025-07-11,9266,2025-06-28,2150,022792,,6,2,5,3906,0,1,1,,1,015,"I-205 W/B FROM MACARTHUR DRIVE","MACARTHUR DRIVE",26.00,W,N,A,-,Y,,,,,,,,,,Y,3,0,1,2,A,-,03,22350,,F,D,6,A,A,H,-,C,A,0,,Y,,,Y,,-,99,0,1,0,0,0,0,1,0,0,"- ","- ",37.764701843261719,-121.41490173339844,"SAN JOAQUIN",TRACY,-121.41683959960938,37.764068603515625
94762748,2025,2025-07-15,9265,2025-07-08,"739 ",020785,,2,1,9,3900,0,1,3,,2,025,"SR-120 E/B","MAIN ST.",2000.00,W,N,A,-,Y,SJ,,120," ",R,4.848,H,,R,Y,4,0,1,2,A,-,03,22350,,N,C,C,A,A,H,-,A,D,0,,,,Y,Y,,G,25,0,0,1,0,0,0,0,0,0,"- ","- ",37.783130645751953,-121.22429656982422,"SAN JOAQUIN",UNINCORPORATED,-121.22430419921875,37.783172607421875
94768615,2025,2025-07-18,9266,2025-07-12,1115,019091,,6,1,2,3920,0,1,1,,2,024,"I-5 N/B","STEWART RD",1056.00,N,N,A,-,Y,SJ,,5," ",R,14.128,H,,R,Y,4,0,1,2,A,-,08,22107,,M,B,C,A,A,H,-,A,D,0,,,,,Y,,-,99,0,0,1,0,0,0,0,0,0,"- ","- ",37.781761169433594,-121.31160736083984,"SAN JOAQUIN",LATHROP,-121.31157684326172,37.781734466552734
94768695,2025,2025-07-18,9265,2025-07-02,1550,024539,,3,2,2,3920,0,1,3,,2,025,"SR-120 E/B",I-5,575.00,E,N,A,-,Y,SJ,,120," ",R,0.535,H,,R,Y,3,0,3,4,A,-,03,22350,,N,C,C,A,A,H,-,A,D,0,,,,,Y,,A,01,0,1,2,0,0,0,0,0,0,"- ","- ",37.787879943847656,-121.30116271972656,"SAN JOAQUIN",LATHROP,-121.30113983154297,37.787857055664062
94775913,2025,2025-07-24,9266,2025-07-14,"625 ",019182,,1,1,9,3900,0,1,1,,2,024,"I-5 S/B TO SR-33",SR-33,950.00,N,N,A,-,Y,,,,,,,,,,Y,2,0,1,1,A,-,03,22350,,N,E,I,A,A,H,-,A,D,0,,,,,Y,,A,01,1,0,0,0,0,0,0,0,0,"- ","- ",37.684680938720703,-121.34390258789062,"SAN JOAQUIN",UNINCORPORATED,-121.34351348876953,37.684440612792969
9477970,2022,2022-10-05,3906,2022-07-20,1206,1768,,3,5,5,3906,0,0,0,,0,006,"TRACY BL","LARCH RD",0.00,,N,A,-,N,,,,,,,,,,N,4,0,1,2,A,-,09,21801,,N,D,C,A,A,H,-,A,D,0,,,,,Y,,A,01,0,0,1,0,0,0,0,0,0,"- ","- ",,,"SAN JOAQUIN",TRACY,-121.43506622314453,37.765026092529297
94781820,2025,2025-07-29,9265,2025-07-20,1720,021519,,7,2,9,3900,0,1,3,,2,006,"SR-99 N/B","NORTH 99 FRONTAGE ROAD",795.00,N,N,A,-,Y,SJ,,99," "," ",32.022,H,,R,Y,4,0,2,1,A,-,08,22107,,N,F,A,A,A,H,-,A,D,0,,,,,Y,,D,22,0,0,2,0,0,0,0,0,0,"- ","- ",38.152210235595703,-121.26129150390625,"SAN JOAQUIN",UNINCORPORATED,-121.26129913330078,38.152210235595703
94784993,2025,2025-07-31,9266,2025-07-17,"955 ",020657,,4,1,9,3900,0,1,1,,2,014,"I-205 W/B","MOUNTAIN HOUSE PARKWAY",935.00,E,N,A,-,Y,SJ,,205," "," ",1.572,H,,L,Y,4,0,1,3,A,-,03,22350,,N,C,2,A,A,H,-,A,D,0,,,,,Y,,-,"- ",0,0,1,0,0,0,0,0,0,"- ","- ",37.742321014404297,-121.52810668945312,"SAN JOAQUIN",UNINCORPORATED,-121.52810668945312,37.742362976074219
94787106,2025,2025-08-04,9266,2025-07-25,2155,023629,,5,2,9,3900,0,1,1,,1,015,"I-205 E/B","PARADISE ROAD",528.00,E,N,A,-,Y,SJ,,205," ",R,9.719,H,,R,N,3,0,1,3,A,-,01,23152,A,N,B,C,A,A,H,-,D,D,0,,,,,Y,Y,A,07,0,1,0,0,0,0,0,0,0,"- ","- ",37.764778137207031,-121.38604736328125,"SAN JOAQUIN",UNINCORPORATED,-121.38604736328125,37.764755249023438
94787483,2025,2025-08-04,9265,2025-07-25,"744 ",024262,,5,1,4,3903,0,1,3,,2,025,"SR-120 E/B TO MAIN STREET","MAIN ST",209.00,W,N,A,-,Y,,,,,,,,,,N,4,0,2,2,A,-,03,22350,,N,C,C,A,A,H,-,A,D,0,,,,,Y,,A,01,0,0,2,0,0,0,0,0,0,"- ","- ",37.781589508056641,-121.216552734375,"SAN JOAQUIN",MANTECA,-121.21658325195312,37.783184051513672
94799428,2025,2025-08-12,9265,2025-08-09,1111,021644,,6,1,9,3900,0,3,5,,2,060,"LIBERTY RD","JACK TONE RD",4224.00,E,N,A,-,N,,,,,,,,,,Y,3,0,2,1,A,-,08,22107,,N,F,9,A,A,H,-,A,D,0,,,,,Y,,A,01,0,2,0,0,0,0,0,0,0,"- ","- ",38.234771728515625,-121.1380615234375,"SAN JOAQUIN",UNINCORPORATED,-121.13833618164062,38.234832763671875
94801452,2025,2025-08-13,9265,2025-07-31,1424,024262,,4,2,9,3900,0,1,1,,2,503,"I-5 N/B","DOWNING AVE",1720.00,S,N,A,-,Y,SJ,,5," ",R,23.341,H,,R,N,3,0,1,3,A,-,01,23152,A,M,C,C,A,A,H,-,A,D,0,,,,,Y,Y,A,01,0,1,0,0,0,0,0,0,0,"- ","- ",37.908428192138672,-121.28778076171875,"SAN JOAQUIN",UNINCORPORATED,-121.28772735595703,37.908443450927734
94801705,2025,2025-08-14,9265,2025-08-01,1720,024396,,5,2,9,3900,0,1,1,,2,503,"I-5 SOUTHBOUND","FREMONT STREET",1500.00,N,N,A,-,Y,SJ,,5," "," ",27.424,H,,L,Y,4,0,1,1,A,-,08,22107,,N,E,I,A,A,H,-,A,D,0,,,,Y,Y,,F,26,0,0,1,0,0,0,0,0,0,"- ","- ",37.955879211425781,-121.32041931152344,"SAN JOAQUIN",UNINCORPORATED,-121.32041931152344,37.955944061279297
94808303,2025,2025-08-19,9265,2025-07-25,1930,024228,,5,2,4,3903,0,1,3,,2,025,"SR-120 W/B","YOSEMITE AVE",1815.00,E,N,A,-,Y,SJ,,120," ",R,1.690,H,,L,Y,3,0,1,2,A,-,08,22107,,F,F,0,A,A,H,-,A,D,0,,,,,Y,,A,01,0,1,0,0,0,0,0,0,0,"- ","- ",37.787860870361328,-121.28103637695312,"SAN JOAQUIN",MANTECA,-121.28103637695312,37.787864685058594
94808855,2025,2025-08-19,9265,2025-08-10,1005,020785,,7,1,9,3900,0,1,3,,2,001,"SR-99 N/B",SR-120,5130.00,S,N,A,-,Y,SJ,,99," "," ",4.812,H,,R,Y,4,0,1,3,A,-,03,22350,,N,C,C,A,A,D,-,A,D,0,,,,Y,Y,,F,26,0,0,1,0,0,0,0,0,0,"- ","- ",37.773998260498047,-121.17825317382812,"SAN JOAQUIN",UNINCORPORATED,-121.17826843261719,37.773983001708984
9482196,2022,2022-08-23,3903,2022-06-27,0537,5624,,1,5,4,3903,0,0,0,,0,,"WEST LOUISE AV","DEVONSHIRE AV",495.00,W,N,A,-,N,,,,,,,,,,Y,2,0,1,1,C,-,18,,,N,E,I,A,A,H,-,A,D,0,,,,,Y,,-,"- ",1,0,0,0,0,0,0,0,0,"- ","- ",37.811920166015625,-121.23847961425781,"SAN JOAQUIN",MANTECA,-121.24022674560547,37.811935424804688
9482198,2022,2022-08-31,3903,2022-06-22,1505,3768,,3,5,4,3903,0,0,0,,0,,"WEST YOSEMITE AV","PIERCE AV",57.00,W,N,A,-,N,,,,,,,,,,,4,0,1,2,A,-,03,22350,,M,C,D,A,A,A,H,A,D,0,,,,,Y,,-,,0,0,1,0,0,0,0,0,0,"- ","- ",37.797409057617188,-121.21952056884766,"SAN JOAQUIN",MANTECA,-121.2197265625,37.797420501708984
94831519,2025,2025-09-05,9265,2025-08-27,1739,023096,,3,2,6,3905,0,1,3,,1,042,"SRF-4 W/B","STANISLAUS ST",20.00,E,N,A,-,Y,SJ,,4," ",R,17.135,H,,L,Y,4,0,1,3,A,-,03,22350,,N,B,C,A,A,H,-,A,D,0,,,,,Y,,A,07,0,0,1,0,0,0,0,0,0,"- ","- ",37.951740264892578,-121.28144836425781,"SAN JOAQUIN",STOCKTON,-121.28144073486328,37.951694488525391
94838982,2025,2025-09-10,9265,2025-08-03,1730,023612,,7,2,9,3900,0,3,5,,2,030,"ROBERTS RD","BOWMAN RD",2000.00,N,N,A,-,N,,,,,,,,,,Y,3,0,1,1,A,-,01,23152,A,N,E,I,A,A,H,-,A,D,0,,,,,Y,Y,D,22,0,1,0,0,0,0,0,0,0,"- ","- ",37.868198394775391,-121.34117889404297,"SAN JOAQUIN",UNINCORPORATED,-121.34101867675781,37.867828369140625
94841138,2025,2025-09-11,9266,2025-08-30,1530,020279,,6,2,9,3900,0,3,5,,2,001,"S. LAMMERS RD","NANCY EMILIA CT",2900.00,W,N,A,-,N,,,,,,,,,,Y,4,0,1,1,A,-,01,23152,A,N,E,I,A,A,H,-,A,D,0,,,,,Y,Y,D,22,0,0,1,0,0,0,0,0,0,"- ","- ",37.790149688720703,-121.47286224365234,"SAN JOAQUIN",UNINCORPORATED,,
9484337,2022,2022-08-22,3903,2022-06-14,1128,3540,,2,5,4,3903,0,0,0,,0,,"NORTH LINCOLN AV","FRANCES ST",262.00,S,N,A,-,N,,,,,,,,,,N,3,0,1,2,A,-,21,22106,,N,D,C,A,A,H,-,A,D,0,,,,,Y,,A,01,0,1,0,0,0,0,0,0,0,"- ","- ",37.808250427246094,-121.21408081054688,"SAN JOAQUIN",MANTECA,-121.21405792236328,37.807960510253906
9484372,2022,2022-08-12,3903,2022-03-09,0847,5169,,3,5,4,3903,0,0,0,,0,,"BUTTON AV","N COTTAGE AV N",0.00,,Y,A,-,N,,,,,,,,,,Y,3,0,1,2,A,-,09,21802,A,N,A,D,A,A,H,-,A,A,0,,,,,Y,,A,01,0,1,0,0,0,0,0,0,0,"- ","- ",37.809650421142578,-121.19863891601562,"SAN JOAQUIN",MANTECA,-121.19867706298828,37.809665679931641
94844927,2025,2025-11-13,9266,2025-09-04,1600,020279,,4,2,9,3900,0,1,1,,1,015,"I-205 E/B","I-5 S/B",2024.00,W,N,A,-,Y,SJ,,205," ",R,12.257,H,,R,Y,4,0,1,4,A,-,03,22350,,N,C,C,A,A,H,-,A,D,0,,,,,Y,,D,22,0,0,1,0,0,0,0,0,0,"- ","- ",37.766330718994141,-121.33966827392578,"SAN JOAQUIN",UNINCORPORATED,-121.33966064453125,37.766265869140625
94844933,2025,2025-09-15,9265,2025-09-03,1530,024320,,3,2,9,3900,0,1,3,,2,006,"LIBERTY RD","LOWER SACRAMENTO RD",0.00,,Y,A,-,N,,,,,,,,,,N,4,0,4,2,A,-,09,21802,A,N,A,C,A,A,H,-,A,D,0,,,,,Y,,A,08,0,0,4,0,0,0,0,0,0,"- ","- ",38.233551025390625,-121.29100036621094,"SAN JOAQUIN",UNINCORPORATED,-121.29105377197266,38.233501434326172
94846472,2025,2025-09-16,9266,2025-03-07,2218,023629,,5,3,9,3900,0,3,5,,2,001,"MACARTHUR DRIVE","CANAL BLVD",4752.00,N,N,A,-,N,,,,,,,,,,Y,1,2,1,1,A,-,03,22350,,N,E,8,A,A,H,-,D,D,0,,,,,Y,,A,01,0,1,0,0,0,0,0,0,0,"- ","- ",37.798130035400391,-121.41182708740234,"SAN JOAQUIN",UNINCORPORATED,-121.41194152832031,37.798099517822266
94849976,2025,2025-09-18,9265,2025-08-17,2137,024544,,7,2,6,3905,0,1,3,,1,042,"SR-4 WESTBOUND TO I-5 SOUTHBOUND","I-5 SOUTHBOUND",490.00,W,N,A,-,Y,,,,,,,,,,Y,3,0,1,1,A,-,01,23152,A,N,E,I,A,A,H,-,B,D,0,,,,,Y,Y,A,07,0,1,0,0,0,0,0,0,0,"- ","- ",37.946441650390625,-121.3001708984375,"SAN JOAQUIN",STOCKTON,-121.29853057861328,37.941719055175781
94850361,2025,2025-09-18,9265,2025-09-10,"725 ",024206,,3,1,4,3903,0,1,3,,2,025,"SR-120 W/B","UNION RD",33.00,E,N,A,-,Y,SJ,,120," ",R,4.324,H,,L,Y,3,0,1,2,A,-,03,22350,,N,C,C,A,A,H,-,A,D,0,,,,,Y,,A,01,0,1,0,0,0,0,0,0,0,"- ","- ",37.783451080322266,-121.23388671875,"SAN JOAQUIN",MANTECA,-121.23389434814453,37.783473968505859
9485120,2022,2022-08-26,3906,2022-08-08,1651,1094,,1,5,5,3906,0,0,0,,0,001,"11TH ST","LINCOLN BL",0.00,W,N,A,-,N,,,,,,,,,,N,4,0,1,2,A,-,04,21703,,N,C,C,A,A,H,-,A,D,0,,,,,Y,,A,01,0,0,1,0,0,0,0,0,0,"- ","- ",,,"SAN JOAQUIN",TRACY,-121.44169616699219,37.739673614501953
94855198,2025,2025-09-22,9266,2025-09-10,"628 ",019865,,3,1,9,3900,0,1,3,,1,011,SR-4,"CONTRA COSTA COUNTY LINE",50.00,E,N,A,-,Y,SJ,,4," "," ",0.028,H,,R,Y,3,0,1,2,A,-,05,21460,A,N,A,C,A,A,H,-,A,D,0,,,,,Y,,A,01,0,1,0,0,0,0,0,0,0,"- ","- ",37.890579223632812,-121.56983947753906,"SAN JOAQUIN",UNINCORPORATED,-121.56984710693359,37.890579223632812
94860339,2025,2025-09-25,9265,2025-09-18,1355,024404,,4,1,9,3900,0,1,3,,2,025,"SR-120 E/B",SR-99,4541.00,W,N,A,-,Y,SJ,,120," ",R,5.975,H,,R,N,3,0,1,2,A,-,03,22350,,N,C,C,A,A,H,-,A,D,0,,,,,Y,,A,01,0,1,0,0,0,0,0,0,0,"- ","- ",37.783218383789062,-121.20372772216797,"SAN JOAQUIN",UNINCORPORATED,-121.20372772216797,37.783203125
9486134,2022,2022-10-17,3903,2022-07-30,1321,5546,,6,5,4,3903,0,0,0,,0,,"BELLA LAGO WY","W WOODWARD AV",0.00,,Y,A,-,N,,,,,,,,,,Y,2,0,1,2,-,-,"- ",,,N,D,C,A,A,H,-,A,D,0,,,Y,,Y,,-,"- ",1,0,0,0,0,0,0,0,1,"- ","- ",37.775341033935547,-121.28350067138672,"SAN JOAQUIN",MANTECA,-121.28353118896484,37.775348663330078
94864759,2025,2025-09-29,9265,2025-08-30,2048,024504,,6,2,9,3900,0,3,5,,2,090,"WALNUT GROVE ROAD","BLOSSOM ROAD",0.00,,Y,A,-,N,,,,,,,,,,Y,2,0,1,2,A,-,01,23152,A,N,C,C,A,A,H,-,D,D,0,,,,,Y,Y,A,07,1,0,0,0,0,0,0,0,0,"- ","- ",38.225509643554688,-121.44658660888672,"SAN JOAQUIN",UNINCORPORATED,-121.446533203125,38.225509643554688
94868162,2025,2025-10-01,9265,2025-09-21,1402,017439,,7,2,4,3903,0,1,3,,2,025,"STATE ROUTE 120 E/B","MAIN STREET",2059.00,E,N,A,-,Y,SJ,,120," ",R,5.898,H,,R,N,3,0,1,3,A,-,03,22350,,N,C,C,A,A,H,-,A,D,0,,,,,Y,,A,01,0,1,0,0,0,0,0,0,0,"- ","- ",37.783100128173828,-121.20513916015625,"SAN JOAQUIN",MANTECA,-121.20513916015625,37.783206939697266
94868854,2025,2025-10-01,9265,2025-09-23,"524 ",023195,,2,3,9,3900,0,2,4,,1,093,"WALNUT GROVE RD","VAIL RD",1140.00,W,N,A,-,N,,,,,,,,,,N,3,0,1,2,A,-,06,21750,A,N,B,C,A,A,H,-,B,D,0,,,,,Y,,D,22,0,1,0,0,0,0,0,0,0,"- ","- ",38.225231170654297,-121.47090911865234,"SAN JOAQUIN",UNINCORPORATED,-121.47087097167969,38.225234985351562
94871299,2025,2025-10-03,9265,2025-09-23,"825 ",021519,,2,1,9,3900,0,3,5,,2,010,"LONE TREE RD","STEINEGUL RD",0.00,,Y,A,-,N,,,,,,,,,,Y,3,0,2,2,A,-,09,21802,A,N,D,C,A,A,H,-,A,A,0,,,,,Y,,A,07,0,2,0,0,0,0,0,0,0,"- ","- ",37.827610015869141,-120.96092224121094,"SAN JOAQUIN",UNINCORPORATED,-120.96090698242188,37.827613830566406
94878599,2025,2025-10-08,9265,2025-09-28,1750,020071,,7,2,9,3900,0,1,3,,2,025,"STATE ROUTE 120 EASTBOUND","MAIN ST",980.00,W,N,A,-,Y,SJ,,120," ",R,5.120,H,,R,N,4,0,3,3,A,-,03,22350,,N,C,C,A,A,H,-,B,D,0,,,,,Y,,A,07,0,0,3,0,0,0,0,0,0,"- ","- ",37.783180236816406,-121.21933746337891,"SAN JOAQUIN",UNINCORPORATED,-121.21933746337891,37.783187866210938
94879592,2025,2025-10-09,9265,2025-09-29,1949,020071,,1,2,9,3900,0,1,3,,2,001,"STATE ROUTE 99 NORTHBOUND","JACK TONE RD",5280.00,N,N,A,-,Y,SJ,,99," "," ",3.414,H,,R,Y,4,0,1,2,A,-,03,22350,,N,C,C,A,A,D,-,D,A,0,,,,,Y,,A,07,0,0,1,0,0,0,0,0,0,"- ","- ",37.761428833007812,-121.15824890136719,"SAN JOAQUIN",UNINCORPORATED,-121.15824890136719,37.761436462402344
94887750,2025,2025-10-15,9265,2025-10-05,1835,023301,,7,2,9,3900,0,2,4,,1,074,"BENJAMIN HOLT DR","PERSHING AVE",240.00,E,N,A,-,N,,,,,,,,,,N,4,0,1,2,A,-,03,22350,,N,C,C,A,A,H,-,B,A,0,,,,,Y,,A,01,0,0,1,0,0,0,0,0,0,"- ","- ",38.00885009765625,-121.32843017578125,"SAN JOAQUIN",UNINCORPORATED,-121.32847595214844,38.008804321289062
94887757,2025,2025-10-15,9265,2025-10-05,1835,020071,,7,2,9,3900,0,1,3,,2,025,"STATE ROUTE 120 EASTBOUND","MAIN ST",1930.00,W,N,A,-,Y,SJ,,120," ",R,4.939,H,,R,Y,4,0,1,2,A,-,03,22350,,N,C,C,A,A,H,-,B,D,0,,,,,Y,,D,22,0,0,1,0,0,0,0,0,0,"- ","- ",37.783161163330078,-121.22264862060547,"SAN JOAQUIN",UNINCORPORATED,-121.22264862060547,37.783184051513672
94887791,2025,2025-11-13,9265,2025-10-06,"7   ",024209,,1,3,9,3900,0,3,5,,2,010,"LONE TREE RD","STEINEGUL RD",1000.00,W,N,A,-,N,,,,,,,,,,N,3,0,1,1,A,-,08,22107,,N,E,8,A,A,H,-,D,D,0,,,,,Y,,A,01,0,1,0,0,0,0,0,0,0,"- ","- ",37.827629089355469,-120.96469879150391,"SAN JOAQUIN",UNINCORPORATED,-120.96437072753906,37.827617645263672
94894945,2025,2025-10-21,9265,2025-09-28,1947,023156,,7,2,9,3900,0,1,3,,2,003,"SR-99 N/B","FRENCH CAMP RD",720.00,N,N,A,-,Y,SJ,,99," "," ",11.638,H,,R,N,3,0,1,1,A,-,01,23152,A,M,E,9,A,A,H,-,D,D,0,,,,,Y,Y,A,07,0,1,0,0,0,0,0,0,0,"- ","- ",37.862030029296875,-121.21877288818359,"SAN JOAQUIN",UNINCORPORATED,-121.21867370605469,37.862030029296875
94895766,2025,2025-11-13,9265,2025-10-09,1550,024206,,4,2,9,3900,0,2,4,,1,015,"COPPEROPOLIS RD","PATRICK RD",27.00,W,N,A,-,N,,,,,,,,,,Y,3,0,1,2,A,-,03,22350,,N,C,2,A,A,H,-,A,D,0,,,,,Y,,A,01,0,1,0,0,0,0,0,0,0,"- ","- ",37.966659545898438,-121.17321014404297,"SAN JOAQUIN",UNINCORPORATED,-121.17305755615234,37.9666748046875
94897640,2025,2025-10-22,9265,2025-10-12,1712,023156,,7,2,4,3903,0,1,3,,2,025,"SR-120 E/B",SR-99,513.00,W,N,A,-,Y,SJ,,120," ",R,6.245,H,,R,Y,4,0,1,3,A,-,03,22350,,N,C,2,A,A,H,-,A,D,0,,,,,Y,,D,22,0,0,1,0,0,0,0,0,0,"- ","- ",37.783180236816406,-121.19876861572266,"SAN JOAQUIN",MANTECA,-121.19876861572266,37.783203125
94899722,2025,2025-11-13,9265,2025-10-14,1425,020513,,2,2,5,3902,0,1,3,,2,006,"SR-99 N/B FROM TURNER RD","TURNER RD",30.00,S,N,B,-,Y,SJ,,99," "," ",31.566,H,,R,Y,3,0,1,1,A,-,08,22107,,N,E,I,A,B,H,-,A,D,0,,,,,Y,,D,22,0,1,0,0,0,0,0,0,0,"- ","- ",38.145618438720703,-121.26094818115234,"SAN JOAQUIN",LODI,-121.26108551025391,38.145610809326172
94904131,2025,2025-10-28,9265,2025-10-02,1121,024404,,4,1,9,3900,0,1,3,,2,004,"SR-99 S/B","ARMSTRONG RD",85.00,S,N,B,-,Y,SJ,,99," "," ",27.509,H,,L,Y,3,0,4,3,A,-,08,22107,,N,D,C,A,B,H,-,A,D,0,,,,,Y,,D,22,0,4,0,0,0,0,0,0,0,"- ","- ",38.087509155273438,-121.2601318359375,"SAN JOAQUIN",UNINCORPORATED,-121.26012420654297,38.087509155273438
94905394,2025,2025-10-28,9265,2025-10-16,2259,023364,,4,3,9,3900,0,3,5,,2,090,"WALNUT GROVE","LAMB RD",388.00,W,N,A,-,N,,,,,,,,,,Y,3,0,2,1,A,-,08,22107,,N,F,A,A,A,H,-,D,D,0,,,,,Y,,A,07,0,2,0,0,0,0,0,0,0,"- ","- ",38.225299835205078,-121.47637939453125,"SAN JOAQUIN",UNINCORPORATED,-121.47628784179688,38.225334167480469
94908840,2025,2025-11-13,9265,2025-10-18,1545,024206,,6,2,2,3920,0,1,1,,2,502,"I-5 S/B","LATHROP RD",4910.00,N,N,A,-,Y,SJ,,5," ",R,18.463,H,,L,N,3,0,1,2,A,-,04,21703,,N,C,C,A,A,H,-,C,D,0,,,,,Y,,A,08,0,1,0,0,0,0,0,0,0,"- ","- ",37.839439392089844,-121.28607177734375,"SAN JOAQUIN",LATHROP,-121.28607177734375,37.839439392089844
94918734,2025,2025-11-11,9265,2025-10-25,1705,024490,,6,2,9,3900,0,1,3,,2,006,"SR-99 S/B","SR-12 E/B",1320.00,N,N,B,-,Y,SJ,,99," "," ",29.756,H,,L,N,4,0,2,2,A,-,03,22350,,N,C,C,A,A,H,-,A,D,0,,,,,Y,,A,01,0,0,2,0,0,0,0,0,0,"- ","- ",38.119960784912109,-121.25740814208984,"SAN JOAQUIN",UNINCORPORATED,-121.2574462890625,38.119960784912109
94927579,2025,2025-11-13,9265,2025-10-31,1635,023844,,5,2,4,3903,0,1,3,,2,025,"SR-120 E/B TRANSITION TO SR-99 S/B",SR-99,1056.00,W,N,A,-,Y,SJ,,120," ",R,6.366,H,,R,Y,3,0,4,5,A,-,03,22350,,N,C,C,A,A,H,-,A,D,0,,,,,Y,,D,22,0,2,2,0,0,0,0,0,0,"- ","- ",37.783199310302734,-121.19651794433594,"SAN JOAQUIN",MANTECA,-121.19651794433594,37.783199310302734
94928001,2025,2025-11-13,9265,2025-06-17,"310 ",022282,,2,3,2,3920,0,1,3,,2,025,"STATE ROUTE 120 EASTBOUND FROM INTERSTATE 5 NORTHB","INTERSTATE 5 NORTHBOUND",317.00,E,N,A,-,Y,SJ,,120," ",R,0.540,H,,R,N,1,1,0,2,A,-,11,21954,A,N,G,B,D,A,H,-,C,D,0,Y,,,,Y,,N,60,0,0,0,1,0,0,0,0,0,"- ","- ",37.787940979003906,-121.30108642578125,"SAN JOAQUIN",LATHROP,-121.30105590820312,37.78790283203125
94928003,2025,2025-11-13,9265,2025-06-17,"318 ",022282,,2,3,2,3920,0,1,3,,2,025,"SR-120 E/B","INTERSTATE 5",400.00,E,N,A,-,Y,SJ,,120," ",R,0.566,H,,R,Y,3,0,1,1,C,-,18,,,N,E,9,A,A,H,-,C,D,0,,,,,Y,,-,"- ",0,1,0,0,0,0,0,0,0,"- ","- ",37.788150787353516,-121.30071258544922,"SAN JOAQUIN",LATHROP,-121.30068206787109,37.788116455078125