CASE_ID,ACCIDENT_YEAR,PROC_DATE,JURIS,COLLISION_DATE,COLLISION_TIME,OFFICER_ID,REPORTING_DISTRICT,DAY_OF_WEEK,CHP_SHIFT,POPULATION,CNTY_CITY_LOC,SPECIAL_COND,BEAT_TYPE,CHP_BEAT_TYPE,CITY_DIVISION_LAPD,CHP_BEAT_CLASS,BEAT_NUMBER,PRIMARY_RD,SECONDARY_RD,DISTANCE,DIRECTION,INTERSECTION,WEATHER_1,WEATHER_2,STATE_HWY_IND,CALTRANS_COUNTY,CALTRANS_DISTRICT,STATE_ROUTE,ROUTE_SUFFIX,POSTMILE_PREFIX,POSTMILE,LOCATION_TYPE,RAMP_INTERSECTION,SIDE_OF_HWY,TOW_AWAY,COLLISION_SEVERITY,NUMBER_KILLED,NUMBER_INJURED,PARTY_COUNT,PRIMARY_COLL_FACTOR,PCF_CODE_OF_VIOL,PCF_VIOL_CATEGORY,PCF_VIOLATION,PCF_VIOL_SUBSECTION,HIT_AND_RUN,TYPE_OF_COLLISION,MVIW,PED_ACTION,ROAD_SURFACE,ROAD_COND_1,ROAD_COND_2,LIGHTING,CONTROL_DEVICE,CHP_ROAD_TYPE,PEDESTRIAN_ACCIDENT,BICYCLE_ACCIDENT,MOTORCYCLE_ACCIDENT,TRUCK_ACCIDENT,NOT_PRIVATE_PROPERTY,ALCOHOL_INVOLVED,STWD_VEHTYPE_AT_FAULT,CHP_VEHTYPE_AT_FAULT,COUNT_SEVERE_INJ,COUNT_VISIBLE_INJ,COUNT_COMPLAINT_PAIN,COUNT_PED_KILLED,COUNT_PED_INJURED,COUNT_BICYCLIST_KILLED,COUNT_BICYCLIST_INJURED,COUNT_MC_KILLED,COUNT_MC_INJURED,PRIMARY_RAMP,SECONDARY_RAMP,LATITUDE,LONGITUDE,COUNTY,CITY,POINT_X,POINT_Y
6437994,2014,2014-06-28,3902,2014-02-28,1355,,,5,5,5,3902,0,0,0,,0,,"CENTRAL AV","POPLAR ST",0.00,,Y,C,-,N,,,,,,,,,,Y,4,0,1,2,A,-,09,21802,A,N,B,C,A,B,H,-,A,A,0,,,,,Y,,A,01,0,0,1,0,0,0,0,0,0,"- ","- ",,,"SAN JOAQUIN",LODI,-121.26505994,38.119509899999997
6440433,2014,2016-02-22,9266,2014-03-25,0910,13652,,2,1,9,3900,0,1,1,,1,015,"RT 205","RT 5",600.00,W,N,A,-,Y,SJ,10,205,-,R,12.530,H,-,W,Y,4,0,1,2,A,-,03,22350,,N,H,J,A,A,H,-,A,D,1,,,,,Y,,A,01,0,0,1,0,0,0,0,0,0,"- ","- ",37.766860000000001,-121.33573,"SAN JOAQUIN",UNINCORPORATED,-121.33907814,37.766619300000002
6441768,2014,2016-03-05,9265,2014-02-20,2125,13193,,4,2,9,3900,0,1,3,,1,092,"RT 12","STAR ST",430.00,W,N,A,-,Y,SJ,10,12,-,-,10.410,H,-,E,N,4,0,1,2,A,-,03,22350,,M,C,C,A,A,H,-,C,D,0,,,,,Y,,A,01,0,0,1,0,0,0,0,0,0,"- ","- ",38.115819999999999,-121.39408,"SAN JOAQUIN",UNINCORPORATED,-121.39351035999999,38.115934770000003
6441814,2014,2014-07-01,9265,2014-02-25,1520,18590,,2,2,9,3900,0,3,5,,2,030,"AIRPORT WY","FRENCH CAMP RD",1901.00,N,N,B,-,N,,,,,,,,,,Y,3,0,2,2,A,-,07,21658,A,N,B,C,A,A,H,-,A,D,0,,,,,Y,,A,01,0,1,1,0,0,0,0,0,0,"- ","- ",37.878599999999999,-121.25053,"SAN JOAQUIN",UNINCORPORATED,-121.25048169999999,37.878263099999998
6441817,2014,2016-02-24,9265,2014-02-27,1615,15408,,4,2,9,3900,0,1,3,,1,061,"RT 26","PINASCO RD",14.00,E,N,B,-,Y,SJ,10,26,-,-,5.400,I,5,E,Y,3,0,1,1,A,-,03,22350,,N,E,I,A,A,H,-,A,D,0,,,,,Y,,A,01,0,1,0,0,0,0,0,0,0,"- ","- ",37.992519999999999,-121.17422999999999,"SAN JOAQUIN",UNINCORPORATED,-121.17429992,37.993457290000002
6442252,2014,2014-06-11,3905,2014-01-25,1738,2233,BEA,6,5,6,3905,0,0,0,,0,,"EIGHT MILE RD","DAVIS RD",100.00,E,N,A,-,N,,,,,,,,,,N,4,0,1,3,A,-,03,22350,,M,C,C,A,A,H,-,D,A,0,,,,,Y,,A,07,0,0,1,0,0,0,0,0,0,"- ","- ",,,"SAN JOAQUIN",STOCKTON,-121.33300278,38.057607390000001
6444294,2014,2014-07-08,3900,2014-03-26,1540,6443,,3,5,2,3920,0,0,0,,0,,"AVON ST","MILESTONE DR",45.00,S,N,A,-,N,,,,,,,,,,Y,4,0,1,1,A,-,03,22350,,M,E,I,A,A,H,-,A,D,0,,,,,Y,,A,01,0,0,1,0,0,0,0,0,0,"- ","- ",,,"SAN JOAQUIN",LATHROP,-121.28297301000001,37.823426429999998
6444318,2014,2016-03-01,9265,2014-03-21,0750,15756,,5,1,4,3903,0,1,3,,2,025,"RT 120","AIRPORT WY",2112.00,E,N,A,-,Y,SJ,10,120,-,R,3.720,H,-,W,Y,3,0,5,3,A,-,03,22350,,N,C,C,A,A,H,-,A,D,1,,,,,Y,,A,01,0,1,4,0,0,0,0,0,0,"- ","- ",37.783389999999997,-121.24419,"SAN JOAQUIN",MANTECA,-121.24493345,37.783439569999999
6444984,2014,2014-07-21,3902,2014-04-03,1520,,,4,5,5,3902,0,0,0,,0,,"W ELM ST","N CALIFORNIA ST",0.00,,Y,B,-,N,,,,,,,,,,Y,4,0,1,2,A,-,09,21802,A,N,D,C,A,A,H,-,A,A,0,,,,,Y,,A,01,0,0,1,0,0,0,0,0,0,"- ","- ",,,"SAN JOAQUIN",LODI,-121.28053,38.135669900000003
6445040,2014,2014-07-21,3902,2014-04-08,0747,,,2,5,5,3902,0,0,0,,0,,"TOKAY ST","ORANGE AV",54.00,W,N,A,-,N,,,,,,,,,,Y,3,0,1,2,A,-,08,22103,,N,D,C,A,A,H,-,A,A,0,,,,,Y,,A,01,0,1,0,0,0,0,0,0,0,"- ","- ",,,"SAN JOAQUIN",LODI,-121.28515774,38.126339999999999
6451215,2014,2014-07-10,9265,2014-04-08,1720,013539,,2,2,9,3900,0,3,5,,2,080,"MIDDLEFIELD AV","GRANGE AV",85.00,E,N,A,-,N,,,,,,,,,,N,3,0,1,2,A,-,11,21950,B,N,G,G,-,A,H,-,A,A,0,Y,,,,Y,,N,60,0,1,0,0,1,0,0,0,0,"- ","- ",37.967089999999999,-121.31827,"SAN JOAQUIN",UNINCORPORATED,-121.31865169,37.966957039999997
6451761,2014,2014-07-10,9265,2014-04-03,1050,016581,,4,1,9,3900,0,3,5,,2,070,"RIVIERA DR","FAIRWAY DR",290.00,W,N,A,-,N,,,,,,,,,,Y,3,0,1,2,A,-,21,22106,,N,E,J,A,A,H,-,A,D,0,,,,,Y,,A,01,0,1,0,0,0,0,0,0,0,"- ","- ",37.963470000000001,-121.36237,"SAN JOAQUIN",UNINCORPORATED,-121.36232256,37.963491359999999
6451776,2014,2014-07-10,9265,2014-04-12,1429,18488,,6,2,9,3900,0,3,5,,2,030,"MARIPOSA RD","POCK LN",150.00,E,N,A,-,N,,,,,,,,,,Y,2,0,1,1,A,-,08,22107,,N,E,I,A,A,H,-,A,D,0,,,,,Y,,D,22,1,0,0,0,0,0,0,0,0,"- ","- ",37.941510000000001,-121.24936,"SAN JOAQUIN",UNINCORPORATED,-121.24966612999999,37.941732739999999
6451780,2014,2016-04-09,9265,2014-04-12,1905,15827,,6,2,9,3900,0,1,3,,1,042,"RT 4","FILBERT ST",528.00,W,N,A,-,Y,SJ,10,4,-,R,18.510,H,-,E,Y,4,0,1,3,A,-,08,22107,,F,C,C,A,A,H,-,B,D,0,,,,,Y,,A,07,0,0,1,0,0,0,0,0,0,"- ","- ",37.958579999999998,-121.25751,"SAN JOAQUIN",UNINCORPORATED,-121.25820299999999,37.958474760000001
6451795,2014,2015-12-21,9265,2014-04-20,1421,18477,,7,2,9,3900,0,3,5,,2,010,"S VAN ALLEN RD","RT 120",1130.00,S,N,A,-,N,,,,,,,,,,Y,2,0,3,2,A,-,06,21750,,N,B,C,A,A,H,-,A,D,0,,,,,Y,,D,22,1,1,1,0,0,0,0,0,0,"- ","- ",37.795229999999997,-121.05195999999999,"SAN JOAQUIN",UNINCORPORATED,-121.05200219,37.795377649999999
6451807,2014,2016-04-09,9265,2014-04-23,0705,013325,,3,1,4,3903,0,1,3,,2,025,"RT 99","RT 120",1.00,S,N,A,-,Y,SJ,10,99,-,-,55.590,R,2,S,Y,3,0,1,1,A,-,03,22350,,N,F,I,A,A,D,-,A,D,0,,,,Y,Y,,G,25,0,1,0,0,0,0,0,0,0,FR,"- ",37.781089999999999,-121.18728,"SAN JOAQUIN",MANTECA,-121.18728,37.781089999999999
6451819,2014,2016-04-09,9265,2014-04-11,1100,18488,,5,1,6,3905,0,1,3,,2,004,"RT 99","RT 4",400.00,N,N,A,-,Y,SJ,10,99,-,-,18.730,H,-,N,N,4,0,1,2,A,-,03,22350,,N,C,C,A,A,H,-,A,D,1,,,,Y,Y,,G,25,0,0,1,0,0,0,0,0,0,"- ","- ",37.964170000000003,-121.24309,"SAN JOAQUIN",STOCKTON,-121.24218028999999,37.962487830000001
6456822,2014,2016-04-13,9266,2014-04-16,0610,013650,,3,1,9,3900,0,1,1,,2,021,"RT 580","TRACY BL",45.00,E,N,A,-,Y,SJ,10,580,-,-,6.560,H,-,W,Y,3,0,2,2,A,-,03,22350,,N,C,C,A,A,H,-,A,D,1,,,,,Y,,A,01,0,1,1,0,0,0,0,0,0,"- ","- ",37.658810000000003,-121.43468,"SAN JOAQUIN",UNINCORPORATED,-121.43418638,37.658447000000002
6456830,2014,2016-04-09,9266,2014-04-13,1210,13652,,7,1,9,3900,0,1,1,,1,015,"RT 205","EL RANCHO RD",800.00,E,N,A,-,Y,SJ,10,205,-,R,10.660,H,-,E,Y,3,0,2,2,A,-,21,22106,,N,C,C,A,A,H,-,A,D,1,,,,,Y,,E,22,0,1,1,0,0,0,0,0,0,"- ","- ",37.764749999999999,-121.36533,"SAN JOAQUIN",UNINCORPORATED,-121.369371,37.764774080000002
6459531,2014,2014-08-07,3902,2014-05-05,1431,BELASKI,,1,5,5,3902,0,0,0,,0,,"HAM LN","HOLLY DR",0.00,,Y,A,-,N,,,,,,,,,,Y,4,0,1,2,A,-,09,21802,A,N,D,C,A,A,H,-,A,A,0,,,,,Y,,A,01,0,0,1,0,0,0,0,0,0,"- ","- ",,,"SAN JOAQUIN",LODI,-121.28846996999999,38.141619910000003
6459657,2014,2014-08-08,9266,2014-05-02,2030,19012,,5,2,9,3900,0,3,5,,2,002,"HANSEN RD","SCHULTE RD",3770.00,S,N,A,-,N,,,,,,,,,,Y,3,0,3,1,A,-,"- ",,,N,E,I,A,A,H,-,D,D,0,,,,,Y,,A,07,0,3,0,0,0,0,0,0,0,"- ","- ",37.711030000000001,-121.51289,"SAN JOAQUIN",UNINCORPORATED,-121.51301968999999,37.711447649999997
6463142,2014,2016-03-05,9265,2014-03-28,1550,013325,,5,2,4,3903,0,1,3,,2,001,"RT 99","AUSTIN RD",300.00,S,N,A,-,Y,SJ,10,99,-,-,4.830,H,-,S,Y,3,0,2,3,A,-,03,22350,,N,C,C,A,A,H,-,A,D,1,,,,,Y,,A,01,0,1,1,0,0,0,0,0,0,"- ","- ",37.773879999999998,-121.17825999999999,"SAN JOAQUIN",MANTECA,-121.17844832999999,37.77389909
6463173,2014,2016-03-05,9265,2014-03-26,1212,015604,,3,1,6,3905,0,1,3,,2,004,"RT 99","CHEROKEE RD",2640.00,N,N,B,C,Y,SJ,10,99,-,-,21.380,H,-,S,Y,4,0,2,3,A,-,03,22350,,N,C,C,A,A,H,-,A,D,1,,,,,Y,,A,01,0,0,2,0,0,0,0,0,0,"- ","- ",38.002490000000002,-121.25705000000001,"SAN JOAQUIN",STOCKTON,-121.25558871,37.999039009999997
6463189,2014,2016-03-01,9265,2014-03-26,1235,013515,,3,1,9,3900,0,3,5,,2,050,"FREMONT ST","RT 99",0.00,,Y,B,C,Y,SJ,10,99,-,-,19.417,R,4,S,Y,3,0,1,3,A,-,12,21453,A,N,A,C,A,B,H,-,A,A,1,,,,,Y,,-,"- ",0,1,0,0,0,0,0,0,0,"- ",TO,37.969830000000002,-121.24672,"SAN JOAQUIN",UNINCORPORATED,-121.24664011,37.97166026
6463907,2014,2016-04-11,9266,2014-04-02,1450,13652,,3,2,9,3900,0,1,1,,1,015,"RT 205","RT 5",2000.00,W,N,A,-,Y,SJ,10,205,-,R,12.260,H,-,E,N,4,0,1,2,A,-,03,22350,,N,C,C,A,A,H,-,A,D,1,,,,,Y,,A,07,0,0,1,0,0,0,0,0,0,"- ","- ",,,"SAN JOAQUIN",UNINCORPORATED,-121.33985873,37.76624734
6463919,2014,2016-04-09,9266,2014-04-14,1340,13652,,1,1,9,3900,0,1,1,,2,014,"RT 205","GRANT LINE RD",2640.00,E,N,A,-,Y,SJ,10,205,-,R,5.890,H,-,E,N,4,0,2,2,A,-,07,21658,A,N,B,C,A,A,H,-,A,D,1,,,,,Y,,A,08,0,0,2,0,0,0,0,0,0,"- ","- ",,,"SAN JOAQUIN",UNINCORPORATED,-121.45407846000001,37.757649860000001
6466596,2014,2016-01-15,9265,2014-03-07,1640,016854,,5,2,6,3905,0,1,1,,2,502,"RT 5","ANDERSON ST",400.00,N,N,A,-,Y,SJ,10,5,-,-,25.740,H,-,N,Y,4,0,1,4,A,-,03,22350,,N,C,C,A,A,H,-,A,D,1,,,,,Y,,A,08,0,0,1,0,0,0,0,0,0,"- ","- ",37.941969999999998,-121.29819000000001,"SAN JOAQUIN",STOCKTON,-121.29830929000001,37.942209800000001
6467141,2014,2016-03-05,9265,2014-03-10,1420,16479,,1,2,6,3905,0,1,1,,2,503,"RT 5","MOUNT DIABLO",528.00,S,N,A,-,Y,SJ,10,5,-,-,27.810,H,-,N,Y,4,0,1,1,A,-,08,22107,,N,E,I,A,A,D,E,A,D,1,,,,,Y,,A,01,0,0,1,0,0,0,0,0,0,"- ","- ",37.956299999999999,-121.32265,"SAN JOAQUIN",STOCKTON,-121.32733974,37.956623190000002
6469133,2014,2014-07-10,3906,2014-04-05,2003,786,,6,5,5,3906,0,0,0,,0,004,"GRANT LINE RD","TRACY BL",60.00,W,N,A,-,N,,,,,,,,,,Y,4,0,1,2,A,-,21,22106,,N,C,C,A,A,H,-,C,A,0,,,,Y,Y,,A,01,0,0,1,0,0,0,0,0,0,"- ","- ",,,"SAN JOAQUIN",TRACY,-121.43534756,37.754170000000002
6469181,2014,2014-07-08,9265,2014-03-10,1825,018488,,1,2,9,3900,0,3,5,,2,050,"NEWTON RD","CALAVERAS AV",40.00,S,N,A,-,N,,,,,,,,,,Y,4,0,1,2,A,-,03,22350,,M,C,C,A,A,H,-,A,D,0,,,,,Y,,A,08,0,0,1,0,0,0,0,0,0,"- ","- ",37.998730000000002,-121.25936,"SAN JOAQUIN",UNINCORPORATED,-121.25935874,37.99869511
6471815,2014,2016-04-09,3900,2014-04-17,0738,9958,3900,4,5,2,3920,0,0,0,,0,009,"LATHROP RD","RT 5",28.00,E,N,A,-,Y,SJ,10,5,-,R,17.769,R,4,S,N,4,0,1,2,A,-,03,22350,,N,C,C,A,A,H,-,A,A,0,,,,,Y,,A,01,0,0,1,0,0,0,0,0,0,"- ","- ",,,"SAN JOAQUIN",LATHROP,-121.28899484999999,37.829561079999998
6474615,2014,2016-04-11,9265,2014-04-27,1305,019882,,7,1,9,3900,0,1,1,,2,505,"RT 5","RT 12",40.00,S,N,A,-,Y,SJ,10,5,-,-,39.315,R,1,N,Y,3,0,1,2,A,-,03,22350,,N,B,C,A,A,H,-,A,A,1,,,,Y,Y,,D,22,0,1,0,0,0,0,0,0,0,"- ","- ",38.656100000000002,-121.2349,"SAN JOAQUIN",UNINCORPORATED,-121.39590277000001,38.112558909999997
6474619,2014,2014-07-14,9265,2014-04-27,1346,018477,,7,1,9,3900,0,3,5,,2,010,"BURWOOD RD","RIVER RD",270.00,S,N,A,-,N,,,,,,,,,,Y,3,0,1,1,A,-,01,23152,B,N,E,I,A,A,H,-,A,D,0,,,,,Y,Y,D,22,0,1,0,0,0,0,0,0,0,"- ","- ",37.759839999999997,-120.95471999999999,"SAN JOAQUIN",UNINCORPORATED,-120.95477556,37.76130938
6481750,2014,2016-04-13,9266,2014-05-10,0003,19717,,6,3,9,3900,0,1,1,,2,021,"RT 580","RT 132",2640.00,W,N,A,-,Y,SJ,10,580,-,-,4.840,H,-,E,Y,4,0,2,2,A,-,03,22350,,N,C,C,A,A,H,-,D,D,1,,,,Y,Y,,A,01,0,0,2,0,0,0,0,0,0,"- ","- ",37.653350000000003,-121.42648,"SAN JOAQUIN",UNINCORPORATED,-121.40943908,37.643083769999997
6484843,2014,2014-07-25,3906,2014-05-27,1149,9876,,2,5,5,3906,0,0,0,,0,004,11TH,GATEWAY,0.00,,Y,A,-,N,,,,,,,,,,Y,3,0,2,2,A,-,12,21453,A,N,D,C,A,A,H,-,A,A,0,,,,,Y,,A,01,0,1,1,0,0,0,0,0,0,"- ","- ",,,"SAN JOAQUIN",TRACY,,
6486189,2014,2016-04-09,9266,2014-05-13,1255,013652,,2,1,9,3900,0,1,1,,1,015,"RT 205","EL RANCHO RD",500.00,E,N,A,-,Y,SJ,10,205,-,R,10.600,H,-,E,Y,4,0,1,1,A,-,17,23114,A,N,F,A,A,A,H,-,A,D,1,,,Y,,Y,,C,02,0,0,1,0,0,0,0,0,1,"- ","- ",37.764670000000002,-121.36899,"SAN JOAQUIN",UNINCORPORATED,-121.37043473,37.764770949999999
6486578,2014,2014-08-01,9266,2014-05-09,1830,018330,,5,2,9,3900,0,2,4,,2,013,"GRANT LINE RD","BYRON RD",250.00,E,N,A,-,N,,,,,,,,,,Y,4,0,1,2,A,-,01,23152,A,N,C,C,A,A,H,-,A,D,0,,,,,Y,Y,D,22,0,0,1,0,0,0,0,0,0,"- ","- ",37.754100000000001,-121.48349,"SAN JOAQUIN",UNINCORPORATED,-121.48402582,37.754049999999999
6487664,2014,2015-03-26,3906,2014-05-17,2114,1376,2R16,6,5,5,3906,0,0,0,,0,002,"MACARTHUR DR","VALPICO RD",0.00,,Y,A,-,N,,,,,,,,,,N,4,0,1,2,A,-,12,21453,A,M,A,C,A,A,H,-,C,A,0,,,,,Y,Y,D,22,0,0,1,0,0,0,0,0,0,"- ","- ",,,"SAN JOAQUIN",TRACY,-121.41638998000001,37.710639999999998
6493898,2014,2014-07-28,3902,2014-05-09,1947,4,,5,5,5,3902,0,0,0,,0,,"E TURNER RD","YOKUTS AV",296.00,E,N,A,-,N,,,,,,,,,,Y,4,0,2,2,A,-,06,21750,,N,B,C,A,A,H,-,B,D,0,,,,Y,Y,,A,01,0,0,2,0,0,0,0,0,0,"- ","- ",,,"SAN JOAQUIN",LODI,-121.26382501000001,38.145746670000001
6494902,2014,2016-04-14,9265,2014-05-14,2105,019178,,3,2,9,3900,0,1,3,,2,025,"RT 120","MAIN ST",1584.00,E,N,A,-,Y,SJ,10,120,-,R,5.610,H,-,E,Y,4,0,3,2,A,-,03,22350,,N,C,C,A,A,H,-,D,D,1,,,,,Y,,A,01,0,0,3,0,0,0,0,0,0,"- ","- ",37.783270000000002,-121.20722000000001,"SAN JOAQUIN",UNINCORPORATED,-121.21042029,37.783203729999997
6497118,2014,2014-07-25,3906,2014-05-23,0516,1373,6C04,5,5,5,3906,0,0,0,,0,006,"MACARTHUR DR","PESCADERO AV",0.00,,Y,A,-,N,,,,,,,,,,Y,4,0,2,2,A,-,12,21453,A,N,D,C,A,A,H,-,B,A,0,,,,,Y,,D,22,0,0,2,0,0,0,0,0,0,"- ","- ",,,"SAN JOAQUIN",TRACY,-121.41478997,37.761519900000003
6498512,2014,2014-07-18,9265,2014-04-14,1010,018661,,1,1,9,3900,0,2,4,,1,014,"MARIPOSA RD","ESCALON BELLOTA RD",0.00,,Y,A,-,N,,,,,,,,,,N,2,0,2,2,A,-,09,21802,A,N,D,C,A,A,H,-,A,D,0,,,,,Y,,A,07,1,0,1,0,0,0,0,0,0,"- ","- ",37.834350000000001,-121.99791999999999,"SAN JOAQUIN",UNINCORPORATED,-120.998029,37.834293000000002
6498532,2014,2014-07-18,9265,2014-04-23,1910,019307,9265,3,2,9,3900,0,2,4,,1,015,"COPPEROPOLIS RD","JACK TONE RD",10.00,E,N,A,-,N,,,,,,,,,,Y,4,0,1,2,A,-,05,21752,D,N,B,C,A,A,H,-,A,A,0,,,,,Y,,A,01,0,0,1,0,0,0,0,0,0,"- ","- ",37.970529999999997,-121.14836,"SAN JOAQUIN",UNINCORPORATED,-121.14865559,37.970463469999999
6498544,2014,2014-07-18,9265,2014-04-22,1358,018836,,2,1,9,3900,0,2,4,,1,074,"TELEGRAPH AV","WEBSTER AV",0.00,,Y,A,-,N,,,,,,,,,,Y,4,0,2,2,A,-,09,21802,A,N,D,C,A,A,H,-,A,D,0,,,,,Y,,A,01,0,0,2,0,0,0,0,0,0,"- ","- ",37.974200000000003,-121.33598000000001,"SAN JOAQUIN",UNINCORPORATED,-121.33594991,37.974239990000001
6499912,2014,2016-04-11,9265,2014-05-28,1921,18955,,3,2,6,3905,0,1,1,,2,504,"RT 5","MARCH LN",2112.00,N,N,A,-,Y,SJ,10,5,-,-,30.420,H,-,N,Y,3,0,1,2,A,-,08,22107,,N,E,I,A,A,D,-,A,D,1,,,,Y,Y,,A,01,0,1,0,0,0,0,0,0,0,"- ","- ",37.989840000000001,-121.34542,"SAN JOAQUIN",STOCKTON,-121.34556175,37.990381790000001
6499919,2014,2014-07-31,9265,2014-05-16,1509,017856,,5,2,9,3900,0,2,4,,1,072,"PERSHING AV","JOAN AV",528.00,S,N,A,-,N,,,,,,,,,,Y,4,0,2,5,A,-,03,22350,,M,B,C,A,A,H,-,A,D,0,,,,,Y,,D,22,0,0,2,0,0,0,0,0,0,"- ","- ",38.019359999999999,-121.32992,"SAN JOAQUIN",UNINCORPORATED,-121.32995221,38.018729970000003
6500122,2014,2016-04-14,9265,2014-05-16,1520,015756,,5,2,4,3903,0,1,3,,2,025,"RT 120","GUTHMILLER RD",1584.00,E,N,A,-,Y,SJ,10,120,-,R,1.650,H,-,E,Y,3,0,1,1,A,-,08,22107,,N,F,A,A,A,H,-,A,D,1,,,Y,,Y,,C,02,0,1,0,0,0,0,0,0,1,"- ","- ",37.78772,-121.28236,"SAN JOAQUIN",MANTECA,-121.28193303,37.787756569999999
6500148,2014,2016-04-09,9265,2014-05-22,1545,015604,,4,2,9,3900,0,1,3,,2,003,"RT 99","FARMINGTON RD",2112.00,N,N,A,-,Y,SJ,10,99,-,-,17.620,H,-,S,N,4,0,2,2,A,-,03,22350,,N,C,C,A,A,H,-,A,D,1,,,,,Y,,D,22,0,0,2,0,0,0,0,0,0,"- ","- ",37.94258,-121.2351,"SAN JOAQUIN",UNINCORPORATED,-121.23632953000001,37.947052650000003
6500156,2014,2016-04-09,9265,2014-05-23,1855,019178,,5,2,9,3900,0,1,1,,2,503,"RT 5","8TH ST",800.00,S,N,A,-,Y,SJ,10,5,-,-,24.420,H,-,S,Y,3,0,2,1,A,-,03,22350,,N,E,I,A,A,H,-,A,D,1,,,,,Y,,A,01,0,1,1,0,0,0,0,0,0,"- ","- ",37.923430000000003,-121.29340999999999,"SAN JOAQUIN",UNINCORPORATED,-121.29351351,37.923480359999999
6500210,2014,2016-02-22,9265,2014-05-26,1235,019182,,1,1,2,3920,0,1,3,,2,001,"RT 99","LATHROP RD",2640.00,N,N,A,-,Y,SJ,10,99,-,-,9.680,H,-,S,N,4,0,1,3,A,-,03,22350,,N,C,C,A,A,H,-,A,D,1,,,,,Y,,D,22,0,0,1,0,0,0,0,0,0,"- ","- ",37.833599999999997,-121.21769999999999,"SAN JOAQUIN",LATHROP,-121.21771586,37.833674000000002
6500940,2014,2014-07-26,3902,2014-05-20,0800,18,,2,5,5,3902,0,0,0,,0,,"TURNER RD","GRANT AV",0.00,,N,B,-,N,,,,,,,,,,N,4,0,1,2,A,-,08,22103,,N,B,C,A,A,H,-,A,A,0,,,,,Y,,A,08,0,0,1,0,0,0,0,0,0,"- ","- ",,,"SAN JOAQUIN",LODI,-121.28261999999999,38.145669929999997
6501316,2014,2014-07-28,3906,2014-05-16,1613,1376,4C01,5,5,5,3906,0,0,0,,0,001,"WEST 11TH ST","WEST 10TH ST",0.00,,Y,A,-,N,,,,,,,,,,N,4,0,1,2,A,-,09,21801,A,N,D,C,A,A,H,-,A,A,0,,,Y,,Y,,A,01,0,0,1,0,0,0,0,0,1,"- ","- ",,,"SAN JOAQUIN",TRACY,-121.4381399,37.739669939999999
6502385,2014,2014-07-31,9266,2014-05-19,1329,15432,,1,1,9,3900,1,2,4,,1,016,"11TH ST","RT 205",2112.00,E,N,A,F,N,,,,,,,,,,Y,4,0,1,2,A,-,03,22350,,N,C,C,A,A,H,-,A,D,0,,,,,Y,,H,17,0,0,1,0,0,0,0,0,0,"- ","- ",37.739699999999999,-121.8995,"SAN JOAQUIN",UNINCORPORATED,,
6502475,2014,2015-12-21,9265,2014-05-13,0817,018289,,2,1,9,3900,0,3,5,,2,060,"RT 99","MOSHER DR",0.00,,Y,A,-,N,,,99,,,,,,,Y,4,0,2,2,A,-,03,22350,,N,D,C,A,A,H,-,A,D,0,,,,,Y,,A,07,0,0,2,0,0,0,0,0,0,"- ","- ",38.044640000000001,-121.25818,"SAN JOAQUIN",UNINCORPORATED,-121.25850758999999,38.044616179999998
6503469,2014,2016-04-14,9265,2014-05-03,1743,13515,,6,2,4,3903,0,1,3,,2,025,"RT 120","MOFFAT BL",0.00,W,N,A,-,Y,SJ,10,120,-,R,6.320,H,-,E,N,4,0,1,2,A,-,03,22350,,N,C,C,A,A,H,-,A,D,1,,,,,Y,,A,07,0,0,1,0,0,0,0,0,0,"- ","- ",,,"SAN JOAQUIN",MANTECA,-121.19690857000001,37.783200780000001
6503697,2014,2014-07-26,9265,2014-05-01,2215,18955,,4,3,9,3900,0,2,4,,1,072,"EL CAMINO AV","PERSHING AV",0.00,,Y,A,-,N,,,,,,,,,,Y,2,0,1,2,A,-,01,23152,A,N,D,C,A,A,H,-,C,A,0,,,,,Y,Y,A,07,1,0,0,0,0,0,0,0,0,"- ","- ",38.132399999999997,-121.19801,"SAN JOAQUIN",UNINCORPORATED,-121.3299999,38.022039960000001
6509157,2014,2014-08-01,3902,2014-05-28,2311,DB72,,3,5,5,3902,0,0,0,,0,,"EAST PINE ST","GARFIELD ST",63.00,W,N,A,-,N,,,,,,,,,,N,4,0,1,2,A,-,09,21801,A,N,D,C,A,A,H,-,A,D,0,,,,,Y,,A,07,0,0,1,0,0,0,0,0,0,"- ","- ",,,"SAN JOAQUIN",LODI,-121.26370888,38.133983270000002
6511557,2014,2014-07-31,9265,2014-05-26,1952,15174,,1,2,9,3900,0,3,5,,2,060,"CLEMENTS RD","FRAZIER RD",8448.00,N,N,A,-,N,,,,,,,,,,Y,3,0,7,1,A,-,08,22107,,N,F,I,A,A,H,-,A,D,0,,,,,Y,,D,22,0,1,6,0,0,0,0,0,0,"- ","- ",38.174900000000001,-121.40900000000001,"SAN JOAQUIN",UNINCORPORATED,-121.0781528,38.097999100000003
6511561,2014,2016-04-09,9265,2014-05-26,1212,018289,,1,1,9,3900,0,1,3,,1,063,"RT 12","MC INTIRE RD",0.00,,Y,A,-,Y,SJ,10,12,-,-,24.900,I,5,E,Y,4,0,3,2,A,-,03,22350,,N,C,C,A,A,H,-,A,D,0,,,,,Y,,D,22,0,0,3,0,0,0,0,0,0,"- ","- ",38.20149,-121.03728,"SAN JOAQUIN",UNINCORPORATED,-121.03695466000001,38.201236280000003
6511569,2014,2016-04-09,9265,2014-05-29,0830,013325,,4,1,6,3905,0,1,3,,2,004,"RT 99","RT 88",0.00,,Y,A,-,Y,SJ,10,88,-,-,0.079,I,5,W,Y,3,0,1,2,A,-,12,21453,A,N,D,C,A,A,H,-,A,A,0,,,,,Y,,D,22,0,1,0,0,0,0,0,0,0,TO,"- ",37.985610000000001,-121.24891,"SAN JOAQUIN",STOCKTON,-121.24902093,37.985349730000003