CASE_ID,ACCIDENT_YEAR,PROC_DATE,JURIS,COLLISION_DATE,COLLISION_TIME,OFFICER_ID,REPORTING_DISTRICT,DAY_OF_WEEK,CHP_SHIFT,POPULATION,CNTY_CITY_LOC,SPECIAL_COND,BEAT_TYPE,CHP_BEAT_TYPE,CITY_DIVISION_LAPD,CHP_BEAT_CLASS,BEAT_NUMBER,PRIMARY_RD,SECONDARY_RD,DISTANCE,DIRECTION,INTERSECTION,WEATHER_1,WEATHER_2,STATE_HWY_IND,CALTRANS_COUNTY,CALTRANS_DISTRICT,STATE_ROUTE,ROUTE_SUFFIX,POSTMILE_PREFIX,POSTMILE,LOCATION_TYPE,RAMP_INTERSECTION,SIDE_OF_HWY,TOW_AWAY,COLLISION_SEVERITY,NUMBER_KILLED,NUMBER_INJURED,PARTY_COUNT,PRIMARY_COLL_FACTOR,PCF_CODE_OF_VIOL,PCF_VIOL_CATEGORY,PCF_VIOLATION,PCF_VIOL_SUBSECTION,HIT_AND_RUN,TYPE_OF_COLLISION,MVIW,PED_ACTION,ROAD_SURFACE,ROAD_COND_1,ROAD_COND_2,LIGHTING,CONTROL_DEVICE,CHP_ROAD_TYPE,PEDESTRIAN_ACCIDENT,BICYCLE_ACCIDENT,MOTORCYCLE_ACCIDENT,TRUCK_ACCIDENT,NOT_PRIVATE_PROPERTY,ALCOHOL_INVOLVED,STWD_VEHTYPE_AT_FAULT,CHP_VEHTYPE_AT_FAULT,COUNT_SEVERE_INJ,COUNT_VISIBLE_INJ,COUNT_COMPLAINT_PAIN,COUNT_PED_KILLED,COUNT_PED_INJURED,COUNT_BICYCLIST_KILLED,COUNT_BICYCLIST_INJURED,COUNT_MC_KILLED,COUNT_MC_INJURED,PRIMARY_RAMP,SECONDARY_RAMP,LATITUDE,LONGITUDE,COUNTY,CITY,POINT_X,POINT_Y
8288426,2015,2017-01-20,3905,2015-08-10,1434,2741,LAK,1,5,6,3905,0,0,0,,0,,"MARCH LN","QUAIL LAKES DR",230.00,W,N,A,-,N,,,,,,,,,,N,4,0,1,2,A,-,03,22350,,N,C,C,A,A,H,-,A,A,0,,,,,Y,,A,07,0,0,1,0,0,0,0,0,0,"- ","- ",37.985169999999997,-121.33951999999999,"SAN JOAQUIN",STOCKTON,-121.34078544,37.984838400000001
8288428,2015,2017-01-20,3905,2015-08-30,0110,2750,PAR,7,5,6,3905,0,0,0,,0,,"AIRPORT WY","HARDING WY",190.00,S,N,A,-,N,,,,,,,,,,Y,4,0,1,3,A,-,01,23152,A,N,C,C,A,A,H,-,C,D,0,,,,,Y,Y,A,01,0,0,1,0,0,0,0,0,0,"- ","- ",37.970100000000002,-121.27799,"SAN JOAQUIN",STOCKTON,-121.27807305,37.969669580000001
8288435,2015,2017-01-19,3905,2015-08-27,1422,2438,PAR,4,5,6,3905,0,0,0,,0,,"AIRPORT WY","MARTIN LUTHER KING BL",0.00,,Y,A,-,N,,,,,,,,,,Y,4,0,1,1,A,-,03,22350,,N,E,I,A,A,H,-,A,D,0,,,,,Y,,A,01,0,0,1,0,0,0,0,0,0,"- ","- ",37.941479999999999,-121.27059,"SAN JOAQUIN",STOCKTON,-121.27057994,37.941559920000003
8288444,2015,2017-02-28,3905,2015-09-16,1944,2438,SEA,3,5,6,3905,0,0,0,,0,,"8TH ST","RT 5",49.00,E,N,C,-,Y,SJ,10,5,-,-,24.815,R,4,N,Y,4,0,1,2,A,-,01,23152,A,N,C,C,A,B,H,-,C,A,0,,,,,Y,Y,A,01,0,0,1,0,0,0,0,0,0,"- ",NO,37.926900000000003,-121.29402,"SAN JOAQUIN",STOCKTON,-121.2951535,37.929038949999999
8288445,2015,2017-01-20,3905,2015-09-08,0801,1312,LAK,2,5,6,3905,0,0,0,,0,,"MARCH LN","EL DORADO ST",300.00,W,N,A,-,N,,,,,,,,,,N,4,0,1,2,A,-,03,22350,,N,C,C,A,A,H,-,A,D,0,,,,,Y,,A,01,0,0,1,0,0,0,0,0,0,"- ","- ",37.996380000000002,-121.30507,"SAN JOAQUIN",STOCKTON,-121.30656234999999,37.99568755
8288461,2015,2017-01-20,3905,2015-09-07,1918,2577,CIV,1,5,6,3905,0,0,0,,0,,"HARDING WY","COMMERCE ST",168.00,W,N,A,-,N,,,,,,,,,,Y,4,0,1,3,A,-,07,21658,A,N,C,E,A,A,H,-,A,D,0,,,,,Y,,A,07,0,0,1,0,0,0,0,0,0,"- ","- ",37.967129999999997,-121.29625,"SAN JOAQUIN",STOCKTON,-121.29699897,37.96699005
8288462,2015,2017-01-20,3905,2015-09-02,0830,1541,PAR,3,5,6,3905,0,0,0,,0,,"AIRPORT WY","WORTH ST",288.00,N,N,A,-,N,,,,,,,,,,N,4,0,1,2,A,-,03,22350,,N,C,C,A,A,H,-,A,D,0,,,,,Y,,A,01,0,0,1,0,0,0,0,0,0,"- ","- ",37.94632,-121.27178000000001,"SAN JOAQUIN",STOCKTON,-121.27194084999999,37.947183129999999
8288467,2015,2017-01-20,3905,2015-09-06,1548,2774,CIV,7,5,6,3905,0,0,0,,0,,"ARGONAUT ST","OAK ST",5.00,S,N,A,-,N,,,,,,,,,,N,4,0,1,2,A,-,05,21650,1,N,H,G,A,A,H,-,A,D,0,,Y,,,Y,,L,04,0,0,1,0,0,0,1,0,0,"- ","- ",37.955959999999997,-121.30829,"SAN JOAQUIN",STOCKTON,-121.30834627999999,37.955836589999997
8288469,2015,2017-01-20,3905,2015-09-10,1552,2606,CIV,4,5,6,3905,0,0,0,,0,,"EL DORADO ST","CHURCHILL ST",0.00,,Y,A,-,N,,,,,,,,,,Y,3,0,2,2,A,-,09,21801,A,N,A,C,A,A,H,-,A,A,0,,,,,Y,,A,01,0,1,1,0,0,0,0,0,0,"- ","- ",37.985990000000001,-121.30132,"SAN JOAQUIN",STOCKTON,-121.30171996999999,37.985899920000001
8288472,2015,2017-02-28,3905,2015-09-06,2102,2601,LAK,7,5,6,3905,0,0,0,,0,,"SWAIN RD","FERN ST",147.00,E,N,A,-,N,,,,,,,,,,Y,4,0,1,2,A,-,09,21804,A,N,D,C,A,A,H,-,C,D,0,,,,,Y,,A,07,0,0,1,0,0,0,0,0,0,"- ","- ",38.003480000000003,-121.32295999999999,"SAN JOAQUIN",STOCKTON,-121.32301035,38.003343460000004
8288475,2015,2017-01-20,3905,2015-09-16,1508,2463,SEA,3,5,6,3905,0,0,0,,0,,"MARTIN LUTHER KING BL","SAN JOAQUIN ST",0.00,,Y,A,-,N,,,,,,,,,,N,3,0,1,2,A,-,10,21950,A,M,G,B,B,A,H,-,A,A,0,Y,,,,Y,,A,07,0,1,0,0,1,0,0,0,0,"- ","- ",37.939360000000001,-121.28355999999999,"SAN JOAQUIN",STOCKTON,-121.28344,37.93944999
8288483,2015,2017-04-25,3905,2015-03-10,1354,1315,SEA,2,5,6,3905,0,0,0,,0,,"CENTER ST","RT 4",0.00,,Y,A,-,Y,SJ,10,4,-,R,16.514,R,4,E,Y,3,0,3,2,A,-,12,21453,A,N,D,C,A,A,H,-,A,A,0,,,,,Y,,A,01,0,2,1,0,0,0,0,0,0,"- ",EF,,,"SAN JOAQUIN",STOCKTON,-121.29249221000001,37.94962331
8288486,2015,2017-01-19,3905,2015-07-11,2318,2078,LAK,6,5,6,3905,0,0,0,,0,,"SWAIN RD","PERSHING AV",31.00,E,N,A,-,N,,,,,,,,,,Y,4,0,1,2,A,-,03,22350,,N,C,C,A,A,H,-,C,A,0,,,,,Y,,A,01,0,0,1,0,0,0,0,0,0,"- ","- ",,,"SAN JOAQUIN",STOCKTON,-121.3269653,38.002409630000002
8288490,2015,2017-01-19,3905,2015-07-05,1725,1087,,7,5,6,3905,0,0,0,,0,,"STAGECOACH RD","PETERSEN RD",0.00,,Y,A,-,N,,,,,,,,,,N,3,0,1,2,A,-,09,21801,A,N,D,C,A,A,H,-,A,A,0,,,Y,,Y,,A,01,0,1,0,0,0,0,0,0,1,"- ","- ",,,"SAN JOAQUIN",STOCKTON,-121.22976996,37.93698998
8288518,2015,2017-02-28,3905,2015-07-11,0057,2411,VAL,6,5,6,3905,0,0,0,,0,,"HAMMERTOWN DR","MONTAUBAN AV",28.00,W,N,A,-,N,,,,,,,,,,N,2,0,1,2,A,-,03,22350,,F,G,G,A,A,H,-,C,D,0,,Y,,,Y,Y,A,01,1,0,0,0,0,0,1,0,0,"- ","- ",,,"SAN JOAQUIN",STOCKTON,-121.28905709,38.016596399999997
8288520,2015,2017-02-28,3905,2015-04-10,0000,2649,VAL,5,5,6,3905,0,0,0,,0,,"WAKEMAN DR","BRYANT DR",9.00,N,N,A,-,N,,,,,,,,,,Y,4,0,2,1,A,-,01,23152,A,F,E,I,A,A,H,-,C,D,0,,,,,Y,Y,A,01,0,0,2,0,0,0,0,0,0,"- ","- ",,,"SAN JOAQUIN",STOCKTON,-121.26657,38.026960000000003
8288525,2015,2017-01-20,3905,2015-09-29,1708,1064,CIV,2,5,6,3905,0,0,0,,0,,"CENTER ST","HARDING WY",0.00,,Y,A,-,N,,,,,,,,,,N,3,0,1,2,A,-,10,21950,A,N,G,B,B,A,H,-,A,A,0,Y,,,,Y,,A,01,0,1,0,0,1,0,0,0,0,"- ","- ",37.96734,-121.29494,"SAN JOAQUIN",STOCKTON,-121.29513987999999,37.967309929999999
8288551,2015,2017-02-28,3905,2015-09-18,0705,1422,BEA,5,5,6,3905,0,0,0,,0,,"HAMMER LN","RT 5",0.00,,Y,A,-,Y,SJ,10,5,-,-,32.516,R,4,N,Y,3,0,2,1,A,-,03,22350,,N,E,I,A,A,H,-,A,A,0,,,,,Y,,A,01,0,1,1,0,0,0,0,0,0,"- ",NF,38.021259999999998,-121.35849,"SAN JOAQUIN",STOCKTON,-121.35759851,38.019209240000002
8288552,2015,2017-01-20,3905,2015-09-20,1335,1422,LAK,7,5,6,3905,0,0,0,,0,,"HOLIDAY DR","ELAINE DR",287.00,S,N,A,-,N,,,,,,,,,,Y,3,0,1,3,A,-,03,22350,,N,D,E,A,A,H,-,A,D,0,,,,,Y,,A,01,0,1,0,0,0,0,0,0,0,"- ","- ",38.006360000000001,-121.30034999999999,"SAN JOAQUIN",STOCKTON,-121.29954943,38.005533700000001
8288558,2015,2017-01-20,3905,2015-09-21,1130,1393,VAL,1,5,6,3905,0,0,0,,0,,"SWAIN RD","TAM O SHANTER DR",0.00,,Y,A,-,N,,,,,,,,,,Y,4,0,2,2,A,-,12,21453,A,N,D,C,A,A,H,-,A,A,0,,,,,Y,,A,07,0,0,2,0,0,0,0,0,0,"- ","- ",38.010399999999997,-121.29662,"SAN JOAQUIN",STOCKTON,-121.29618000000001,38.010389979999999
8288559,2015,2017-01-20,3905,2015-09-23,1530,2725,PAR,3,5,6,3905,0,0,0,,0,,"MARKET ST","UNION ST",0.00,,Y,A,-,N,,,,,,,,,,Y,3,0,1,2,A,-,03,22350,,N,B,C,A,A,H,-,A,A,0,,,,,Y,,A,01,0,1,0,0,0,0,0,0,0,"- ","- ",37.953850000000003,-121.27646,"SAN JOAQUIN",STOCKTON,-121.27648993,37.953949899999998
8288560,2015,2017-01-20,3905,2015-09-20,1535,2438,CIV,7,5,6,3905,0,0,0,,0,,"AMERICAN ST","WEBER AV",0.00,,Y,A,-,N,,,,,,,,,,N,4,0,1,2,A,-,05,21650,1,N,H,G,A,A,H,-,A,D,0,,Y,,,Y,,L,04,0,0,1,0,0,0,1,0,0,"- ","- ",37.954810000000002,-121.28351000000001,"SAN JOAQUIN",STOCKTON,-121.28358,37.954909919999999
8288572,2015,2017-01-20,3905,2015-03-16,1440,2624,SEA,1,5,6,3905,0,0,0,,0,,"TURNPIKE E FR RD","DIELHI ST",0.00,,Y,F,-,N,,,,,,,,,,N,4,0,1,2,A,-,03,22350,,F,C,C,A,-,H,-,A,D,0,,,,,Y,,A,01,0,0,1,0,0,0,0,0,0,"- ","- ",,,"SAN JOAQUIN",STOCKTON,-121.29409991,37.928270040000001
8288574,2015,2017-01-20,3905,2015-03-07,1834,2438,,6,5,6,3905,0,0,0,,0,,"PACIFIC AV","BENJAMIN HOLT DR",62.00,S,N,A,-,N,,,,,,,,,,Y,3,0,2,2,A,-,03,22350,,M,C,C,A,A,H,-,C,A,0,,,,,Y,,A,01,0,1,1,0,0,0,0,0,0,"- ","- ",,,"SAN JOAQUIN",STOCKTON,-121.32062436,38.010887840000002
8288578,2015,2017-01-23,3905,2015-03-07,0905,2063,SEA,6,5,6,3905,0,0,0,,0,,"SONORA ST","EL DORADO ST",0.00,,Y,A,-,N,,,,,,,,,,Y,4,0,2,2,A,-,09,21801,A,M,D,C,A,A,H,-,A,A,0,,,,,Y,,A,07,0,0,2,0,0,0,0,0,0,"- ","- ",,,"SAN JOAQUIN",STOCKTON,-121.28871995999999,37.948809969999999
8288583,2015,2017-01-20,3905,2015-03-20,1626,2439,LAK,5,5,6,3905,0,0,0,,0,,"ALEXANDRIA PL","LINCOLN RD",0.00,,Y,A,-,N,,,,,,,,,,N,3,0,1,2,A,-,12,22450,A,N,D,G,A,A,H,-,A,A,0,,Y,,,Y,,L,04,0,1,0,0,0,0,1,0,0,"- ","- ",,,"SAN JOAQUIN",STOCKTON,-121.33968989,38.01279993
8288587,2015,2017-01-20,3905,2015-03-20,1235,2063,CIV,5,5,6,3905,0,0,0,,0,,"ACACIA ST","SAN JOAQUIN ST",0.00,,Y,A,-,N,,,,,,,,,,Y,3,0,3,2,A,-,12,21453,A,F,D,C,A,A,H,-,A,A,0,,,,,Y,,A,07,0,1,2,0,0,0,0,0,0,"- ","- ",,,"SAN JOAQUIN",STOCKTON,-121.28990994999999,37.963029890000001
8288591,2015,2017-01-20,3905,2015-03-20,0712,1323,CIV,5,5,6,3905,0,0,0,,0,,"SOUTH TUXEDO AV","PERSHING AV",0.00,,Y,B,-,N,,,,,,,,,,Y,4,0,2,2,A,-,09,21802,A,N,D,D,A,A,H,-,A,A,0,,,,,Y,,A,01,0,0,2,0,0,0,0,0,0,"- ","- ",,,"SAN JOAQUIN",STOCKTON,-121.31412996,37.966859890000002
8288592,2015,2017-01-20,3905,2015-03-11,0710,1312,VAL,3,5,6,3905,0,0,0,,0,,"WEST LN","MARCH LN",400.00,S,N,C,-,N,,,,,,,,,,Y,4,0,1,2,A,-,03,22350,,N,C,C,A,B,H,-,A,D,0,,,,,Y,,A,01,0,0,1,0,0,0,0,0,0,"- ","- ",,,"SAN JOAQUIN",STOCKTON,-121.29042586,38.00109398
8288593,2015,2017-01-23,3905,2015-03-08,1752,2438,PAR,7,5,6,3905,0,0,0,,0,,"FREMONT ST","AIRPORT WY",0.00,,Y,A,-,N,,,,,,,,,,N,3,0,1,2,A,-,05,21650,1,N,H,G,A,A,H,-,B,A,0,,Y,,,Y,,L,04,0,1,0,0,0,0,1,0,0,"- ","- ",,,"SAN JOAQUIN",STOCKTON,-121.27553999,37.960359990000001
8288594,2015,2017-01-23,3905,2015-03-05,1022,1422,BEA,4,5,6,3905,0,0,0,,0,,"THORNTON RD","MACDUFF AV",19.00,S,N,A,-,N,,,,,,,,,,Y,4,0,1,2,A,-,03,22350,,M,C,C,A,A,H,-,A,A,0,,,,,Y,,A,01,0,0,1,0,0,0,0,0,0,"- ","- ",,,"SAN JOAQUIN",STOCKTON,-121.32970131,38.025987739999998
8288597,2015,2017-01-23,3905,2015-03-08,1421,2438,PAR,7,5,6,3905,0,0,0,,0,,"WILSON WY","WALNUT ST",92.00,S,N,A,-,N,,,,,,,,,,N,4,0,1,2,A,-,05,21650,1,N,D,G,A,A,H,-,A,D,0,,Y,,,Y,,L,04,0,0,1,0,0,0,1,0,0,"- ","- ",,,"SAN JOAQUIN",STOCKTON,-121.27601199,37.972153140000003
8288639,2015,2017-01-23,3905,2015-10-27,0958,2643,CIV,2,5,6,3905,0,0,0,,0,,"ADAMS ST","EL DORADO RD",20.00,E,N,B,-,N,,,,,,,,,,N,4,0,1,2,A,-,05,21650,1,N,H,G,A,A,H,-,A,A,0,,Y,,,Y,,L,04,0,0,1,0,0,0,1,0,0,"- ","- ",37.97383,-121.29621,"SAN JOAQUIN",STOCKTON,-121.2963941,37.973797189999999
8288640,2015,2017-01-20,3905,2015-10-13,1829,2463,SEA,2,5,6,3905,0,0,0,,0,,"HOUSTON AV","SUNOL VALLEY ST",539.00,W,N,A,-,N,,,,,,,,,,Y,3,0,1,1,A,-,08,22107,,F,E,I,A,A,H,-,B,D,0,,,,,Y,,A,07,0,1,0,0,0,0,0,0,0,"- ","- ",37.921430000000001,-121.3146,"SAN JOAQUIN",STOCKTON,-121.31639409,37.921635520000002
8288643,2015,2017-01-20,3905,2015-07-09,1413,2063,VAL,4,5,6,3905,0,0,0,,0,,"BIANCHI RD","CLOWES ST",0.00,,Y,A,-,N,,,,,,,,,,Y,3,0,2,5,A,-,09,21804,A,N,D,C,A,A,H,-,A,A,0,,,,,Y,,A,01,0,1,1,0,0,0,0,0,0,"- ","- ",,,"SAN JOAQUIN",STOCKTON,-121.28999992999999,37.997459900000003
8288644,2015,2017-01-20,3905,2015-07-24,2258,2660,BEA,5,5,6,3905,0,0,0,,0,,"THORNTON RD","HACIENDA DR",164.00,N,N,A,-,N,,,,,,,,,,N,4,0,1,2,A,-,14,21201,D,N,H,G,A,A,H,-,C,D,0,,Y,,,Y,,L,04,0,0,1,0,0,0,1,0,0,"- ","- ",,,"SAN JOAQUIN",STOCKTON,-121.33537142,38.031858010000001
8288659,2015,2017-01-20,3905,2015-07-18,0734,1315,CIV,6,5,6,3905,0,0,0,,0,,"WEBER AV","CENTER ST",0.00,,Y,A,-,N,,,,,,,,,,Y,4,0,1,2,A,-,09,21801,A,N,D,C,A,A,H,-,A,A,0,,,,,Y,,A,07,0,0,1,0,0,0,0,0,0,"- ","- ",,,"SAN JOAQUIN",STOCKTON,-121.29135997,37.953509990000001
8288662,2015,2017-01-20,3905,2015-07-30,1217,1422,VAL,4,5,6,3905,0,0,0,,0,,"YOKUTS AV","PACIFIC AV",127.00,E,N,A,-,N,,,,,,,,,,N,3,0,1,2,A,-,10,21950,A,M,G,B,B,A,H,-,A,A,0,Y,,,,Y,,A,01,0,1,0,0,1,0,0,0,0,"- ","- ",,,"SAN JOAQUIN",STOCKTON,-121.31430184,37.996750239999997
8288682,2015,2017-01-20,3905,2015-10-16,0133,2678,SEA,5,5,6,3905,0,0,0,,0,,"CENTER ST","JEFFERSON ST",0.00,,Y,A,-,N,,,,,,,,,,N,2,0,3,4,A,-,03,22350,,N,C,E,A,A,H,-,C,D,0,,,,,Y,,A,01,2,0,1,0,0,0,0,0,0,"- ","- ",37.941600000000001,-121.28824,"SAN JOAQUIN",STOCKTON,-121.28812992,37.941609919999998
8288701,2015,2017-01-20,3905,2015-10-17,2139,2585,PAR,6,5,6,3905,0,0,0,,0,,"B ST","RALPH AV",0.00,,Y,A,-,N,,,,,,,,,,N,3,0,1,2,A,-,12,22450,A,N,D,C,A,A,H,-,C,A,0,,,,,Y,,A,07,0,1,0,0,0,0,0,0,0,"- ","- ",37.922710000000002,-121.25078999999999,"SAN JOAQUIN",STOCKTON,-121.2509599,37.922899970000003
8288702,2015,2017-01-20,3905,2015-10-09,2141,2696,SEA,5,5,6,3905,0,0,0,,0,,"DOWNING AV","MANTHEY RD",42.00,W,N,A,-,N,,,,,,,,,,Y,3,0,3,1,A,-,03,22350,,N,E,I,A,A,H,-,E,D,0,,,,,Y,Y,A,01,0,1,2,0,0,0,0,0,0,"- ","- ",37.913029999999999,-121.2908,"SAN JOAQUIN",STOCKTON,-121.29109025,37.912885619999997
8288704,2015,2017-01-24,3905,2015-10-04,1540,1422,VAL,7,5,6,3905,0,0,0,,0,,"JAMESTOWN ST","EL DORADO ST",47.00,W,N,A,-,N,,,,,,,,,,Y,4,0,1,1,A,-,03,22350,,N,E,I,A,A,H,-,A,D,0,,,,,Y,,A,01,0,0,1,0,0,0,0,0,0,"- ","- ",37.99362,-121.3043,"SAN JOAQUIN",STOCKTON,-121.30498983,37.993784830000003
8288712,2015,2017-01-24,3905,2015-10-03,1732,2172,LAK,6,5,6,3905,0,0,0,,0,,"BENJAMIN HOLT DR","GRIGSBY PL",12.00,N,N,A,-,N,,,,,,,,,,Y,3,0,1,2,A,-,00,21443,A,N,D,C,A,A,H,-,A,A,0,,,,,Y,,A,01,0,1,0,0,0,0,0,0,0,"- ","- ",38.004669999999997,-121.35348999999999,"SAN JOAQUIN",STOCKTON,-121.35295827,38.004803000000003
8288722,2015,2017-01-30,3905,2015-05-10,2023,2726,CIV,7,5,6,3905,0,0,0,,0,,"WATERLOO RD","HARDING WY",0.00,,Y,A,-,N,,,,,,,,,,Y,2,0,3,4,A,-,01,23152,A,F,D,C,A,A,H,-,B,A,0,,,,,Y,Y,D,22,1,2,0,0,0,0,0,0,0,"- ","- ",,,"SAN JOAQUIN",STOCKTON,-121.26890992,37.971769940000001
8288738,2015,2017-01-30,3905,2015-05-31,1545,1422,VAL,7,5,6,3905,0,0,0,,0,,"HAMMER LN","HOLMAN RD",0.00,,Y,A,-,N,,,,,,,,,,N,4,0,1,2,A,-,07,21658,A,N,B,C,A,A,H,-,A,A,0,,,,,Y,,D,22,0,0,1,0,0,0,0,0,0,"- ","- ",,,"SAN JOAQUIN",STOCKTON,-121.27173995,38.0212699
8288743,2015,2017-01-30,3905,2015-03-11,1750,2574,LAK,3,5,6,3905,0,0,0,,0,,"BLUE RIDGE CIR","HERNDON PL",479.00,E,N,A,-,N,,,,,,,,,,N,4,0,1,2,A,-,05,21650,,M,D,C,A,A,H,-,A,D,0,,,,,Y,,-,"- ",0,0,1,0,0,0,0,0,0,"- ","- ",,,"SAN JOAQUIN",STOCKTON,-121.35626145000001,38.007132390000002
8288802,2015,2017-01-23,3905,2015-03-12,1257,1422,,4,5,6,3905,0,0,0,,0,,"ALPINE AV","WEST LN",0.00,,Y,A,-,N,,,,,,,,,,N,4,0,2,2,A,-,03,22350,,N,C,C,A,A,H,-,A,A,0,,,,,Y,,D,22,0,0,2,0,0,0,0,0,0,"- ","- ",,,"SAN JOAQUIN",STOCKTON,-121.28390988,37.983959919999997
8288809,2015,2017-01-23,3905,2015-03-04,1052,3452,CIV,3,5,6,3905,0,0,0,,0,,"CALIFORNIA ST","ARCADE ST",0.00,,Y,A,-,N,,,,,,,,,,Y,4,0,1,2,A,-,09,21801,A,N,D,C,A,A,H,-,A,D,0,,,,,Y,,D,22,0,0,1,0,0,0,0,0,0,"- ","- ",,,"SAN JOAQUIN",STOCKTON,-121.29214989,37.978219989999999
8288825,2015,2017-01-23,3905,2015-03-06,0714,1323,PAR,5,5,6,3905,0,0,0,,0,,"DIAMOND ST","MARTIN LUTHER KING BL",319.00,N,N,A,-,N,,,,,,,,,,N,3,0,1,2,D,-,00,,,M,F,C,A,A,H,-,A,D,0,,,,,Y,,-,"- ",0,1,0,0,0,0,0,0,0,"- ","- ",,,"SAN JOAQUIN",STOCKTON,-121.25606403,37.945892479999998
8288840,2015,2017-01-23,3905,2015-03-23,1208,3452,SEA,1,5,6,3905,0,0,0,,0,,"TURNPIKE RD","CLAY ST",0.00,,Y,B,-,N,,,,,,,,,,Y,4,0,1,2,A,-,09,21802,A,N,D,C,A,A,H,-,A,D,0,,,,,Y,,A,01,0,0,1,0,0,0,0,0,0,"- ","- ",,,"SAN JOAQUIN",STOCKTON,-121.28885988,37.939410049999999
8288856,2015,2017-01-19,3905,2015-01-23,2100,2652,VAL,5,5,6,3905,0,0,0,,0,,"HAMMER LN","LORRAINE AV",14.00,E,N,A,-,N,,,,,,,,,,Y,2,0,2,1,A,-,03,22350,,N,E,I,A,A,H,-,C,A,0,,,,,Y,,A,01,2,0,0,0,0,0,0,0,0,"- ","- ",,,"SAN JOAQUIN",STOCKTON,-121.2832214,38.020980549999997
8288869,2015,2017-01-20,3905,2015-01-21,1102,2063,PAR,3,5,6,3905,0,0,0,,0,,"OAK ST","UNION ST",0.00,,Y,A,-,N,,,,,,,,,,Y,4,0,1,2,A,-,12,22450,A,N,D,C,A,A,H,-,A,A,0,,,,,Y,,D,22,0,0,1,0,0,0,0,0,0,"- ","- ",,,"SAN JOAQUIN",STOCKTON,-121.2783999,37.9609199
8288911,2015,2017-01-23,3905,2015-04-08,1903,1388,SEA,3,5,6,3905,0,0,0,,0,,"EL DORADO ST","WAIT AV",140.00,S,N,A,-,N,,,,,,,,,,N,4,0,1,1,A,-,03,22350,,N,E,I,A,A,H,-,A,D,0,,,,,Y,,A,01,0,0,1,0,0,0,0,0,0,"- ","- ",,,"SAN JOAQUIN",STOCKTON,-121.27625197,37.912733830000001
8288916,2015,2017-01-20,3905,2015-04-19,1312,2063,CIV,7,5,6,3905,0,0,0,,0,,"OAK ST","BAKER RD",0.00,,Y,A,-,N,,,,,,,,,,Y,3,0,2,3,A,-,09,21802,A,N,G,B,F,A,H,-,A,A,0,Y,,,,Y,,A,01,0,1,1,0,1,0,0,0,0,"- ","- ",,,"SAN JOAQUIN",STOCKTON,-121.30311986,37.956729930000002
8288919,2015,2017-01-23,3905,2015-04-26,1519,2463,SEA,7,5,6,3905,0,0,0,,0,,"MARTIN LUTHER KING BL","GRANT ST",0.00,,Y,A,-,N,,,,,,,,,,Y,4,0,2,2,A,-,17,21451,A,N,D,C,A,A,H,-,A,A,0,,,,,Y,,A,01,0,0,2,0,0,0,0,0,0,"- ","- ",,,"SAN JOAQUIN",STOCKTON,-121.27692995,37.940509929999997
8288931,2015,2017-01-20,3905,2015-07-12,0604,1323,PAR,7,5,6,3905,0,0,0,,0,,"MYRTLE ST","HINKLEY AV",1056.00,E,N,B,-,N,,,,,,,,,,Y,3,0,1,1,A,-,03,22350,,M,F,I,A,A,H,-,A,D,0,,,,,Y,,A,01,0,1,0,0,0,0,0,0,0,"- ","- ",,,"SAN JOAQUIN",STOCKTON,-121.23757199000001,37.966090819999998
8288936,2015,2017-01-20,3905,2015-07-28,0701,2482,LAK,2,5,6,3905,0,0,0,,0,,"MARCH LN","MCGAW ST",0.00,,Y,B,-,N,,,,,,,,,,Y,4,0,1,2,A,-,12,21453,A,N,D,C,A,A,H,-,A,A,0,,,,,Y,,A,01,0,0,1,0,0,0,0,0,0,"- ","- ",,,"SAN JOAQUIN",STOCKTON,-121.32920999,37.987279919999999
8288939,2015,2017-01-20,3905,2015-07-13,0911,2482,CIV,1,5,6,3905,0,0,0,,0,,"WEST LN","BRADFORD ST",0.00,,Y,B,-,N,,,,,,,,,,N,4,0,2,3,A,-,05,21650,1,N,H,C,A,A,H,-,A,A,0,,Y,,,Y,,L,04,0,0,2,0,0,0,2,0,0,"- ","- ",,,"SAN JOAQUIN",STOCKTON,-121.27954989,37.973499990000001
8288944,2015,2017-01-20,3905,2015-07-24,1100,2063,LAK,5,5,6,3905,0,0,0,,0,,"PACIFIC AV","BENJAMIN HOLT DR",319.00,N,N,A,-,N,,,,,,,,,,N,4,0,1,2,A,-,05,21650,1,N,D,G,A,A,H,-,A,D,0,,Y,,,Y,,L,04,0,0,1,0,0,0,1,0,0,"- ","- ",,,"SAN JOAQUIN",STOCKTON,-121.32101609,38.011887250000001
8288955,2015,2017-02-03,3905,2015-07-31,2127,2289,LAK,5,5,6,3905,0,0,0,,0,,"HAMMER LN","LOWER SACRAMENTO RD",0.00,,Y,A,-,N,,,,,,,,,,Y,3,0,4,2,A,-,12,21453,A,N,D,C,A,A,H,-,C,A,0,,,,,Y,,-,"- ",0,1,3,0,0,0,0,0,0,"- ","- ",,,"SAN JOAQUIN",STOCKTON,-121.32326990999999,38.020989909999997
8288957,2015,2017-01-20,3905,2015-07-16,1636,2384,SEA,4,5,6,3905,0,0,0,,0,,"MARTIN LUTHER KING BL","HUNTER ST",23.00,E,N,A,-,N,,,,,,,,,,Y,3,0,2,3,A,-,03,22350,,N,C,E,A,A,H,-,A,A,0,,,,,Y,,A,07,0,1,1,0,0,0,0,0,0,"- ","- ",,,"SAN JOAQUIN",STOCKTON,-121.2846821,37.939233569999999
8288962,2015,2017-01-23,3905,2015-04-16,0959,1422,VA;,4,5,6,3905,0,0,0,,0,,"WEST LN","MARCH LN",0.00,,Y,A,-,N,,,,,,,,,,Y,4,0,1,6,A,-,03,22350,,N,C,C,A,A,H,-,A,A,0,,,,,Y,,A,01,0,0,1,0,0,0,0,0,0,"- ","- ",,,"SAN JOAQUIN",STOCKTON,-121.29084998,38.00213995
8288963,2015,2017-01-24,3905,2015-04-06,1637,2463,LAK,1,5,6,3905,0,0,0,,0,,"PACIFIC AV","ROBINHOOD DR",17.00,S,N,A,-,N,,,,,,,,,,Y,4,0,2,2,A,-,03,22350,,N,C,C,A,A,H,-,A,A,0,,,,,Y,,A,01,0,0,2,0,0,0,0,0,0,"- ","- ",,,"SAN JOAQUIN",STOCKTON,-121.31645172,38.000555609999999
8288975,2015,2017-01-24,3905,2015-04-20,1555,2453,CIV,1,5,6,3905,0,0,0,,0,,"HARRISON ST","FLORA ST",112.00,N,N,A,-,N,,,,,,,,,,N,4,0,1,2,A,-,09,21804,A,N,H,G,A,A,H,-,A,D,0,,Y,,,Y,,L,04,0,0,1,0,0,0,1,0,0,"- ","- ",,,"SAN JOAQUIN",STOCKTON,-121.30115949,37.959399329999997