CASE_ID,ACCIDENT_YEAR,PROC_DATE,JURIS,COLLISION_DATE,COLLISION_TIME,OFFICER_ID,REPORTING_DISTRICT,DAY_OF_WEEK,CHP_SHIFT,POPULATION,CNTY_CITY_LOC,SPECIAL_COND,BEAT_TYPE,CHP_BEAT_TYPE,CITY_DIVISION_LAPD,CHP_BEAT_CLASS,BEAT_NUMBER,PRIMARY_RD,SECONDARY_RD,DISTANCE,DIRECTION,INTERSECTION,WEATHER_1,WEATHER_2,STATE_HWY_IND,CALTRANS_COUNTY,CALTRANS_DISTRICT,STATE_ROUTE,ROUTE_SUFFIX,POSTMILE_PREFIX,POSTMILE,LOCATION_TYPE,RAMP_INTERSECTION,SIDE_OF_HWY,TOW_AWAY,COLLISION_SEVERITY,NUMBER_KILLED,NUMBER_INJURED,PARTY_COUNT,PRIMARY_COLL_FACTOR,PCF_CODE_OF_VIOL,PCF_VIOL_CATEGORY,PCF_VIOLATION,PCF_VIOL_SUBSECTION,HIT_AND_RUN,TYPE_OF_COLLISION,MVIW,PED_ACTION,ROAD_SURFACE,ROAD_COND_1,ROAD_COND_2,LIGHTING,CONTROL_DEVICE,CHP_ROAD_TYPE,PEDESTRIAN_ACCIDENT,BICYCLE_ACCIDENT,MOTORCYCLE_ACCIDENT,TRUCK_ACCIDENT,NOT_PRIVATE_PROPERTY,ALCOHOL_INVOLVED,STWD_VEHTYPE_AT_FAULT,CHP_VEHTYPE_AT_FAULT,COUNT_SEVERE_INJ,COUNT_VISIBLE_INJ,COUNT_COMPLAINT_PAIN,COUNT_PED_KILLED,COUNT_PED_INJURED,COUNT_BICYCLIST_KILLED,COUNT_BICYCLIST_INJURED,COUNT_MC_KILLED,COUNT_MC_INJURED,PRIMARY_RAMP,SECONDARY_RAMP,LATITUDE,LONGITUDE,COUNTY,CITY,POINT_X,POINT_Y
8426178,2017,2018-04-20,3905,2017-06-18,0358,2668,LAK,7,5,6,3905,0,0,0,,0,,"RT 5","HAMMER LN",5.00,S,N,A,-,Y,SJ,10,5,-,-,32.516,R,4,N,Y,3,0,2,1,A,-,01,23152,A,F,E,I,A,A,H,-,C,D,0,,,,,Y,Y,A,01,0,2,0,0,0,0,0,0,0,"- ","- ",38.021259999999998,-121.35849,"SAN JOAQUIN",STOCKTON,-121.35759851,38.019209240000002
8426206,2017,2017-08-18,3905,2017-06-13,0806,1312,SEA,2,5,6,3905,0,0,0,,0,,"ARGONAUT ST","IRENE ST",0.00,,Y,B,-,N,,,,,,,,,,N,4,0,1,2,A,-,09,21801,A,F,D,C,A,A,H,-,A,D,0,,,,,Y,,A,01,0,0,1,0,0,0,0,0,0,"- ","- ",37.930459999999997,-121.30316000000001,"SAN JOAQUIN",STOCKTON,-121.30297991,37.930369939999999
8426214,2017,2017-08-18,3905,2017-06-10,2000,2779,CIV,6,5,6,3905,0,0,0,,0,,"WILSON WY","BISHOP ST",144.00,N,N,A,-,N,,,,,,,,,,N,3,0,2,2,A,-,07,21658,A,N,B,C,A,A,H,-,A,D,0,,,Y,,Y,,A,01,0,1,1,0,0,0,0,0,2,"- ","- ",37.975490000000001,-121.27535,"SAN JOAQUIN",STOCKTON,-121.27542888000001,37.975942019999998
8426225,2017,2017-08-17,3905,2017-06-26,1245,2463,CIV,1,5,6,3905,0,0,0,,0,,"PARK ST","MADISON ST",5.00,E,N,A,-,N,,,,,,,,,,N,4,0,2,2,A,-,08,22107,,N,D,C,A,A,H,-,A,A,0,,,,,Y,,A,07,0,0,2,0,0,0,0,0,0,"- ","- ",37.959060000000001,-121.29550999999999,"SAN JOAQUIN",STOCKTON,-121.29559302,37.959032790000002
8427380,2017,2017-08-16,3905,2017-07-11,1259,3409,PAR,2,5,6,3905,0,0,0,,0,,"B ST","RALPH AV",0.00,,Y,A,-,N,,,,,,,,,,N,4,0,1,2,A,-,09,21802,A,N,D,C,A,A,H,-,A,A,0,,,,,Y,,A,07,0,0,1,0,0,0,0,0,0,"- ","- ",37.922710000000002,-121.25078999999999,"SAN JOAQUIN",STOCKTON,-121.2509599,37.922899970000003
8427412,2017,2017-08-15,3905,2017-07-05,1859,2525,SEA,3,5,6,3905,0,0,0,,0,,"CENTER ST","MARTIN LUTHER KING BL",6.00,N,N,A,-,N,,,,,,,,,,N,4,0,1,2,A,-,12,21453,A,N,D,G,A,A,H,-,A,A,0,,Y,,,Y,,L,04,0,0,1,0,0,0,1,0,0,"- ","- ",37.938699999999997,-121.28753,"SAN JOAQUIN",STOCKTON,-121.28739426,37.93879613
8427427,2017,2017-08-16,3905,2017-07-24,0957,3409,CIV,1,5,6,3905,0,0,0,,0,,"WEST LN","ALPINE AV",314.00,S,N,A,-,N,,,,,,,,,,Y,4,0,1,3,A,-,03,22350,,N,D,E,A,A,H,-,A,D,0,,,,,Y,,A,01,0,0,1,0,0,0,0,0,0,"- ","- ",37.983939999999997,-121.28349,"SAN JOAQUIN",STOCKTON,-121.28357514,37.983139379999997
8427432,2017,2017-08-15,3905,2017-07-03,1919,2321,LAK,1,5,6,3905,0,0,0,,0,,"BENJAMIN HOLT DR","CUMBERLAND PL",0.00,,Y,A,-,N,,,,,,,,,,N,3,0,1,2,A,-,12,21453,A,N,H,G,A,A,H,-,B,A,0,,Y,,,Y,,L,04,0,1,0,0,0,0,1,0,0,"- ","- ",38.005659999999999,-121.36314,"SAN JOAQUIN",STOCKTON,-121.36251998,38.005679970000003
8427509,2017,2017-08-17,3905,2017-07-31,0931,3452,CIV,1,5,6,3905,0,0,0,,0,,"MINER AV","SUTTER ST",0.00,,Y,A,-,N,,,,,,,,,,Y,4,0,2,2,A,-,12,21453,A,N,D,C,A,A,H,-,A,A,0,,,,,Y,,D,22,0,0,2,0,0,0,0,0,0,"- ","- ",37.95635,-121.28664000000001,"SAN JOAQUIN",STOCKTON,-121.28670993999999,37.956349899999999
8427654,2017,2017-08-17,3905,2017-08-01,1438,3410,VAL,2,5,6,3905,0,0,0,,0,,"ORNELLA LN","GARY GALLI DR",248.00,N,N,A,-,N,,,,,,,,,,N,3,0,1,2,A,-,21,22106,,N,H,C,A,A,H,-,A,D,0,,,,,Y,,A,01,0,1,0,0,0,0,0,0,0,"- ","- ",38.045029999999997,-121.27211,"SAN JOAQUIN",STOCKTON,-121.27211663,38.045849619999998
8427674,2017,2017-08-17,3905,2017-08-04,1015,2537,LAK,5,5,6,3905,0,0,0,,0,,"MARCH LN","BROOKSIDE RD EAST",0.00,,Y,A,-,N,,,,,,,,,,Y,4,0,2,2,A,-,12,21453,A,N,D,C,A,A,H,-,A,A,0,,,,,Y,,A,01,0,0,2,0,0,0,0,0,0,"- ","- ",37.984250000000003,-121.35481,"SAN JOAQUIN",STOCKTON,-121.3551899,37.983859950000003
8427844,2017,2017-08-16,3905,2017-07-09,1530,2525,CIV,7,5,6,3905,0,0,0,,0,,"STADIUM DR","COMMERCE ST",0.00,,Y,A,-,N,,,,,,,,,,N,4,0,1,2,A,-,12,22450,,N,D,C,A,A,H,-,A,A,0,,,,,Y,,A,01,0,0,1,0,0,0,0,0,0,"- ","- ",37.980780000000003,-121.30315,"SAN JOAQUIN",STOCKTON,-121.30347999,37.980679940000002
8430960,2017,2017-08-18,3905,2017-06-26,1431,3410,BEA,1,5,6,3905,0,0,0,,0,,"HAMMER LN","MARINERS DR",0.00,,Y,A,-,N,,,,,,,,,,Y,3,0,1,2,A,-,09,21801,A,N,D,C,A,A,H,-,A,A,0,,,,,Y,,A,01,0,1,0,0,0,0,0,0,0,"- ","- ",38.021279999999997,-121.36190999999999,"SAN JOAQUIN",STOCKTON,-121.36154999999999,38.021329989999998
8431842,2017,2017-08-18,3905,2017-05-30,1733,2800,CIV,2,5,6,3905,0,0,0,,0,,"PERSHING AV","ALPINE AV",0.00,,Y,A,-,N,,,,,,,,,,Y,4,0,1,2,A,-,12,21453,A,N,D,C,A,A,H,-,A,A,0,,,,,Y,,A,01,0,0,1,0,0,0,0,0,0,"- ","- ",37.975610000000003,-121.31724,"SAN JOAQUIN",STOCKTON,-121.31751988000001,37.975479970000002
84356564,2024,2024-08-16,3905,2024-07-04,1512,7192,,4,5,6,3905,0,0,0,,0,,"PACIFIC AV","SWAIN RD",0.00,,Y,A,-,N,,,,,,,,,,N,4,0,1,2,A,-,03,22350,,N,B,C,A,A,H,-,A,A,0,,,,,Y,,-,"- ",0,0,1,0,0,0,0,0,0,"- ","- ",38.004791259765625,-121.3184814453125,"SAN JOAQUIN",STOCKTON,-121.31806945800781,38.004623413085938
84359039,2024,2024-08-19,3906,2024-08-05,1527,1376,,1,5,5,3906,0,0,0,,0,001,"E ST","NINTH ST",16.00,S,N,A,-,N,,,,,,,,,,N,4,0,1,1,A,-,03,22350,,N,E,I,A,A,H,-,A,D,0,,,,,Y,,A,01,0,0,1,0,0,0,0,0,0,"- ","- ",37.737411499023438,-121.42375183105469,"SAN JOAQUIN",TRACY,-121.42381286621094,37.737319946289062
84361165,2024,2024-08-20,3905,2024-06-28,"838 ",7034,,5,5,6,3905,0,0,0,,0,,"CALIFORNIA ST","HAMPTON ST",150.00,S,N,A,-,N,,,,,,,,,,Y,4,0,1,2,A,-,03,22350,,N,C,C,A,A,H,-,A,D,0,,,,,Y,,D,22,0,0,1,0,0,0,0,0,0,"- ","- ",37.975009918212891,-121.29199981689453,"SAN JOAQUIN",STOCKTON,-121.29093170166016,37.975162506103516
84364956,2024,2024-08-22,3905,2024-07-10,1634,7164,,3,5,6,3905,0,0,0,,0,,"WILSON WY","SONORA ST",150.00,N,N,A,-,N,,,,,,,,,,N,4,0,1,2,A,-,01,23152,A,N,C,C,A,A,H,-,A,A,0,,,,,Y,Y,A,01,0,0,1,0,0,0,0,0,0,"- ","- ",37.951770782470703,-121.27047729492188,"SAN JOAQUIN",STOCKTON,-121.27060699462891,37.952281951904297
8436497,2017,2017-10-26,3905,2017-08-04,0818,1422,CIV,5,5,6,3905,0,0,0,,0,,"PARK ST","MONROE ST",0.00,,Y,A,-,N,,,,,,,,,,Y,3,0,2,2,A,-,09,21802,A,N,D,C,A,A,H,-,A,A,0,,,,,Y,,A,01,0,1,1,0,0,0,0,0,0,"- ","- ",37.958849999999998,-121.29680999999999,"SAN JOAQUIN",STOCKTON,-121.29689992,37.958799939999999
84368810,2024,2024-08-26,3905,2024-07-16,1517,2566,,2,5,6,3905,0,0,0,,0,,"WATERLOO RD","HARDING WY",0.00,,Y,A,-,N,,,,,,,,,,N,3,0,1,1,A,-,03,22350,,N,E,I,A,A,H,-,A,A,0,,,Y,,Y,,C,02,0,1,0,0,0,0,0,0,1,"- ","- ",37.971271514892578,-121.26972961425781,"SAN JOAQUIN",STOCKTON,-121.26891326904297,37.971775054931641
84368817,2024,2024-08-26,3905,2024-07-19,"805 ",7034,,5,5,6,3905,0,0,0,,0,,"AIRPORT WY","INDUSTRIAL DR",0.00,,Y,A,-,N,,,,,,,,,,Y,2,0,1,2,A,-,12,21453,A,N,D,C,A,A,H,-,A,A,0,,,,Y,Y,,G,25,1,0,0,0,0,0,0,0,0,"- ","- ",37.910881042480469,-121.25845336914062,"SAN JOAQUIN",STOCKTON,-121.25856018066406,37.910980224609375
84371924,2024,2024-08-27,3924,2024-08-05,2259,1295,,1,5,2,3920,0,0,0,,0,00C,"YOSEMITE AV","YOSEMITE CT",0.00,,Y,A,-,N,,,,,,,,,,Y,2,0,1,1,A,-,01,23152,A,N,E,J,A,A,H,-,D,D,0,,,,,Y,Y,A,01,1,0,0,0,0,0,0,0,0,"- ","- ",37.797111511230469,-121.27056884765625,"SAN JOAQUIN",LATHROP,-121.28842163085938,37.787200927734375
84372559,2024,2024-08-28,3906,2024-08-01,1518,1094,,4,5,5,3906,0,0,0,,0,004,"GRANT LINE RD","WALMART PLAZA",50.00,W,N,A,-,N,,,,,,,,,,N,4,0,1,3,A,-,03,22350,,M,C,C,A,A,H,-,A,A,0,,,,,Y,,A,01,0,0,1,0,0,0,0,0,0,"- ","- ",,,"SAN JOAQUIN",TRACY,,
84373182,2024,2024-08-28,3924,2024-08-21,"727 ",1387,,3,5,2,3920,0,0,0,,0,00C,"EAST LOUISE AV","LAGUE ROAD",0.00,,Y,A,-,N,,,,,,,,,,N,3,0,2,3,A,-,09,21801,,N,H,A,A,A,H,-,A,D,0,,,,,Y,,-,28,0,2,0,0,0,0,0,0,0,"- ","- ",37.810798645019531,-121.26454162597656,"SAN JOAQUIN",LATHROP,,
84385052,2024,2024-09-09,3906,2024-08-20,"713 ",1719,,2,5,5,3906,0,0,0,,0,004,"CORRAL HOLLOW RD","ALEGRE DR",0.00,,Y,A,-,N,,,,,,,,,,N,3,0,1,2,A,-,12,21453,A,N,D,C,A,A,H,-,A,A,0,,,,,Y,,D,22,0,1,0,0,0,0,0,0,0,"- ","- ",37.7523193359375,-121.4532470703125,"SAN JOAQUIN",TRACY,-121.45330047607422,37.752208709716797
84390962,2024,2024-09-12,3905,2024-07-20,"850 ",2463,,6,5,6,3905,0,0,0,,0,,"AIRPORT WY","EIGHTH ST",44.00,N,N,A,-,N,,,,,,,,,,N,4,0,1,2,A,-,03,22350,,M,C,C,A,A,H,-,A,A,0,,,,,Y,,D,22,0,0,1,0,0,0,0,0,0,"- ","- ",37.931510925292969,-121.26724243164062,"SAN JOAQUIN",STOCKTON,-121.26714324951172,37.931777954101562
8439190,2017,2017-08-30,3906,2017-08-16,2227,1473,,3,5,5,3906,0,0,0,,0,006,"NORTH TRACY BL","CLOVER RD",0.00,,Y,A,-,N,,,,,,,,,,Y,4,0,1,2,A,-,09,21453,C,N,A,C,A,A,H,-,C,A,0,,,,,Y,,A,01,0,0,1,0,0,0,0,0,0,"- ","- ",,,"SAN JOAQUIN",TRACY,-121.43505994,37.761419889999999
84394056,2024,2024-09-16,3906,2024-08-27,"819 ",1936,,2,5,5,3906,0,0,0,,0,004,"CORRAL HOLLOW RD","LOWELL AVE",0.00,,Y,A,-,Y,,,,,,,,,,Y,3,0,1,2,A,-,12,21453,A,N,D,G,A,A,H,-,A,A,0,,Y,,,Y,,L,04,0,1,0,0,0,0,1,0,0,"- ","- ",37.746700286865234,-121.45307159423828,"SAN JOAQUIN",TRACY,-121.45323181152344,37.747081756591797
84401655,2024,2024-09-20,3905,2024-08-07,1036,7034,,3,5,6,3905,0,0,0,,0,,"ST ANDREWS DR","CROOKED STICK CI",1300.00,E,N,A,-,N,,,,,,,,,,Y,3,0,1,1,C,-,18,,,N,E,I,A,A,H,-,A,D,0,,,,,Y,,-,"- ",0,1,0,0,0,0,0,0,0,"- ","- ",37.977748870849609,-121.36547088623047,"SAN JOAQUIN",STOCKTON,-121.36175537109375,37.978542327880859
84401698,2024,2024-09-20,3905,2024-08-12,1416,3166,,1,5,6,3905,0,0,0,,0,,"OAK ST","GRANT ST",11.00,E,N,A,-,N,,,,,,,,,,N,4,0,1,2,A,-,09,21802,A,N,D,C,A,A,H,-,A,A,0,,,,Y,Y,,F,26,0,0,1,0,0,0,0,0,0,"- ","- ",37.960201263427734,-121.28220367431641,"SAN JOAQUIN",STOCKTON,-121.28227996826172,37.960254669189453
84401700,2024,2024-09-20,3905,2024-08-13,1203,2566,,2,5,6,3905,0,0,0,,0,,"VENEZIA BL","GRAND CANAL BL (S)",30.00,N,N,A,-,N,,,,,,,,,,N,3,0,1,1,A,-,03,22350,,N,E,I,A,A,H,-,A,A,0,,,,,Y,,A,07,0,1,0,0,0,0,0,0,0,"- ","- ",37.984539031982422,-121.33429718017578,"SAN JOAQUIN",STOCKTON,-121.33483123779297,37.984489440917969
84407139,2024,2024-09-25,3905,2024-08-24,"614 ",7034,,6,5,6,3905,0,0,0,,0,,"HAMMER LN","WEST LN",0.00,,Y,B,C,N,,,,,,,,,,Y,2,0,1,2,A,-,03,22350,,F,C,C,A,B,H,-,B,A,0,,,,,Y,,A,01,1,0,0,0,0,0,0,0,0,"- ","- ",38.020931243896484,-121.29518127441406,"SAN JOAQUIN",STOCKTON,-121.29499816894531,38.020858764648438
84410219,2024,2024-09-27,3906,2024-09-11,1232,1475,,3,5,5,3906,0,0,0,,0,001,"10TH STREET","CENTRAL AVENUE",0.00,,Y,B,-,N,,,,,,,,,,N,3,0,2,2,A,-,09,21801,A,N,D,D,A,A,H,-,A,A,0,,,,,Y,,A,01,0,2,0,0,0,0,0,0,0,"- ","- ",37.738540649414062,-121.42516326904297,"SAN JOAQUIN",TRACY,-121.42592620849609,37.738502502441406
84410437,2024,2024-09-27,3905,2024-08-25,1518,7164,,7,5,6,3905,0,0,0,,0,,"PACIFIC AV","DOUGLAS RD",0.00,,Y,A,-,N,,,,,,,,,,Y,3,0,2,2,A,-,12,21453,A,N,D,C,A,A,H,-,A,A,0,,,,,Y,,A,01,0,1,1,0,0,0,0,0,0,"- ","- ",38.007900238037109,-121.32002258300781,"SAN JOAQUIN",STOCKTON,-121.31956481933594,38.008243560791016
84410441,2024,2024-09-27,3905,2024-08-26,1621,3041,,1,5,6,3905,0,0,0,,0,,"HARDING WY","BAKER ST",0.00,,Y,A,-,N,,,,,,,,,,N,4,0,1,2,A,-,12,22450,,N,D,C,A,A,H,-,A,D,0,,,,,Y,,A,07,0,0,1,0,0,0,0,0,0,"- ","- ",37.965610504150391,-121.30536651611328,"SAN JOAQUIN",STOCKTON,-121.3055419921875,37.965492248535156
84411927,2024,2024-09-30,3905,2024-08-25,1922,3235,,7,5,6,3905,0,0,0,,0,,"SAMPSON RD","TELSTAR PL",275.00,N,N,A,-,N,,,,,,,,,,Y,3,0,2,3,A,-,09,21804,A,N,D,C,A,A,H,-,B,D,0,,,,,Y,,A,01,0,2,0,0,0,0,0,0,0,"- ","- ",38.018070220947266,-121.26796722412109,"SAN JOAQUIN",STOCKTON,-121.26773834228516,38.019023895263672
84411932,2024,2024-09-30,3905,2024-08-28,"819 ",7034,,3,5,6,3905,0,0,0,,0,,"PERSHING AV","BURKE BRADLEY DR",0.00,,Y,A,-,N,,,,,,,,,,Y,3,0,3,3,A,-,09,21802,A,N,D,C,A,A,H,-,A,A,0,,,,,Y,,A,01,0,2,1,0,0,0,0,0,0,"- ","- ",37.990989685058594,-121.32219696044922,"SAN JOAQUIN",STOCKTON,-121.32466125488281,37.996261596679688
84420641,2024,2024-10-07,3905,2024-08-31,1226,7164,,6,5,6,3905,0,0,0,,0,,"EL DORADO ST","OAK ST",15.00,S,N,A,-,N,,,,,,,,,,N,4,0,1,2,A,-,03,22350,,N,C,C,A,A,H,-,A,A,0,,,,,Y,,D,22,0,0,1,0,0,0,0,0,0,"- ","- ",37.958698272705078,-121.29135131835938,"SAN JOAQUIN",STOCKTON,-121.29143524169922,37.958660125732422
84422219,2024,2024-10-08,3906,2024-09-26,1756,1403,,4,5,5,3906,0,0,0,,0,001,"ELEVENTH ST","CIVIC CENTER DR",65.00,W,N,A,-,N,,,,,,,,,,N,4,0,1,3,A,-,04,21703,,N,C,C,A,A,H,-,A,A,0,,,,,Y,,A,01,0,0,1,0,0,0,0,0,0,"- ","- ",37.739688873291016,-121.419189453125,"SAN JOAQUIN",TRACY,-121.41949462890625,37.739719390869141
84423866,2024,2024-10-09,3906,2024-09-25,"15  ",1862,,3,5,5,3906,0,0,0,,0,001,"ELEVENTH ST","WEST ST",0.00,,Y,A,-,Y,,,,,,,,,,Y,3,0,2,2,A,-,09,21804,A,F,D,C,A,A,H,-,C,D,0,,,,,Y,,A,01,0,1,1,0,0,0,0,0,0,"- ","- ",37.739120483398438,-121.43028259277344,"SAN JOAQUIN",TRACY,-121.43024444580078,37.739700317382812
84424083,2024,2024-10-09,3905,2024-08-26,"900 ",2926,,1,5,6,3905,0,0,0,,0,,"MORADA LN","CHERBOURG WY",50.00,E,N,A,-,N,,,,,,,,,,Y,4,0,3,3,A,-,03,22350,,N,C,C,A,A,H,-,A,D,0,,,,,Y,,A,01,0,0,3,0,0,0,0,0,0,"- ","- ",38.036899566650391,-121.28572082519531,"SAN JOAQUIN",STOCKTON,-121.28541564941406,38.036918640136719
84424110,2024,2024-10-09,3905,2024-09-07,1233,7034,,6,5,6,3905,0,0,0,,0,,"HAMMER LN","SAMPSON RD",310.00,W,N,A,-,N,,,,,,,,,,N,4,0,1,2,A,-,03,22350,,N,C,C,A,A,H,-,A,D,0,,,,,Y,,A,01,0,0,1,0,0,0,0,0,0,"- ","- ",38.020980834960938,-121.26808166503906,"SAN JOAQUIN",STOCKTON,-121.26887512207031,38.021099090576172
8442649,2017,2017-08-31,3902,2017-08-11,2057,MG44,,5,5,5,3902,0,0,0,,0,,"E VINE ST","SOUTH CHEROKEE LN",233.00,W,N,A,-,N,,,,,,,,,,Y,4,0,2,3,D,-,00,,,N,B,C,A,A,E,-,C,D,0,,,,,Y,,-,"- ",0,0,2,0,0,0,0,0,0,"- ","- ",,,"SAN JOAQUIN",LODI,-121.2613782,38.123367180000002
8442722,2017,2017-08-31,3902,2017-08-03,0759,BH45,,4,5,5,3902,0,0,0,,0,,"VINE ST","CORTEZ WY",0.00,,Y,B,-,N,,,,,,,,,,N,4,0,1,2,A,-,11,21950,B,N,G,B,B,A,H,-,A,D,0,Y,,,,Y,,N,60,0,0,1,0,1,0,0,0,0,"- ","- ",,,"SAN JOAQUIN",LODI,-121.28910999999999,38.122769939999998
84427236,2024,2024-10-11,3905,2024-09-06,1740,3135,,5,5,6,3905,0,0,0,,0,,"HAZELTON AV","SIERRA NEVADA ST",0.00,,Y,A,-,N,,,,,,,,,,N,4,0,1,2,A,-,09,21801,A,F,D,C,A,A,H,-,A,A,0,,,,,Y,,A,01,0,0,1,0,0,0,0,0,0,"- ","- ",37.949531555175781,-121.27126312255859,"SAN JOAQUIN",STOCKTON,-121.27124786376953,37.949668884277344
84428889,2024,2024-10-14,3905,2024-08-30,"749 ",3228,,5,5,6,3905,0,0,0,,0,,"NAVY DR","STOCKTON ST",0.00,,Y,A,-,N,,,,,,,,,,N,3,0,1,2,A,-,05,21650,,N,A,C,A,A,H,-,A,D,0,,,,,Y,,A,01,0,1,0,0,0,0,0,0,0,"- ","- ",37.936779022216797,-121.30139923095703,"SAN JOAQUIN",STOCKTON,-121.29985046386719,37.936809539794922
84428892,2024,2024-10-14,3905,2024-09-03,"826 ",2463,,2,5,6,3905,0,0,0,,0,,"LEVER BL","HAWAII AV",6.00,E,N,A,-,N,,,,,,,,,,N,3,0,1,2,A,-,10,21950,A,N,G,B,B,A,H,-,A,A,0,Y,,,,Y,,A,07,0,1,0,0,1,0,0,0,0,"- ","- ",37.923271179199219,-121.30217742919922,"SAN JOAQUIN",STOCKTON,-121.30184173583984,37.923118591308594
8443133,2017,2017-09-01,3900,2017-08-02,1320,7634,LATHR,3,5,2,3920,0,0,0,,0,009,"RIVER ISLANDS PKWY","GOLDEN VALLEY PKWY",0.00,,Y,A,-,N,,,,,,,,,,Y,4,0,3,2,A,-,09,21804,A,N,D,C,A,A,H,-,A,A,0,,,,,Y,,A,01,0,0,3,0,0,0,0,0,0,"- ","- ",,,"SAN JOAQUIN",LATHROP,-121.30027996,37.811809959999998
84437324,2024,2024-10-21,3906,2024-09-29,2028,1921,,7,5,5,3906,0,0,0,,0,006,"ENTRADA WAY","PORTOLA WAY",97.00,S,N,A,-,N,,,,,,,,,,Y,3,0,1,3,A,-,00,22352,A,N,C,E,A,A,H,-,D,D,0,,,,,Y,,D,22,0,1,0,0,0,0,0,0,0,"- ","- ",37.754638671875,-121.42105102539062,"SAN JOAQUIN",TRACY,-121.42121124267578,37.754981994628906
84437465,2024,2024-10-21,3905,2024-06-19,2500,1315,,3,5,6,3905,0,0,0,,0,,"WEST LN","EIGHT MILE RD",180.00,S,N,A,-,N,,,,,,,,,,N,4,0,1,2,A,-,03,22350,,M,C,C,A,A,H,-,A,A,0,,,,,Y,,A,08,0,0,1,0,0,0,0,0,0,"- ","- ",38.057479858398438,-121.29615020751953,"SAN JOAQUIN",STOCKTON,-121.29630279541016,38.056964874267578
84437474,2024,2024-10-21,3905,2024-09-12,"520 ",7034,,4,5,6,3905,0,0,0,,0,,"HAMMER LN","KELLEY DR",370.00,E,N,A,-,N,,,,,,,,,,Y,4,0,2,3,A,-,07,21658,A,N,C,C,A,A,H,-,C,D,0,,,,,Y,,A,07,0,0,2,0,0,0,0,0,0,"- ","- ",38.021228790283203,-121.35652160644531,"SAN JOAQUIN",STOCKTON,-121.35486602783203,38.021270751953125
84437483,2024,2024-10-21,3905,2024-09-13,1810,7192,,5,5,6,3905,0,0,0,,0,,"LAFAYETTE ST","AIRPORT WY",0.00,,Y,A,-,N,,,,,,,,,,Y,4,0,2,2,A,-,09,21802,A,N,D,C,A,A,H,-,A,A,0,,,,,Y,,A,01,0,0,2,0,0,0,0,0,0,"- ","- ",37.95233154296875,-121.27333831787109,"SAN JOAQUIN",STOCKTON,-121.27336883544922,37.952423095703125
84437796,2024,2024-10-21,3905,2024-09-14,"407 ",2980,,6,5,6,3905,0,0,0,,0,,"EIGHT MILE RD","THORNTON RD",900.00,W,N,A,-,N,,,,,,,,,,Y,4,0,1,1,A,-,03,22350,,N,F,A,A,A,H,-,C,A,0,,,,,Y,,A,01,0,0,1,0,0,0,0,0,0,"- ","- ",38.057579040527344,-121.35176849365234,"SAN JOAQUIN",STOCKTON,-121.35495758056641,38.057697296142578
84441593,2024,2024-10-23,3905,2024-09-16,1623,2566,,1,5,6,3905,0,0,0,,0,,"OTTO DR","APPLE BLOSSOM WY",34.00,W,N,A,-,N,,,,,,,,,,Y,3,0,1,2,A,-,03,22350,,M,D,E,A,A,H,-,A,D,0,,,,,Y,,A,01,0,1,0,0,0,0,0,0,0,"- ","- ",38.038448333740234,-121.34593200683594,"SAN JOAQUIN",STOCKTON,-121.34583282470703,38.038600921630859
84445033,2024,2024-10-25,3905,2024-09-23,1258,7323,,1,5,6,3905,0,0,0,,0,,"WATERLOO RD","HARDING WY",130.00,W,N,A,-,N,,,,,,,,,,Y,3,0,1,2,A,-,09,21804,A,N,D,C,A,A,H,-,A,D,0,,,,,Y,,A,01,0,1,0,0,0,0,0,0,0,"- ","- ",37.971839904785156,-121.26853942871094,"SAN JOAQUIN",STOCKTON,-121.26914978027344,37.971466064453125
84446536,2024,2024-10-28,3905,2024-09-24,2140,3231,,2,5,6,3905,0,0,0,,0,,"WEST LN","FULTON ST",0.00,,Y,A,-,N,,,,,,,,,,N,3,0,1,2,A,-,05,21202,A,F,H,G,A,A,H,-,C,A,0,,Y,,,Y,Y,L,04,0,1,0,0,0,0,1,0,0,"- ","- ",37.986900329589844,-121.28453826904297,"SAN JOAQUIN",STOCKTON,-121.28499603271484,37.9869384765625
84450181,2024,2024-10-30,3905,2024-09-04,1410,3254,,3,5,6,3905,0,0,0,,0,,"MORADA LN","HOLMAN RD",20.00,W,N,A,-,N,,,,,,,,,,Y,4,0,1,1,A,-,03,22350,,N,E,I,A,A,H,-,A,D,0,,,Y,,Y,,C,02,0,0,1,0,0,0,0,0,1,"- ","- ",38.036888122558594,-121.26985931396484,"SAN JOAQUIN",STOCKTON,-121.26988983154297,38.03704833984375
84456239,2024,2024-11-04,3905,2024-10-03,2337,3202,,4,5,6,3905,0,0,0,,0,,"EL DORADO ST","ESSEX ST",4.00,N,N,A,-,N,,,,,,,,,,N,4,0,1,2,A,-,03,22350,,F,G,B,F,A,H,-,C,D,0,Y,,,,Y,,A,01,0,0,1,0,1,0,0,0,0,"- ","- ",37.987270355224609,-121.30181884765625,"SAN JOAQUIN",STOCKTON,-121.30222320556641,37.987178802490234
84459611,2024,2024-11-06,3905,2024-09-25,1804,7273,,3,5,6,3905,0,0,0,,0,,"THORNTON RD","DAVIS RD",50.00,S,N,A,-,N,,,,,,,,,,N,4,0,1,2,A,-,03,22350,,N,C,C,A,A,H,-,A,A,0,,,,,Y,,D,22,0,0,1,0,0,0,0,0,0,"- ","- ",38.028919219970703,-121.33233642578125,"SAN JOAQUIN",STOCKTON,-121.33202362060547,38.028533935546875