CASE_ID,ACCIDENT_YEAR,PROC_DATE,JURIS,COLLISION_DATE,COLLISION_TIME,OFFICER_ID,REPORTING_DISTRICT,DAY_OF_WEEK,CHP_SHIFT,POPULATION,CNTY_CITY_LOC,SPECIAL_COND,BEAT_TYPE,CHP_BEAT_TYPE,CITY_DIVISION_LAPD,CHP_BEAT_CLASS,BEAT_NUMBER,PRIMARY_RD,SECONDARY_RD,DISTANCE,DIRECTION,INTERSECTION,WEATHER_1,WEATHER_2,STATE_HWY_IND,CALTRANS_COUNTY,CALTRANS_DISTRICT,STATE_ROUTE,ROUTE_SUFFIX,POSTMILE_PREFIX,POSTMILE,LOCATION_TYPE,RAMP_INTERSECTION,SIDE_OF_HWY,TOW_AWAY,COLLISION_SEVERITY,NUMBER_KILLED,NUMBER_INJURED,PARTY_COUNT,PRIMARY_COLL_FACTOR,PCF_CODE_OF_VIOL,PCF_VIOL_CATEGORY,PCF_VIOLATION,PCF_VIOL_SUBSECTION,HIT_AND_RUN,TYPE_OF_COLLISION,MVIW,PED_ACTION,ROAD_SURFACE,ROAD_COND_1,ROAD_COND_2,LIGHTING,CONTROL_DEVICE,CHP_ROAD_TYPE,PEDESTRIAN_ACCIDENT,BICYCLE_ACCIDENT,MOTORCYCLE_ACCIDENT,TRUCK_ACCIDENT,NOT_PRIVATE_PROPERTY,ALCOHOL_INVOLVED,STWD_VEHTYPE_AT_FAULT,CHP_VEHTYPE_AT_FAULT,COUNT_SEVERE_INJ,COUNT_VISIBLE_INJ,COUNT_COMPLAINT_PAIN,COUNT_PED_KILLED,COUNT_PED_INJURED,COUNT_BICYCLIST_KILLED,COUNT_BICYCLIST_INJURED,COUNT_MC_KILLED,COUNT_MC_INJURED,PRIMARY_RAMP,SECONDARY_RAMP,LATITUDE,LONGITUDE,COUNTY,CITY,POINT_X,POINT_Y
84459624,2024,2024-11-06,3905,2024-09-27,1036,1315,,5,5,6,3905,0,0,0,,0,,"CENTER ST","POPLAR ST",0.00,,Y,A,-,N,,,,,,,,,,Y,3,0,2,2,A,-,12,22450,,N,D,C,A,A,H,-,A,A,0,,,,,Y,,A,01,0,1,1,0,0,0,0,0,0,"- ","- ",37.960880279541016,-121.29460144042969,"SAN JOAQUIN",STOCKTON,-121.29353332519531,37.961406707763672
84459627,2024,2024-11-06,3905,2024-09-27,1620,3133,,5,5,6,3905,0,0,0,,0,,"EL DORADO ST","FIRST ST",0.00,,Y,A,-,N,,,,,,,,,,Y,4,0,1,2,A,-,09,21801,A,N,B,C,A,A,H,-,A,D,0,,,,,Y,,A,07,0,0,1,0,0,0,0,0,0,"- ","- ",37.937629699707031,-121.28582763671875,"SAN JOAQUIN",STOCKTON,-121.28567504882812,37.937664031982422
84459628,2024,2024-11-06,3905,2024-09-27,1658,7192,,5,5,6,3905,0,0,0,,0,,"HARDING WY","PACIFIC AV",0.00,,Y,A,-,N,,,,,,,,,,Y,4,0,2,2,A,-,03,22350,,N,D,C,A,A,H,-,A,A,0,,,,,Y,,A,01,0,0,2,0,0,0,0,0,0,"- ","- ",37.966339111328125,-121.29888916015625,"SAN JOAQUIN",STOCKTON,-121.29791259765625,37.966831207275391
84463041,2024,2024-11-18,3905,2024-10-03,1519,3197,,4,5,6,3905,0,0,0,,0,,"CALIFORNIA ST","VINE ST",0.00,,Y,A,-,N,,,,,,,,,,Y,4,0,1,2,A,-,09,21801,A,N,A,D,A,A,H,-,A,D,0,,,,,Y,,A,07,0,0,1,0,0,0,0,0,0,"- ","- ",37.965850830078125,-121.28909301757812,"SAN JOAQUIN",STOCKTON,-121.28807067871094,37.966419219970703
84463044,2024,2024-11-08,3905,2024-10-04,"546 ",1315,,5,5,6,3905,0,0,0,,0,,"PARK ST","UNION ST",200.00,W,N,A,-,N,,,,,,,,,,N,4,0,1,2,A,-,17,21657,,F,G,B,E,A,H,-,C,D,0,Y,,,,Y,,-,99,0,0,1,0,1,0,0,0,0,"- ","- ",37.961261749267578,-121.27973175048828,"SAN JOAQUIN",STOCKTON,-121.27935028076172,37.961772918701172
84464521,2024,2024-11-11,3906,2024-10-09,1821,1804,,3,5,5,3906,0,0,0,,0,005,"GRANT LINE RD","CHRISMAN RD",1219.00,E,Y,A,-,N,,,,,,,,,,Y,3,0,1,2,A,-,03,22350,,N,D,C,A,A,H,-,A,D,0,,,,,Y,,A,01,0,1,0,0,0,0,0,0,0,"- ","- ",37.754249572753906,-121.39830017089844,"SAN JOAQUIN",TRACY,-121.39408111572266,37.754108428955078
8446491,2017,2017-09-28,3905,2017-08-11,0812,2676,LAK,5,5,6,3905,0,0,0,,0,,"PACIFIC AV","YOKUTS AV",0.00,,Y,A,-,N,,,,,,,,,,N,3,0,1,2,A,-,11,21954,A,F,G,B,D,A,D,-,A,A,0,Y,,,,Y,,N,60,0,1,0,0,1,0,0,0,0,"- ","- ",37.996760000000002,-121.3143,"SAN JOAQUIN",STOCKTON,-121.31471997,37.996639960000003
8446519,2017,2017-09-28,3905,2017-08-30,0750,3452,PAR,3,5,6,3905,0,0,0,,0,,"AIRPORT WY","HARDING WY",35.00,S,N,A,-,N,,,,,,,,,,N,4,0,1,2,A,-,03,22350,,M,C,C,A,A,H,-,A,D,0,,,,,Y,,A,01,0,0,1,0,0,0,0,0,0,"- ","- ",37.970100000000002,-121.27799,"SAN JOAQUIN",STOCKTON,-121.27818437000001,37.970086039999998
8446522,2017,2017-09-14,3905,2017-08-28,1531,2566,BEA,1,5,6,3905,0,0,0,,0,,"HAMMER LN","LOWER SACRAMENTO RD",0.00,,Y,A,-,N,,,,,,,,,,N,3,0,1,2,A,-,12,21453,A,N,D,G,A,A,H,-,A,A,0,,Y,,,Y,,L,04,0,1,0,0,0,0,1,0,0,"- ","- ",38.021279999999997,-121.32348,"SAN JOAQUIN",STOCKTON,-121.32326990999999,38.020989909999997
8446523,2017,2017-09-28,3905,2017-08-30,0835,2537,LAK,3,5,6,3905,0,0,0,,0,,"BENJAMIN HOLT DR","EL DORADO ST",0.00,,Y,A,-,N,,,,,,,,,,Y,4,0,2,2,A,-,09,21801,A,N,D,C,A,A,H,-,A,A,0,,,,,Y,,A,07,0,0,2,0,0,0,0,0,0,"- ","- ",38.012039999999999,-121.30916999999999,"SAN JOAQUIN",STOCKTON,-121.30899986,38.011909989999999
8446527,2017,2017-09-28,3905,2017-08-30,0707,1422,PAR,3,5,6,3905,0,0,0,,0,,"MARTIN LUTHER KING BL","MARIPOSA RD",1671.00,E,N,A,-,N,,,,,,,,,,Y,3,0,2,1,A,-,03,22350,,N,E,I,A,A,H,-,A,D,0,,,,,Y,,A,07,0,2,0,0,0,0,0,0,0,"- ","- ",37.944719999999997,-121.25579999999999,"SAN JOAQUIN",STOCKTON,-121.25471576,37.945330249999998
8446558,2017,2017-09-14,3905,2017-08-12,1810,1393,LAK,6,5,6,3905,0,0,0,,0,,"PERSHING AV","ROSE MARIE LN",25.00,N,N,A,-,N,,,,,,,,,,N,4,0,1,2,A,-,03,22350,,F,C,C,A,A,H,-,A,A,0,,,,,Y,,A,01,0,0,1,0,0,0,0,0,0,"- ","- ",37.986820000000002,-121.32039,"SAN JOAQUIN",STOCKTON,-121.32084171,37.986683909999996
8446589,2017,2017-09-21,3905,2017-08-13,1554,3409,BEA,7,5,6,3905,0,0,0,,0,,"LIGHTHOUSE DR","LIGHTHOUSE CT",415.00,S,N,A,B,N,,,,,,,,,,N,3,0,1,2,A,-,03,22350,,N,D,E,A,A,H,-,A,D,0,,,,,Y,,A,01,0,1,0,0,0,0,0,0,0,"- ","- ",38.015889999999999,-121.36339,"SAN JOAQUIN",STOCKTON,-121.36298857,38.014790480000002
8446617,2017,2017-09-15,3905,2017-08-21,1730,3409,LAK,1,5,6,3905,0,0,0,,0,,"MARCH LN","FEATHER RIVER DR",441.00,E,N,B,-,N,,,,,,,,,,N,4,0,1,2,A,-,09,21801,A,N,D,C,A,A,H,-,A,D,0,,,,,Y,,D,22,0,0,1,0,0,0,0,0,0,"- ","- ",37.984720000000003,-121.34716,"SAN JOAQUIN",STOCKTON,-121.34602656,37.984484270000003
84467305,2024,2024-11-13,3905,2024-10-01,"936 ",2463,,2,5,6,3905,0,0,0,,0,,"CENTER ST","ACACIA ST",5.00,N,N,A,-,N,,,,,,,,,,N,4,0,1,2,A,-,05,21650,1,N,D,G,A,A,H,-,A,A,0,,Y,,,Y,,L,04,0,0,1,0,0,0,1,0,0,"- ","- ",37.962409973144531,-121.29366302490234,"SAN JOAQUIN",STOCKTON,-121.29380035400391,37.962413787841797
84472254,2024,2024-11-18,3906,2024-11-04,1319,1280,,1,5,5,3906,0,0,0,,0,004,"TRACY BLVD","VALLERAND RD",0.00,,Y,A,-,N,,,,,,,,,,N,3,0,1,2,A,-,05,21202,A,N,D,G,A,A,H,-,A,A,0,,Y,,,Y,,L,04,0,1,0,0,0,0,1,0,0,"- ","- ",37.750259399414062,-121.43518829345703,"SAN JOAQUIN",TRACY,-121.43505096435547,37.750282287597656
84472649,2024,2024-11-20,3905,2024-10-11,1850,7192,,5,5,6,3905,0,0,0,,0,,"WILSON WY","ANDERSON ST",420.00,S,N,A,-,N,,,,,,,,,,Y,4,0,2,2,A,-,01,23152,A,N,A,C,A,A,H,-,A,A,0,,,,,Y,Y,A,01,0,0,2,0,0,0,0,0,0,"- ","- ",37.945178985595703,-121.27012634277344,"SAN JOAQUIN",STOCKTON,-121.2685546875,37.944770812988281
84477965,2024,2024-11-21,3905,2024-09-01,"118 ",3160,,7,5,6,3905,0,0,0,,0,,"LOWER SACRAMENTO RD","HAMMER LN",336.00,N,N,A,-,N,,,,,,,,,,N,3,0,1,2,A,-,03,22350,,F,B,C,A,A,H,-,C,D,0,,,,,Y,,A,01,0,1,0,0,0,0,0,0,0,"- ","- ",38.021278381347656,-121.32347869873047,"SAN JOAQUIN",STOCKTON,-121.32305908203125,38.021892547607422
84479604,2024,2024-11-22,3905,2024-10-21,1403,7273,,1,5,6,3905,0,0,0,,0,,"POCK LN","ARCH AIRPORT RD",0.00,,Y,A,-,N,,,,,,,,,,N,3,0,2,3,A,-,09,21802,A,N,D,C,A,A,H,-,A,A,0,,,,,Y,,A,01,0,2,0,0,0,0,0,0,0,"- ","- ",37.907180786132812,-121.23831939697266,"SAN JOAQUIN",STOCKTON,-121.23841094970703,37.906948089599609
84481403,2024,2024-11-25,3905,2024-10-23,"810 ",2151,,3,5,6,3905,0,0,0,,0,,"OAK ST","AURORA ST",0.00,,Y,A,-,N,,,,,,,,,,N,4,0,1,2,A,-,09,21802,A,N,D,C,A,A,H,-,A,A,0,,,,,Y,,A,07,0,0,1,0,0,0,0,0,0,"- ","- ",37.960418701171875,-121.28089141845703,"SAN JOAQUIN",STOCKTON,-121.28099822998047,37.960468292236328
84481500,2024,2024-11-25,3906,2024-11-14,1152,1442,,4,5,5,3906,0,0,0,,0,004,"CORRAL HOLLOW RD","ALEGRE DR",0.00,,Y,A,-,N,,,,,,,,,,Y,4,0,2,2,A,-,12,21453,A,N,D,C,A,A,H,-,A,A,0,,,,,Y,,A,01,0,0,2,0,0,0,0,0,0,"- ","- ",,,"SAN JOAQUIN",TRACY,-121.45330047607422,37.752208709716797
84487040,2024,2024-11-28,3905,2024-06-22,"250 ",2785,,6,5,6,3905,0,0,0,,0,,"EL DORADO ST","GLENCANNON ST",82.00,S,N,A,-,N,,,,,,,,,,N,1,1,0,2,A,-,11,21954,A,N,G,B,E,A,H,-,C,D,0,Y,,,,Y,Y,N,60,0,0,0,1,0,0,0,0,0,"- ","- ",38.026481628417969,-121.31649780273438,"SAN JOAQUIN",STOCKTON,-121.31626892089844,38.026084899902344
8449022,2017,2017-09-15,3903,2017-08-29,1001,2173,,2,5,4,3903,0,0,0,,0,,"W WETMORE ST","SOUTH MAIN ST",7.00,W,N,A,-,N,,,,,,,,,,N,4,0,1,2,A,-,12,21453,A,N,H,G,A,A,H,-,A,A,0,,Y,,,Y,,L,04,0,0,1,0,0,0,1,0,0,"- ","- ",,,"SAN JOAQUIN",MANTECA,-121.21634423,37.793759999999999
8449034,2017,2017-09-15,3903,2017-08-13,1351,2806,,7,5,4,3903,0,0,0,,0,,"YOSEMITE AV","COMMERCE AV",570.00,W,N,A,-,N,,,,,,,,,,N,3,0,1,2,A,-,08,22107,,N,B,C,A,A,H,-,A,D,0,,,Y,,Y,,A,01,0,1,0,0,0,0,0,0,1,"- ","- ",37.797640000000001,-121.19373,"SAN JOAQUIN",MANTECA,-121.19570279,37.797474039999997
84495582,2024,2024-12-13,3905,2024-10-24,2314,3090,,4,5,6,3905,0,0,0,,0,,"LINCOLN ST","ACACIA ST",177.00,N,N,A,-,N,,,,,,,,,,Y,3,0,1,1,A,-,01,23152,A,N,E,I,A,A,H,-,C,A,0,,,,,Y,Y,A,07,0,1,0,0,0,0,0,0,0,"- ","- ",37.961360931396484,-121.30017852783203,"SAN JOAQUIN",STOCKTON,-121.30042266845703,37.961753845214844
84495598,2024,2024-12-09,3905,2024-10-26,1840,7323,,6,5,6,3905,0,0,0,,0,,"MORADA LN","WEST LN",900.00,W,N,A,-,N,,,,,,,,,,N,4,0,1,1,A,-,03,22350,,N,E,J,A,A,H,-,C,D,0,,,Y,,Y,,C,02,0,0,1,0,0,0,0,0,1,"- ","- ",38.036911010742188,-121.29518890380859,"SAN JOAQUIN",STOCKTON,-121.29493713378906,38.036869049072266
84495599,2024,2024-12-09,3905,2024-10-26,2003,3044,,6,5,6,3905,0,0,0,,0,,"MADISON ST","PARK ST",27.00,N,N,A,-,N,,,,,,,,,,N,4,0,2,2,A,-,03,22350,,F,B,C,A,A,H,-,C,A,0,,,,,Y,,A,01,0,0,2,0,0,0,0,0,0,"- ","- ",37.959060668945312,-121.29550933837891,"SAN JOAQUIN",STOCKTON,-121.29563140869141,37.959102630615234
84495628,2024,2024-12-09,3905,2024-10-28,1739,2566,,1,5,6,3905,0,0,0,,0,,"SWAIN RD","PACIFIC AV",0.00,,Y,A,-,N,,,,,,,,,,Y,4,0,1,3,A,-,12,21453,A,N,D,C,A,A,H,-,A,A,0,,,,,Y,,A,01,0,0,1,0,0,0,0,0,0,"- ","- ",38.004791259765625,-121.3184814453125,"SAN JOAQUIN",STOCKTON,-121.31806945800781,38.004623413085938
84502764,2024,2024-12-13,3905,2024-10-31,"711 ",7034,,4,5,6,3905,0,0,0,,0,,"MARTIN LUTHER KING BL","AIRPORT WY",150.00,E,N,B,-,N,,,,,,,,,,Y,4,0,2,2,A,-,07,21658,A,N,B,C,A,B,H,-,A,D,0,,,,,Y,,A,01,0,0,2,0,0,0,0,0,0,"- ","- ",37.940910339355469,-121.27181243896484,"SAN JOAQUIN",STOCKTON,-121.27006530761719,37.941631317138672
84502769,2024,2024-12-13,3905,2024-10-31,1647,3115,,4,5,6,3905,0,0,0,,0,,"MARCH LN","BIANCHI RD",0.00,,Y,A,-,N,,,,,,,,,,Y,4,0,2,3,A,-,09,21453,C,N,D,C,A,A,H,-,A,A,0,,,,,Y,,A,01,0,0,2,0,0,0,0,0,0,"- ","- ",38.0035400390625,-121.28412628173828,"SAN JOAQUIN",STOCKTON,-121.28475189208984,38.003482818603516
84503948,2024,2024-12-16,3906,2024-10-10,"745 ",1245,,4,5,5,3906,0,0,0,,0,006,"LARCH RD","OF THE EAST CURB TO THE ENTRANCE OF THE TRACY WATE",178.00,E,N,A,-,N,,,,,,,,,,Y,2,0,1,1,A,-,03,22350,,N,A,I,A,A,H,-,A,D,0,,,,Y,Y,Y,F,26,1,0,0,0,0,0,0,0,0,"- ","- ",,,"SAN JOAQUIN",TRACY,,
84503950,2024,2024-12-16,3906,2024-11-23,1347,1563,,6,5,5,3906,0,0,0,,0,004,"GRANT LINE RD","LAMMERS RD",1205.00,E,N,B,-,N,,,,,,,,,,Y,4,0,3,4,A,-,03,22350,,N,C,C,A,A,H,-,A,A,0,,,,Y,Y,,F,26,0,0,3,0,0,0,0,0,0,"- ","- ",37.754070281982422,-121.47657012939453,"SAN JOAQUIN",TRACY,-121.47257232666016,37.754024505615234
8451446,2017,2017-09-15,3905,2017-08-15,0800,1312,CIV,2,5,6,3905,0,0,0,,0,,"EL DORADO ST","KNOLES WY",0.00,,Y,A,-,N,,,,,,,,,,Y,3,0,3,4,A,-,10,21950,A,N,G,B,B,A,H,-,A,A,0,Y,,,,Y,,A,01,0,2,1,0,3,0,0,0,0,"- ","- ",37.982100000000003,-121.29976000000001,"SAN JOAQUIN",STOCKTON,-121.30012999,37.982069899999999
8451482,2017,2017-10-03,3905,2017-08-16,1838,2525,SEA,3,5,6,3905,0,0,0,,0,,"FRENCH CAMP RD","E W S WOODS BL",0.00,,Y,A,-,N,,,,,,,,,,Y,4,0,2,2,A,-,12,21453,A,N,D,C,A,A,H,-,A,A,0,,,,,Y,,-,"- ",0,0,2,0,0,0,0,0,0,"- ","- ",37.89734,-121.30342,"SAN JOAQUIN",STOCKTON,-121.30329998000001,37.897179880000003
8451502,2017,2017-09-15,3905,2017-08-08,1357,3452Q,CIV,2,5,6,3905,0,0,0,,0,,"ALPINE AV","ALVARADO AV",0.00,,Y,A,-,N,,,,,,,,,,Y,3,0,3,2,A,-,09,21802,A,N,A,C,A,A,H,-,A,D,0,,,,,Y,,A,01,0,2,1,0,0,0,0,0,0,"- ","- ",37.982750000000003,-121.28896,"SAN JOAQUIN",STOCKTON,-121.28925998,37.982749990000002
8451514,2017,2017-09-15,3905,2017-08-06,0805,2537,LAK,7,5,6,3905,0,0,0,,0,,"QUAIL LAKES DR","GROUSE RUN DR",3.00,E,N,A,-,N,,,,,,,,,,N,4,0,1,2,A,-,12,22450,A,N,H,G,A,A,H,-,A,A,0,,Y,,,Y,,A,07,0,0,1,0,0,0,1,0,0,"- ","- ",37.995910000000002,-121.33490999999999,"SAN JOAQUIN",STOCKTON,-121.33544007,37.995602480000002
8451515,2017,2017-09-15,3905,2017-07-29,1312,2463,SEA,6,5,6,3905,0,0,0,,0,,"CAROLYN WESTON BL","MANTHEY RD",38.00,W,N,A,-,N,,,,,,,,,,Y,4,0,1,2,A,-,03,22350,,F,E,I,A,A,H,-,A,A,0,,,,,Y,,A,01,0,0,1,0,0,0,0,0,0,"- ","- ",,,"SAN JOAQUIN",STOCKTON,-121.29475007000001,37.912202669999999
84520852,2024,2024-12-31,3906,2024-12-19,1705,1900,,4,5,5,3906,0,0,0,,0,006,"KAVANAGH AVE","TRACY BLVD",0.00,,Y,A,-,N,,,,,,,,,,N,4,0,1,2,A,-,05,21202,A,N,D,G,A,A,H,-,A,A,0,,Y,,,Y,,L,04,0,0,1,0,0,0,1,0,0,"- ","- ",,,"SAN JOAQUIN",TRACY,-121.43505096435547,37.758140563964844
84524479,2024,2025-01-07,3905,2024-11-01,"350 ",3228,,5,5,6,3905,0,0,0,,0,,"WEST LN","SWAIN RD",0.00,,Y,A,-,N,,,,,,,,,,N,4,0,1,2,A,-,12,21453,A,F,D,C,A,A,H,-,C,A,0,,,,,Y,,A,07,0,0,1,0,0,0,0,0,0,"- ","- ",38.010890960693359,-121.29457855224609,"SAN JOAQUIN",STOCKTON,-121.29428100585938,38.010879516601562
84530885,2024,2025-01-09,3906,2024-10-22,1142,1921,,2,5,5,3906,0,0,0,,0,006,"TRACY BLVD","TENNIS LN",80.00,S,N,A,-,N,,,,,,,,,,Y,3,0,1,3,A,-,03,22350,,N,C,C,A,A,H,-,A,A,0,,,,,Y,,A,01,0,1,0,0,0,0,0,0,0,"- ","- ",37.731979370117188,-121.43479156494141,"SAN JOAQUIN",TRACY,-121.43482971191406,37.731830596923828
84530894,2024,2025-01-09,3906,2024-12-20,2119,1954,,5,5,5,3906,0,0,0,,0,,"MACARTHUR DR","MACARTHUR DR (S)",0.00,W,Y,A,-,N,,,,,,,,,,Y,2,0,1,2,A,-,12,21453,A,N,A,C,A,A,H,-,C,A,0,,,,,Y,,A,01,1,0,0,0,0,0,0,0,0,"- ","- ",,,"SAN JOAQUIN",TRACY,,
84541010,2024,2025-01-17,3905,2024-11-03,2105,2915,,7,5,6,3905,0,0,0,,0,,"HAMMER LN","LOWER SACRAMENTO RD",0.00,,Y,A,-,N,,,,,,,,,,Y,4,0,1,3,D,-,00,,,F,B,C,A,A,H,-,C,A,0,,,,,Y,,-,"- ",0,0,1,0,0,0,0,0,0,"- ","- ",38.021278381347656,-121.32347869873047,"SAN JOAQUIN",STOCKTON,-121.32327270507812,38.020984649658203
84541037,2024,2025-01-17,3905,2024-11-06,1913,2566,,3,5,6,3905,0,0,0,,0,,"CHARTER WY","FRESNO AV",0.00,,Y,A,-,N,,,,,,,,,,N,3,0,1,2,A,-,05,21650,1,N,D,G,A,A,H,-,C,A,0,,Y,,,Y,,L,04,0,1,0,0,0,0,1,0,0,"- ","- ",37.933059692382812,-121.31233215332031,"SAN JOAQUIN",STOCKTON,-121.31214904785156,37.932876586914062
84541041,2024,2025-01-17,3905,2024-11-07,1045,1315,,4,5,6,3905,0,0,0,,0,,"EL DORADO ST","WASHINGTON ST",0.00,,Y,A,-,N,,,,,,,,,,N,4,0,1,2,A,-,07,21658,A,N,D,C,A,A,H,-,A,A,0,,,,,Y,,D,22,0,0,1,0,0,0,0,0,0,"- ","- ",37.950168609619141,-121.29044342041016,"SAN JOAQUIN",STOCKTON,-121.28923797607422,37.950679779052734
84541128,2024,2025-01-17,3905,2024-11-13,1551,3197,,3,5,6,3905,0,0,0,,0,,"HAMMER LN","BRENTWOOD DR",0.00,,Y,B,-,N,,,,,,,,,,Y,3,0,3,2,A,-,07,21658,A,N,C,C,A,A,H,-,A,D,0,,,,,Y,,A,01,0,1,2,0,0,0,0,0,0,"- ","- ",38.021331787109375,-121.33365631103516,"SAN JOAQUIN",STOCKTON,-121.33333587646484,38.020896911621094
84541134,2024,2025-01-17,3905,2024-11-14,"820 ",2767,,4,5,6,3905,0,0,0,,0,,"CHARTER WY","SILVERTON DR",3.00,E,N,A,-,N,,,,,,,,,,N,4,0,2,3,A,-,03,22350,,N,C,C,A,A,H,-,A,D,0,,,,,Y,,A,07,0,0,2,0,0,0,0,0,0,"- ","- ",37.934249877929688,-121.30770111083984,"SAN JOAQUIN",STOCKTON,-121.30753326416016,37.934131622314453
84541143,2024,2025-01-20,3905,2024-11-14,2220,3099,,4,5,6,3905,0,0,0,,0,,"CENTER ST","HARDING WY",0.00,,Y,A,-,N,,,,,,,,,,Y,4,0,3,3,A,-,12,21453,A,N,D,C,A,A,H,-,C,A,0,,,,,Y,,A,01,0,0,3,0,0,0,0,0,0,"- ","- ",37.967338562011719,-121.29493713378906,"SAN JOAQUIN",STOCKTON,-121.29514312744141,37.967311859130859
84541164,2024,2025-01-17,3905,2024-11-16,1220,7035,,6,5,6,3905,0,0,0,,0,,"CENTER ST","MAGNOLIA ST",0.00,,Y,A,-,N,,,,,,,,,,N,4,0,1,2,A,-,09,21802,A,N,D,C,A,A,H,-,A,A,0,,,,,Y,,A,01,0,0,1,0,0,0,0,0,0,"- ","- ",37.963401794433594,-121.29390716552734,"SAN JOAQUIN",STOCKTON,-121.2940673828125,37.963340759277344
84541187,2024,2025-01-20,3905,2024-11-19,1127,7273,,2,5,6,3905,0,0,0,,0,,"EL DORADO ST","MAYFAIR AV",82.00,S,N,B,-,N,,,,,,,,,,Y,4,0,1,1,A,-,03,22350,,N,E,I,A,A,H,-,A,A,0,,,,,Y,,A,01,0,0,1,0,0,0,0,0,0,"- ","- ",38.005199432373047,-121.30819702148438,"SAN JOAQUIN",STOCKTON,-121.30760955810547,38.004833221435547
84541200,2024,2025-01-17,3905,2024-11-20,1453,7273,,3,5,6,3905,0,0,0,,0,,"SECOND ST","CALIFORNIA ST",0.00,,Y,B,-,N,,,,,,,,,,N,4,0,1,2,A,-,09,21802,A,N,D,C,A,A,H,-,A,A,0,,,,,Y,,A,01,0,0,1,0,0,0,0,0,0,"- ","- ",37.937229156494141,-121.28028869628906,"SAN JOAQUIN",STOCKTON,-121.28017425537109,37.937267303466797
84541222,2024,2025-01-17,3905,2024-11-22,1004,7349,,5,5,6,3905,0,0,0,,0,,"PACIFIC AV","KNOLES WY",0.00,,Y,C,-,N,,,,,,,,,,Y,4,0,1,2,A,-,12,21453,A,N,D,C,A,B,H,-,A,A,0,,,,,Y,,A,01,0,0,1,0,0,0,0,0,0,"- ","- ",37.980171203613281,-121.30814361572266,"SAN JOAQUIN",STOCKTON,-121.30730438232422,37.980655670166016
84541231,2024,2025-01-20,3905,2024-11-22,2020,2206,,5,5,6,3905,0,0,0,,0,,"HAMMER LN","KELLEY DR",0.00,,Y,B,-,N,,,,,,,,,,Y,4,0,1,2,A,-,12,21453,A,N,D,C,A,B,H,-,C,A,0,,,,,Y,,A,01,0,0,1,0,0,0,0,0,0,"- ","- ",38.021228790283203,-121.35652160644531,"SAN JOAQUIN",STOCKTON,-121.35614776611328,38.021274566650391
84541274,2024,2025-01-17,3905,2024-11-28,"923 ",1315,,4,5,6,3905,0,0,0,,0,,"LINCOLN ST","WILLOW ST",0.00,,Y,A,-,N,,,,,,,,,,Y,4,0,1,2,A,-,09,21802,A,N,D,C,A,A,H,-,A,A,0,,,,,Y,,A,01,0,0,1,0,0,0,0,0,0,"- ","- ",37.96527099609375,-121.30120849609375,"SAN JOAQUIN",STOCKTON,-121.30135345458984,37.965202331542969
84541283,2024,2025-01-17,3905,2024-11-29,"934 ",3254,,5,5,6,3905,0,0,0,,0,,"WEST LN","EIGHT MILE RD",0.00,S,Y,A,-,Y,,,,,,,,,,N,4,0,1,3,A,-,03,22350,,N,D,C,A,A,H,-,A,A,0,,,,,Y,,A,01,0,0,1,0,0,0,0,0,0,"- ","- ",38.057479858398438,-121.29615020751953,"SAN JOAQUIN",STOCKTON,-121.29634094238281,38.057464599609375
84541322,2024,2025-01-20,3905,2024-12-05,"543 ",3202,,4,5,6,3905,0,0,0,,0,,"HARDING WY","EL DORADO ST",15.00,W,N,A,-,N,,,,,,,,,,N,3,0,1,2,A,-,11,21954,A,N,G,B,D,A,H,-,C,A,0,Y,,,,Y,,N,60,0,1,0,0,1,0,0,0,0,"- ","- ",37.967559814453125,-121.29364013671875,"SAN JOAQUIN",STOCKTON,-121.29388427734375,37.967521667480469
84541329,2024,2025-01-17,3905,2024-12-06,"620 ",7349,,5,5,6,3905,0,0,0,,0,,"EIGHT MILE RD","LOWER SACRAMENTO RD",260.00,W,N,A,-,N,,,,,,,,,,Y,3,0,1,2,A,-,09,21801,A,N,D,C,A,A,H,-,B,D,0,,,,,Y,,A,08,0,1,0,0,0,0,0,0,0,"- ","- ",38.057701110839844,-121.31050872802734,"SAN JOAQUIN",STOCKTON,-121.31148529052734,38.057609558105469
84541357,2024,2025-01-17,3905,2024-12-08,"233 ",2947,,7,5,6,3905,0,0,0,,0,,"LINCOLN ST","WORTH ST",389.00,N,N,A,-,N,,,,,,,,,,Y,4,0,1,1,A,-,01,23152,A,N,E,I,A,A,H,-,C,D,0,,,,,Y,Y,D,22,0,0,1,0,0,0,0,0,0,"- ","- ",37.942489624023438,-121.29525756835938,"SAN JOAQUIN",STOCKTON,-121.29547882080078,37.943492889404297
84541397,2024,2025-01-17,3905,2024-12-12,1330,7349,,4,5,6,3905,0,0,0,,0,,"EL DORADO ST","IRIS AV",0.00,,Y,B,-,N,,,,,,,,,,N,3,0,1,2,A,-,09,21801,A,N,D,C,A,A,H,-,A,D,0,,,,,Y,,A,01,0,1,0,0,0,0,0,0,0,"- ","- ",38.022060394287109,-121.31587982177734,"SAN JOAQUIN",STOCKTON,-121.31552124023438,38.022453308105469
8454755,2017,2017-10-05,3900,2017-09-15,1504,157004,MANTE,5,5,2,3920,0,0,0,,0,009,"HARLAN RD","NESTLE WY",0.00,,Y,A,-,N,,,,,,,,,,Y,3,0,1,1,A,-,08,22107,,N,H,J,A,A,H,-,A,D,0,,,Y,,Y,,C,02,0,1,0,0,0,0,0,0,1,"- ","- ",,,"SAN JOAQUIN",LATHROP,-121.29938986000001,37.799089950000003