CASE_ID,ACCIDENT_YEAR,PROC_DATE,JURIS,COLLISION_DATE,COLLISION_TIME,OFFICER_ID,REPORTING_DISTRICT,DAY_OF_WEEK,CHP_SHIFT,POPULATION,CNTY_CITY_LOC,SPECIAL_COND,BEAT_TYPE,CHP_BEAT_TYPE,CITY_DIVISION_LAPD,CHP_BEAT_CLASS,BEAT_NUMBER,PRIMARY_RD,SECONDARY_RD,DISTANCE,DIRECTION,INTERSECTION,WEATHER_1,WEATHER_2,STATE_HWY_IND,CALTRANS_COUNTY,CALTRANS_DISTRICT,STATE_ROUTE,ROUTE_SUFFIX,POSTMILE_PREFIX,POSTMILE,LOCATION_TYPE,RAMP_INTERSECTION,SIDE_OF_HWY,TOW_AWAY,COLLISION_SEVERITY,NUMBER_KILLED,NUMBER_INJURED,PARTY_COUNT,PRIMARY_COLL_FACTOR,PCF_CODE_OF_VIOL,PCF_VIOL_CATEGORY,PCF_VIOLATION,PCF_VIOL_SUBSECTION,HIT_AND_RUN,TYPE_OF_COLLISION,MVIW,PED_ACTION,ROAD_SURFACE,ROAD_COND_1,ROAD_COND_2,LIGHTING,CONTROL_DEVICE,CHP_ROAD_TYPE,PEDESTRIAN_ACCIDENT,BICYCLE_ACCIDENT,MOTORCYCLE_ACCIDENT,TRUCK_ACCIDENT,NOT_PRIVATE_PROPERTY,ALCOHOL_INVOLVED,STWD_VEHTYPE_AT_FAULT,CHP_VEHTYPE_AT_FAULT,COUNT_SEVERE_INJ,COUNT_VISIBLE_INJ,COUNT_COMPLAINT_PAIN,COUNT_PED_KILLED,COUNT_PED_INJURED,COUNT_BICYCLIST_KILLED,COUNT_BICYCLIST_INJURED,COUNT_MC_KILLED,COUNT_MC_INJURED,PRIMARY_RAMP,SECONDARY_RAMP,LATITUDE,LONGITUDE,COUNTY,CITY,POINT_X,POINT_Y
90917013,2019,2019-02-01,9265,2019-01-21,0245,020313,,1,3,5,3902,0,1,3,,2,006,"SR-99 N/B","TURNER RD",1385.00,S,N,A,-,Y,,,99,,,,,,N,Y,4,0,2,1,A,-,08,22107,,N,E,I,A,A,H,-,C,D,0,,,,,Y,,A,01,0,0,2,0,0,0,0,0,0,"- ","- ",38.142189025878906,-121.25993347167969,"SAN JOAQUIN",LODI,-121.25994873046875,38.142181396484375
90917965,2019,2019-02-04,9265,2019-01-27,1900,019182,,7,2,4,3903,0,1,3,,2,025,"SR-120 E/B","MAIN ST",1584.00,E,N,A,-,Y,,,,,,,,,,Y,4,0,2,2,A,-,03,22350,,N,C,C,A,A,H,-,C,D,0,,,,,Y,,A,01,0,0,2,0,0,0,0,0,0,"- ","- ",37.7752685546875,-121.17984771728516,"SAN JOAQUIN",MANTECA,-121.21038055419922,37.783180236816406
90918896,2019,2019-02-05,9265,2019-01-29,0500,019341,,2,3,9,3900,0,1,3,,2,006,"SR-99 S/B","PINE ST.",253.00,N,N,B,-,Y,,,,,,,,,,Y,4,0,1,2,A,-,06,21751,,N,B,D,A,A,H,-,D,D,0,,,,,Y,,A,01,0,0,1,0,0,0,0,0,0,"- ","- ",38.133861541748047,-121.25765991210938,"SAN JOAQUIN",UNINCORPORATED,,
90918930,2019,2019-02-05,9265,2019-01-29,1225,017405,,2,1,9,3900,0,3,5,,2,050,"WASHINGTON ST.","ADELBERT AVE.",0.00,,Y,A,-,N,,,,,,,,,,Y,4,0,1,2,A,-,09,21802,A,N,D,C,A,A,H,-,A,A,0,,,,,Y,,A,01,0,0,1,0,0,0,0,0,0,"- ","- ",37.962749481201172,-121.23674011230469,"SAN JOAQUIN",UNINCORPORATED,-121.23674774169922,37.962749481201172
90920504,2019,2019-02-06,9266,2019-02-03,0305,019012,,7,3,9,3900,0,1,1,,2,014,"I-205 E/B","BYRON ROAD",800.00,W,N,B,-,Y,,,205,,,,,,E,Y,4,0,1,1,A,-,08,22107,,N,E,I,A,B,H,-,D,D,0,,,,,Y,,A,01,0,0,1,0,0,0,0,0,0,"- ","- ",37.747520446777344,-121.47866058349609,"SAN JOAQUIN",UNINCORPORATED,-121.47868347167969,37.747577667236328
90921134,2019,2019-02-07,9266,2019-02-05,1625,019532,,2,2,9,3900,0,2,4,,2,017,"BYRON ROAD","REEVE RD.",10.00,N,N,A,-,N,,,,,,,,,,Y,4,0,1,3,A,-,03,22350,,N,C,C,A,A,H,-,A,D,0,,,,,Y,,A,01,0,0,1,0,0,0,0,0,0,"- ","- ",37.763160705566406,-121.49978637695312,"SAN JOAQUIN",UNINCORPORATED,-121.49968719482422,37.763137817382812
90921845,2019,2019-02-08,9265,2019-02-01,1740,020260,,5,2,9,3900,0,3,5,,2,060,"LIBERTY ROAD","SR-99 EAST FRONTAGE ROAD",0.00,,Y,B,C,N,,,,,,,,,,Y,2,0,1,2,A,-,09,21801,A,N,A,C,A,B,H,-,D,D,0,,,,,Y,,D,22,1,0,0,0,0,0,0,0,0,"- ","- ",38.135910034179688,-121.13742065429688,"SAN JOAQUIN",UNINCORPORATED,-121.28170776367188,38.233528137207031
90925461,2019,2019-02-13,9265,2019-02-03,2320,019136,,7,3,9,3900,0,3,5,,2,060,"BAKER RD","BEECHER RD",2400.00,W,N,B,C,N,,,,,,,,,,N,3,0,1,1,A,-,01,23152,A,M,E,I,A,B,H,-,D,D,0,,,,,Y,Y,A,01,0,1,0,0,0,0,0,0,0,"- ","- ",38.014400482177734,-121.37651062011719,"SAN JOAQUIN",UNINCORPORATED,-121.17678070068359,38.029026031494141
90925890,2019,2019-02-13,9265,2019-02-02,0900,018694,,6,1,9,3900,0,3,5,,2,010,"E. RIVER ROAD","N. RIPON ROAD",1584.00,E,N,B,-,N,,,,,,,,,,Y,2,0,3,2,A,-,08,22107,,N,A,C,A,B,H,-,A,D,0,,,,,Y,,D,22,1,2,0,0,0,0,0,0,0,"- ","- ",37.76123046875,-121.11849975585938,"SAN JOAQUIN",UNINCORPORATED,-121.11937713623047,37.761241912841797
90927400,2019,2019-02-15,9265,2019-02-08,0805,015490,,5,1,9,3900,0,3,5,,2,050,"NEWTON RD.","STEVENSON AVE.",900.00,S,N,B,-,N,,,,,,,,,,N,4,0,1,1,A,-,08,22107,,N,E,I,A,A,H,-,A,D,0,,,,,Y,,A,07,0,0,1,0,0,0,0,0,0,"- ","- ",37.994991302490234,-121.25785827636719,"SAN JOAQUIN",UNINCORPORATED,-121.25787353515625,37.994941711425781
90928469,2019,2019-02-19,9265,2019-02-07,1445,018289,,4,2,9,3900,0,1,3,,1,062,"STATE ROUTE 88 (WATERLOO ROAD)","BUDISELICH ROAD",205.00,E,N,A,-,Y,,,88,,,,,,,N,3,0,1,2,A,-,03,22350,,N,C,C,A,A,H,-,A,D,0,,,,,Y,,D,22,0,1,0,0,0,0,0,0,0,"- ","- ",37.992351531982422,-121.23842620849609,"SAN JOAQUIN",UNINCORPORATED,-121.23838043212891,37.992271423339844
90928625,2019,2019-02-19,9265,2019-02-09,1440,019387,,6,2,6,3905,0,1,1,,2,503,"INTERSTATE 5 SOUTHBOUND","COUNTRY CLUB BLVD",1200.00,S,N,B,C,Y,,,5,,,,,,S,Y,3,0,1,2,A,-,03,22350,,N,C,C,A,B,H,-,A,D,0,,,,,Y,,A,01,0,1,0,0,0,0,0,0,0,"- ","- ",37.96112060546875,-121.33434295654297,"SAN JOAQUIN",STOCKTON,-121.33428192138672,37.961147308349609
90928842,2019,2019-02-19,9265,2019-02-10,1735,020313,,7,2,6,3905,0,1,3,,2,004,"SR-99 S/B","HAMMER LN",2060.00,S,N,A,-,Y,,,,,,,,,,Y,4,0,1,1,A,-,01,23152,A,N,F,I,A,A,H,-,A,D,0,,,,,Y,Y,A,01,0,0,1,0,0,0,0,0,0,"- ","- ",38.014671325683594,-121.25832366943359,"SAN JOAQUIN",STOCKTON,,
90928912,2019,2019-02-19,9265,2019-01-02,0140,020260,,3,3,5,3902,0,1,3,,2,006,"STATE ROUTE 99 N/B","CHEROKEE LN",627.00,N,N,A,-,Y,,,99,,,,,,N,Y,1,1,1,1,A,-,01,23152,G,N,E,I,A,A,H,-,D,D,0,,,,,Y,Y,A,01,0,1,0,0,0,0,0,0,0,"- ","- ",38.110939025878906,-121.25887298583984,"SAN JOAQUIN",LODI,-121.25896453857422,38.110958099365234
90929406,2019,2019-02-19,9265,2019-01-29,1732,017537,,2,2,6,3905,0,1,1,,2,504,"I-5 N/B TO EIGHT MILE RD","EIGHT MILE RD",322.00,S,N,A,-,Y,,,5,,,,R,,N,Y,4,0,1,2,A,-,01,23152,A,M,C,C,A,A,H,-,B,A,0,,,,,Y,Y,A,01,0,0,1,0,0,0,0,0,0,"- ","- ",38.057140350341797,-121.37180328369141,"SAN JOAQUIN",STOCKTON,-121.37180328369141,38.057140350341797
90930094,2019,2019-02-20,9266,2019-02-14,0150,018324,,4,3,9,3900,0,2,4,,2,032,"BYRON ROAD","CENTRAL PKWY",700.00,W,N,B,-,N,,,,,,,,,,Y,4,0,1,1,A,-,08,22107,,N,E,I,A,B,H,-,D,D,0,,,,,Y,,A,01,0,0,1,0,0,0,0,0,0,"- ","- ",37.789791107177734,-121.54228973388672,"SAN JOAQUIN",UNINCORPORATED,-121.54079437255859,37.788726806640625
90930876,2019,2019-02-21,9265,2019-02-12,0803,017405,,2,1,2,3920,0,1,3,,2,025,"SR-120 E/B",I-5,1954.00,E,N,B,-,Y,,,120,,,,,,E,Y,4,0,4,1,A,-,08,22107,,N,E,I,A,A,H,-,A,D,0,,,,,Y,,A,01,0,0,4,0,0,0,0,0,0,"- ","- ",37.788398742675781,-121.30030059814453,"SAN JOAQUIN",LATHROP,-121.30027008056641,37.788352966308594
90930998,2019,2019-02-21,9265,2019-02-13,1235,019336,,3,1,9,3900,0,1,3,,2,003,SR-99,"MAIN ST",50.00,N,N,B,-,Y,,,99,,,,,,,Y,4,0,1,1,A,-,07,21658,A,N,E,I,A,A,H,-,A,D,0,,,,,Y,,A,01,0,0,1,0,0,0,0,0,0,"- ","- ",37.954330444335938,-121.23919677734375,"SAN JOAQUIN",UNINCORPORATED,-121.23928070068359,37.954296112060547
90931609,2019,2019-02-22,9265,2019-02-13,2015,018850,,3,2,9,3900,0,3,5,,2,050,"WASHINGTON ST","ANTHONY AVE",0.00,,Y,B,-,N,,,,,,,,,,N,2,0,1,2,A,-,10,21950,A,N,G,B,B,A,H,-,D,D,0,Y,,,,Y,,D,22,1,0,0,0,1,0,0,0,0,"- ","- ",37.965011596679688,-121.22837066650391,"SAN JOAQUIN",UNINCORPORATED,-121.22836303710938,37.964958190917969
90931615,2019,2019-02-22,9265,2019-02-15,1625,018289,,5,2,9,3900,0,1,3,,2,004,"STATE ROUTE 99 NORTHBOUND","STATE ROUTE 26/FREMONT ST",1742.00,N,N,A,-,Y,,,99,,,,,,N,Y,4,0,1,3,A,-,03,22350,,N,C,C,A,A,H,-,A,D,0,,,,,Y,,A,01,0,0,1,0,0,0,0,0,0,"- ","- ",37.974899291992188,-121.24771881103516,"SAN JOAQUIN",UNINCORPORATED,-121.24777221679688,37.974876403808594
90931809,2019,2019-02-22,9265,2019-02-17,1000,018694,,7,1,6,3905,0,1,3,,2,004,"SR-99 S/B","WILSON WAY",200.00,S,N,B,-,Y,,,,,,,,,,N,4,0,4,2,A,-,04,21703,,N,C,C,A,A,H,-,A,D,0,,,,,Y,,A,01,0,0,4,0,0,0,0,0,0,"- ","- ",38.002490997314453,-121.25711822509766,"SAN JOAQUIN",STOCKTON,,
90931883,2019,2019-02-22,9265,2019-02-17,1033,018694,,7,1,6,3905,0,1,3,,2,004,"SR-99 S/B","WILSON WAY",60.00,S,N,B,-,Y,,,,,,,,,,Y,3,0,1,3,A,-,03,22350,,N,C,C,A,A,H,-,A,D,0,,,,,Y,,A,01,0,1,0,0,0,0,0,0,0,"- ","- ",38.002941131591797,-121.25740814208984,"SAN JOAQUIN",STOCKTON,,
90932918,2019,2019-02-25,9265,2019-02-24,1103,017286,,7,1,9,3900,0,1,3,,1,062,SR-88,"ASHLEY LN",0.00,,Y,A,-,Y,,,88,,,,,,,Y,4,0,4,2,A,-,09,21801,A,N,D,C,A,A,H,-,A,D,0,,,,,Y,,D,22,0,0,4,0,0,0,0,0,0,"- ","- ",38.008228302001953,-121.21636199951172,"SAN JOAQUIN",UNINCORPORATED,-121.21633148193359,38.008197784423828
90932954,2019,2019-02-25,9266,2019-02-17,0355,021956,,7,3,9,3900,0,1,1,,2,014,"MOUNTAIN HOUSE PARKWAY",I-205,50.00,N,N,B,-,Y,,,,,,,,,,Y,3,0,1,1,A,-,01,23152,A,N,E,I,A,A,H,-,C,A,0,,,,,Y,Y,A,01,0,1,0,0,0,0,0,0,0,"- ","- ",37.743579864501953,-121.53173065185547,"SAN JOAQUIN",UNINCORPORATED,-121.53162384033203,37.742698669433594
90933815,2019,2019-02-26,9265,2019-02-18,1738,018289,,1,2,9,3900,0,1,3,,2,004,"STATE ROUTE 99 NORTHBOUND","STATE ROUTE 88/WATERLOO ROAD",845.00,N,N,A,-,Y,,,99,,,,,,N,Y,3,0,1,1,A,-,01,23152,A,N,F,A,A,A,H,-,A,D,0,,,,,Y,Y,A,01,0,1,0,0,0,0,0,0,0,"- ","- ",37.987251281738281,-121.25060272216797,"SAN JOAQUIN",UNINCORPORATED,-121.25067901611328,37.987216949462891
90935137,2019,2019-02-27,9265,2019-02-22,1710,013539,,5,2,6,3905,0,1,3,,1,042,"EL DORADO AVE FROM SR-4 W/B","EL DORADO AVE",90.00,E,N,A,-,Y,,,,,,,,,,Y,4,0,1,2,A,-,03,22350,,N,C,C,A,A,H,-,A,A,0,,,,,Y,,A,01,0,0,1,0,0,0,0,0,0,"- ","- ",37.950668334960938,-121.28913116455078,"SAN JOAQUIN",STOCKTON,,
90937760,2019,2019-03-01,9265,2019-02-26,1017,015629,,2,1,9,3900,0,1,3,,1,092,SR-12,"RAY ROAD",550.00,W,N,B,C,Y,,,,,,,,,,Y,3,0,1,1,A,-,04,21703,,N,E,I,A,B,H,-,A,D,0,,,,,Y,,D,22,0,1,0,0,0,0,0,0,0,"- ","- ",38.069751739501953,-121.22373199462891,"SAN JOAQUIN",UNINCORPORATED,-121.37263488769531,38.116123199462891
90937977,2019,2019-03-01,9265,2019-02-22,1756,019996,,5,2,9,3900,0,2,4,,1,053,"SIERRA LANE","WATRLOO ROAD",0.00,,Y,A,-,N,,,,,,,,,,Y,4,0,3,2,A,-,09,21802,A,F,D,C,A,A,H,-,A,A,0,,,,,Y,,-,99,0,0,3,0,0,0,0,0,0,"- ","- ",37.975410461425781,-121.26428985595703,"SAN JOAQUIN",UNINCORPORATED,-121.26431274414062,37.975410461425781
90938729,2019,2019-03-04,9266,2019-02-19,2137,019012,,2,2,9,3900,0,1,1,,2,014,"I-205 W/B","MOUNTAIN HOUSE PKWY",2112.00,W,N,A,-,Y,,,205,,,,,,W,Y,3,0,2,4,A,-,03,22350,,N,C,C,A,A,H,-,C,D,0,,,,,Y,,A,01,0,2,0,0,0,0,0,0,0,"- ","- ",37.742439270019531,-121.53865814208984,"SAN JOAQUIN",UNINCORPORATED,-121.53861999511719,37.743038177490234
90941575,2019,2019-03-07,9265,2019-03-02,1452,020313,,6,2,9,3900,0,1,3,,2,004,"SR-99 N/B","CHEROKEE ROAD",1043.00,S,N,B,-,Y,,,99,,,,,,N,Y,4,0,1,1,A,-,08,22107,,N,E,I,A,B,H,-,A,D,0,,,,,Y,,A,01,0,0,1,0,0,0,0,0,0,"- ","- ",37.989410400390625,-121.25142669677734,"SAN JOAQUIN",UNINCORPORATED,-121.25154876708984,37.989364624023438
90941993,2019,2019-03-25,9265,2019-02-28,1343,020260,,4,1,9,3900,0,2,4,,1,082,"COUNTRY CLUB BLVD","PERSHING AVE",183.00,W,N,A,B,N,,,,,,,,,,Y,4,0,1,5,A,-,06,21750,,N,B,C,A,A,H,-,A,D,0,,,,,Y,,A,07,0,0,1,0,0,0,0,0,0,"- ","- ",37.969268798828125,-121.31580352783203,"SAN JOAQUIN",UNINCORPORATED,-121.31574249267578,37.969314575195312
90943973,2019,2019-03-12,9265,2019-03-04,1512,017537,,1,2,6,3905,0,1,1,,2,504,"I-5 S/B","EIGHT MILE RD",6389.00,S,N,B,-,Y,,,5,,,,,,S,Y,4,0,1,2,A,-,03,22350,,N,C,C,A,A,H,-,A,D,0,,,,,Y,,A,01,0,0,1,0,0,0,0,0,0,"- ","- ",38.040740966796875,-121.36741638183594,"SAN JOAQUIN",STOCKTON,-121.36748504638672,38.040721893310547
90944398,2019,2019-03-12,9265,2019-01-22,0855,018694,,2,1,9,3900,0,3,5,,2,010,"MELLO AVENUE","MURPHY ROAD",0.00,,Y,A,-,N,,,,,,,,,,Y,1,1,1,2,A,-,09,21802,A,N,D,C,A,A,H,-,A,A,0,,,,,Y,,A,01,0,0,1,0,0,0,0,0,0,"- ","- ",37.772228240966797,-121.1063232421875,"SAN JOAQUIN",UNINCORPORATED,-121.10636138916016,37.772220611572266
90946741,2019,2019-03-15,9265,2019-03-08,0801,015629,,5,1,6,3905,0,1,1,,2,504,"I-5 S/B","MARCH LANE",2640.00,N,N,A,-,Y,,,,,,,,,,Y,3,0,3,2,A,-,03,22350,,F,C,C,A,A,H,-,A,D,0,,,,,Y,,A,01,0,3,0,0,0,0,0,0,0,"- ","- ",37.594779968261719,-121.20781707763672,"SAN JOAQUIN",STOCKTON,-121.34635925292969,37.991569519042969
90946831,2019,2019-03-15,9265,2019-03-09,1325,018836,,6,1,9,3900,0,3,5,,2,060,"HAMMER LN",SR-99,270.00,E,N,A,-,Y,,,,,,,,,,Y,3,0,1,1,A,-,03,22350,,N,F,A,A,A,H,-,A,D,0,,,,Y,Y,,G,25,0,1,0,0,0,0,0,0,0,"- ","- ",38.021308898925781,-121.25710296630859,"SAN JOAQUIN",UNINCORPORATED,-121.25884246826172,38.021278381347656
90947845,2019,2019-03-18,9265,2019-03-07,2338,019073,,4,3,9,3900,0,2,4,,1,064,"FAIRCHILD RD","JACK TONE RD",0.00,,Y,B,-,N,,,,,,,,,,Y,3,0,1,1,A,-,01,23152,A,N,E,I,A,B,H,-,D,A,0,,,,,Y,Y,A,07,0,1,0,0,0,0,0,0,0,"- ","- ",38.014759063720703,-121.14984130859375,"SAN JOAQUIN",UNINCORPORATED,-121.14987182617188,38.014801025390625
90947989,2019,2019-03-18,9266,2019-03-04,1437,020083,,1,2,5,3906,0,1,1,,1,015,"I-205 E/B","HOLLY DR.",528.00,W,N,B,-,Y,,,205,,,,,,E,Y,4,0,3,3,A,-,03,22350,,N,C,C,A,A,H,-,A,D,0,,,,,Y,,A,07,0,0,3,0,0,0,0,0,0,"- ","- ",37.762798309326172,-121.42826843261719,"SAN JOAQUIN",TRACY,-121.42826843261719,37.762798309326172
90948194,2019,2019-03-18,9266,2019-02-11,0710,012723,,1,1,2,3920,0,1,1,,2,024,"I-5 SOUTHBOUND","STEWART RD U/C",110.00,S,N,A,-,Y,,,5,,,,,,S,Y,1,1,1,2,A,-,07,21658,A,N,B,C,A,A,H,-,A,D,0,,,,Y,Y,,D,22,0,1,0,0,0,0,0,0,0,"- ","- ",37.770801544189453,-121.32720184326172,"SAN JOAQUIN",LATHROP,-121.32716369628906,37.770744323730469
90948404,2019,2019-03-18,9265,2019-03-10,1905,019387,,7,2,6,3905,0,1,1,,2,503,"I-5 N/B FROM FRENCH CAMP RD W/B","FRENCH CAMP ROAD",430.00,N,N,A,B,Y,,,5,,,,R,,N,Y,4,0,1,1,A,-,03,22350,,N,E,I,A,A,H,-,D,D,0,,,,,Y,,A,01,0,0,1,0,0,0,0,0,0,"- ","- ",37.89788818359375,-121.28324890136719,"SAN JOAQUIN",STOCKTON,-121.28324890136719,37.89788818359375
90948909,2019,2019-03-19,9265,2019-03-18,0400,020651,,1,3,9,3900,0,3,5,,2,060,"DEVRIES RD","ARMSTRONG RD",0.00,,Y,A,-,N,,,,,,,,,,Y,4,0,1,1,A,-,01,23152,A,N,E,J,A,A,H,-,D,A,0,,,,,Y,Y,A,07,0,0,1,0,0,0,0,0,0,"- ","- ",38.086711883544922,-121.35218048095703,"SAN JOAQUIN",UNINCORPORATED,-121.35214996337891,38.08673095703125
90949242,2019,2019-03-19,9266,2019-03-14,1333,020083,,4,1,9,3900,0,1,1,,2,014,"I-205 W/B","MOUNTAIN HOUSE PKWY",100.00,E,N,A,-,Y,,,205,,,,,,W,Y,4,0,1,4,A,-,03,22350,,N,C,C,A,A,H,-,A,D,0,,,,,Y,,A,07,0,0,1,0,0,0,0,0,0,"- ","- ",37.742519378662109,-121.53124237060547,"SAN JOAQUIN",UNINCORPORATED,-121.53123474121094,37.742572784423828
90949477,2019,2019-03-20,9265,2019-03-14,1750,019182,,4,2,9,3900,0,1,3,,1,061,SR-26,"LIILIAN AVE",22.00,W,N,A,-,Y,,,26,,,,,,,N,4,0,3,2,A,-,09,21802,A,N,D,C,A,A,H,-,A,D,0,,,,,Y,,A,01,0,0,3,0,0,0,0,0,0,"- ","- ",37.971111297607422,-121.24281311035156,"SAN JOAQUIN",UNINCORPORATED,-121.24281311035156,37.971126556396484
90950202,2019,2019-03-20,9266,2019-02-26,1200,013866,,2,1,9,3900,0,2,4,,1,016,"11TH ST. E/B","BANTA RD.",300.00,W,N,A,-,N,,,,,,,,,,N,4,0,1,2,A,-,03,22350,,N,C,C,A,A,H,-,A,D,0,,,,,Y,,A,01,0,0,1,0,0,0,0,0,0,"- ","- ",37.739669799804688,-121.37155151367188,"SAN JOAQUIN",UNINCORPORATED,-121.38102722167969,37.739658355712891
9095142,2020,2020-07-21,3905,2020-03-10,1650,3409,CIV,2,5,6,3905,0,0,0,,0,,"DEL RIO DR","MISSION RD",443.00,E,N,A,-,N,,,,,,,,,,N,3,0,1,2,A,-,11,21954,A,N,G,B,D,A,H,-,A,D,0,Y,,,,Y,,N,60,0,1,0,0,1,0,0,0,0,"- ","- ",37.978729248046875,-121.32881927490234,"SAN JOAQUIN",STOCKTON,-121.32648468017578,37.979400634765625
9095153,2020,2020-07-03,3905,2020-03-29,2024,2877,CIV,7,5,6,3905,0,0,0,,0,,"PARK ST","CENTER ST",0.00,,Y,A,-,N,,,,,,,,,,N,3,0,3,2,A,-,03,22350,,N,D,C,A,A,H,-,C,A,0,,,,,Y,,A,01,0,2,1,0,0,0,0,0,0,"- ","- ",37.959480285644531,-121.29289245605469,"SAN JOAQUIN",STOCKTON,-121.29299163818359,37.959468841552734
9095154,2020,2020-07-03,3905,2020-03-27,1956,2384,CIV,5,5,6,3905,0,0,0,,0,,"MINER AV","GRANT ST",160.00,W,N,A,-,N,,,,,,,,,,Y,3,0,2,2,A,-,01,23152,A,N,C,E,A,A,H,-,C,D,0,,,,,Y,Y,A,07,0,2,0,0,0,0,0,0,0,"- ","- ",37.956638336181641,-121.28262329101562,"SAN JOAQUIN",STOCKTON,-121.28202056884766,37.957145690917969
9095157,2020,2020-07-03,3905,2020-03-09,2220,2905,VAL,1,5,6,3905,0,0,0,,0,,"MARCH LN","MONTAUBAN AV",0.00,,Y,A,-,N,,,,,,,,,,Y,4,0,2,2,A,-,09,21453,C,N,D,C,A,A,H,-,C,A,0,,,,,Y,,A,01,0,0,2,0,0,0,0,0,0,"- ","- ",38.0035400390625,-121.28412628173828,"SAN JOAQUIN",STOCKTON,-121.28482055664062,38.003650665283203
90951625,2019,2019-03-22,9265,2019-03-21,1820,017198,,4,2,9,3900,0,1,3,,1,092,SR-12,"PEATLAND RD",280.00,W,N,A,-,Y,,,12,,,,,,,Y,3,0,6,2,A,-,03,22350,,N,C,C,A,A,H,-,A,D,0,,,,,Y,,A,01,0,1,5,0,0,0,0,0,0,"- ","- ",38.115360260009766,-121.45733642578125,"SAN JOAQUIN",UNINCORPORATED,-121.45734405517578,38.115398406982422
90951759,2019,2019-03-22,9266,2019-03-16,1625,019532,,6,2,9,3900,0,2,4,,1,016,"11TH ST","GRANT LINE ROAD",0.00,,Y,A,-,N,,,,,,,,,,N,4,0,1,2,A,-,17,21461,A,N,B,C,A,A,H,-,A,A,0,,,,,Y,,A,07,0,0,1,0,0,0,0,0,0,"- ","- ",37.752738952636719,-121.35127258300781,"SAN JOAQUIN",UNINCORPORATED,-121.351778,37.752903000000003
90952251,2019,2019-03-25,9265,2019-03-19,1718,020260,,2,2,9,3900,0,1,3,,1,067,"SR-88 E/B","LIBERTY RD",2640.00,E,N,A,B,Y,,,,,,,,,,Y,4,0,3,2,A,-,08,22107,,N,B,C,A,A,H,-,A,D,0,,,,,Y,,A,01,0,0,3,0,0,0,0,0,0,"- ","- ",38.143520355224609,-121.24606323242188,"SAN JOAQUIN",UNINCORPORATED,-121.04666137695312,38.242404937744141
90952507,2019,2019-05-22,9265,2019-03-14,2110,013539,,4,2,9,3900,0,2,4,,1,024,"AIRPORT WAY","ROTH ROAD",372.00,N,N,A,-,N,,,,,,,,,,Y,4,0,1,2,A,-,03,22350,,N,D,C,A,A,H,-,C,D,0,,,,Y,Y,,A,01,0,0,1,0,0,0,0,0,0,"- ","- ",37.856708526611328,-121.25541687011719,"SAN JOAQUIN",UNINCORPORATED,-121.25552368164062,37.856609344482422
90953661,2019,2019-03-26,9265,2019-03-16,0550,020156,,6,3,9,3900,0,1,3,,2,003,"C E DIXON ST","LOCKHEED CT",528.00,N,N,A,-,N,,,,,,,,,,Y,4,0,1,1,A,-,08,22107,,N,E,I,A,A,H,-,C,D,0,,,,,Y,,D,22,0,0,1,0,0,0,0,0,0,"- ","- ",37.891139984130859,-121.24523162841797,"SAN JOAQUIN",UNINCORPORATED,-121.24576568603516,37.891742706298828
90953699,2019,2019-03-28,9265,2019-03-17,0920,019336,,7,1,9,3900,0,1,1,,2,505,I-5,SR-112,982.00,S,N,A,-,Y,,,,,,,,,,Y,2,0,1,1,A,-,08,22107,,N,F,A,A,A,H,-,A,D,0,,,Y,,Y,,C,02,1,0,0,0,0,0,0,0,1,"- ","- ",38.648788452148438,-121.23500823974609,"SAN JOAQUIN",UNINCORPORATED,,
90953818,2019,2019-03-26,9266,2019-03-19,0955,015029,,2,1,9,3900,0,3,5,,2,003,"GREAT VALLEY PARKWAY","W. HARGROVE AVENUE",528.00,N,N,A,-,N,,,,,,,,,,Y,3,0,1,2,A,-,03,22350,,N,C,C,A,A,H,-,A,D,0,,,,,Y,,A,01,0,1,0,0,0,0,0,0,0,"- ","- ",37.7666015625,-121.55719757080078,"SAN JOAQUIN",UNINCORPORATED,-121.55719757080078,37.7666015625
90954183,2019,2019-03-27,9265,2019-03-20,1518,019885,,3,2,9,3900,0,1,3,,1,062,SR-88,"ALPINE AVE",0.00,,Y,C,-,N,,,88,,,,,,,Y,3,0,2,3,A,-,12,21453,A,N,D,C,A,B,H,-,A,A,0,,,,,Y,,A,07,0,1,1,0,0,0,0,0,0,"- ","- ",38.016559600830078,-121.20741271972656,"SAN JOAQUIN",UNINCORPORATED,-121.20729064941406,38.016433715820312
90955985,2019,2019-03-28,9266,2019-03-22,1745,014717,,5,2,9,3900,0,2,4,,2,013,"BYRON ROAD","REEVES RD",70.00,W,N,A,C,N,,,,,,,,,,Y,4,0,2,2,A,-,03,22350,,N,C,C,A,A,H,-,A,D,0,,,,,Y,,A,01,0,0,2,0,0,0,0,0,0,"- ","- ",37.763320922851562,-121.49999237060547,"SAN JOAQUIN",UNINCORPORATED,-121.49980163574219,37.763210296630859