CASE_ID,ACCIDENT_YEAR,PROC_DATE,JURIS,COLLISION_DATE,COLLISION_TIME,OFFICER_ID,REPORTING_DISTRICT,DAY_OF_WEEK,CHP_SHIFT,POPULATION,CNTY_CITY_LOC,SPECIAL_COND,BEAT_TYPE,CHP_BEAT_TYPE,CITY_DIVISION_LAPD,CHP_BEAT_CLASS,BEAT_NUMBER,PRIMARY_RD,SECONDARY_RD,DISTANCE,DIRECTION,INTERSECTION,WEATHER_1,WEATHER_2,STATE_HWY_IND,CALTRANS_COUNTY,CALTRANS_DISTRICT,STATE_ROUTE,ROUTE_SUFFIX,POSTMILE_PREFIX,POSTMILE,LOCATION_TYPE,RAMP_INTERSECTION,SIDE_OF_HWY,TOW_AWAY,COLLISION_SEVERITY,NUMBER_KILLED,NUMBER_INJURED,PARTY_COUNT,PRIMARY_COLL_FACTOR,PCF_CODE_OF_VIOL,PCF_VIOL_CATEGORY,PCF_VIOLATION,PCF_VIOL_SUBSECTION,HIT_AND_RUN,TYPE_OF_COLLISION,MVIW,PED_ACTION,ROAD_SURFACE,ROAD_COND_1,ROAD_COND_2,LIGHTING,CONTROL_DEVICE,CHP_ROAD_TYPE,PEDESTRIAN_ACCIDENT,BICYCLE_ACCIDENT,MOTORCYCLE_ACCIDENT,TRUCK_ACCIDENT,NOT_PRIVATE_PROPERTY,ALCOHOL_INVOLVED,STWD_VEHTYPE_AT_FAULT,CHP_VEHTYPE_AT_FAULT,COUNT_SEVERE_INJ,COUNT_VISIBLE_INJ,COUNT_COMPLAINT_PAIN,COUNT_PED_KILLED,COUNT_PED_INJURED,COUNT_BICYCLIST_KILLED,COUNT_BICYCLIST_INJURED,COUNT_MC_KILLED,COUNT_MC_INJURED,PRIMARY_RAMP,SECONDARY_RAMP,LATITUDE,LONGITUDE,COUNTY,CITY,POINT_X,POINT_Y
91381324,2020,2021-01-05,9265,2020-12-31,2030,021644,,4,2,9,3900,0,1,3,,2,004,"SR-99 N/B","CHEROKEE RD",30.00,N,N,A,-,Y,,,99,,,,,,N,Y,2,0,4,1,A,-,01,23152,A,N,E,I,A,A,H,-,C,D,0,,,,,Y,Y,A,07,2,2,0,0,0,0,0,0,0,"- ","- ",37.992481231689453,-121.25261688232422,"SAN JOAQUIN",UNINCORPORATED,-121.25275421142578,37.992424011230469
91382995,2020,2021-01-07,9265,2020-12-28,0200,015756,,1,3,9,3900,0,3,5,,2,060,SR-88,"LIBERTY ROAD",1584.00,W,N,A,-,Y,,,88,,,,,,,Y,2,0,4,2,A,-,08,22107,,N,A,C,A,A,H,-,C,D,0,,,,,Y,,A,01,4,0,0,0,0,0,0,0,0,"- ","- ",38.232208251953125,-121.0540771484375,"SAN JOAQUIN",UNINCORPORATED,-121.05410003662109,38.232227325439453
91383198,2021,2021-01-07,9265,2021-01-02,1405,013539,,6,2,9,3900,0,3,5,,2,030,"FRENCH CAMP ROAD","ELDORADO STREET",138.00,E,N,A,-,N,,,,,,,,,,Y,3,0,2,2,A,-,08,22107,,N,A,C,A,A,H,-,A,D,0,,,,,Y,,A,01,0,1,1,0,0,0,0,0,0,"- ","- ",37.88970947265625,-121.27603149414062,"SAN JOAQUIN",UNINCORPORATED,-121.27613067626953,37.889789581298828
91384075,2021,2021-01-08,9266,2021-01-03,0235,021956,,7,3,9,3900,0,1,1,,2,014,"I-205 W/B","ELEVENTH STREET",500.00,E,N,A,-,Y,,,205,,,,,,W,Y,4,0,2,1,A,-,08,22107,,N,F,A,A,A,H,-,D,D,0,,,,,Y,,A,01,0,0,2,0,0,0,0,0,0,"- ","- ",37.741661071777344,-121.49447631835938,"SAN JOAQUIN",UNINCORPORATED,-121.49445343017578,37.741569519042969
91384283,2021,2021-01-08,9265,2021-01-05,0620,015490,,2,1,9,3900,0,1,3,,2,004,"SR-99 S/B","EIGHT MILE RD.",900.00,S,N,B,E,Y,,,99,,,,,,S,Y,4,0,1,1,A,-,08,22107,,N,E,I,A,B,H,-,D,D,0,,,,Y,Y,,G,25,0,0,1,0,0,0,0,0,0,"- ","- ",38.054370880126953,-121.25968170166016,"SAN JOAQUIN",UNINCORPORATED,-121.25940704345703,38.054389953613281
91385266,2020,2021-01-11,9265,2020-12-28,0657,019128,,1,1,9,3900,0,1,3,,2,001,"SR-99 N/B","AUSTIN ROAD",2780.00,S,N,B,-,Y,,,99,,,,,,N,Y,2,0,1,5,A,-,03,22350,,N,C,C,A,B,H,-,A,D,0,,,,Y,Y,,G,25,1,0,0,0,0,0,0,0,0,"- ","- ",37.769699096679688,-121.17228698730469,"SAN JOAQUIN",UNINCORPORATED,-121.17229461669922,37.769687652587891
91385299,2021,2021-01-11,9266,2021-01-03,2145,021704,,7,2,9,3900,0,2,4,,1,016,"11TH ST W/B","CHRISMAN ROAD",50.00,E,N,A,-,N,,,,,,,,,,N,4,0,1,2,A,-,03,22350,,N,C,C,A,A,H,-,D,A,0,,,,,Y,,A,01,0,0,1,0,0,0,0,0,0,"- ","- ",37.739810943603516,-121.39804077148438,"SAN JOAQUIN",UNINCORPORATED,-121.39813995361328,37.739799499511719
91385478,2021,2021-01-11,9266,2021-01-09,2040,021975,,6,2,9,3900,0,1,1,,1,015,"I-205 E/B","MACARTHUR DRIVE",1000.00,E,N,A,-,Y,,,,,,,,,,N,4,0,2,2,A,-,07,21658,A,N,B,C,A,A,H,-,D,D,0,,,,,Y,,A,07,0,0,2,0,0,0,0,0,0,"- ","- ",37.764640808105469,-121.41066741943359,"SAN JOAQUIN",UNINCORPORATED,-121.41290283203125,37.764400482177734
91386263,2021,2021-01-12,9265,2021-01-06,1430,019413,,3,2,9,3900,0,1,3,,1,013,SR-4,"JACK TONE RD",33.00,E,N,B,-,Y,,,4,,,,,,,Y,2,0,1,1,A,-,03,22350,,N,E,I,A,A,H,-,A,A,0,,,Y,,Y,,C,02,1,0,0,0,0,0,0,0,1,"- ","- ",37.942008972167969,-121.14785766601562,"SAN JOAQUIN",UNINCORPORATED,-121.14785766601562,37.942119598388672
91387756,2021,2021-06-14,9265,2021-01-02,1615,021781,,6,2,9,3900,0,2,4,,1,053,"WILSON WAY","STEWART STREET",500.00,S,N,A,-,N,,,,,,,,,,Y,4,0,2,2,A,-,03,22350,,N,D,C,A,A,H,-,A,D,0,,,,,Y,,A,01,0,0,2,0,0,0,0,0,0,"- ","- ",37.978500366210938,-121.27395629882812,"SAN JOAQUIN",UNINCORPORATED,-121.27403259277344,37.978424072265625
91388402,2021,2021-01-15,9265,2021-01-08,1527,018850,,5,2,9,3900,0,2,4,,1,015,"COPPEROPOLIS RD","TULSA AVE",0.00,,Y,A,-,N,,,,,,,,,,Y,2,0,4,2,A,-,09,21801,A,N,A,C,A,A,H,-,A,D,0,,,,,Y,,A,01,1,0,3,0,0,0,0,0,0,"- ","- ",37.967220306396484,-121.17106628417969,"SAN JOAQUIN",UNINCORPORATED,-121.17108917236328,37.967201232910156
91388925,2021,2021-01-18,9265,2021-01-14,1800,018694,,4,2,9,3900,0,3,5,,2,020,"FRENCH CAMP ROAD","HARLAN ROAD",260.00,E,N,B,-,N,,,,,,,,,,Y,4,0,1,3,A,-,03,22350,,N,C,C,A,A,H,-,C,D,0,,,,,Y,,A,07,0,0,1,0,0,0,0,0,0,"- ","- ",37.887939453125,-121.27424621582031,"SAN JOAQUIN",UNINCORPORATED,-121.27420043945312,37.887863159179688
91389948,2021,2021-01-18,9265,2021-01-14,0630,017989,,4,1,9,3900,0,3,5,,2,090,"WALNUT GROVE RD","CHARLES RD",705.00,W,N,E,-,N,,,,,,,,,,Y,4,0,1,3,A,-,03,22350,,N,C,C,A,A,H,-,A,D,0,,,,,Y,,D,22,0,0,1,0,0,0,0,0,0,"- ","- ",38.225711822509766,-121.49234771728516,"SAN JOAQUIN",UNINCORPORATED,-121.493251,38.225625000000001
91395079,2021,2021-01-27,9266,2021-01-20,0631,021241,,3,1,9,3900,0,2,4,,1,016,"GRANT LINE ROAD","EL RANCHO",40.00,W,N,A,-,N,,,,,,,,,,Y,4,0,1,2,A,-,03,22350,,N,C,C,A,A,H,-,C,A,0,,,,,Y,,A,01,0,0,1,0,0,0,0,0,0,"- ","- ",37.754711151123047,-121.37313079833984,"SAN JOAQUIN",UNINCORPORATED,-121.37307739257812,37.7547607421875
91395814,2021,2021-01-28,9265,2021-01-22,1615,022356,,5,2,9,3900,0,1,3,,1,066,SR-26,"ESCALON BELLOTA RD",4750.00,E,N,B,-,Y,,,26,,,,,,,Y,4,0,1,1,A,-,08,22107,,N,F,A,A,B,H,-,B,D,0,,,,,Y,,A,01,0,0,1,0,0,0,0,0,0,"- ","- ",38.060909271240234,-121.0072021484375,"SAN JOAQUIN",UNINCORPORATED,-121.00723266601562,38.060958862304688
91399998,2021,2021-02-01,9265,2021-01-24,1140,019128,,7,1,9,3900,0,1,1,,2,505,"I-5 S/B",SR-12,40.00,S,N,B,-,Y,,,5,,,,,,S,Y,4,0,2,4,A,-,07,21658,A,F,B,C,A,A,H,-,A,D,0,,,,,Y,,D,22,0,0,2,0,0,0,0,0,0,"- ","- ",38.115798950195312,-121.39814758300781,"SAN JOAQUIN",UNINCORPORATED,-121.3980712890625,38.115840911865234
91403409,2021,2021-02-05,9265,2021-01-29,1635,021284,,5,2,6,3905,0,1,3,,2,004,"WILSON WAY","MCALLEN RD",0.00,,Y,A,-,N,,,,,,,,,,Y,4,0,2,2,A,-,09,21800,D,N,D,C,A,A,H,-,A,B,0,,,,,Y,,A,01,0,0,2,0,0,0,0,0,0,"- ","- ",38.000350952148438,-121.26024627685547,"SAN JOAQUIN",STOCKTON,-121.26026916503906,38.000331878662109
91404035,2021,2021-02-08,9265,2021-01-27,1012,015629,,3,1,9,3900,0,2,4,,1,072,"THORNTON ROAD","PERSHING AVENUE",0.00,,Y,A,-,N,,,,,,,,,,Y,4,0,1,2,A,-,09,21800,D,N,D,C,A,A,H,-,A,B,0,,,,,Y,,A,07,0,0,1,0,0,0,0,0,0,"- ","- ",38.0260009765625,-121.32982635498047,"SAN JOAQUIN",UNINCORPORATED,-121.32973480224609,38.026027679443359
91405194,2021,2021-02-09,9266,2021-02-03,0207,021822,,3,3,9,3900,0,1,1,,2,024,"I-5 S/B","DURHAM FERRY ROAD",55.00,N,N,A,-,Y,,,5,,,,,,S,Y,4,0,2,1,A,-,08,22107,,N,E,I,A,A,H,-,D,D,0,,,,,Y,,A,07,0,0,2,0,0,0,0,0,0,"- ","- ",37.667449951171875,-121.34355163574219,"SAN JOAQUIN",UNINCORPORATED,-121.34347534179688,37.667453765869141
91405428,2021,2021-02-09,9265,2021-02-04,0633,019128,,4,1,3,3904,0,1,3,,2,001,"SR-99 N/B","JACK TONE ROAD",2640.00,N,N,A,-,Y,,,99,,,,,,N,Y,4,0,1,3,A,-,03,22350,,N,C,C,A,A,H,-,A,D,0,,,,Y,Y,,F,26,0,0,1,0,0,0,0,0,0,"- ","- ",37.756038665771484,-121.149658203125,"SAN JOAQUIN",RIPON,-121.14951324462891,37.756290435791016
91406116,2021,2021-02-10,9265,2021-01-17,1811,018784,,7,2,9,3900,0,2,4,,1,053,"WILSON WAY","STOCKTON DIVERTING CANAL",160.00,N,N,A,-,N,,,,,,,,,,N,1,1,0,2,D,-,00,,,F,G,B,E,A,H,-,D,D,0,Y,,,,Y,,-,"- ",0,0,0,1,0,0,0,0,0,"- ","- ",37.990318298339844,-121.26728820800781,"SAN JOAQUIN",UNINCORPORATED,,
91408322,2021,2021-02-15,9266,2021-02-10,1120,021956,,3,1,5,3906,0,1,1,,1,015,"I-205 W/B","TRACY BLVD",400.00,E,N,A,-,Y,,,205,,,,,,W,Y,4,0,2,2,A,-,03,22350,,N,C,C,A,A,H,-,A,D,0,,,,,Y,,A,07,0,0,2,0,0,0,0,0,0,"- ","- ",37.763019561767578,-121.43354797363281,"SAN JOAQUIN",TRACY,-121.43354797363281,37.763099670410156
91409216,2021,2021-02-16,9265,2021-02-08,1216,015629,,1,1,9,3900,0,2,4,,1,072,"HAMMER LANE W/B","PERSHING AVENUE",60.00,E,N,A,-,N,,,,,,,,,,N,4,0,2,2,A,-,03,22350,,N,C,C,A,A,H,-,A,A,0,,,,,Y,,A,07,0,0,2,0,0,0,0,0,0,"- ","- ",38.021011352539062,-121.32969665527344,"SAN JOAQUIN",UNINCORPORATED,-121.32978057861328,38.020866394042969
91409289,2021,2021-02-16,9265,2021-02-10,1610,021284,,3,2,9,3900,0,3,5,,2,060,"HARNEY LN","E HWY 99 FRONTAGE ROAD",0.00,,Y,A,-,Y,,,,,,,,,,Y,4,0,1,2,A,-,09,21801,A,N,A,C,A,A,H,-,A,A,0,,,,,Y,,A,01,0,0,1,0,0,0,0,0,0,"- ","- ",38.101581573486328,-121.25856781005859,"SAN JOAQUIN",UNINCORPORATED,,
91409324,2021,2021-02-16,9265,2021-02-10,1640,022134,,3,2,9,3900,0,1,3,,1,041,"SR-4 E/B","TRACY BLVD",4500.00,E,N,A,-,Y,,,4,,,,,,E,Y,4,0,1,1,A,-,08,22107,,N,E,I,A,A,H,-,A,D,0,,,,,Y,,D,22,0,0,1,0,0,0,0,0,0,"- ","- ",37.910060882568359,-121.452392578125,"SAN JOAQUIN",UNINCORPORATED,-121.45245361328125,37.910179138183594
91409390,2021,2021-02-16,9265,2021-02-10,0615,018836,,3,1,9,3900,0,3,5,,2,050,"NEWTON RD","STEVENSON AVE",650.00,S,N,A,-,N,,,,,,,,,,Y,4,0,1,2,A,-,03,22350,,N,C,C,A,A,H,-,C,D,0,,,,,Y,,A,01,0,0,1,0,0,0,0,0,0,"- ","- ",37.995590209960938,-121.25811004638672,"SAN JOAQUIN",UNINCORPORATED,-121.25813293457031,37.995597839355469
9140977,2020,2020-09-21,3905,2020-07-29,0650,1315,LAK,3,5,6,3905,0,0,0,,0,,"ROCKFORD AV","DORCHESTER WY",38.00,E,N,A,-,N,,,,,,,,,,,3,0,1,2,A,-,03,22350,,N,G,B,E,A,H,-,A,D,0,Y,,,,Y,,A,01,0,1,0,0,1,0,0,0,0,"- ","- ",38.020278930664062,-121.35366058349609,"SAN JOAQUIN",STOCKTON,-121.35312652587891,38.020416259765625
9140979,2020,2020-09-21,3905,2020-07-31,1930,2542,LAK,5,5,6,3905,0,0,0,,0,,"BENJAMIN HOLT DR","ALTURAS AV",0.00,,Y,A,-,N,,,,,,,,,,Y,4,0,1,2,A,-,12,22450,,N,D,C,A,A,H,-,B,A,0,,,,,Y,,A,01,0,0,1,0,0,0,0,0,0,"- ","- ",38.012058258056641,-121.31362915039062,"SAN JOAQUIN",STOCKTON,-121.31326293945312,38.011898040771484
91410320,2021,2021-02-17,9265,2021-02-15,1743,022123,,1,2,9,3900,0,1,3,,1,061,SR-26,"DUNCAN RD.",0.00,,Y,B,-,Y,,,26,,,,,,,Y,3,0,2,2,A,-,12,22450,A,N,D,C,A,A,H,-,A,D,0,,,,,Y,,A,07,0,1,1,0,0,0,0,0,0,"- ","- ",38.017391204833984,-121.09557342529297,"SAN JOAQUIN",UNINCORPORATED,-121.09555816650391,38.017364501953125
91411457,2021,2021-02-19,9266,2021-02-11,2310,021704,,4,3,9,3900,0,1,1,,1,015,"I-205 E/B","OLD RIVER",80.00,E,N,B,C,Y,,,205,,,,,,E,Y,3,0,1,1,A,-,08,22107,,N,E,I,A,B,H,-,D,D,0,,,,,Y,,A,01,0,1,0,0,0,0,0,0,0,"- ","- ",37.77117919921875,-121.32470703125,"SAN JOAQUIN",UNINCORPORATED,-121.32459259033203,37.771091461181641
91412848,2021,2021-02-22,9266,2021-02-20,1200,021956,,6,1,9,3900,0,1,1,,2,014,"I-205 W/B","CORRAL HOLLOW ROAD",700.00,W,N,A,-,Y,,,205,,,,,,W,Y,4,0,1,2,A,-,03,22350,,N,C,C,A,A,H,-,A,D,0,,,,,Y,,A,01,0,0,1,0,0,0,0,0,0,"- ","- ",37.757320404052734,-121.45588684082031,"SAN JOAQUIN",UNINCORPORATED,-121.45587158203125,37.757266998291016
91413484,2021,2021-02-23,9266,2021-02-22,1438,018751,,1,2,9,3900,0,1,1,,1,015,"I-205 W/B","EL RANCHO",400.00,W,N,A,-,Y,,,205,,,,,,W,Y,3,0,1,2,C,-,18,,,N,E,J,A,A,H,-,A,D,0,,,,,Y,,-,"- ",0,1,0,0,0,0,0,0,0,"- ","- ",37.765029907226562,-121.37319183349609,"SAN JOAQUIN",UNINCORPORATED,-121.37319183349609,37.765071868896484
91413714,2021,2021-02-23,9265,2021-02-14,0310,019307,,7,3,9,3900,0,1,1,,2,503,"I-5 N/B","HOSPITAL ROAD",145.00,S,N,A,-,Y,,,5,,,,,,N,Y,2,0,1,1,A,-,01,23152,A,N,E,I,A,A,H,-,D,A,0,,,,,Y,Y,A,01,1,0,0,0,0,0,0,0,0,"- ","- ",37.885421752929688,-121.27928924560547,"SAN JOAQUIN",UNINCORPORATED,-121.27939605712891,37.885383605957031
9141459,2020,2020-10-15,3905,2020-08-10,1722,3041,BEA,1,5,6,3905,0,0,0,,0,,"FREMONT ST","YOSEMITE ST",0.00,,Y,A,-,N,,,,,,,,,,N,4,0,1,2,A,-,12,22450,,N,D,C,A,A,H,-,A,A,0,,,,,Y,,A,01,0,0,1,0,0,0,0,0,0,"- ","- ",37.955410003662109,-121.30542755126953,"SAN JOAQUIN",STOCKTON,-121.30548858642578,37.955318450927734
91415121,2021,2021-02-25,9265,2021-02-16,0205,019307,,2,3,9,3900,0,3,5,,2,090,"PELTIER ROAD","ROND ROAD",2600.00,W,N,A,-,N,,,,,,,,,,Y,4,0,1,1,A,-,08,22107,,N,E,I,A,A,H,-,D,D,0,,,,,Y,,D,22,0,0,1,0,0,0,0,0,0,"- ","- ",38.189521789550781,-121.41880798339844,"SAN JOAQUIN",UNINCORPORATED,-121.41750335693359,38.189506530761719
91415154,2021,2021-02-25,9265,2021-02-16,2355,020651,,2,3,4,3903,0,1,3,,2,025,"SR-120 E/B","AIRPORT WAY",3020.00,W,N,A,-,Y,,,120,,,,,,E,Y,4,0,1,2,A,-,03,22350,,N,C,C,A,A,H,-,C,D,0,,,,,Y,,A,01,0,0,1,0,0,0,0,0,0,"- ","- ",37.783058166503906,-121.26287078857422,"SAN JOAQUIN",MANTECA,-121.26287078857422,37.783069610595703
91415435,2021,2021-02-25,9265,2021-02-22,0200,015756,,1,3,9,3900,0,1,3,,2,006,"SR-99 S/B","ACAMPO RD",92.00,N,N,A,-,Y,,,99,,,,,,S,Y,4,0,1,1,A,-,08,22107,,N,E,I,A,A,H,-,C,D,0,,,,,Y,,A,01,0,0,1,0,0,0,0,0,0,"- ","- ",38.173881530761719,-121.26207733154297,"SAN JOAQUIN",UNINCORPORATED,-121.26239776611328,38.173866271972656
91415542,2021,2021-04-01,9265,2021-02-12,0535,019139,,5,3,9,3900,0,1,3,,1,092,SR-12,"GUARD RD",62.00,E,N,B,-,Y,,,12,,,,,,,Y,2,0,1,2,A,-,01,23152,A,N,D,C,A,B,H,-,D,D,0,,,,,Y,Y,A,07,1,0,0,0,0,0,0,0,0,"- ","- ",38.115970611572266,-121.42228698730469,"SAN JOAQUIN",UNINCORPORATED,-121.42228698730469,38.116096496582031
91416951,2021,2021-02-26,9265,2021-02-19,1500,021284,,5,2,6,3905,0,3,5,,2,060,"E EASTVIEW DR W/B","FREESIA AVE",326.00,E,N,A,-,N,,,,,,,,,,N,4,0,1,1,C,-,18,,,N,H,A,A,A,H,-,A,D,0,,,,,Y,,-,"- ",0,0,1,0,0,0,0,0,0,"- ","- ",38.045768737792969,-121.250732421875,"SAN JOAQUIN",STOCKTON,-121.25081634521484,38.045722961425781
91417026,2021,2021-02-26,9265,2021-02-23,1609,020313,,2,2,4,3903,0,1,3,,2,001,"SR-99 S/B FROM MOFFAT BLVD.","AUSTIN RD",1470.00,S,N,A,-,Y,,,99,,,,R,,S,Y,4,0,2,2,A,-,03,22350,,N,C,C,A,A,H,-,A,A,0,,,,,Y,,A,07,0,0,2,0,0,0,0,0,0,"- ","- ",37.771160125732422,-121.17521667480469,"SAN JOAQUIN",MANTECA,-121.17521667480469,37.771160125732422
91417060,2021,2021-02-26,9265,2021-02-24,0625,015490,,3,1,9,3900,0,1,3,,2,004,"SR-99 N/B","HAMMER LN.",3168.00,S,N,A,-,Y,,,99,,,,,,N,Y,4,0,2,1,A,-,08,22107,,N,E,I,A,A,H,-,B,D,0,,,,,Y,,A,07,0,0,2,0,0,0,0,0,0,"- ","- ",38.01129150390625,-121.25801849365234,"SAN JOAQUIN",UNINCORPORATED,-121.25789642333984,38.011295318603516
91417179,2021,2021-02-26,9265,2021-02-05,1340,017989,,5,1,9,3900,0,2,4,,1,074,"BENJAMIN HOLT DR","PACIFIC AVE",285.00,W,N,A,-,N,,,,,,,,,,Y,4,0,1,2,D,-,00,,,N,B,C,A,A,H,-,A,D,0,,,,,Y,,-,"- ",0,0,1,0,0,0,0,0,0,"- ","- ",38.010761260986328,-121.32169342041016,"SAN JOAQUIN",UNINCORPORATED,-121.32162475585938,38.010787963867188
91417974,2021,2021-03-01,9266,2021-02-25,1532,018365,,4,2,9,3900,0,1,1,,2,024,"I-5 N/B","STEWART RD",200.00,N,N,A,-,Y,,,,,,,,,,N,4,0,1,2,A,-,03,22350,,N,C,C,A,A,H,-,A,D,0,,,,,Y,,A,01,0,0,1,0,0,0,0,0,0,"- ","- ",37.795501708984375,-121.31433868408203,"SAN JOAQUIN",UNINCORPORATED,,
91419039,2021,2021-03-02,9265,2021-02-24,1610,013539,,3,2,4,3903,0,1,3,,2,025,"SR-120 E/B","MAIN STREET",3257.00,E,N,A,-,Y,,,120,,,,,,E,Y,3,0,3,3,A,-,03,22350,,N,C,C,A,A,H,-,A,D,0,,,,,Y,,A,07,0,1,2,0,0,0,0,0,0,"- ","- ",37.783130645751953,-121.20442199707031,"SAN JOAQUIN",MANTECA,-121.20442199707031,37.783206939697266
91421540,2021,2021-03-05,9265,2021-02-26,1540,020513,,5,2,9,3900,0,1,3,,1,092,"SR-12 E/B","DAVIS RD",660.00,W,N,A,-,Y,,,12,,,,,,E,Y,3,0,1,3,A,-,03,22350,,M,C,C,A,A,H,-,A,D,0,,,,,Y,,A,01,0,1,0,0,0,0,0,0,0,"- ","- ",38.115558624267578,-121.33641052246094,"SAN JOAQUIN",UNINCORPORATED,-121.33641052246094,38.115570068359375
91422453,2021,2021-03-08,9265,2021-02-24,2350,015756,,3,3,9,3900,0,3,5,,2,070,"SR-99 W FRONTAGE RD","CHRISTIAN LIFE WAY",104.00,S,N,A,-,N,,,99,,,,,,,Y,2,0,1,1,A,-,01,23152,A,N,E,I,A,A,H,-,C,D,0,,,,,Y,Y,A,07,1,0,0,0,0,0,0,0,0,"- ","- ",38.023918151855469,-121.25882720947266,"SAN JOAQUIN",UNINCORPORATED,-121.25833892822266,38.02392578125
9142706,2020,2020-10-15,3905,2020-08-12,1012,2277,SEA,3,5,6,3905,0,0,0,,0,,"8TH ST","TURNPIKE RD",0.00,,Y,A,-,N,,,,,,,,,,Y,3,0,1,2,A,-,12,21453,A,N,D,C,A,A,H,-,A,A,0,,,,,Y,,A,01,0,1,0,0,0,0,0,0,0,"- ","- ",37.927040100097656,-121.29324340820312,"SAN JOAQUIN",STOCKTON,-121.29302,37.927039999999998
9142709,2020,2020-10-15,3905,2020-08-13,1012,3012,LAK,4,5,6,3905,0,0,0,,0,,"MARCH LN","PRECISSI LN",216.00,W,N,A,-,N,,,,,,,,,,N,4,0,2,4,A,-,03,22350,,F,C,C,A,A,H,-,A,A,0,,,,,Y,,-,99,0,0,2,0,0,0,0,0,0,"- ","- ",37.990718841552734,-121.31529998779297,"SAN JOAQUIN",STOCKTON,-121.31646728515625,37.990451812744141
91427594,2021,2021-03-15,9265,2021-03-06,1030,019885,,6,1,6,3905,0,1,1,,2,503,"I-5 N/B","ALPINE AVE",2400.00,N,N,A,-,Y,,,,,,,,,,Y,4,0,1,1,A,-,08,22107,,N,E,I,A,A,H,-,A,D,0,,,,,Y,,A,01,0,0,1,0,0,0,0,0,0,"- ","- ",37.976718902587891,-121.34030914306641,"SAN JOAQUIN",STOCKTON,-121.34016418457031,37.976703643798828
9142775,2020,2020-10-15,3905,2020-08-09,1030,1312,PAR,7,5,6,3905,0,0,0,,0,,"FILBERT ST","FREMONT ST",0.00,,Y,A,-,N,,,,,,,,,,N,4,0,1,2,A,-,03,22350,,F,C,C,A,A,H,-,A,D,0,,,,,Y,,-,99,0,0,1,0,0,0,0,0,0,"- ","- ",37.965278625488281,-121.25604248046875,"SAN JOAQUIN",STOCKTON,-121.25621795654297,37.965511322021484
91428435,2021,2021-03-16,9266,2021-03-11,0440,013650,,4,3,9,3900,0,1,1,,2,024,"KASSON ROAD","LORENZEN ROAD",775.00,S,N,B,-,N,,,,,,,,,,Y,3,0,1,1,A,-,01,23152,A,N,E,I,A,A,H,-,D,D,0,,,,,Y,Y,A,01,0,1,0,0,0,0,0,0,0,"- ","- ",37.724601745605469,-121.32563781738281,"SAN JOAQUIN",UNINCORPORATED,-121.32394409179688,37.723289489746094
91428457,2021,2021-03-16,9265,2021-03-07,0110,021625,,7,3,9,3900,0,3,5,,2,060,"TRETHEWAY RD","BENNDORF RD",475.00,N,N,A,-,N,,,,,,,,,,Y,2,0,1,1,A,-,01,23152,A,N,E,I,A,A,H,-,D,D,0,,,,,Y,Y,A,07,1,0,0,0,0,0,0,0,0,"- ","- ",38.195030212402344,-121.17993927001953,"SAN JOAQUIN",UNINCORPORATED,-121.17987823486328,38.194972991943359
91429027,2021,2021-03-17,9265,2021-03-08,1639,021644,,1,2,9,3900,0,1,3,,1,062,SR-88,"ELLIOTT RD / TULLY RD",0.00,,Y,B,-,Y,,,88,,,,,,,Y,4,0,1,3,A,-,09,21453,C,F,D,C,A,A,H,-,A,A,0,,,,,Y,,-,99,0,0,1,0,0,0,0,0,0,"- ","- ",38.163398742675781,-121.15003967285156,"SAN JOAQUIN",UNINCORPORATED,-121.1500244140625,38.163375854492188
91429090,2021,2021-03-17,9265,2021-03-08,0700,019489,,1,1,9,3900,0,1,1,,2,505,"I-5 N/B","WALNUT GROVE RD",1962.00,S,N,A,-,Y,,,5,,,,,,N,Y,3,0,1,1,A,-,08,22107,,N,E,I,A,A,H,-,A,D,0,,,,Y,Y,,F,26,0,1,0,0,0,0,0,0,0,"- ","- ",38.220951080322266,-121.42691802978516,"SAN JOAQUIN",UNINCORPORATED,-121.42694854736328,38.220928192138672
91429213,2021,2021-03-17,9265,2021-03-10,1530,021284,,3,2,6,3905,0,1,3,,2,004,"SR-99 S/B","HAMMER LANE",2689.00,S,N,C,-,Y,,,,,,,,,,Y,4,0,2,1,A,-,08,22107,,N,E,I,A,B,H,-,A,D,0,,,,,Y,,A,01,0,0,2,0,0,0,0,0,0,"- ","- ",38.013778686523438,-121.25814056396484,"SAN JOAQUIN",STOCKTON,-121.25824737548828,38.019680023193359
91429390,2021,2021-03-17,9265,2021-03-11,1240,019073,,4,1,9,3900,0,3,5,,2,060,"MILTON RD","FINE RD",1426.00,E,N,A,-,N,,,,,,,,,,Y,4,0,1,2,A,-,09,21804,A,N,D,C,A,A,H,-,A,D,0,,,,Y,Y,,A,01,0,0,1,0,0,0,0,0,0,"- ","- ",37.987751007080078,-121.04409027099609,"SAN JOAQUIN",UNINCORPORATED,-121.04417419433594,37.987739562988281