CASE_ID,ACCIDENT_YEAR,PROC_DATE,JURIS,COLLISION_DATE,COLLISION_TIME,OFFICER_ID,REPORTING_DISTRICT,DAY_OF_WEEK,CHP_SHIFT,POPULATION,CNTY_CITY_LOC,SPECIAL_COND,BEAT_TYPE,CHP_BEAT_TYPE,CITY_DIVISION_LAPD,CHP_BEAT_CLASS,BEAT_NUMBER,PRIMARY_RD,SECONDARY_RD,DISTANCE,DIRECTION,INTERSECTION,WEATHER_1,WEATHER_2,STATE_HWY_IND,CALTRANS_COUNTY,CALTRANS_DISTRICT,STATE_ROUTE,ROUTE_SUFFIX,POSTMILE_PREFIX,POSTMILE,LOCATION_TYPE,RAMP_INTERSECTION,SIDE_OF_HWY,TOW_AWAY,COLLISION_SEVERITY,NUMBER_KILLED,NUMBER_INJURED,PARTY_COUNT,PRIMARY_COLL_FACTOR,PCF_CODE_OF_VIOL,PCF_VIOL_CATEGORY,PCF_VIOLATION,PCF_VIOL_SUBSECTION,HIT_AND_RUN,TYPE_OF_COLLISION,MVIW,PED_ACTION,ROAD_SURFACE,ROAD_COND_1,ROAD_COND_2,LIGHTING,CONTROL_DEVICE,CHP_ROAD_TYPE,PEDESTRIAN_ACCIDENT,BICYCLE_ACCIDENT,MOTORCYCLE_ACCIDENT,TRUCK_ACCIDENT,NOT_PRIVATE_PROPERTY,ALCOHOL_INVOLVED,STWD_VEHTYPE_AT_FAULT,CHP_VEHTYPE_AT_FAULT,COUNT_SEVERE_INJ,COUNT_VISIBLE_INJ,COUNT_COMPLAINT_PAIN,COUNT_PED_KILLED,COUNT_PED_INJURED,COUNT_BICYCLIST_KILLED,COUNT_BICYCLIST_INJURED,COUNT_MC_KILLED,COUNT_MC_INJURED,PRIMARY_RAMP,SECONDARY_RAMP,LATITUDE,LONGITUDE,COUNTY,CITY,POINT_X,POINT_Y
91432468,2021,2021-03-22,9266,2021-03-17,1245,018217,,3,1,9,3900,0,1,1,,1,015,"I-205 E/B","PARADISE ROAD",400.00,E,N,A,-,Y,,,205,,,,,,E,N,4,0,1,2,A,-,03,22350,,N,C,C,A,A,H,-,A,D,0,,,,,Y,,A,07,0,0,1,0,0,0,0,0,0,"- ","- ",37.764858245849609,-121.38638305664062,"SAN JOAQUIN",UNINCORPORATED,-121.38638305664062,37.764755249023438
91434408,2021,2021-03-24,9265,2021-03-17,2033,020313,,3,2,9,3900,0,1,3,,2,003,"SR-99 S/B",SR-4,1800.00,N,N,A,-,Y,,,99,,,,,,S,Y,4,0,1,2,A,-,03,22350,,N,C,D,A,A,H,-,D,D,0,,,,,Y,,A,01,0,0,1,0,0,0,0,0,0,"- ","- ",37.966381072998047,-121.24436950683594,"SAN JOAQUIN",UNINCORPORATED,-121.24428558349609,37.966434478759766
91439105,2021,2021-03-30,9265,2021-03-27,1840,022134,,6,2,6,3905,0,1,1,,2,504,"I-5 N/B TO HAMMER LANE","HAMMER LN",75.00,S,N,A,-,Y,,,5,,,,R,,N,Y,4,0,1,3,A,-,01,23152,A,N,C,C,A,A,H,-,B,A,0,,,,,Y,Y,A,08,0,0,1,0,0,0,0,0,0,"- ","- ",38.020980834960938,-121.35801696777344,"SAN JOAQUIN",STOCKTON,-121.35801696777344,38.020980834960938
9144106,2020,2020-09-23,3905,2020-07-22,0928,1315,CIV,3,5,6,3905,0,0,0,,0,,"PILGRIM ST","PARK ST",0.00,,Y,A,-,N,,,,,,,,,,Y,3,0,2,3,A,-,09,21802,A,N,D,C,A,A,H,-,A,A,0,,,,,Y,,A,01,0,1,1,0,0,0,0,0,0,"- ","- ",37.962028503417969,-121.27722930908203,"SAN JOAQUIN",STOCKTON,-121.27735137939453,37.962108612060547
91441951,2021,2021-04-02,9266,2021-03-21,0241,021241,,7,3,9,3900,0,1,1,,2,014,"I-205 E/B","HANSEN ROAD",2904.00,E,N,A,-,Y,,,205,,,,,,E,Y,4,0,2,5,A,-,01,23152,A,N,C,C,A,A,H,-,D,D,0,,,,Y,Y,Y,A,07,0,0,2,0,0,0,0,0,0,"- ","- ",37.740608215332031,-121.50303649902344,"SAN JOAQUIN",UNINCORPORATED,-121.50304412841797,37.740585327148438
9144264,2020,2020-10-19,3906,2020-08-19,1705,1697,,3,5,5,3906,0,0,0,,0,005,"HOLLY DR","E LOWELL AV",250.00,S,N,A,-,N,,,,,,,,,,N,3,0,2,2,A,-,09,21804,A,N,D,C,A,A,H,-,A,D,0,,,,,Y,,A,01,0,2,0,0,0,0,0,0,0,"- ","- ",,,"SAN JOAQUIN",TRACY,-121.42580413818359,37.747135162353516
9144266,2020,2020-10-20,3906,2020-08-25,1209,1184,15,2,5,5,3906,0,0,0,,0,003,"SCHULTE RD","CAVRIANA LN",0.00,E,N,A,-,N,,,,,,,,,,Y,4,0,1,2,A,-,08,22107,,N,E,I,A,A,H,-,A,A,0,,,,,Y,,A,07,0,0,1,0,0,0,0,0,0,"- ","- ",,,"SAN JOAQUIN",TRACY,,
91443069,2021,2021-04-05,9265,2021-03-25,1430,018289,,4,2,9,3900,0,1,3,,1,062,"STATER ROUTE 88 (WATERLOO ROAD)","BAKER ROAD",1584.00,W,N,A,-,Y,,,,,,,,,,N,4,0,1,2,A,-,03,22350,,N,C,C,A,A,H,-,A,D,0,,,,,Y,,D,22,0,0,1,0,0,0,0,0,0,"- ","- ",38.028018951416016,-121.19538116455078,"SAN JOAQUIN",UNINCORPORATED,,
91443748,2021,2021-04-06,9265,2021-03-26,1045,019128,,5,1,4,3903,0,1,3,,2,001,"SR-99 N/B","AUSTIN ROAD",1080.00,S,N,A,-,Y,,,,,,,,,,Y,4,0,5,3,A,-,03,22350,,N,C,C,A,A,H,-,A,D,0,,,,,Y,,A,01,0,0,5,0,0,0,0,0,0,"- ","- ",37.713741302490234,-121.17572784423828,"SAN JOAQUIN",MANTECA,-121.1766357421875,37.772697448730469
91443971,2021,2021-04-06,9265,2021-03-25,0835,013515,,4,1,9,3900,0,2,4,,1,052,"SANGUINETTI LANE","BRADFORD STREET",300.00,S,N,A,-,N,,,,,,,,,,Y,2,0,1,1,A,-,08,22107,,N,E,I,A,A,H,-,A,D,0,,,,,Y,,A,07,1,0,0,0,0,0,0,0,0,"- ","- ",37.975078582763672,-121.26801300048828,"SAN JOAQUIN",UNINCORPORATED,-121.26792907714844,37.975074768066406
91443988,2021,2021-04-06,9265,2021-03-27,1235,018289,,6,1,9,3900,0,1,1,,2,505,"INTERSTATE 5 NORTHBOUND","TURNER ROAD",3960.00,S,N,A,-,Y,,,5,,,,,,N,N,4,0,1,2,A,-,03,22350,,N,C,C,A,A,D,-,A,D,0,,,,,Y,,M,47,0,0,1,0,0,0,0,0,0,"- ","- ",38.136608123779297,-121.39897918701172,"SAN JOAQUIN",UNINCORPORATED,-121.39903259277344,38.136608123779297
91444371,2021,2021-04-06,9265,2021-03-15,0400,019307,,1,3,9,3900,0,1,1,,2,502,"I-5 S/B","LATHROP ROAD",6864.00,N,N,A,-,Y,,,,,,,,,,Y,4,0,1,1,A,-,01,23152,A,N,E,I,A,A,H,-,D,D,0,,,,,Y,Y,A,01,0,0,1,0,0,0,0,0,0,"- ","- ",37.502799987792969,-121.17989349365234,"SAN JOAQUIN",UNINCORPORATED,-121.28488159179688,37.844688415527344
91445114,2021,2021-04-07,9265,2021-03-29,1630,021781,,1,2,9,3900,0,3,5,,2,050,"E STREET","ROBINDALE AVE",40.00,N,N,A,-,N,,,,,,,,,,N,4,0,1,2,A,-,11,21954,A,N,G,B,D,A,H,-,A,D,0,Y,,,,Y,,N,60,0,0,1,0,1,0,0,0,0,"- ","- ",37.983249664306641,-121.26959228515625,"SAN JOAQUIN",UNINCORPORATED,-121.26956176757812,37.98321533203125
91447024,2021,2021-04-09,9265,2021-03-22,0239,022123,,1,3,9,3900,0,2,4,,1,031,"FRENCH CAMP RD","LODUCA DR.",934.00,W,N,A,-,N,,,,,,,,,,Y,3,0,1,2,A,-,09,21804,A,N,D,C,A,A,H,-,D,D,0,,,,Y,Y,,G,25,0,1,0,0,0,0,0,0,0,"- ","- ",37.864189147949219,-121.23300170898438,"SAN JOAQUIN",UNINCORPORATED,-121.23291015625,37.864147186279297
91447650,2021,2021-04-12,9265,2021-04-04,2010,022365,,7,2,9,3900,0,1,3,,1,062,"ELLIOTT RD","LAIRD ST",3274.00,N,N,A,-,N,,,,,,,,,,Y,4,0,1,1,A,-,01,23152,F,N,E,I,A,A,H,-,D,D,0,,,,,Y,Y,A,01,0,0,1,0,0,0,0,0,0,"- ","- ",38.170700073242188,-121.1602783203125,"SAN JOAQUIN",UNINCORPORATED,-121.16012573242188,38.170516967773438
91448288,2021,2021-04-12,9265,2021-04-02,1623,020071,,5,2,4,3903,0,1,3,,2,001,"SR-99 N/B",SR-120,440.00,N,N,A,-,Y,,,99,,,,,,N,Y,3,0,1,2,A,-,07,21658,A,N,B,C,A,A,H,-,A,D,0,,,,,Y,,A,01,0,1,0,0,0,0,0,0,0,"- ","- ",37.78662109375,-121.18839263916016,"SAN JOAQUIN",MANTECA,-121.1883544921875,37.786628723144531
91448788,2021,2021-04-12,9265,2021-04-02,2130,013539,,5,2,9,3900,0,2,4,,1,052,"CHEROKEE ROAD","SIERRA LANE",81.00,E,N,A,-,Y,,,,,,,,,,Y,3,0,1,2,A,-,08,22107,,F,D,C,A,A,H,-,C,D,0,,,,,Y,,A,08,0,1,0,0,0,0,0,0,0,"- ","- ",37.977348327636719,-121.26493835449219,"SAN JOAQUIN",UNINCORPORATED,-121.2650146484375,37.977260589599609
91449476,2021,2021-04-13,9265,2021-04-04,0553,018511,,7,3,9,3900,0,1,3,,2,006,"SR-99 N/B TO LIBERTY ROAD","LIBERTY RD",328.00,S,N,A,-,Y,,,99,,,,R,,N,Y,4,0,1,1,A,-,03,22350,,N,E,I,A,A,H,-,D,A,0,,,,,Y,,A,01,0,0,1,0,0,0,0,0,0,"- ","- ",38.232250213623047,-121.27861785888672,"SAN JOAQUIN",UNINCORPORATED,-121.27861785888672,38.232250213623047
91451193,2021,2021-04-15,9266,2021-04-09,1655,013650,,5,2,9,3900,0,2,4,,1,012,"TRACY BLVD","FINCK ROAD",0.00,,Y,A,-,N,,,,,,,,,,Y,2,0,2,2,A,-,01,23152,A,N,D,C,A,A,H,-,A,A,0,,,,,Y,Y,A,01,1,0,1,0,0,0,0,0,0,"- ","- ",37.805290222167969,-121.44976806640625,"SAN JOAQUIN",UNINCORPORATED,-121.44963073730469,37.805290222167969
91451339,2021,2021-04-15,9265,2021-03-06,2345,021401,,6,3,6,3905,0,1,1,,2,504,"I-5 N/B","MCAULIFFE RD",337.00,S,N,B,-,Y,,,5,,,,,,N,N,1,1,0,2,A,-,11,21954,A,N,G,B,D,A,H,-,D,D,0,Y,,,,Y,,N,60,0,0,0,1,0,0,0,0,0,"- ","- ",38.044330596923828,-121.36830139160156,"SAN JOAQUIN",STOCKTON,-121.36827087402344,38.044338226318359
91452379,2021,2021-04-16,9265,2021-04-06,1613,013539,,2,2,2,3920,0,1,1,,2,502,"I-5 N/B","SR-120 W/B",1099.00,N,N,A,-,Y,,,5,,,,,,N,Y,4,0,1,2,A,-,07,21658,A,N,B,C,A,A,H,-,A,D,0,,,,Y,Y,,A,01,0,0,1,0,0,0,0,0,0,"- ","- ",37.792331695556641,-121.30081939697266,"SAN JOAQUIN",LATHROP,-121.30066680908203,37.792320251464844
91452613,2021,2021-04-19,9265,2021-04-14,1725,022356,,3,2,9,3900,0,1,3,,2,004,"SR-99 N/B","CHEROKEE RD",430.00,N,N,A,-,Y,,,99,,,,,,N,Y,3,0,1,1,A,-,03,22350,,N,F,A,A,A,H,-,A,D,0,,,Y,,Y,,C,02,0,1,0,0,0,0,0,0,1,"- ","- ",37.993450164794922,-121.25290679931641,"SAN JOAQUIN",UNINCORPORATED,-121.25314331054688,37.993354797363281
91452758,2021,2021-04-19,9265,2021-04-02,1058,019073,,5,1,9,3900,0,1,1,,2,502,"I-5 S/B","HOSPITAL RD",466.00,N,N,A,-,Y,,,5,,,,,,S,Y,4,0,1,2,A,-,03,22350,,N,B,C,A,A,H,-,A,D,0,,,,Y,Y,,A,07,0,0,1,0,0,0,0,0,0,"- ","- ",37.886470794677734,-121.28018951416016,"SAN JOAQUIN",UNINCORPORATED,-121.28014373779297,37.886486053466797
9145344,2020,2021-01-13,3905,2020-08-21,1018,2425,PAR,5,5,6,3905,0,0,0,,0,,"AIRPORT WAY","INDUSTRIAL DR",0.00,,Y,A,-,N,,,,,,,,,,Y,4,0,1,2,A,-,12,21453,A,N,D,C,A,A,H,-,A,A,0,,,,Y,Y,,A,01,0,0,1,0,0,0,0,0,0,"- ","- ",37.910881042480469,-121.25843811035156,"SAN JOAQUIN",STOCKTON,-121.25856018066406,37.910980224609375
91454273,2021,2021-04-20,9265,2021-04-12,0540,018836,,1,3,9,3900,0,1,3,,2,001,"SR-99 N/B","AUSTIN RD",250.00,S,N,A,-,Y,,,99,,,,,,N,Y,3,0,2,3,A,-,03,22350,,N,C,C,A,A,H,-,D,D,0,,,,,Y,,D,22,0,1,1,0,0,0,0,0,0,"- ","- ",37.774349212646484,-121.17858123779297,"SAN JOAQUIN",UNINCORPORATED,-121.17864227294922,37.774269104003906
91455112,2021,2021-04-21,9266,2021-04-14,0433,019312,,3,3,9,3900,0,1,1,,2,014,"I-205 W/B","HANSON ROAD",760.00,E,N,A,-,Y,,,205,,,,,,W,Y,3,0,2,3,A,-,03,22350,,N,C,C,A,A,H,-,D,D,0,,,,,Y,,A,01,0,1,1,0,0,0,0,0,0,"- ","- ",37.7410888671875,-121.50988006591797,"SAN JOAQUIN",UNINCORPORATED,-121.50987243652344,37.741230010986328
91455336,2021,2021-04-21,9265,2021-04-17,1245,018836,,6,1,9,3900,0,1,3,,1,066,SR-26,"FINE RD",0.00,,Y,A,-,Y,,,26,,,,,,,Y,4,0,1,2,A,-,09,21802,A,N,D,C,A,A,H,-,A,A,0,,,,Y,Y,,A,01,0,0,1,0,0,0,0,0,0,"- ","- ",38.031879425048828,-121.05014801025391,"SAN JOAQUIN",UNINCORPORATED,-121.05014038085938,38.031845092773438
91455368,2021,2021-05-27,9266,2021-04-21,0555,018217,,3,3,9,3900,0,1,1,,2,014,"I-205 W/B","MOUNTAIN HOUSE PKWY",1000.00,E,N,A,-,Y,,,205,,,,,,W,Y,4,0,1,2,A,-,03,22350,,N,C,C,A,A,H,-,B,D,0,,,,,Y,,D,22,0,0,1,0,0,0,0,0,0,"- ","- ",37.742240905761719,-121.52841186523438,"SAN JOAQUIN",UNINCORPORATED,-121.52839660644531,37.742382049560547
91455950,2021,2021-04-22,9265,2021-04-19,1005,017405,,1,1,4,3903,0,1,3,,2,025,"SR-120 W/B","UNION RD.",2323.00,E,N,A,-,Y,,,120,,,,,,W,Y,3,0,2,2,C,-,18,,,N,C,C,A,A,H,-,A,D,0,,,,,Y,,-,"- ",0,1,1,0,0,0,0,0,0,"- ","- ",37.783481597900391,-121.22589111328125,"SAN JOAQUIN",MANTECA,-121.22589111328125,37.78350830078125
9145682,2020,2020-10-27,3902,2020-08-04,1342,GJ106,,2,5,5,3902,0,0,0,,0,,"W LODI AV","S CRESCENT AV",0.00,,Y,A,-,N,,,,,,,,,,N,3,0,1,2,A,-,09,21801,A,N,A,C,A,A,H,-,A,A,0,,,,,Y,,A,01,0,1,0,0,0,0,0,0,0,"- ","- ",,,"SAN JOAQUIN",LODI,-121.28305816650391,38.130020141601562
91458113,2021,2021-04-26,9265,2021-04-16,2100,021781,,5,2,9,3900,0,2,4,,1,051,"WASHINGTON STREET","HINKLEY AVENUE",0.00,,Y,A,-,N,,,,,,,,,,N,4,0,1,2,A,-,03,22350,,N,D,C,A,A,H,-,C,D,0,,Y,,,Y,,L,04,0,0,1,0,0,0,1,0,0,"- ","- ",37.961589813232422,-121.23973083496094,"SAN JOAQUIN",UNINCORPORATED,-121.23975372314453,37.961971282958984
91458147,2021,2021-04-26,9265,2021-04-16,1705,021284,,5,2,9,3900,0,2,4,,1,053,"WATERLOO RD","RHODE ISLAND AVE",135.00,W,N,A,-,N,,,,,,,,,,Y,3,0,1,2,A,-,09,21804,A,N,D,C,A,A,H,-,A,D,0,,,,,Y,,A,01,0,1,0,0,0,0,0,0,0,"- ","- ",37.978340148925781,-121.25971221923828,"SAN JOAQUIN",UNINCORPORATED,-121.25968170166016,37.978424072265625
91458559,2021,2021-04-26,9265,2021-04-16,1940,022134,,5,2,9,3900,0,1,3,,1,041,SR-4,"BACON ISLAND",1760.00,W,N,A,-,Y,,,4,,,,,,,Y,4,0,2,2,A,-,01,23152,A,N,D,D,A,A,H,-,B,D,0,,,,,Y,Y,A,01,0,0,2,0,0,0,0,0,0,"- ","- ",37.918910980224609,-121.44052886962891,"SAN JOAQUIN",UNINCORPORATED,-121.44049835205078,37.918861389160156
91460145,2021,2021-04-28,9266,2021-04-22,1830,020083,,4,2,9,3900,0,1,1,,1,015,"I-205 E/B","CANAL BLVD",1320.00,E,N,A,-,Y,,,205,,,,,,E,N,4,0,1,2,A,-,07,21658,A,N,B,C,A,A,H,-,A,D,0,,,Y,,Y,,A,01,0,0,1,0,0,0,0,0,1,"- ","- ",37.765960693359375,-121.34414672851562,"SAN JOAQUIN",UNINCORPORATED,-121.34413909912109,37.765830993652344
91463286,2021,2021-04-30,9265,2021-04-17,0159,022155,,6,3,9,3900,0,1,1,,2,502,"I-5 S/B","ROTH RD",1531.00,N,N,A,-,Y,,,5,,,,,,S,Y,2,0,1,1,A,-,01,23152,A,N,E,I,A,A,H,-,C,D,0,,,,,Y,Y,A,01,1,0,0,0,0,0,0,0,0,"- ","- ",37.859718322753906,-121.28127288818359,"SAN JOAQUIN",UNINCORPORATED,-121.28113555908203,37.85968017578125
91464592,2021,2021-05-27,9266,2021-04-29,0515,013650,,4,3,9,3900,0,1,1,,2,021,"I-580 E/B","BIRD RD",1584.00,E,N,A,-,Y,,,580,,,,,,E,Y,1,1,1,2,A,-,02,22400,A,N,C,C,A,A,H,-,D,D,0,,,,,Y,,A,01,0,1,0,0,0,0,0,0,0,"- ","- ",37.605358123779297,-121.35272216796875,"SAN JOAQUIN",UNINCORPORATED,-121.35268402099609,37.60540771484375
91465172,2021,2021-05-04,9265,2021-04-23,1740,022134,,5,2,6,3905,0,1,1,,2,503,"I-5 S/B","CHARTER WAY",200.00,S,N,A,-,Y,,,5,,,,,,S,Y,4,0,2,2,A,-,07,21658,A,N,B,C,A,A,H,-,A,D,0,,,,,Y,,A,01,0,0,2,0,0,0,0,0,0,"- ","- ",37.936119079589844,-121.29756164550781,"SAN JOAQUIN",STOCKTON,-121.29759979248047,37.936115264892578
91465681,2021,2021-05-18,9265,2021-04-19,1540,021163,,1,2,9,3900,0,3,5,,2,030,"MUNFORD AVE","MARIPOSA AVE",315.00,W,N,A,-,N,,,,,,,,,,N,2,0,1,2,A,-,05,21460,A,N,D,G,A,A,H,-,A,D,0,,Y,,,Y,,L,04,1,0,0,0,0,0,1,0,0,"- ","- ",39.930149078369141,-121.22525024414062,"SAN JOAQUIN",UNINCORPORATED,-121.22525024414062,37.930171966552734
91468931,2021,2021-05-10,9265,2021-04-28,1446,019413,,3,2,9,3900,0,2,4,,1,014,"KAISER RD","MARIPOSA RD",0.00,,Y,A,-,N,,,,,,,,,,Y,4,0,2,2,A,-,09,21802,A,N,D,C,A,A,H,-,A,A,0,,,,Y,Y,,A,01,0,0,2,0,0,0,0,0,0,"- ","- ",37.910579681396484,-121.16575622558594,"SAN JOAQUIN",UNINCORPORATED,-121.16574096679688,37.910602569580078
91468982,2021,2021-05-10,9265,2021-05-01,0355,022123,,6,3,6,3905,0,1,1,,2,503,"I-5 N/B","FRENCH CAMP RD",400.00,N,N,A,-,Y,,,5,,,,,,N,Y,4,0,1,3,A,-,03,22350,,N,C,C,A,A,H,-,D,D,0,,,,Y,Y,,A,01,0,0,1,0,0,0,0,0,0,"- ","- ",37.898300170898438,-121.28408050537109,"SAN JOAQUIN",STOCKTON,-121.28407287597656,37.898303985595703
9147118,2020,2020-09-22,3903,2020-07-25,2147,5146,,6,5,4,3903,0,0,0,,0,,"LOUISE AV","COTTAGE AV",0.00,,Y,A,-,N,,,,,,,,,,Y,4,0,1,2,A,-,12,21453,A,N,D,C,A,A,H,-,C,A,0,,,,,Y,,A,01,0,0,1,0,0,0,0,0,0,"- ","- ",37.811988830566406,-121.19880676269531,"SAN JOAQUIN",MANTECA,-121.19879150390625,37.811981201171875
91472868,2021,2021-05-27,9265,2021-05-01,0510,018784,,6,3,6,3905,0,1,3,,1,042,"SR-4 E/B","WILSON WAY",135.00,W,N,A,-,Y,,,4,,,,,,E,Y,3,0,1,1,A,-,08,22107,,N,E,8,A,A,H,-,C,D,0,,,,,Y,,A,01,0,1,0,0,0,0,0,0,0,"- ","- ",37.953060150146484,-121.27142333984375,"SAN JOAQUIN",STOCKTON,-121.27144622802734,37.953212738037109
91478383,2021,2021-05-27,9265,2021-05-09,2350,018784,,7,3,6,3905,0,1,1,,2,504,"I-5 N/B","HAMMER LN",3168.00,N,N,A,-,Y,,,5,,,,,,N,Y,3,0,2,1,A,-,08,22107,,N,E,I,A,A,H,-,D,D,0,,,,,Y,,A,01,0,2,0,0,0,0,0,0,0,"- ","- ",38.029090881347656,-121.36254119873047,"SAN JOAQUIN",STOCKTON,-121.36244964599609,38.029132843017578
91478844,2021,2021-05-27,9266,2021-05-15,0040,020599,,6,3,9,3900,0,1,1,,2,021,"I-580 E/B","PATTERSON PASS ROAD",13200.00,E,N,F,-,Y,,,580,,,,,,E,Y,3,0,1,1,C,-,18,,,N,F,A,A,A,H,-,D,D,0,,,,Y,Y,,-,"- ",0,1,0,0,0,0,0,0,0,"- ","- ",37.698680877685547,-121.50108337402344,"SAN JOAQUIN",UNINCORPORATED,-121.50111389160156,37.698627471923828
91479103,2021,2021-05-27,9265,2021-05-07,0725,015490,,5,1,9,3900,0,1,3,,1,062,SR-88,"BOGGIANO RD.",50.00,E,N,A,-,Y,,,88,,,,,,,Y,3,0,2,2,A,-,03,22350,,N,C,C,A,A,H,-,A,D,0,,,,,Y,,D,22,0,1,1,0,0,0,0,0,0,"- ","- ",38.021869659423828,-121.20111083984375,"SAN JOAQUIN",UNINCORPORATED,-121.20116424560547,38.021888732910156
91479244,2021,2021-05-27,9265,2021-05-12,0803,018511,,3,1,4,3903,0,1,3,,2,001,"SR-99 S/B","LOUISE AVENUE",1052.00,S,N,A,-,Y,,,99,,,,,,S,Y,4,0,1,2,A,-,08,22107,,N,B,2,A,A,H,-,A,D,0,,,,,Y,,D,22,0,0,1,0,0,0,0,0,0,"- ","- ",37.809761047363281,-121.2020263671875,"SAN JOAQUIN",MANTECA,-121.20204925537109,37.809738159179688
91481056,2021,2021-05-25,9265,2021-05-14,1245,019182,,5,1,9,3900,0,1,3,,2,003,"SR-99 N/B","FARMINGTON RD",90.00,N,N,A,-,Y,,,99,,,,,,N,Y,4,0,2,2,A,-,03,22350,,N,C,C,A,A,D,-,A,D,0,,,,,Y,,D,22,0,0,2,0,0,0,0,0,0,"- ","- ",37.934600830078125,-121.23403167724609,"SAN JOAQUIN",UNINCORPORATED,-121.2340087890625,37.934600830078125
91481249,2021,2021-05-25,9265,2021-05-16,1618,017439,,7,2,4,3903,0,1,3,,2,025,"SR-120 W/B","MAIN ST.",3168.00,W,N,A,-,Y,,,,,,,,,,Y,3,0,1,1,A,-,08,22107,,N,F,A,A,A,H,-,A,D,0,,,,,Y,,A,01,0,1,0,0,0,0,0,0,0,"- ","- ",37.733119964599609,-121.22383880615234,"SAN JOAQUIN",MANTECA,-121.2200927734375,37.783519744873047
91481439,2021,2021-05-27,9265,2021-05-14,1630,021284,,5,2,9,3900,0,1,3,,1,062,"SR-88 E/B","NATHELLE LN",822.00,W,N,A,-,Y,,,88,,,,,,E,Y,3,0,1,1,A,-,08,22107,,N,E,I,A,A,H,-,A,D,0,,,,,Y,,A,01,0,1,0,0,0,0,0,0,0,"- ","- ",38.094440460205078,-121.18038940429688,"SAN JOAQUIN",UNINCORPORATED,-121.18048095703125,38.094470977783203
91482308,2021,2021-05-27,9265,2021-05-08,2130,021781,,6,2,9,3900,0,3,5,,2,010,"VAN ALLEN ROAD","MARIPOSA ROAD",0.00,,Y,A,-,N,,,,,,,,,,Y,4,0,1,2,A,-,09,21802,A,N,D,C,A,A,H,-,D,A,0,,,,,Y,,A,07,0,0,1,0,0,0,0,0,0,"- ","- ",37.862358093261719,-121.05410003662109,"SAN JOAQUIN",UNINCORPORATED,-121.05419921875,37.862434387207031
91483179,2021,2021-05-27,9265,2021-05-17,1531,020313,,1,2,3,3904,0,1,3,,2,001,"SR-99 S/B","JACK TONE RD",50.00,S,N,A,-,Y,,,99,,,,,,S,N,4,0,1,2,A,-,03,22350,,N,C,C,A,A,H,-,A,D,0,,,,,Y,,A,01,0,0,1,0,0,0,0,0,0,"- ","- ",37.752311706542969,-121.14154052734375,"SAN JOAQUIN",RIPON,-121.14151000976562,37.752353668212891
91483358,2021,2021-05-27,9266,2021-05-14,1713,019012,,5,2,9,3900,0,1,1,,1,015,"I-205 E/B","HOLLY DRIVE",300.00,W,N,A,-,Y,,,,,,,,,,Y,3,0,1,1,C,-,18,,,N,E,I,A,A,H,-,A,D,0,,,,Y,Y,,-,"- ",0,1,0,0,0,0,0,0,0,"- ","- ",37.762828826904297,-121.92707061767578,"SAN JOAQUIN",UNINCORPORATED,-121.42780303955078,37.762821197509766
91483458,2021,2021-05-27,9265,2021-05-18,0520,018784,,2,3,9,3900,0,3,5,,2,030,"MATHEWS RD","MANTHEY RD",0.00,,Y,A,-,N,,,,,,,,,,N,4,0,1,2,D,-,00,,,N,D,C,A,A,H,-,B,A,0,,,,,Y,,-,"- ",0,0,1,0,0,0,0,0,0,"- ","- ",37.882240295410156,-121.28034973144531,"SAN JOAQUIN",UNINCORPORATED,-121.28035736083984,37.882198333740234
91484948,2021,2021-05-28,9265,2021-05-26,0830,015490,,3,1,9,3900,0,3,5,,2,050,"CHEROKEE RD.","YOUNG AVE",8.00,E,N,A,-,N,,,,,,,,,,Y,4,0,1,1,A,-,08,22107,,N,E,I,A,A,H,-,A,D,0,,,,,Y,,A,01,0,0,1,0,0,0,0,0,0,"- ","- ",37.981361389160156,-121.26209259033203,"SAN JOAQUIN",UNINCORPORATED,-121.26210784912109,37.981189727783203
91485763,2021,2021-05-31,9265,2021-05-18,1710,013539,,2,2,9,3900,0,3,5,,2,030,"MANTHEY ROAD","BOWMAN ROAD",1181.00,S,N,A,-,N,,,,,,,,,,N,3,0,1,1,A,-,08,22107,,N,E,I,A,A,H,-,A,D,0,,,,,Y,,A,08,0,1,0,0,0,0,0,0,0,"- ","- ",37.862621307373047,-121.28074645996094,"SAN JOAQUIN",UNINCORPORATED,-121.2806396484375,37.862579345703125
91486214,2021,2021-06-01,9266,2021-05-05,1827,019012,,3,2,9,3900,0,2,4,,1,016,"GRANT LINE ROAD","BERRY ROAD",118.00,E,N,A,-,N,,,,,,,,,,Y,4,0,1,1,A,-,08,22107,,N,E,I,A,A,H,-,A,D,0,,,,,Y,,A,07,0,0,1,0,0,0,0,0,0,"- ","- ",37.763351440429688,-121.43408203125,"SAN JOAQUIN",UNINCORPORATED,-121.35769653320312,37.75408935546875