CASE_ID,ACCIDENT_YEAR,PROC_DATE,JURIS,COLLISION_DATE,COLLISION_TIME,OFFICER_ID,REPORTING_DISTRICT,DAY_OF_WEEK,CHP_SHIFT,POPULATION,CNTY_CITY_LOC,SPECIAL_COND,BEAT_TYPE,CHP_BEAT_TYPE,CITY_DIVISION_LAPD,CHP_BEAT_CLASS,BEAT_NUMBER,PRIMARY_RD,SECONDARY_RD,DISTANCE,DIRECTION,INTERSECTION,WEATHER_1,WEATHER_2,STATE_HWY_IND,CALTRANS_COUNTY,CALTRANS_DISTRICT,STATE_ROUTE,ROUTE_SUFFIX,POSTMILE_PREFIX,POSTMILE,LOCATION_TYPE,RAMP_INTERSECTION,SIDE_OF_HWY,TOW_AWAY,COLLISION_SEVERITY,NUMBER_KILLED,NUMBER_INJURED,PARTY_COUNT,PRIMARY_COLL_FACTOR,PCF_CODE_OF_VIOL,PCF_VIOL_CATEGORY,PCF_VIOLATION,PCF_VIOL_SUBSECTION,HIT_AND_RUN,TYPE_OF_COLLISION,MVIW,PED_ACTION,ROAD_SURFACE,ROAD_COND_1,ROAD_COND_2,LIGHTING,CONTROL_DEVICE,CHP_ROAD_TYPE,PEDESTRIAN_ACCIDENT,BICYCLE_ACCIDENT,MOTORCYCLE_ACCIDENT,TRUCK_ACCIDENT,NOT_PRIVATE_PROPERTY,ALCOHOL_INVOLVED,STWD_VEHTYPE_AT_FAULT,CHP_VEHTYPE_AT_FAULT,COUNT_SEVERE_INJ,COUNT_VISIBLE_INJ,COUNT_COMPLAINT_PAIN,COUNT_PED_KILLED,COUNT_PED_INJURED,COUNT_BICYCLIST_KILLED,COUNT_BICYCLIST_INJURED,COUNT_MC_KILLED,COUNT_MC_INJURED,PRIMARY_RAMP,SECONDARY_RAMP,LATITUDE,LONGITUDE,COUNTY,CITY,POINT_X,POINT_Y
91568774,2021,2021-09-13,9265,2021-09-01,1515,017439,,3,2,4,3903,0,1,3,,2,025,"STATE ROUTE 120 E/B","MAIN ST.",1056.00,E,N,A,-,Y,,,120,,,,,,E,Y,3,0,1,2,A,-,03,22350,,N,C,C,A,A,H,-,A,D,0,,,,,Y,,A,08,0,1,0,0,0,0,0,0,0,"- ","- ",37.783191680908203,-121.21025848388672,"SAN JOAQUIN",MANTECA,-121.21025848388672,37.783203125
91572235,2021,2021-11-16,9265,2021-09-05,2315,022364,,7,3,9,3900,0,1,3,,2,004,"SR 99 NB","HOGAN LANE",550.00,N,N,A,-,Y,,,99,,,,,,N,N,4,0,2,2,A,-,07,21658,A,M,B,C,A,A,H,-,D,D,0,,,,,Y,,-,99,0,0,2,0,0,0,0,0,0,"- ","- ",38.095821380615234,-121.26007080078125,"SAN JOAQUIN",UNINCORPORATED,-121.26001739501953,38.095821380615234
91572253,2021,2021-09-16,9265,2021-09-06,0200,021163,,1,3,9,3900,0,1,3,,2,001,"SR-99 S/B","JACK TONE RD.",3625.00,N,N,A,-,Y,,,99,,,,,,S,Y,3,0,1,1,A,-,08,22107,,N,E,I,A,A,H,-,D,D,0,,,,,Y,,A,01,0,1,0,0,0,0,0,0,0,"- ","- ",37.757480621337891,-121.15207672119141,"SAN JOAQUIN",UNINCORPORATED,-121.15204620361328,37.757530212402344
91572260,2021,2021-09-16,9265,2021-09-07,0745,013515,,2,1,9,3900,0,1,3,,1,042,"STATE ROUTE 4 (EASTBOUND)","FILBERT STREET",528.00,E,N,A,-,Y,,,,,,,,,,N,3,0,1,1,A,-,08,22107,,N,E,I,A,A,H,-,A,D,0,,,,,Y,,A,01,0,1,0,0,0,0,0,0,0,"- ","- ",37.960018157958984,-121.25225067138672,"SAN JOAQUIN",UNINCORPORATED,-121.25492095947266,37.959465026855469
9157287,2020,2020-11-18,3906,2020-09-20,0519,1656,TRACY,7,5,5,3906,0,0,0,,0,004,"WEST GRANTLINE RD","NAGLEE RD",338.00,E,N,A,-,N,,,,,,,,,,Y,4,0,1,2,A,-,17,21208,B,N,G,G,A,A,H,-,C,A,0,,Y,,,Y,,L,04,0,0,1,0,0,0,1,0,0,"- ","- ",,,"SAN JOAQUIN",TRACY,-121.46553802490234,37.754169464111328
91574198,2021,2021-09-20,9265,2021-09-10,0855,018511,,5,1,9,3900,0,3,5,,2,010,"LONE TREE RD","JACK TONE ROAD",291.00,E,N,B,-,N,,,,,,,,,,Y,3,0,1,1,A,-,01,23152,A,N,E,I,A,A,H,-,A,A,0,,,,,Y,Y,A,01,0,1,0,0,0,0,0,0,0,"- ","- ",37.826881408691406,-121.14324951171875,"SAN JOAQUIN",UNINCORPORATED,-121.14328002929688,37.826797485351562
91575416,2021,2021-09-21,9265,2021-09-10,1220,013515,,5,1,9,3900,0,2,4,,1,015,"ESCALON BELLOTA ROAD","COPPEROPOLIS ROAD",4752.00,S,N,A,-,N,,,,,,,,,,Y,4,0,1,2,A,-,08,22107,,N,B,C,A,A,H,-,A,D,0,,,,Y,Y,,G,25,0,0,1,0,0,0,0,0,0,"- ","- ",37.959098815917969,-121.00003051757812,"SAN JOAQUIN",UNINCORPORATED,-120.9996337890625,37.973468780517578
91576770,2021,2021-09-22,9265,2021-09-04,2240,021401,,6,3,9,3900,0,2,4,,1,024,"AIRPORT WAY","FISK RD",980.00,N,N,A,-,N,,,,,,,,,,Y,3,0,1,1,A,-,01,23152,A,N,E,I,A,A,H,-,D,A,0,,,,,Y,Y,A,01,0,1,0,0,0,0,0,0,0,"- ","- ",37.867759704589844,-121.25611114501953,"SAN JOAQUIN",UNINCORPORATED,-121.25614166259766,37.867977142333984
9157874,2020,2020-11-10,3905,2020-09-25,1708,7034,CIV,5,5,6,3905,0,0,0,,0,,"COUNTRY CLUB BL","FRASER AV",0.00,,Y,A,-,N,,,,,,,,,,N,3,0,3,5,A,-,03,22350,,N,D,C,A,A,H,-,B,A,0,,,,,Y,,A,01,0,1,2,0,0,0,0,0,0,"- ","- ",37.964908599853516,-121.33329010009766,"SAN JOAQUIN",STOCKTON,-121.33225250244141,37.965179443359375
91578892,2021,2021-09-24,9265,2021-09-14,1753,017439,,2,2,9,3900,0,1,3,,1,011,SR-120,"MURPHY RD.",0.00,,Y,A,-,Y,,,120,,,,,,,N,3,0,1,2,A,-,09,21802,A,N,D,C,A,A,H,-,A,A,0,,,,,Y,,A,07,0,1,0,0,0,0,0,0,0,"- ","- ",37.797920227050781,-121.10694122314453,"SAN JOAQUIN",UNINCORPORATED,-121.10694122314453,37.79791259765625
9157890,2020,2020-11-16,3905,2020-09-06,1724,2947,SEA,7,5,6,3905,0,0,0,,0,,"S AMERICAN ST","E 7TH ST",163.00,S,N,A,-,N,,,,,,,,,,Y,3,0,1,2,A,-,06,21750,,N,D,C,A,A,H,-,A,D,0,,,Y,,Y,,C,02,0,1,0,0,0,0,0,0,1,"- ","- ",,,"SAN JOAQUIN",STOCKTON,-121.27696990966797,37.931087493896484
91579076,2021,2021-09-24,9265,2021-09-12,1900,021781,,7,2,9,3900,0,1,3,,1,011,SR-120,"COMCONEX ROAD",0.00,,Y,A,-,Y,,,120,,,,,,,N,3,0,2,1,A,-,08,22107,,N,F,A,A,A,H,-,A,D,0,,,,,Y,,A,07,0,1,1,0,0,0,0,0,0,"- ","- ",37.797740936279297,-121.12879943847656,"SAN JOAQUIN",UNINCORPORATED,-121.12879943847656,37.797763824462891
91579366,2021,2021-09-24,9265,2021-09-16,0020,018784,,4,3,9,3900,0,1,3,,2,006,"SR-99 S/B","ACAMPO RD",375.00,S,N,A,-,Y,,,99,,,,,,S,Y,3,0,1,1,A,-,01,23152,A,N,E,I,A,A,H,-,C,D,0,,,,,Y,Y,A,01,0,1,0,0,0,0,0,0,0,"- ","- ",38.173599243164062,-121.26251220703125,"SAN JOAQUIN",UNINCORPORATED,-121.26239013671875,38.173606872558594
91580661,2021,2021-09-27,9266,2021-09-19,0355,021704,,7,3,9,3900,0,1,1,,1,015,"I-205 W/B","EL RANCHO RD",1500.00,W,N,A,-,Y,,,205,,,,,,W,Y,2,0,1,2,A,-,03,22350,,F,C,C,A,A,H,-,D,D,0,,,,,Y,,-,99,1,0,0,0,0,0,0,0,0,"- ","- ",37.765060424804688,-121.37728118896484,"SAN JOAQUIN",UNINCORPORATED,-121.37728118896484,37.765071868896484
91580835,2021,2021-09-27,9265,2021-09-16,2138,021830,,4,2,9,3900,0,1,3,,2,006,"SR-99 N/B","LIBERTY RD",90.00,N,N,A,-,Y,,,99,,,,,,N,Y,4,0,1,2,A,-,03,22350,,N,C,C,A,A,D,-,D,A,0,,,,,Y,,D,22,0,0,1,0,0,0,0,0,0,"- ","- ",38.233608245849609,-121.2802734375,"SAN JOAQUIN",UNINCORPORATED,-121.28025054931641,38.233623504638672
9158085,2020,2020-12-01,3905,2020-08-24,1526,3089,PAR,1,5,6,3905,0,0,0,,0,,"ARCH RD","RT 99",0.00,,Y,A,-,Y,SJ,10,99,-,-,14.694,R,4,S,Y,4,0,2,2,A,-,07,21658,A,N,B,C,A,A,H,-,A,A,0,,,,,Y,,A,08,0,0,2,0,0,0,0,0,0,"- ",NF,37.905010223388672,-121.22263336181641,"SAN JOAQUIN",STOCKTON,-121.22323608398438,37.905345916748047
91582593,2021,2021-09-29,9265,2021-09-20,0234,021440,,1,3,9,3900,0,1,3,,2,025,"SR-120 E/B","MCKINLEY AVE",2218.00,W,N,A,-,Y,,,120,,,,,,E,Y,3,0,1,2,A,-,01,23152,A,N,C,C,A,A,H,-,D,D,0,,,,,Y,Y,A,01,0,1,0,0,0,0,0,0,0,"- ","- ",37.786678314208984,-121.27789306640625,"SAN JOAQUIN",UNINCORPORATED,-121.27788543701172,37.786689758300781
91582688,2021,2021-09-29,9265,2021-07-16,1535,021526,,5,2,9,3900,0,3,5,,2,090,"WALNUT GROVE RD","BLOSSOM RD",1372.00,W,N,A,-,N,,,,,,,,,,Y,1,1,1,2,A,-,08,22107,,N,D,G,A,A,H,-,A,D,0,,Y,,,Y,,L,04,0,1,0,0,0,1,0,0,0,"- ","- ",38.225440979003906,-121.45144653320312,"SAN JOAQUIN",UNINCORPORATED,-121.45130920410156,38.225460052490234
91582793,2021,2021-09-29,9265,2021-09-18,0755,017405,,6,1,9,3900,0,3,5,,2,030,"HOWARD RD.","CROCKER RD.",253.00,E,N,A,-,N,,,,,,,,,,Y,3,0,3,1,A,-,08,22107,,N,E,I,A,A,H,-,A,D,0,,,,,Y,,A,01,0,3,0,0,0,0,0,0,0,"- ","- ",37.877510070800781,-121.36624145507812,"SAN JOAQUIN",UNINCORPORATED,-121.36631011962891,37.877407073974609
91582856,2021,2021-12-03,9265,2021-09-18,2135,021625,,6,2,9,3900,0,1,3,,2,004,"HARNEY LANE","WELLS LN",739.00,E,N,A,-,N,,,,,,,,,,N,2,0,1,2,A,-,11,21954,A,N,G,B,D,A,H,-,D,D,0,Y,,,,Y,,N,60,1,0,0,0,1,0,0,0,0,"- ","- ",38.101299285888672,-121.24466705322266,"SAN JOAQUIN",UNINCORPORATED,-121.24501037597656,38.101299285888672
91582918,2021,2021-09-29,9265,2021-09-20,0645,019073,,1,1,9,3900,0,3,5,,2,060,"EIGHT MILE ROAD",SR-88,1637.00,E,N,A,-,N,,,,,,,,,,Y,4,0,1,2,A,-,08,22107,,N,B,C,A,A,H,-,A,A,0,,,,,Y,,A,01,0,0,1,0,0,0,0,0,0,"- ","- ",38.058109283447266,-121.18276214599609,"SAN JOAQUIN",UNINCORPORATED,-121.18301391601562,38.058113098144531
91583734,2021,2021-09-30,9266,2021-09-23,1730,020083,,4,2,5,3906,0,1,1,,2,014,"I-205 W/B","GRANT LINE RD",100.00,W,N,A,-,Y,,,205,,,,,,W,N,4,0,1,2,A,-,03,22350,,M,C,C,A,A,H,-,A,D,0,,,,,Y,,-,99,0,0,1,0,0,0,0,0,0,"- ","- ",37.753799438476562,-121.46427917480469,"SAN JOAQUIN",TRACY,-121.46429443359375,37.753826141357422
91586148,2021,2021-10-01,9266,2021-09-11,1425,018888,,6,2,5,3906,0,1,1,,2,014,"I-205 E/B","EAST EDGE OF CORRAL HOLLOW RD",12.00,W,N,A,-,Y,,,205,,,,,,E,N,4,0,1,4,A,-,03,22350,,M,C,C,A,A,H,-,A,D,0,,,,,Y,,-,99,0,0,1,0,0,0,0,0,0,"- ","- ",37.758209228515625,-121.45305633544922,"SAN JOAQUIN",TRACY,-121.45301055908203,37.758090972900391
9158802,2020,2020-10-20,3903,2020-08-18,0728,3540,,2,5,4,3903,0,0,0,,0,,"YOSEMITE AV","FISHBACK RD",0.00,,Y,A,-,N,,,,,,,,,,N,4,0,1,2,A,-,09,21802,A,N,G,G,A,A,H,-,A,A,0,,Y,,,Y,,A,01,0,0,1,0,0,0,1,0,0,"- ","- ",37.797218322753906,-121.24822235107422,"SAN JOAQUIN",MANTECA,-121.24812316894531,37.797309875488281
9158805,2020,2020-10-19,3903,2020-08-09,1814,3903,5135,7,5,4,3903,0,0,0,,0,,"YOSEMITE AV","SPRECKELS AV",0.00,,Y,A,-,N,,,,,,,,,,Y,4,0,1,2,A,-,"- ",,,F,B,C,A,A,H,-,A,D,0,,,,,Y,,A,01,0,0,1,0,0,0,0,0,0,"- ","- ",37.797630310058594,-121.19814300537109,"SAN JOAQUIN",MANTECA,-121.19815826416016,37.797489166259766
91589642,2021,2021-10-06,9265,2021-09-26,0014,021787,,7,3,9,3900,0,1,3,,2,006,"SR-99 N/B","WOODBRIDGE RD",443.00,S,N,A,-,Y,,,99,,,,,,N,Y,4,0,3,1,A,-,08,22107,,N,E,I,A,A,H,-,D,D,0,,,,,Y,Y,A,01,0,0,3,0,0,0,0,0,0,"- ","- ",38.158958435058594,-121.26146697998047,"SAN JOAQUIN",UNINCORPORATED,-121.26161193847656,38.158954620361328
91589801,2021,2021-10-06,9265,2021-09-27,1930,018850,,1,2,9,3900,0,1,3,,1,013,SR-4,"HEWITT RD",792.00,W,N,A,-,Y,,,4,,,,,,,Y,3,0,1,1,A,-,01,23152,A,M,F,A,A,A,H,-,D,D,0,,,,,Y,Y,A,01,0,1,0,0,0,0,0,0,0,"- ","- ",37.931541442871094,-121.0408935546875,"SAN JOAQUIN",UNINCORPORATED,-121.04086303710938,37.931591033935547
91590628,2021,2021-10-07,9265,2021-09-27,0620,015490,,1,1,9,3900,0,1,3,,1,062,SR-88,"LIVE OAK RD.",66.00,W,N,A,-,Y,,,88,,,,,,,Y,4,0,1,2,A,-,03,22350,,N,C,A,A,A,H,-,B,D,0,,,,,Y,,D,22,0,0,1,0,0,0,0,0,0,"- ","- ",38.079441070556641,-121.18502807617188,"SAN JOAQUIN",UNINCORPORATED,-121.18507385253906,38.079452514648438
91590695,2021,2021-10-07,9265,2021-09-27,1212,015629,,1,1,9,3900,0,2,4,,1,091,"THORNTON ROAD","PALOMA AVENUE",0.00,,Y,A,-,N,,,,,,,,,,Y,3,0,2,3,A,-,09,21802,A,N,A,C,A,A,H,-,A,A,0,,,,,Y,,A,01,0,2,0,0,0,0,0,0,0,"- ","- ",38.024250030517578,-121.32811737060547,"SAN JOAQUIN",UNINCORPORATED,-121.32810974121094,38.024242401123047
91592973,2021,2021-10-11,9266,2021-10-02,1610,018888,,6,2,9,3900,0,1,1,,2,014,"I-205 E/B","OF THE WEST EDGE OF GRANT LINE RD",24.00,E,N,A,-,Y,,,,,,,,,,Y,4,0,1,2,A,-,03,22350,,N,C,C,A,A,H,-,A,D,0,,,,,Y,,A,01,0,0,1,0,0,0,0,0,0,"- ","- ",37.754390716552734,-121.46195220947266,"SAN JOAQUIN",UNINCORPORATED,,
91593483,2021,2021-10-11,9266,2021-10-07,1600,018365,,4,2,9,3900,0,1,3,,1,026,SR-132,"KOSTER RD",0.00,,Y,A,-,N,,,132,,,,,,,Y,4,0,1,2,A,-,09,21802,A,N,D,C,A,A,H,-,A,A,0,,,,,Y,,D,22,0,0,1,0,0,0,0,0,0,"- ","- ",37.637630462646484,-121.32431030273438,"SAN JOAQUIN",UNINCORPORATED,-121.32431030273438,37.637969970703125
9159398,2020,2020-12-05,3903,2020-09-26,1513,1741,,6,5,4,3903,0,0,0,,0,,"LOUISE AV","MARGUERITE AV",0.00,,Y,A,-,N,,,,,,,,,,N,4,0,1,2,A,-,09,21801,A,N,D,A,A,-,H,-,A,A,0,,,,,Y,,A,01,0,0,1,0,0,0,0,0,0,"- ","- ",37.811779022216797,-121.24285888671875,"SAN JOAQUIN",MANTECA,-121.24270629882812,37.811939239501953
9159400,2020,2020-12-07,3903,2020-09-23,1721,2419,,3,5,4,3903,0,0,0,,0,,"YOSEMITE AV","GRAND PRIX AV",120.00,E,N,A,-,N,,,,,,,,,,Y,4,0,1,3,-,-,"- ",,,N,C,C,A,A,H,-,A,D,0,,,,,Y,,A,01,0,0,1,0,0,0,0,0,0,"- ","- ",37.797210693359375,-121.23829650878906,"SAN JOAQUIN",MANTECA,-121.23778533935547,37.797374725341797
91594112,2021,2021-10-12,9266,2021-10-08,0544,013668,,5,3,9,3900,0,1,3,,1,025,"LINNE ROAD","TRACY BLVD",1584.00,E,N,B,-,N,,,,,,,,,,Y,4,0,1,2,A,-,03,22350,,N,C,C,A,A,A,-,D,D,0,,,,,Y,,A,01,0,0,1,0,0,0,0,0,0,"- ","- ",37.695949554443359,-121.42816162109375,"SAN JOAQUIN",UNINCORPORATED,-121.42914581298828,37.696018218994141
91594209,2021,2021-10-12,9266,2021-10-07,1911,018365,,4,2,9,3900,0,1,1,,2,024,"I-5 S/B","STEWART ROAD U/C",500.00,N,N,A,-,Y,,,5,,,,,,S,Y,2,0,1,4,A,-,07,21658,A,N,B,C,A,A,H,-,E,D,0,,,,Y,Y,,-,"- ",1,0,0,0,0,0,0,0,0,"- ","- ",37.779998779296875,-121.31462860107422,"SAN JOAQUIN",UNINCORPORATED,-121.31458282470703,37.779937744140625
91595423,2021,2021-10-13,9265,2021-10-01,1050,018836,,5,1,9,3900,0,3,5,,2,060,"DUNCAN RD","COMSTOCK RD",0.00,,Y,A,-,N,,,,,,,,,,Y,4,0,1,2,A,-,09,21802,A,N,D,C,A,A,H,-,A,A,0,,,,Y,Y,,D,23,0,0,1,0,0,0,0,0,0,"- ","- ",38.044849395751953,-121.09616851806641,"SAN JOAQUIN",UNINCORPORATED,-121.09615325927734,38.044853210449219
91595579,2021,2021-10-13,9265,2021-10-02,0815,018836,,6,1,9,3900,0,1,3,,1,013,SR-4,"WALKER LN",1056.00,W,N,A,-,Y,,,4,,,,,,,Y,3,0,1,2,A,-,05,21460,A,M,E,I,A,A,H,-,A,D,0,,,,,Y,,D,22,0,1,0,0,0,0,0,0,0,"- ","- ",37.943988800048828,-121.2213134765625,"SAN JOAQUIN",UNINCORPORATED,-121.22129821777344,37.943943023681641
91596219,2021,2021-10-14,9265,2021-09-27,1945,019182,,1,2,4,3903,0,1,3,,2,025,"SR-120 E/B","MAIN ST",875.00,E,N,A,-,Y,,,120,,,,,,E,Y,3,0,1,2,A,-,01,23152,A,N,B,C,A,A,H,-,D,D,0,,,,,Y,Y,A,01,0,1,0,0,0,0,0,0,0,"- ","- ",37.783168792724609,-121.21267700195312,"SAN JOAQUIN",MANTECA,-121.21267700195312,37.783206939697266
91596935,2021,2021-10-14,9265,2021-10-04,0155,021661,,1,3,9,3900,0,1,3,,2,004,"SR-99 S/B","MORADA LN",2640.00,N,N,A,-,Y,,,99,,,,,,S,Y,3,0,1,1,A,-,08,22107,,N,F,A,A,A,H,-,D,D,0,,,,,Y,,D,22,0,1,0,0,0,0,0,0,0,"- ","- ",38.045509338378906,-121.25890350341797,"SAN JOAQUIN",UNINCORPORATED,-121.25875854492188,38.045520782470703
91597937,2021,2021-10-15,9465,2021-10-05,1035,017966,,2,1,9,3900,0,3,5,,2,010,"ROBERTSON ROAD","CARPENTER ROAD",0.00,,Y,A,-,N,,,,,,,,,,Y,4,0,2,2,A,-,09,21801,A,N,A,C,A,A,H,-,A,A,0,,,,,Y,,A,01,0,0,2,0,0,0,0,0,0,"- ","- ",37.613208770751953,-121.03040313720703,"SAN JOAQUIN",UNINCORPORATED,-121.030412,37.613211999999997
91598025,2021,2021-10-15,9266,2021-10-05,1740,013650,,2,2,9,3900,0,1,1,,2,024,"I-5 S/B","STEWART ROAD",2112.00,S,N,A,-,Y,,,5,,,,,,S,Y,3,0,1,4,A,-,07,21658,A,M,B,C,A,A,H,-,A,D,0,,,,,Y,Y,A,01,0,1,0,0,0,0,0,0,0,"- ","- ",37.776668548583984,-121.3197021484375,"SAN JOAQUIN",UNINCORPORATED,-121.31946563720703,37.776348114013672
91601357,2021,2021-10-20,9265,2021-10-08,1340,013515,,5,1,9,3900,0,2,4,,1,014,"MARIPOSA ROAD","WAGNER ROAD",40.00,W,N,A,-,N,,,,,,,,,,Y,3,0,1,1,A,-,08,22107,,N,F,A,A,A,H,-,A,D,0,,,,,Y,,D,22,0,1,0,0,0,0,0,0,0,"- ","- ",37.880859375,-121.09181213378906,"SAN JOAQUIN",UNINCORPORATED,-121.09164428710938,37.880828857421875
9160164,2020,2020-11-18,3905,2020-09-22,0045,2772,LAK,2,5,6,3905,0,0,0,,0,,"CUYMBERLAND PL","SWAIN RD",0.00,,Y,A,-,N,,,,,,,,,,N,3,0,1,1,A,-,03,22350,,N,E,I,A,A,H,-,C,A,0,,,,,Y,,A,01,0,1,0,0,0,0,0,0,0,"- ","- ",37.999599456787109,-121.35854339599609,"SAN JOAQUIN",STOCKTON,-121.35797119140625,37.999748229980469
9160170,2020,2020-11-18,3905,2020-09-23,1908,2912,LAK,3,5,6,3905,0,0,0,,0,,"PERSHING AV","BURKE BRADLEY DR",73.00,S,N,A,-,N,,,,,,,,,,Y,4,0,1,2,A,-,11,21954,A,N,G,B,D,A,H,-,B,D,0,Y,,,,Y,,N,60,0,0,1,0,1,0,0,0,0,"- ","- ",37.990989685058594,-121.32219696044922,"SAN JOAQUIN",STOCKTON,-121.3245849609375,37.996067047119141
9160172,2020,2020-12-04,3905,2020-09-09,1920,2902,SEA,3,5,6,3905,0,0,0,,0,,"DOWNING AV",RT15,0.00,,Y,B,-,Y,SJ,10,5,-,R,23.859,R,3,N,Y,4,0,1,2,A,-,12,21453,A,N,D,G,A,A,H,-,C,A,0,,Y,,,Y,,L,04,0,0,1,0,0,0,1,0,0,"- ",NO,37.913211822509766,-121.28884887695312,"SAN JOAQUIN",STOCKTON,-121.29035949707031,37.915714263916016
91601758,2021,2021-10-20,9265,2021-10-08,1801,022049,,5,2,6,3905,0,1,1,,2,503,"I-5 N/B FROM PERSHING AVE","PERSHING AVE",10.00,W,N,A,-,Y,,,5,,,,R,,N,Y,4,0,1,3,A,-,12,21453,A,N,D,C,A,A,H,-,A,A,0,,,,,Y,,A,01,0,0,1,0,0,0,0,0,0,"- ","- ",37.956188201904297,-121.31233215332031,"SAN JOAQUIN",STOCKTON,-121.31233215332031,37.956188201904297
91602678,2021,2021-10-21,9265,2021-10-09,1320,020513,,6,1,9,3900,0,1,1,,2,505,"I-5 N/B","TURNER RD",3500.00,S,N,A,-,Y,,,5,,,,,,N,Y,3,0,1,3,A,-,03,22350,,N,C,C,A,A,H,-,A,D,0,,,,,Y,,A,07,0,1,0,0,0,0,0,0,0,"- ","- ",38.137271881103516,-121.39909362792969,"SAN JOAQUIN",UNINCORPORATED,-121.3990478515625,38.137271881103516
91602679,2021,2021-10-21,9266,2021-10-13,1545,018888,,3,2,9,3900,0,1,1,,1,015,"I-205 E/B","MACARTHUR DR",1056.00,E,N,A,-,Y,,,,,,,,,,Y,4,0,1,2,A,-,04,21703,,N,C,C,A,A,H,-,A,D,0,,,,,Y,,D,22,0,0,1,0,0,0,0,0,0,"- ","- ",37.764438629150391,-121.4132080078125,"SAN JOAQUIN",UNINCORPORATED,-121.41290283203125,37.764400482177734
91602684,2021,2021-10-21,9265,2021-10-09,1910,021830,,6,2,9,3900,0,3,5,,2,010,"COPPEROPOLIS RD","TULSA AVENUE",215.00,E,N,A,-,N,,,,,,,,,,Y,4,0,3,2,A,-,08,22107,,N,D,C,A,A,H,-,A,D,0,,,,,Y,,D,22,0,0,3,0,0,0,0,0,0,"- ","- ",37.967380523681641,-121.17030334472656,"SAN JOAQUIN",UNINCORPORATED,-121.17037963867188,37.967384338378906
91603140,2021,2021-10-21,9265,2021-10-12,1820,019182,,2,2,9,3900,0,3,5,,2,030,"POCK LN","11 ST",0.00,,Y,A,-,N,,,,,,,,,,Y,4,0,1,2,A,-,09,21802,A,N,D,C,A,A,H,-,B,A,0,,,,,Y,,A,01,0,0,1,0,0,0,0,0,0,"- ","- ",37.931728363037109,-121.24594879150391,"SAN JOAQUIN",UNINCORPORATED,-121.24594879150391,37.931732177734375
91603617,2021,2021-10-22,9266,2021-10-14,2126,013866,,4,2,9,3900,0,1,1,,2,021,"I-580 E/B","GAFFERY RD.",545.00,W,N,A,-,Y,,,580,,,,,,E,Y,3,0,1,2,A,-,03,22350,,N,C,C,A,A,H,-,A,A,0,,,,,Y,,A,01,0,1,0,0,0,0,0,0,0,"- ","- ",37.594631195068359,-121.33881378173828,"SAN JOAQUIN",UNINCORPORATED,-121.33876037597656,37.594692230224609
91605247,2021,2021-10-25,9265,2021-10-13,1505,013539,,3,2,2,3920,0,1,1,,2,502,"I-5 N/B","LOUISE AVE",3234.00,S,N,A,-,Y,,,5,,,,,,N,N,3,0,1,2,A,-,03,22350,,N,C,C,A,A,H,-,A,D,0,,,Y,,Y,,C,02,0,1,0,0,0,0,0,0,1,"- ","- ",37.803119659423828,-121.29875183105469,"SAN JOAQUIN",LATHROP,-121.29853820800781,37.803043365478516
91606199,2021,2021-10-26,9265,2021-10-10,2135,021781,,7,2,9,3900,0,1,3,,1,016,SR-120,"SEIDNER ROAD",0.00,,Y,A,-,Y,,,,,,,,,,N,2,0,3,2,A,-,03,22350,,N,C,C,A,A,H,-,D,D,0,,,,,Y,,A,01,1,0,2,0,0,0,0,0,0,"- ","- ",37.793949127197266,-121.95034790039062,"SAN JOAQUIN",UNINCORPORATED,-120.9508056640625,37.793899536132812
91606283,2021,2021-10-26,9265,2021-10-12,1500,019139,,2,2,9,3900,0,1,1,,2,505,"I-5 N/B",SR-12,3657.00,S,N,A,-,Y,,,5,,,,,,N,Y,3,0,1,1,A,-,08,22107,,N,F,0,A,A,H,-,A,D,0,,,,,Y,,A,01,0,1,0,0,0,0,0,0,0,"- ","- ",38.107219696044922,-121.39154815673828,"SAN JOAQUIN",UNINCORPORATED,-121.39164733886719,38.107170104980469
91606796,2021,2021-10-26,9265,2021-10-15,1500,013539,,5,2,2,3920,0,1,1,,2,502,"I-5 N/B","ROTH ROAD",208.00,S,N,A,-,Y,,,5,,,,,,N,Y,2,0,3,2,A,-,03,22350,,N,C,C,A,A,H,-,A,D,0,,,,,Y,,A,01,1,1,1,0,0,0,0,0,0,"- ","- ",37.854949951171875,-121.28195953369141,"SAN JOAQUIN",LATHROP,-121.28204345703125,37.854972839355469
91606847,2021,2021-10-26,9265,2021-10-14,0930,019136,,4,1,9,3900,0,1,1,,2,502,"I-5 S/B","EL DORADO ST",750.00,N,N,A,-,Y,,,5,,,,,,S,Y,3,0,1,2,A,-,03,22350,,N,C,C,A,A,H,-,A,D,0,,,,,Y,,D,22,0,1,0,0,0,0,0,0,0,"- ","- ",37.876689910888672,-121.27822113037109,"SAN JOAQUIN",UNINCORPORATED,-121.27826690673828,37.876682281494141
91607589,2021,2021-10-27,9265,2021-10-21,0651,013515,,4,1,9,3900,0,2,4,,1,015,"ESCALON BELLOTA ROAD","COPPEROPOLIS ROAD",0.00,,N,B,-,N,,,,,,,,,,Y,4,0,1,1,C,-,18,,,N,H,H,A,B,H,-,D,D,0,,,,,Y,,-,"- ",0,0,1,0,0,0,0,0,0,"- ","- ",37.964420318603516,-120.99990844726562,"SAN JOAQUIN",UNINCORPORATED,-120.9996337890625,37.973464965820312