CASE_ID,ACCIDENT_YEAR,PROC_DATE,JURIS,COLLISION_DATE,COLLISION_TIME,OFFICER_ID,REPORTING_DISTRICT,DAY_OF_WEEK,CHP_SHIFT,POPULATION,CNTY_CITY_LOC,SPECIAL_COND,BEAT_TYPE,CHP_BEAT_TYPE,CITY_DIVISION_LAPD,CHP_BEAT_CLASS,BEAT_NUMBER,PRIMARY_RD,SECONDARY_RD,DISTANCE,DIRECTION,INTERSECTION,WEATHER_1,WEATHER_2,STATE_HWY_IND,CALTRANS_COUNTY,CALTRANS_DISTRICT,STATE_ROUTE,ROUTE_SUFFIX,POSTMILE_PREFIX,POSTMILE,LOCATION_TYPE,RAMP_INTERSECTION,SIDE_OF_HWY,TOW_AWAY,COLLISION_SEVERITY,NUMBER_KILLED,NUMBER_INJURED,PARTY_COUNT,PRIMARY_COLL_FACTOR,PCF_CODE_OF_VIOL,PCF_VIOL_CATEGORY,PCF_VIOLATION,PCF_VIOL_SUBSECTION,HIT_AND_RUN,TYPE_OF_COLLISION,MVIW,PED_ACTION,ROAD_SURFACE,ROAD_COND_1,ROAD_COND_2,LIGHTING,CONTROL_DEVICE,CHP_ROAD_TYPE,PEDESTRIAN_ACCIDENT,BICYCLE_ACCIDENT,MOTORCYCLE_ACCIDENT,TRUCK_ACCIDENT,NOT_PRIVATE_PROPERTY,ALCOHOL_INVOLVED,STWD_VEHTYPE_AT_FAULT,CHP_VEHTYPE_AT_FAULT,COUNT_SEVERE_INJ,COUNT_VISIBLE_INJ,COUNT_COMPLAINT_PAIN,COUNT_PED_KILLED,COUNT_PED_INJURED,COUNT_BICYCLIST_KILLED,COUNT_BICYCLIST_INJURED,COUNT_MC_KILLED,COUNT_MC_INJURED,PRIMARY_RAMP,SECONDARY_RAMP,LATITUDE,LONGITUDE,COUNTY,CITY,POINT_X,POINT_Y
91702117,2022,2022-02-16,9265,2022-01-29,2157,020071,,6,2,9,3900,0,3,5,,2,030,"POCK LN","CARPENTER RD",1550.00,N,N,A,-,N,,,,,,,,,,N,4,0,1,2,A,-,03,22350,,N,H,G,A,A,H,-,D,D,0,,Y,,,Y,,A,01,0,0,1,0,0,0,1,0,0,"- ","- ",37.925930023193359,-121.24360656738281,"SAN JOAQUIN",UNINCORPORATED,-121.24358367919922,37.925895690917969
91702171,2022,2022-02-16,9265,2022-02-05,0650,017405,,6,1,2,3920,0,1,1,,2,502,"I-5 N/B",SR-120,2587.00,N,N,A,-,Y,,,,,,,,,,Y,4,0,1,1,A,-,08,22107,,N,E,8,A,A,H,-,A,D,0,,,,,Y,,A,01,0,0,1,0,0,0,0,0,0,"- ","- ",37.795360565185547,-121.30030059814453,"SAN JOAQUIN",LATHROP,-121.30064392089844,37.795360565185547
91702356,2022,2022-02-16,9265,2022-02-10,1019,018511,,4,1,9,3900,0,1,3,,2,006,"SR-99 N/B","JAHANT ROAD",1840.00,S,N,A,-,Y,SJ,,99,,,35.240,H,,R,Y,3,0,2,2,A,-,03,22350,,N,C,2,A,A,H,-,A,D,0,,,,,Y,,D,22,0,1,1,0,0,0,0,0,0,"- ","- ",38.198829650878906,-121.26274871826172,"SAN JOAQUIN",UNINCORPORATED,-121.26280975341797,38.198829650878906
91702364,2022,2022-02-16,9266,2022-02-08,1745,013650,,2,2,9,3900,0,1,1,,2,021,"I-580 E/B","VALPICO ROAD U/C",2640.00,W,N,A,-,Y,SJ,,580,,,10.242,H,,L,Y,4,0,2,2,A,-,08,22107,,N,B,C,A,A,H,-,D,D,0,,,,,Y,,A,01,0,0,2,0,0,0,0,0,0,"- ","- ",37.690471649169922,-121.48777008056641,"SAN JOAQUIN",UNINCORPORATED,-121.48772430419922,37.690513610839844
91703130,2022,2022-02-17,9265,2022-02-11,1230,018836,,5,1,9,3900,0,3,5,,2,010,"S HENRY RD","COMETA RD",75.00,E,N,A,-,N,,,,,,,,,,Y,4,0,1,1,A,-,08,22107,,N,E,I,A,A,H,-,A,D,0,,,,,Y,,-,"- ",0,0,1,0,0,0,0,0,0,"- ","- ",37.854469299316406,-120.9432373046875,"SAN JOAQUIN",UNINCORPORATED,-120.94325256347656,37.854454040527344
91703355,2022,2022-02-17,9265,2022-02-14,0123,018784,,1,3,6,3905,0,1,1,,2,504,"I-5 N/B","HAMMER LANE",5808.00,N,N,A,-,Y,SJ,,5,,,33.798,H,,R,Y,2,0,1,1,A,-,08,22107,,N,F,A,A,A,H,-,D,D,0,,,,,Y,,D,22,1,0,0,0,0,0,0,0,0,"- ","- ",38.036651611328125,-121.36589813232422,"SAN JOAQUIN",STOCKTON,-121.36582946777344,38.036659240722656
91703452,2022,2022-02-17,9265,2022-02-08,1556,021830,,2,2,9,3900,0,2,4,,1,014,"JACK TONE RD",SR-4,50.00,N,N,A,-,N,,,,,,,,,,N,4,0,1,3,A,-,03,22350,,N,C,C,A,A,H,-,A,A,0,,,,,Y,,A,07,0,0,1,0,0,0,0,0,0,"- ","- ",37.942340850830078,-121.1480712890625,"SAN JOAQUIN",UNINCORPORATED,-121.14803314208984,37.942237854003906
91704223,2022,2022-02-18,9265,2022-02-08,1715,022365,,2,2,9,3900,0,3,5,,2,010,"21706 HENRY RD (ESCALON, CA)","HENRY RD",102.00,E,N,A,-,N,,,,,,,,,,N,2,0,1,1,B,-,22,,,N,F,A,A,A,H,-,A,D,0,,,Y,,Y,,C,02,1,0,0,0,0,0,0,0,1,"- ","- ",37.762760162353516,-120.94077301025391,"SAN JOAQUIN",UNINCORPORATED,,
91705261,2022,2022-02-21,9266,2022-02-12,1245,015029,,6,1,9,3900,0,1,1,,1,015,"I-205 W/B","I-5 S/B",50.00,W,N,A,-,Y,SJ,,205,,R,13.356,H,,L,Y,3,0,2,2,A,-,03,22350,,N,C,C,A,A,H,-,A,D,0,,,,,Y,,A,07,0,2,0,0,0,0,0,0,0,"- ","- ",37.769210815429688,-121.32953643798828,"SAN JOAQUIN",UNINCORPORATED,-121.32955932617188,37.76922607421875
91705753,2022,2022-02-22,9266,2022-02-12,1354,021822,,6,1,9,3900,0,3,5,,2,001,"NAGLEE RD","MIDDLE ROAD",0.00,,Y,A,-,N,,,,,,,,,,N,4,0,1,2,A,-,09,21801,A,N,A,C,A,A,H,-,A,D,0,,,,,Y,,A,07,0,0,1,0,0,0,0,0,0,"- ","- ",37.768039703369141,-121.46211242675781,"SAN JOAQUIN",UNINCORPORATED,-121.46229553222656,37.767780303955078
91706167,2022,2022-03-03,9265,2022-02-12,1419,021644,,6,2,9,3900,0,1,3,,1,062,SR-88,"HARNEY LN",130.00,E,N,A,-,Y,SJ,,88,,,9.637,H,,R,Y,2,0,4,2,A,-,05,21460,A,N,A,C,A,A,H,-,A,A,0,,,,,Y,,A,01,4,0,0,0,0,0,0,0,0,"- ","- ",38.10211181640625,-121.17817687988281,"SAN JOAQUIN",UNINCORPORATED,-121.17813873291016,38.102104187011719
91708162,2022,2022-02-24,9265,2022-02-19,1720,019182,,6,2,2,3920,0,1,1,,2,502,"I-5 N/B",SR-120,1584.00,N,N,A,-,Y,SJ,,5,,R,15.166,H,,R,Y,4,0,1,2,A,-,08,22107,,N,B,C,A,A,H,-,A,D,0,,,,,Y,,D,22,0,0,1,0,0,0,0,0,0,"- ","- ",37.793209075927734,-121.30066680908203,"SAN JOAQUIN",LATHROP,-121.30065155029297,37.793209075927734
91709807,2022,2022-02-25,9266,2022-02-17,1540,013650,,4,2,9,3900,0,2,4,,1,016,"GRANT LINE RD","BIRD RD",0.00,,Y,A,-,N,,,,,,,,,,Y,4,0,1,2,A,-,06,21755,A,N,B,C,A,A,H,-,A,D,0,,,Y,,Y,,C,02,0,0,1,0,0,0,0,0,1,"- ","- ",37.754421234130859,-121.36186981201172,"SAN JOAQUIN",UNINCORPORATED,-121.36183929443359,37.754314422607422
91709990,2022,2022-02-25,9266,2022-01-05,2140,020599,,3,2,9,3900,0,1,1,,2,021,"I-580 W/B","CHRISMAN ROAD",6864.00,W,N,A,-,Y,SJ,,580,,,5.315,H,,R,Y,1,1,0,1,A,-,01,23152,A,N,F,A,A,A,H,-,D,D,0,,,,,Y,Y,A,01,0,0,0,0,0,0,0,0,0,"- ","- ",37.647449493408203,-121.41599273681641,"SAN JOAQUIN",UNINCORPORATED,-121.41600036621094,37.647438049316406
91710030,2022,2022-02-25,9265,2022-01-01,0224,022123,,6,3,6,3905,0,1,1,,2,504,"I-5 N/B","SWAIN RD",837.00,S,N,A,-,Y,SJ,,5,,,30.955,H,,R,Y,1,1,1,2,A,-,01,23152,A,N,C,C,A,A,H,-,C,D,0,,,,,Y,Y,D,22,1,0,0,0,0,0,0,0,0,"- ","- ",37.997829437255859,-121.34841918945312,"SAN JOAQUIN",STOCKTON,-121.34848785400391,37.997814178466797
91710108,2022,2022-02-25,9265,2022-02-11,2035,021284,,5,2,9,3900,0,3,5,,2,050,"SUNSET AVE","FLORIDA AVE",220.00,S,N,A,-,N,,,,,,,,,,Y,3,0,1,2,A,-,01,23152,A,N,C,E,A,A,H,-,D,D,0,,,,,Y,Y,A,01,0,1,0,0,0,0,0,0,0,"- ","- ",37.980381011962891,-121.25950622558594,"SAN JOAQUIN",UNINCORPORATED,-121.25949859619141,37.980411529541016
91711442,2022,2022-02-28,9265,2022-02-19,0728,018511,,6,1,9,3900,0,1,3,,2,004,"SR-99 S/B","WILSON WAY",100.00,S,N,A,-,Y,SJ,,99,,,21.624,H,,L,Y,3,0,1,1,A,-,08,22107,,N,E,I,A,A,H,-,A,D,0,,,,,Y,,A,07,0,1,0,0,0,0,0,0,0,"- ","- ",38.002410888671875,-121.25718688964844,"SAN JOAQUIN",UNINCORPORATED,-121.25711059570312,38.00244140625
91712317,2022,2022-03-01,9266,2022-01-18,1335,013650,,2,1,9,3900,0,1,1,,2,021,"I-580 E/B","W. VALPICO ROAD U/C",760.00,W,N,A,-,Y,SJ,,580,,,11.651,H,,L,Y,1,1,2,2,A,-,03,22350,,N,C,C,A,A,H,-,A,D,0,,,,,Y,,A,07,1,1,0,0,0,0,0,0,0,"- ","- ",37.702919006347656,-121.50830078125,"SAN JOAQUIN",UNINCORPORATED,-121.50827026367188,37.702949523925781
91712455,2022,2022-03-01,9265,2022-02-23,0748,015629,,3,1,6,3905,0,1,1,,2,504,"I-5 S/B","MARCH LANE",1200.00,N,N,A,-,Y,SJ,,5,,,30.647,H,,L,Y,3,0,1,3,A,-,03,22350,,N,C,C,A,A,H,-,A,D,0,,,,,Y,,A,07,0,1,0,0,0,0,0,0,0,"- ","- ",37.993438720703125,-121.34697723388672,"SAN JOAQUIN",STOCKTON,-121.34709167480469,37.993412017822266
9171267,2020,2020-12-10,3905,2020-10-06,1035,7122,,2,5,6,3905,0,0,0,,0,,"HAMMER LN","MONTAUBAN AV",0.00,,Y,A,-,N,,,,,,,,,,Y,4,0,2,2,A,-,03,22350,,N,C,C,A,A,H,-,A,A,0,,,,,Y,,A,01,0,0,2,0,0,0,0,0,0,"- ","- ",,,"SAN JOAQUIN",STOCKTON,-121.28990173339844,38.021049499511719
9171270,2020,2020-12-14,3905,2020-10-06,1947,2947,,2,5,6,3905,0,0,0,,0,,"CHARTER WY","TILLIE LEWIS DR",0.00,,Y,A,-,N,,,,,,,,,,Y,3,0,2,2,A,-,09,21801,A,N,D,C,A,A,H,-,C,A,0,,,,,Y,,A,01,0,1,1,0,0,0,0,0,0,"- ","- ",37.931468963623047,-121.31842803955078,"SAN JOAQUIN",STOCKTON,-121.31831,37.931249999999999
91714279,2022,2022-03-03,9265,2022-02-21,1550,020785,,1,2,9,3900,0,3,5,,2,090,"WOODBRIDGE RD.","DEVRIES RD.",1870.00,W,N,A,-,N,,,,,,,,,,Y,4,0,2,2,A,-,01,23152,F,N,B,C,A,A,H,-,A,D,0,,,,,Y,,A,01,0,0,2,0,0,0,0,0,0,"- ","- ",38.160251617431641,-121.35964202880859,"SAN JOAQUIN",UNINCORPORATED,-121.35960388183594,38.160251617431641
91714319,2022,2022-03-03,9265,2022-02-11,0725,019128,,5,1,4,3903,0,1,3,,2,025,"SR-120 E/B","MAIN ST.",365.00,E,N,A,-,Y,SJ,,120,,R,5.386,H,,R,Y,3,0,3,3,A,-,03,22350,,N,C,C,A,A,H,-,A,D,0,,,,Y,Y,,F,26,0,3,0,0,0,0,0,0,0,"- ","- ",37.783168792724609,-121.21449279785156,"SAN JOAQUIN",MANTECA,-121.21449279785156,37.783210754394531
9171446,2020,2021-01-12,3905,2020-10-26,1602,2566,CIV,1,5,6,3905,0,0,0,,0,,"PERSHING AV","ALPINE AV",62.00,S,N,A,-,N,,,,,,,,,,,4,0,2,2,A,-,03,22350,,N,C,C,A,A,H,-,A,D,0,,,,,Y,,D,22,0,0,2,0,0,0,0,0,0,"- ","- ",37.975608825683594,-121.31723785400391,"SAN JOAQUIN",STOCKTON,-121.31745910644531,37.975315093994141
9171468,2020,2020-11-13,3905,2020-09-25,2022,3033,PAR,5,5,6,3905,0,0,0,,0,,"ARCH AIRPORT RD","AIRPORT WY",85.00,W,N,A,-,N,,,,,,,,,,Y,2,0,1,2,A,-,03,22350,,F,B,C,A,A,H,-,C,A,0,,,Y,Y,Y,,C,02,1,0,0,0,0,0,0,0,0,"- ","- ",37.901809692382812,-121.25480651855469,"SAN JOAQUIN",STOCKTON,-121.25469970703125,37.901958465576172
9171520,2020,2020-12-16,3905,2020-10-05,1215,2842,SEA,1,5,6,3905,0,0,0,,0,,"AMERICAN ST","4TH ST",0.00,,Y,A,-,N,,,,,,,,,,,4,0,1,2,A,-,12,22450,,N,D,C,A,A,H,-,A,A,0,,,,,Y,,D,22,0,0,1,0,0,0,0,0,0,"- ","- ",37.934940338134766,-121.27832794189453,"SAN JOAQUIN",STOCKTON,-121.27816772460938,37.935031890869141
91716488,2022,2022-03-07,9266,2022-02-22,1812,020083,,2,2,9,3900,0,3,5,,2,002,"AHERN RD","BIRD RD",0.00,,Y,B,-,N,,,,,,,,,,Y,3,0,1,2,A,-,09,21801,A,N,A,C,A,B,H,-,C,D,0,,,,,Y,,A,01,0,1,0,0,0,0,0,0,0,"- ","- ",37.698410034179688,-121.36122894287109,"SAN JOAQUIN",UNINCORPORATED,-121.36122131347656,37.698417663574219
91716540,2022,2022-03-07,9265,2022-02-26,1815,020785,,6,2,9,3900,0,1,1,,2,505,"I-5 N/B","WOODBRIDGE RD.",600.00,N,N,B,-,Y,SJ,,5,,,42.798,H,,R,N,4,0,2,2,A,-,07,21658,A,N,B,C,A,A,H,-,A,D,0,,,,,Y,,A,01,0,0,2,0,0,0,0,0,0,"- ","- ",38.162361145019531,-121.39942169189453,"SAN JOAQUIN",UNINCORPORATED,-121.39942169189453,38.162361145019531
91716608,2022,2022-03-07,9265,2022-02-25,1005,018836,,5,1,5,3902,0,1,3,,2,006,"SR-99 S/B","VICTOR RD",3696.00,S,N,B,-,Y,SJ,,99,,,30.263,H,,L,Y,4,0,1,2,A,-,03,22350,,N,C,C,A,A,H,-,A,D,0,,,,,Y,,A,01,0,0,1,0,0,0,0,0,0,"- ","- ",38.127250671386719,-121.25749969482422,"SAN JOAQUIN",LODI,-121.25753021240234,38.127250671386719
91716707,2022,2022-03-07,9265,2022-02-12,0350,021537,,6,3,9,3900,0,1,3,,2,003,"SR-99 N/B","ARCH RD",1690.00,S,N,A,-,Y,SJ,,99,,,14.282,H,,R,Y,3,0,1,2,A,-,03,22350,,F,C,C,A,A,H,-,D,D,0,,,,,Y,,A,01,0,1,0,0,0,0,0,0,0,"- ","- ",37.900299072265625,-121.22097015380859,"SAN JOAQUIN",UNINCORPORATED,-121.22097778320312,37.900299072265625
91718674,2022,2022-03-09,9265,2022-02-27,1427,020785,,7,2,9,3900,0,1,1,,2,505,"I-5 S/B","WOODBRIDGE RD.",4027.00,N,N,A,-,Y,SJ,,5,,,43.465,H,,L,Y,2,0,4,2,A,-,03,22350,,N,C,C,A,A,H,-,A,D,0,,,,,Y,,D,22,1,1,2,0,0,0,0,0,0,"- ","- ",38.172008514404297,-121.40000152587891,"SAN JOAQUIN",UNINCORPORATED,-121.40003204345703,38.172008514404297
91718768,2022,2022-03-09,9266,2022-02-26,1953,021241,,6,2,9,3900,0,1,3,,1,026,"RT 132","RT 33",1320.00,E,N,A,-,Y,SJ,,132,,T,6.100,H,,R,Y,4,0,1,2,A,-,06,21750,A,M,B,C,A,A,H,-,C,D,0,,,,,Y,,-,99,0,0,1,0,0,0,0,0,0,"- ","- ",37.638069152832031,-121.29109954833984,"SAN JOAQUIN",UNINCORPORATED,-121.29109954833984,37.638004302978516
91718996,2022,2022-03-09,9265,2022-02-28,1722,021649,,1,2,9,3900,0,2,4,,1,082,"COUNTRY CLUB BLVD","GRANGE AVENUE",0.00,,Y,A,-,N,,,,,,,,,,N,3,0,4,4,A,-,01,23152,A,N,D,C,A,A,H,-,A,A,0,,,,,Y,Y,A,01,0,1,3,0,0,0,0,0,0,"- ","- ",37.968429565429688,-121.31932830810547,"SAN JOAQUIN",UNINCORPORATED,-121.31931304931641,37.968406677246094
91720017,2022,2022-03-10,9265,2022-03-01,2205,017021,,2,3,9,3900,0,1,3,,2,004,"SR-99 N/B","LIVE OAK RD",770.00,S,N,A,-,Y,,,,,,,,,,N,2,0,2,4,A,-,03,22350,,N,C,C,A,A,D,-,D,A,0,,,,,Y,,A,01,1,1,0,0,0,0,0,0,0,"- ","- ",38.347808837890625,-121.43647766113281,"SAN JOAQUIN",UNINCORPORATED,-121.25968933105469,38.07952880859375
91721033,2022,2022-03-11,9265,2022-01-21,1611,021830,,5,2,9,3900,0,2,4,,1,051,"WAGNER AVE","WASHINGTON ST",0.00,,Y,A,-,N,,,,,,,,,,N,1,1,0,2,A,-,09,21802,A,N,D,C,A,A,H,-,A,A,0,,,Y,,Y,,A,07,0,0,0,0,0,0,0,1,0,"- ","- ",37.964271545410156,-121.23113250732422,"SAN JOAQUIN",UNINCORPORATED,-121.23114013671875,37.964248657226562
91722348,2022,2022-03-14,9265,2022-03-04,0850,018850,,5,1,9,3900,0,1,1,,2,503,"I-5 N/B","CHURCH ST",50.00,S,N,B,-,Y,SJ,,5,,,25.989,H,,R,N,4,0,1,2,A,-,08,22107,,N,B,C,A,B,H,-,A,D,0,,,,,Y,,A,01,0,0,1,0,0,0,0,0,0,"- ","- ",37.945758819580078,-121.29910278320312,"SAN JOAQUIN",UNINCORPORATED,-121.29900360107422,37.945781707763672
91722367,2022,2022-03-15,9265,2022-03-01,1442,020785,,2,2,9,3900,0,1,1,,2,505,"I-5 S/B","WOODBRIDGE RD.",4378.00,N,N,A,-,Y,SJ,,5,,,43.518,H,,L,N,4,0,1,3,A,-,01,23152,A,F,G,1,E,A,H,-,A,D,0,Y,,,,Y,Y,A,01,0,0,1,0,1,0,0,0,0,"- ","- ",38.172779083251953,-121.40010833740234,"SAN JOAQUIN",UNINCORPORATED,-121.40005493164062,38.172779083251953
91722372,2022,2022-03-14,9265,2022-03-04,1607,018694,,5,2,4,3903,0,1,3,,2,025,"SR-120 E/B","MAIN STREET",2640.00,E,N,A,G,Y,SJ,,120,,R,5.873,H,,R,N,4,0,1,2,A,-,03,22350,,N,C,C,A,A,H,-,A,D,0,,,,,Y,,A,07,0,0,1,0,0,0,0,0,0,"- ","- ",37.783191680908203,-121.20558929443359,"SAN JOAQUIN",MANTECA,-121.20558929443359,37.783206939697266
91724142,2022,2022-03-16,9265,2022-03-05,1750,021649,,6,2,6,3905,0,1,1,,2,503,"I-5 N/B","BUENA VISTA AVE",373.00,N,N,A,-,Y,SJ,,5,,,27.368,H,,R,Y,3,0,4,2,A,-,01,23152,A,N,C,C,A,A,H,-,A,D,0,,,,,Y,Y,A,01,0,3,1,0,0,0,0,0,0,"- ","- ",37.956150054931641,-121.31939697265625,"SAN JOAQUIN",STOCKTON,-121.31940460205078,37.956127166748047
91725079,2022,2022-03-17,9265,2022-03-06,1638,017439,,7,2,9,3900,0,1,3,,2,025,"STATE ROUTE 120 W/B","MAIN ST.",2640.00,W,N,A,-,Y,SJ,,120,,R,4.764,H,,L,N,3,0,1,2,A,-,03,22350,,N,C,C,A,A,H,-,A,D,0,,,Y,,Y,,A,01,0,1,0,0,0,0,0,0,1,"- ","- ",37.783500671386719,-121.22586059570312,"SAN JOAQUIN",UNINCORPORATED,-121.22586059570312,37.78350830078125
91725201,2022,2022-03-17,9266,2022-03-09,0615,018217,,3,1,9,3900,0,1,3,,1,025,SR-33,"WELTY ROAD",700.00,N,N,A,-,Y,SJ,,33,,,0.302,H,,R,Y,4,0,1,2,A,-,09,21804,A,N,D,C,A,A,H,-,B,D,0,,,,,Y,,A,07,0,0,1,0,0,0,0,0,0,"- ","- ",37.632438659667969,-121.28920745849609,"SAN JOAQUIN",UNINCORPORATED,-121.28925323486328,37.632411956787109
91727970,2022,2022-03-21,9265,2022-03-10,1845,021644,,4,2,9,3900,0,3,5,,2,010,"SANTA FE RD","HENRY RD",60.00,N,N,A,-,N,,,,,,,,,,Y,3,0,1,2,A,-,08,22107,,N,C,C,A,A,H,-,D,D,0,,,,,Y,,A,01,0,1,0,0,0,0,0,0,0,"- ","- ",37.743888854980469,-120.93937683105469,"SAN JOAQUIN",UNINCORPORATED,-120.94106292724609,37.747165679931641
91729103,2022,2022-03-22,9266,2022-03-14,1005,015029,,1,1,9,3900,0,1,1,,2,021,"I-580 W/B","CHRISMAN ROAD",4224.00,E,N,A,-,Y,SJ,,580,,,3.216,H,,L,Y,3,0,2,2,A,-,07,21658,A,N,C,C,A,A,H,-,A,D,0,,,,,Y,,D,22,0,1,1,0,0,0,0,0,0,"- ","- ",37.629070281982422,-121.38577270507812,"SAN JOAQUIN",UNINCORPORATED,-121.38597106933594,37.628856658935547
91730049,2022,2022-03-23,9265,2022-03-21,0750,018850,,1,1,9,3900,0,1,3,,2,004,"SR-99 S/B","CHEROKEE RD",50.00,N,N,A,-,Y,SJ,,99,,,20.886,H,,L,Y,4,0,1,2,A,-,07,21658,A,N,B,C,A,A,H,-,A,D,0,,,,,Y,,A,01,0,0,1,0,0,0,0,0,0,"- ","- ",37.992191314697266,-121.25283050537109,"SAN JOAQUIN",UNINCORPORATED,-121.25285339355469,37.992183685302734
91731044,2022,2022-03-24,9265,2022-03-13,0450,021781,,7,3,5,3902,0,1,3,,2,006,"SR-99 N/B","CHEROKEE LN",528.00,S,N,A,-,Y,SJ,,99,,,28.822,H,,R,N,4,0,1,1,A,-,08,22107,,N,E,I,A,A,H,-,D,D,0,,,,,Y,,A,01,0,0,1,0,0,0,0,0,0,"- ","- ",38.106460571289062,-121.25978851318359,"SAN JOAQUIN",LODI,-121.2598876953125,38.106472015380859
91736486,2022,2022-03-29,9265,2022-03-22,2242,018784,,2,3,6,3905,0,1,1,,2,504,"I-5 N/B","EIGHT MILE RD",7920.00,S,N,A,-,Y,SJ,,5,,,33.794,H,,R,Y,3,0,1,2,A,-,03,22350,,N,C,C,A,A,H,-,D,D,0,,,,,Y,,D,22,0,1,0,0,0,0,0,0,0,"- ","- ",38.036598205566406,-121.36582183837891,"SAN JOAQUIN",STOCKTON,-121.36581420898438,38.036602020263672
91736521,2022,2022-03-29,9265,2022-03-24,1320,015490,,4,1,9,3900,0,2,4,,1,053,"WATERLOO RD.","REPORT AVE.",0.00,,Y,A,-,N,,,,,,,,,,N,4,0,1,2,A,-,09,21801,A,N,D,C,A,A,H,-,A,D,0,,,,,Y,,A,07,0,0,1,0,0,0,0,0,0,"- ","- ",37.981910705566406,-121.25440979003906,"SAN JOAQUIN",UNINCORPORATED,-121.25450897216797,37.981773376464844
9173742,2020,2020-12-14,3905,2020-10-30,1423,7034,CIV,5,5,6,3905,0,0,0,,0,,"HARDING WY","CENTER ST",100.00,W,N,A,-,N,,,,,,,,,,N,4,0,1,3,A,-,03,22350,A,F,C,C,A,A,H,-,A,D,0,,,,,Y,,A,07,0,0,1,0,0,0,0,0,0,"- ","- ",37.967330932617188,-121.29493713378906,"SAN JOAQUIN",STOCKTON,-121.29547882080078,37.967250823974609
91738036,2022,2022-04-04,9266,2022-03-22,1846,021822,,2,2,5,3906,0,1,1,,1,015,"I-205 E/B","TRACY BLVD",440.00,E,N,A,-,Y,SJ,,205,,R,7.110,H,,R,Y,3,0,7,3,A,-,03,22350,,N,C,C,A,A,H,-,A,D,0,,,,,Y,,A,07,0,2,5,0,0,0,0,0,0,"- ","- ",37.762821197509766,-121.43335723876953,"SAN JOAQUIN",TRACY,-121.43335723876953,37.762790679931641
91740334,2022,2022-04-04,9266,2022-03-26,1722,021822,,6,2,5,3906,0,1,1,,1,015,"I-205 E/B","MACARTHUR DRIVE",460.00,E,N,A,-,Y,SJ,,205,,R,8.238,H,,R,Y,4,0,1,3,A,-,03,22350,,N,C,C,A,A,H,-,A,D,0,,,,,Y,,A,01,0,0,1,0,0,0,0,0,0,"- ","- ",37.764461517333984,-121.41291809082031,"SAN JOAQUIN",TRACY,-121.41290283203125,37.764377593994141
91740560,2022,2022-04-04,9266,2022-03-23,1741,018365,,3,2,9,3900,0,1,3,,1,025,SR-33,"VERNALIS ROAD",6.00,N,N,A,-,Y,SJ,,33,,,0.879,H,,R,Y,4,0,1,2,A,-,09,21802,A,N,E,I,A,A,H,-,A,A,0,,,,,Y,,A,01,0,0,1,0,0,0,0,0,0,"- ","- ",37.638698577880859,-121.29582214355469,"SAN JOAQUIN",UNINCORPORATED,-121.29601287841797,37.638565063476562
91741515,2022,2022-04-05,9265,2022-03-27,1110,018850,,7,1,9,3900,0,2,4,,1,015,"LONE TREE RD","ESCALON BELLOTA RD",0.00,,Y,A,-,N,,,,,,,,,,Y,4,0,4,2,A,-,12,21453,A,N,D,C,A,A,H,-,A,A,0,,,,,Y,,A,01,0,0,4,0,0,0,0,0,0,"- ","- ",37.827709197998047,-120.99761199951172,"SAN JOAQUIN",UNINCORPORATED,-120.99761199951172,37.827682495117188
91742080,2022,2022-04-06,9266,2022-03-26,1150,018217,,6,1,5,3906,0,1,1,,2,014,"I-205 W/B","TRACY BOULEVARD",300.00,W,N,A,-,Y,SJ,,205,,R,6.955,H,,L,Y,4,0,1,1,A,-,03,22350,,N,E,I,A,A,H,-,A,D,0,,,,,Y,,A,08,0,0,1,0,0,0,0,0,0,"- ","- ",37.762989044189453,-121.43637084960938,"SAN JOAQUIN",TRACY,-121.43637084960938,37.763092041015625
91742253,2022,2022-04-06,9265,2022-03-21,1719,020313,,1,2,9,3900,0,1,3,,1,041,SR-4,"MAYBECK ROAD",2587.00,W,N,A,-,Y,SJ,,4,,,11.183,H,,R,N,1,1,0,1,A,-,08,22107,,N,E,I,A,A,H,-,A,D,0,,,,,Y,,A,01,0,0,0,0,0,0,0,0,0,"- ","- ",37.926780700683594,-121.38435363769531,"SAN JOAQUIN",UNINCORPORATED,-121.38435363769531,37.926876068115234
91743332,2022,2022-04-07,9265,2022-03-28,1205,018836,,1,1,9,3900,0,3,5,,2,050,"ADELBERT AVE","WASHINGTON ST",647.00,S,N,B,-,N,,,,,,,,,,N,4,0,1,2,A,-,08,22107,,N,E,I,A,B,H,-,A,D,0,,,,,Y,,D,22,0,0,1,0,0,0,0,0,0,"- ","- ",37.961009979248047,-121.23610687255859,"SAN JOAQUIN",UNINCORPORATED,-121.23606109619141,37.9610595703125
91743557,2022,2022-04-07,9265,2022-03-28,1600,017439,,1,2,9,3900,0,2,4,,1,022,"AIRPORT WAY","TACTICAL WAY",2450.00,S,N,A,-,N,,,,,,,,,,N,3,0,1,1,A,-,08,22107,,N,E,I,A,A,H,-,A,D,0,,,,,Y,,A,01,0,1,0,0,0,0,0,0,0,"- ","- ",37.837890625,-121.25440979003906,"SAN JOAQUIN",UNINCORPORATED,-121.25445556640625,37.837520599365234