CASE_ID,ACCIDENT_YEAR,PROC_DATE,JURIS,COLLISION_DATE,COLLISION_TIME,OFFICER_ID,REPORTING_DISTRICT,DAY_OF_WEEK,CHP_SHIFT,POPULATION,CNTY_CITY_LOC,SPECIAL_COND,BEAT_TYPE,CHP_BEAT_TYPE,CITY_DIVISION_LAPD,CHP_BEAT_CLASS,BEAT_NUMBER,PRIMARY_RD,SECONDARY_RD,DISTANCE,DIRECTION,INTERSECTION,WEATHER_1,WEATHER_2,STATE_HWY_IND,CALTRANS_COUNTY,CALTRANS_DISTRICT,STATE_ROUTE,ROUTE_SUFFIX,POSTMILE_PREFIX,POSTMILE,LOCATION_TYPE,RAMP_INTERSECTION,SIDE_OF_HWY,TOW_AWAY,COLLISION_SEVERITY,NUMBER_KILLED,NUMBER_INJURED,PARTY_COUNT,PRIMARY_COLL_FACTOR,PCF_CODE_OF_VIOL,PCF_VIOL_CATEGORY,PCF_VIOLATION,PCF_VIOL_SUBSECTION,HIT_AND_RUN,TYPE_OF_COLLISION,MVIW,PED_ACTION,ROAD_SURFACE,ROAD_COND_1,ROAD_COND_2,LIGHTING,CONTROL_DEVICE,CHP_ROAD_TYPE,PEDESTRIAN_ACCIDENT,BICYCLE_ACCIDENT,MOTORCYCLE_ACCIDENT,TRUCK_ACCIDENT,NOT_PRIVATE_PROPERTY,ALCOHOL_INVOLVED,STWD_VEHTYPE_AT_FAULT,CHP_VEHTYPE_AT_FAULT,COUNT_SEVERE_INJ,COUNT_VISIBLE_INJ,COUNT_COMPLAINT_PAIN,COUNT_PED_KILLED,COUNT_PED_INJURED,COUNT_BICYCLIST_KILLED,COUNT_BICYCLIST_INJURED,COUNT_MC_KILLED,COUNT_MC_INJURED,PRIMARY_RAMP,SECONDARY_RAMP,LATITUDE,LONGITUDE,COUNTY,CITY,POINT_X,POINT_Y
91923521,2022,2022-11-21,9265,2022-11-15,0025,022315,,2,3,9,3900,0,3,5,,2,040,"S. ROBERTS RD.","W. MULLER RD.",325.00,N,N,A,-,N,,,,,,,,,,Y,3,0,1,1,A,-,01,23152,A,N,E,J,A,A,H,-,D,D,0,,,,,Y,Y,A,01,0,1,0,0,0,0,0,0,0,"- ","- ",37.906101226806641,-121.33911895751953,"SAN JOAQUIN",UNINCORPORATED,-121.34093475341797,37.905223846435547
91927473,2022,2022-11-28,9265,2022-11-17,0813,019073,,4,1,9,3900,0,3,5,,2,060,"LIBERTY RD","BRUELLA RD",1637.00,W,N,A,-,N,,,,,,,,,,Y,4,0,2,2,A,-,03,22350,,N,C,C,A,A,H,-,A,D,0,,,,,Y,,D,22,0,0,2,0,0,0,0,0,0,"- ","- ",38.234249114990234,-121.21401977539062,"SAN JOAQUIN",UNINCORPORATED,-121.21401977539062,38.234241485595703
91927825,2022,2022-11-28,9265,2022-11-11,1250,015629,,5,1,9,3900,0,3,5,,2,090,"PELTIER ROAD EASTBOUND (E/B)","DAVIS ROAD",1000.00,W,N,A,-,N,,,,,,,,,,Y,2,0,1,1,A,-,01,23152,A,N,E,I,A,A,H,-,A,D,0,,,,,Y,Y,D,22,1,0,0,0,0,0,0,0,0,"- ","- ",38.189178466796875,-121.33786010742188,"SAN JOAQUIN",UNINCORPORATED,-121.33907318115234,38.189220428466797
91928671,2022,2022-11-29,9265,2022-11-16,1410,022134,,3,2,9,3900,0,1,3,,1,062,SR-88,"VILLAGE DR",3300.00,W,N,A,-,Y,SJ,,88,,,23.737,H,,R,N,3,0,1,1,A,-,08,22107,,N,F,I,A,A,H,-,A,D,0,,,,,Y,,A,07,0,1,0,0,0,0,0,0,0,"- ","- ",38.257099151611328,-121.03678131103516,"SAN JOAQUIN",UNINCORPORATED,-121.03666687011719,38.257022857666016
91928940,2022,2022-11-29,9265,2022-11-18,1240,018694,,5,1,2,3920,0,1,1,,2,502,"I-5 N/B","LATHROP ROAD",1056.00,N,N,A,-,Y,SJ,,5,,R,17.764,H,,R,Y,4,0,1,2,A,-,03,22350,,N,C,C,A,A,H,-,A,D,0,,,,,Y,,A,01,0,0,1,0,0,0,0,0,0,"- ","- ",37.829570770263672,-121.28868103027344,"SAN JOAQUIN",LATHROP,-121.28867340087891,37.829566955566406
91930218,2022,2022-11-30,9265,2022-11-24,0830,018836,,4,1,9,3900,0,2,4,,1,015,"ESCALON BELLOTA RD","COPPEROPOLIS RD",400.00,N,N,A,-,N,,,,,,,,,,Y,3,0,1,1,A,-,08,22107,,N,E,I,A,D,H,-,A,D,0,,,,,Y,,A,01,0,1,0,0,0,0,0,0,0,"- ","- ",37.974601745605469,-120.99961853027344,"SAN JOAQUIN",UNINCORPORATED,-120.99964904785156,37.974567413330078
91931560,2022,2022-12-01,9265,2022-11-15,1730,022134,,2,2,9,3900,0,1,3,,1,042,"SR-4 TO NB I-5","WEBER AVE",90.00,S,N,A,-,Y,SJ,,5,,,26.489,H,,R,N,4,0,5,4,A,-,03,22350,,N,B,C,A,A,H,-,B,D,0,,,,,Y,,A,01,0,0,5,0,0,0,0,0,0,"- ","- ",37.951271057128906,-121.30442047119141,"SAN JOAQUIN",UNINCORPORATED,-121.30455017089844,37.951107025146484
91931726,2022,2022-12-01,9265,2022-12-01,0710,015490,,4,1,9,3900,0,1,3,,2,004,"SR-99 SB","MORADA LN",30.00,S,N,B,C,Y,SJ,,99,,,24.009,H,,L,N,4,0,1,2,A,-,08,22107,,N,D,C,A,B,H,-,A,D,0,,,,,Y,,A,01,0,0,1,0,0,0,0,0,0,"- ","- ",38.036918640136719,-121.25865936279297,"SAN JOAQUIN",UNINCORPORATED,-121.25850677490234,38.036922454833984
91932628,2022,2022-12-02,9266,2022-11-23,1425,013650,,3,2,9,3900,0,1,1,,2,021,"I-580 E/B","PATTERSON PASS ROAD",5808.00,E,N,A,-,Y,SJ,,580,,,12.529,H,,L,Y,4,0,1,2,A,-,08,22107,,N,B,2,A,A,H,-,A,D,0,,,,,Y,,A,01,0,0,1,0,0,0,0,0,0,"- ","- ",37.710620880126953,-121.52102661132812,"SAN JOAQUIN",UNINCORPORATED,-121.52100372314453,37.710647583007812
91934077,2022,2022-12-05,9265,2022-11-21,2138,018289,,1,2,9,3900,0,2,4,,1,053,"WILSON WAY","ALPINE AVENUE",0.00,,Y,A,-,N,,,,,,,,,,Y,4,0,2,2,A,-,09,21453,C,N,D,C,A,A,H,-,C,A,0,,,,,Y,,A,01,0,0,2,0,0,0,0,0,0,"- ","- ",37.987758636474609,-121.26889038085938,"SAN JOAQUIN",UNINCORPORATED,-121.26876831054688,37.987812042236328
91935191,2022,2022-12-06,9465,2022-11-30,1310,020885,,3,1,9,3900,0,1,3,,2,041,"SR-99 N/B","ZEFF RD",100.00,N,N,A,-,Y,STA,,99,,R,14.957,H,,R,N,4,0,2,3,A,-,03,22350,,N,C,C,A,A,H,-,A,D,0,,,,,Y,,D,22,0,0,2,0,0,0,0,0,0,"- ","- ",37.625209808349609,-120.99630737304688,"SAN JOAQUIN",UNINCORPORATED,-120.99625396728516,37.625217437744141
91936226,2022,2022-12-07,9265,2022-10-22,1540,022366,,6,2,6,3905,0,1,3,,2,004,"SR-99 SOUTHBOUND","MORADA LANE",200.00,S,N,A,-,Y,SJ,,99,,,23.841,H,,L,N,4,0,1,2,A,-,03,22350,,N,C,C,A,A,H,-,A,D,0,,,,,Y,,A,01,0,0,1,0,0,0,0,0,0,"- ","- ",38.034500122070312,-121.25843048095703,"SAN JOAQUIN",STOCKTON,-121.25847625732422,38.034500122070312
91936242,2022,2022-12-07,9265,2022-11-16,1440,021968,,3,2,9,3900,0,3,5,,2,010,"CARROLTON RD","MELLO AVE",0.00,,Y,A,-,N,,,,,,,,,,Y,3,0,1,2,A,-,09,21802,A,N,D,C,A,A,H,-,A,A,0,,,,,Y,,A,01,0,1,0,0,0,0,0,0,0,"- ","- ",37.772548675537109,-121.0697021484375,"SAN JOAQUIN",UNINCORPORATED,-121.06964874267578,37.772560119628906
91941221,2022,2022-12-13,9265,2022-12-04,1755,017439,,7,2,9,3900,0,3,5,,2,020,"FRENCH CAMP RD.","S. PRIEST RD.",325.00,E,N,A,-,N,,,,,,,,,,N,2,0,1,2,A,-,08,22107,,F,G,B,E,A,H,-,D,D,0,Y,,,,Y,,-,99,1,0,0,0,1,0,0,0,0,"- ","- ",37.880439758300781,-121.26544952392578,"SAN JOAQUIN",UNINCORPORATED,-121.26554107666016,37.880523681640625
91943674,2022,2022-12-15,9266,2022-12-09,1720,021471,,5,2,9,3900,0,1,1,,2,024,"I-5 N/B","MOSSDALE ROAD",1000.00,S,N,B,-,Y,SJ,,5,,R,13.919,H,,R,N,4,0,1,2,A,-,03,22350,,N,C,C,A,A,H,-,D,D,0,,,,Y,Y,,A,01,0,0,1,0,0,0,0,0,0,"- ","- ",37.779701232910156,-121.31439971923828,"SAN JOAQUIN",UNINCORPORATED,-121.31435394287109,37.779659271240234
91943754,2022,2022-12-15,9265,2022-11-30,1123,020313,,3,1,9,3900,0,1,1,,2,502,"I-5 S/B","ROTH ROAD",4080.00,N,N,A,-,Y,SJ,,5,,R,20.379,H,,L,N,4,0,5,2,A,-,03,22350,,N,C,C,A,A,H,-,A,D,0,,,,,Y,,A,07,0,0,5,0,0,0,0,0,0,"- ","- ",37.866550445556641,-121.27911376953125,"SAN JOAQUIN",UNINCORPORATED,-121.27915954589844,37.866558074951172
91944721,2022,2022-12-16,9265,2022-12-11,0956,021440,,7,1,9,3900,0,1,3,,1,062,SR-88,"KETTLEMAN LN",0.00,,N,A,-,Y,SJ,,88,,,10.645,H,,R,N,4,0,1,2,A,-,03,22350,,N,D,C,A,B,H,-,A,A,0,,,,,Y,,D,22,0,0,1,0,0,0,0,0,0,"- ","- ",38.116260528564453,-121.17375946044922,"SAN JOAQUIN",UNINCORPORATED,-121.17353820800781,38.116207122802734
9194523,2020,2021-01-30,3905,2020-11-18,0801,2277,SEA,3,5,6,3905,0,0,0,,0,,"MARTIN LUTHER KING BL","SIKH TEMPLE ST",40.00,W,N,B,-,N,,,,,,,,,,Y,4,0,1,3,A,-,12,21453,A,N,B,C,A,B,H,-,A,A,0,,,,Y,Y,,-,"- ",0,0,1,0,0,0,0,0,0,"- ","- ",37.940418243408203,-121.27703857421875,"SAN JOAQUIN",STOCKTON,-121.27709197998047,37.940483093261719
9194569,2020,2021-02-18,3906,2020-12-14,1657,10492,,1,5,5,3906,0,0,0,,0,006,"HOLLY DR","W CLEVER RD",0.00,,Y,A,-,N,,,,,,,,,,Y,4,0,1,2,D,-,00,,,N,D,C,A,A,H,-,C,A,0,,,,,Y,,-,"- ",0,0,1,0,0,0,0,0,0,"- ","- ",,,"SAN JOAQUIN",TRACY,-121.42600250244141,37.761421203613281
9194577,2020,2021-02-26,3906,2020-12-14,0756,1092,,1,5,5,3906,0,0,0,,0,003,"TRACY BL","TENNIS LN",0.00,,Y,A,-,N,,,,,,,,,,Y,4,0,1,2,A,-,12,21453,A,N,-,C,A,B,H,-,A,A,0,,,Y,,Y,,C,02,0,0,1,0,0,0,0,0,0,"- ","- ",,,"SAN JOAQUIN",TRACY,-121.43482971191406,37.732048034667969
91946228,2022,2022-12-19,9265,2022-11-29,1455,020785,,2,2,9,3900,0,1,1,,2,504,"I-5 S/B","SWAIN RD.",400.00,N,N,A,-,Y,SJ,,5,,,31.215,H,,L,N,4,0,2,2,A,-,08,22107,,M,B,C,A,A,H,-,A,D,0,,,,,Y,,-,99,0,0,2,0,0,0,0,0,0,"- ","- ",38.001270294189453,-121.35018157958984,"SAN JOAQUIN",UNINCORPORATED,-121.35018157958984,38.001270294189453
91946811,2022,2022-12-20,9465,2022-12-11,0110,022315,,7,3,9,3900,0,1,S,,2,904,"SR-99 S/B","PELANDALE AVE",1800.00,N,N,B,C,Y,STA,,99,,R,22.049,H,,L,Y,3,0,1,1,A,-,01,23152,A,N,E,J,A,B,H,-,C,D,0,,,,,Y,Y,A,01,0,1,0,0,0,0,0,0,0,"- ","- ",37.703380584716797,-121.07496643066406,"SAN JOAQUIN",UNINCORPORATED,-121.07488250732422,37.703445434570312
91948095,2022,2022-12-21,9265,2022-12-13,1410,021968,,2,2,9,3900,0,3,5,,2,010,"FRENCH CAMP ROAD EASTBOUND","AUSTIN ROAD",50.00,W,N,A,-,N,,,,,,,,,,N,4,0,1,2,A,-,03,22350,,N,C,C,A,A,H,-,A,D,0,,,,,Y,,A,07,0,0,1,0,0,0,0,0,0,"- ","- ",37.847820281982422,-121.18686676025391,"SAN JOAQUIN",UNINCORPORATED,-121.18649291992188,37.847667694091797
91948338,2022,2022-12-21,9266,2022-12-15,1150,019657,,4,1,9,3900,0,1,1,,1,015,"INTERSTATE 205 EASTBOUND","W. CANAL BOULEVARD",2300.00,W,N,A,-,Y,SJ,,205,,R,11.328,H,,R,N,4,0,1,2,A,-,03,22350,,N,C,C,A,A,D,-,A,A,0,,,,,Y,,A,07,0,0,1,0,0,0,0,0,0,"- ","- ",37.764839172363281,-121.35666656494141,"SAN JOAQUIN",UNINCORPORATED,-121.35666656494141,37.764804840087891
91948460,2022,2022-12-21,9265,2022-11-28,1348,020071,,1,1,9,3900,0,1,3,,2,001,"SR-99 S/B","AUSTIN RD",4820.00,S,N,A,-,Y,SJ,,99,,,3.973,H,,L,Y,3,0,1,2,A,-,01,23152,A,N,C,C,A,A,H,-,A,D,0,,,,,Y,Y,A,01,0,1,0,0,0,0,0,0,0,"- ","- ",37.766101837158203,-121.16641235351562,"SAN JOAQUIN",UNINCORPORATED,-121.16648101806641,37.766025543212891
91949286,2022,2022-12-22,9265,2022-12-13,0803,021440,,2,1,6,3905,0,1,1,,2,503,"I-5 S/B","FRENCH CAMP RD",1056.00,N,N,A,-,Y,SJ,,5,,R,22.735,H,,L,Y,4,0,1,1,A,-,08,22107,,N,F,A,A,A,H,-,A,D,0,,,,,Y,,A,07,0,0,1,0,0,0,0,0,0,"- ","- ",37.900020599365234,-121.28521728515625,"SAN JOAQUIN",STOCKTON,-121.28504943847656,37.900058746337891
91949499,2022,2022-12-22,9265,2022-12-13,1217,017405,,2,1,9,3900,0,1,3,,1,011,SR-120,"JACK TONE RD.",0.00,,Y,A,-,Y,SJ,,120,,,8.838,H,,R,Y,4,0,1,2,A,-,12,21453,A,N,D,2,A,A,H,-,A,A,0,,,,,Y,,A,01,0,0,1,0,0,0,0,0,0,"- ","- ",37.797599792480469,-121.14324188232422,"SAN JOAQUIN",UNINCORPORATED,-121.14324188232422,37.797611236572266
9194963,2020,2021-01-21,3905,2020-11-19,0646,1422,CIV,4,5,6,3905,0,0,0,,0,,"LAFAYETTE ST","STANISLAUS ST",0.00,,Y,A,-,N,,,,,,,,,,Y,3,0,2,2,A,-,08,22100,B,F,E,I,A,A,H,-,A,A,0,,,,,Y,,A,01,0,1,1,0,0,0,0,0,0,"- ","- ",37.951068878173828,-121.28118133544922,"SAN JOAQUIN",STOCKTON,-121.28115844726562,37.95111083984375
9194964,2020,2021-01-21,3905,2020-11-19,1408,7034,CIV,4,5,6,3905,0,0,0,,0,,"SUTTER ST","CHANNEL ST",3.00,S,N,A,-,N,,,,,,,,,,N,3,0,1,2,A,-,10,21950,A,N,G,B,B,A,H,-,A,A,0,Y,,,,Y,,A,08,0,1,0,0,1,0,0,0,0,"- ","- ",37.955299377441406,-121.28636169433594,"SAN JOAQUIN",STOCKTON,-121.28641510009766,37.955303192138672
9194967,2020,2021-01-21,3905,2020-11-16,1631,2463,PAR,1,5,6,3905,0,0,0,,0,,"OAK ST","AIRPORT WY",0.00,,Y,A,-,N,,,,,,,,,,N,4,0,2,2,A,-,12,21453,A,F,D,C,A,A,H,-,A,A,0,,,,,Y,,A,01,0,0,2,0,0,0,0,0,0,"- ","- ",,,"SAN JOAQUIN",STOCKTON,-121.27581024169922,37.961360931396484
9194974,2020,2021-01-21,3905,2020-11-12,1636,2466,CIV,4,5,6,3905,0,0,0,,0,,"HARDING WY","CALIFORNIA ST",0.00,,Y,A,-,N,,,,,,,,,,N,4,0,1,2,A,-,03,22350,,N,D,G,A,A,H,-,A,A,0,,Y,,,Y,,A,01,0,0,1,0,0,0,1,0,0,"- ","- ",37.968399047851562,-121.28842163085938,"SAN JOAQUIN",STOCKTON,-121.28861999511719,37.968429565429688
9194977,2020,2021-01-21,3905,2020-11-09,0838,3018,CIV,1,5,6,3905,0,0,0,,0,,"CALIFORNIA ST","HAWTHORNE ST",0.00,,Y,A,-,N,,,,,,,,,,Y,4,0,1,2,A,-,09,21802,A,N,D,C,A,A,H,-,A,A,0,,,,,Y,,A,01,0,0,1,0,0,0,0,0,0,"- ","- ",37.97161865234375,-121.29067230224609,"SAN JOAQUIN",STOCKTON,-121.28971862792969,37.972141265869141
9194978,2020,2021-01-21,3905,2020-11-08,1645,3060,BEA,7,5,6,3905,0,0,0,,0,,"PONCE DE LEON AV","LOWER SACRAMENTO RD",0.00,,Y,A,-,N,,,,,,,,,,Y,4,0,1,2,A,-,12,21453,A,N,D,D,A,A,H,-,B,A,0,,,,,Y,,A,01,0,0,1,0,0,0,0,0,0,"- ","- ",38.030311584472656,-121.32293701171875,"SAN JOAQUIN",STOCKTON,-121.32285308837891,38.030101776123047
91951401,2022,2022-12-23,9265,2022-12-14,1605,022134,,3,2,6,3905,0,1,1,,2,503,"I-5 N/B","WEBER AVE",200.00,S,N,A,-,Y,SJ,,5,,,26.494,H,,R,N,4,0,1,2,A,-,08,22107,,N,B,C,A,A,H,-,A,D,0,,,,,Y,,A,01,0,0,1,0,0,0,0,0,0,"- ","- ",37.951129913330078,-121.30462646484375,"SAN JOAQUIN",STOCKTON,-121.30461883544922,37.951141357421875
91953068,2022,2022-12-27,9265,2022-12-15,1538,022366,,4,2,9,3900,0,1,3,,1,062,SR-88,"VICTOR ROAD",528.00,W,N,A,-,Y,SJ,,88,,L,12.244,H,,R,Y,4,0,1,1,A,-,08,22107,,N,E,8,A,A,H,-,A,D,0,,,,,Y,,D,22,0,0,1,0,0,0,0,0,0,"- ","- ",38.137729644775391,-121.16291046142578,"SAN JOAQUIN",UNINCORPORATED,-121.16276550292969,38.137691497802734
91955556,2022,2022-12-29,9266,2022-12-20,0440,013650,,2,3,9,3900,0,2,4,,2,030,"MOUNTAIN HOUSE PARKWAY S/B","I-205 W/B TO MOUNTAIN HOUSE PARKWAY",0.00,,Y,A,-,N,,,,,,,,,,Y,3,0,2,2,A,-,12,21453,A,N,D,C,A,A,H,-,C,A,0,,,,,Y,,A,01,0,1,1,0,0,0,0,0,0,"- ","- ",37.743038177490234,-121.53170776367188,"SAN JOAQUIN",UNINCORPORATED,-121.53163146972656,37.743057250976562
91959806,2022,2023-01-04,9265,2022-12-21,1420,021968,,3,2,9,3900,0,3,5,,2,010,"SR-120 WESTBOUND","BRENNAN RD",20.00,W,N,B,-,N,,,,,,,,,,N,4,0,1,2,A,-,01,23152,A,N,C,C,A,A,H,-,A,D,0,,,,,Y,Y,A,07,0,0,1,0,0,0,0,0,0,"- ","- ",37.798568725585938,-121.01519012451172,"SAN JOAQUIN",UNINCORPORATED,-121.01519012451172,37.798564910888672
91961824,2022,2023-01-06,9265,2022-12-26,1155,018850,,1,1,9,3900,0,1,3,,1,061,SR-26,"GERTRUDE AVE",0.00,,Y,B,-,Y,SJ,,26,,,1.463,H,,R,Y,4,0,2,2,A,-,09,21802,A,N,D,C,A,A,H,-,A,D,0,,,,,Y,,I,20,0,0,2,0,0,0,0,0,0,"- ","- ",37.972061157226562,-121.23970031738281,"SAN JOAQUIN",UNINCORPORATED,-121.23970031738281,37.972061157226562
91963350,2022,2023-01-09,9265,2022-12-28,0230,022072,,3,3,9,3900,0,3,5,,2,050,"GILCHRIST AVE","LEWIS ST",80.00,S,N,B,-,N,,,,,,,,,,N,4,0,1,1,A,-,08,22107,,N,E,I,A,B,H,-,D,D,0,,,,,Y,,-,99,0,0,1,0,0,0,0,0,0,"- ","- ",37.977428436279297,-121.25721740722656,"SAN JOAQUIN",UNINCORPORATED,-121.25727844238281,37.977748870849609
91963433,2022,2023-01-09,9266,2022-12-24,1955,022498,,6,2,5,3906,0,1,1,,1,015,"I-205 E/B","MACARTHUR DRIVE",1880.00,E,N,A,-,Y,SJ,,205,,R,8.511,H,,R,Y,4,0,1,3,A,-,08,22107,,M,B,C,A,A,H,-,D,D,0,,,,,Y,Y,D,22,0,0,1,0,0,0,0,0,0,"- ","- ",37.76470947265625,-121.40798950195312,"SAN JOAQUIN",TRACY,-121.40798950195312,37.764698028564453
91963455,2022,2023-01-09,9265,2022-12-28,1758,017439,,3,2,9,3900,0,1,3,,2,001,"SR-99 N/B","JACK TONE RD.",1056.00,N,N,A,-,Y,SJ,,99,,,2.681,H,,R,N,3,0,2,4,A,-,03,22350,,M,C,C,A,A,H,-,B,D,0,,,,,Y,,-,99,0,1,1,0,0,0,0,0,0,"- ","- ",37.755081176757812,-121.14752197265625,"SAN JOAQUIN",UNINCORPORATED,-121.14748382568359,37.755119323730469
91963628,2022,2023-01-09,9265,2022-12-29,2013,021830,,4,2,9,3900,0,3,5,,2,050,"HORNER AVE","GERTRUDE AVE",0.00,,Y,C,-,N,,,,,,,,,,N,4,0,1,2,A,-,01,23152,A,N,D,C,A,B,H,-,D,A,0,,,,,Y,Y,A,01,0,0,1,0,0,0,0,0,0,"- ","- ",37.958301544189453,-121.23388671875,"SAN JOAQUIN",UNINCORPORATED,-121.23386383056641,37.958274841308594
91964381,2022,2023-01-10,9265,2022-11-25,2020,022422,,5,2,6,3905,0,1,1,,2,503,"I-5 S/B","MONTE DIABLO AVENUE",720.00,N,N,A,-,Y,SJ,,5,,,28.079,H,,L,N,1,1,1,2,A,-,01,23152,A,N,E,I,A,A,H,-,C,D,0,,,,,Y,Y,A,01,0,0,1,0,0,0,0,0,0,"- ","- ",37.958339691162109,-121.33190155029297,"SAN JOAQUIN",STOCKTON,-121.33185577392578,37.958385467529297
91964832,2022,2023-01-10,9265,2022-12-15,1755,019139,,4,2,6,3905,0,1,3,,1,042,"SR-4 W/B","CENTER ST",80.00,E,N,A,-,Y,SJ,,4,,R,16.655,H,,L,N,4,0,1,2,A,-,03,22350,,N,C,C,A,A,H,-,C,D,0,,,,,Y,,A,01,0,0,1,0,0,0,0,0,0,"- ","- ",37.95037841796875,-121.29010009765625,"SAN JOAQUIN",STOCKTON,-121.29005432128906,37.950218200683594
91965932,2023,2023-01-11,9266,2023-01-01,"555 ",020599,,7,3,9,3900,0,1,1,,1,015,"I-205 E/B","MACARTHUR DR",1985.00,E,N,A,-,Y,SJ,,205," ",R,8.468,H,,R,N,4,0,1,2,A,-,07,21658,A,N,B,C,A,A,H,-,D,D,0,,,,,Y,Y,A,01,0,0,1,0,0,0,0,0,0,"- ","- ",37.764728546142578,-121.40876007080078,"SAN JOAQUIN",UNINCORPORATED,-121.40876007080078,37.764698028564453
91966544,2023,2023-01-12,9265,2023-01-05,1545,022282,,4,2,9,3900,0,3,5,,2,070,"DOUGLAS RD","PERSHING AVE",220.00,W,N,B,-,N,,,,,,,,,,N,4,0,1,2,A,-,09,21804,A,N,D,C,A,B,H,-,A,A,0,,,,,Y,,A,08,0,0,1,0,0,0,0,0,0,"- ","- ",38.009048461914062,-121.32037353515625,"SAN JOAQUIN",UNINCORPORATED,-121.32889556884766,38.00494384765625
91966890,2023,2023-01-12,9265,2023-01-08,1953,022356,,7,2,6,3905,0,1,1,,2,503,"I-5 N/B","CHARTER WAY",700.00,N,N,B,C,Y,SJ,,5," "," ",25.506,H,,R,N,4,0,1,2,A,-,01,23152,A,N,D,C,A,B,H,-,C,D,0,,,,,Y,Y,A,07,0,0,1,0,0,0,0,0,0,"- ","- ",37.938850402832031,-121.29770660400391,"SAN JOAQUIN",STOCKTON,-121.29773712158203,37.938846588134766
91969178,2023,2023-01-16,9265,2023-01-09,2130,020785,,1,2,9,3900,0,1,3,,1,092,SR-12,I-5,2500.00,W,N,B,-,Y,SJ,,12," "," ",9.733,H,,R,Y,4,0,1,1,A,-,00,22017,,N,F,A,A,A,H,-,D,D,0,,,,,Y,,A,07,0,0,1,0,0,0,0,0,0,"- ","- ",38.115859985351562,-121.40598297119141,"SAN JOAQUIN",UNINCORPORATED,-121.40597534179688,38.115947723388672
91971039,2023,2023-01-18,9265,2023-01-09,1645,022365,,1,2,9,3900,0,3,5,,2,060,"JAHANT ROAD","DUSTIN ROAD",1584.00,E,N,B,-,N,,,,,,,,,,Y,3,0,1,1,A,-,08,22107,,N,F,A,A,B,H,-,A,D,0,,,,Y,Y,,F,27,0,1,0,0,0,0,0,0,0,"- ","- ",38.203990936279297,-121.22019958496094,"SAN JOAQUIN",UNINCORPORATED,-121.22052001953125,38.203937530517578
91975755,2023,2023-01-24,9265,2023-01-14,"907 ",020313,,6,1,9,3900,0,1,1,,2,504,"I-5 N/B","MARCH LANE",1945.00,S,N,C,-,Y,SJ,,5," "," ",29.692,H,,R,N,4,0,1,1,A,-,03,22350,,N,E,I,A,B,H,-,A,D,0,,,,,Y,,A,01,0,0,1,0,0,0,0,0,0,"- ","- ",37.980319976806641,-121.34169006347656,"SAN JOAQUIN",UNINCORPORATED,-121.34157562255859,37.9803466796875
91977362,2022,2023-01-25,9265,2022-12-27,0935,015490,,2,1,5,3902,0,1,3,,2,006,"SR-99 N/B","HARNEY LN.",100.00,N,N,B,C,Y,SJ,,99,,,28.567,H,,R,Y,1,1,2,2,A,-,03,22350,,N,B,C,A,B,H,-,A,D,0,,,,,Y,,A,01,2,0,0,0,0,0,0,0,0,"- ","- ",38.102840423583984,-121.26001739501953,"SAN JOAQUIN",LODI,-121.26010131835938,38.102840423583984
91978095,2023,2023-01-26,9265,2023-01-18,1925,022217,,3,2,9,3900,0,3,5,,2,060,"WEST LN","ARMSTRONG RD",40.00,N,N,B,-,N,,,,,,,,,,Y,4,0,1,2,A,-,08,22107,,F,B,2,A,A,H,-,D,D,0,,,,,Y,,-,99,0,0,1,0,0,0,0,0,0,"- ","- ",38.086639404296875,-121.27858734130859,"SAN JOAQUIN",UNINCORPORATED,-121.27861022949219,38.086570739746094
91978135,2023,2023-01-26,9265,2023-01-19,"602 ",017537,,4,1,9,3900,0,2,4,,1,053,"WATERLOO RD","BROADWAY AVE",30.00,W,N,A,-,N,,,,,,,,,,Y,4,0,1,2,A,-,09,21802,A,N,D,C,A,B,H,-,D,A,0,,,,Y,Y,,F,25,0,0,1,0,0,0,0,0,0,"- ","- ",37.982738494873047,-121.25293731689453,"SAN JOAQUIN",UNINCORPORATED,-121.25334167480469,37.982528686523438
91978190,2023,2023-01-26,9265,2023-01-19,1338,018694,,4,1,9,3900,0,1,3,,1,016,SR-120,"S. HARROLD AVENUE",0.00,,Y,A,-,Y,SJ,,120," "," ",18.691,H,,R,N,4,0,2,2,A,-,03,22350,,N,C,C,A,A,H,-,A,D,0,,,,Y,Y,,F,26,0,0,2,0,0,0,0,0,0,"- ","- ",37.794109344482422,-120.96910095214844,"SAN JOAQUIN",UNINCORPORATED,-120.96910095214844,37.794101715087891
91978218,2023,2023-01-26,9265,2023-01-14,"959 ",023195,,6,1,9,3900,0,1,3,,2,004,"SR-99 N/B","CALAVERAS RIVER",58.00,S,N,B,C,Y,SJ,,99," "," ",21.773,H,,R,N,4,0,2,2,A,-,08,22107,,N,B,C,A,B,H,-,A,D,0,,,,,Y,,A,01,0,0,2,0,0,0,0,0,0,"- ","- ",38.004558563232422,-121.25743865966797,"SAN JOAQUIN",UNINCORPORATED,-121.25747680664062,38.004543304443359