CASE_ID,ACCIDENT_YEAR,PROC_DATE,JURIS,COLLISION_DATE,COLLISION_TIME,OFFICER_ID,REPORTING_DISTRICT,DAY_OF_WEEK,CHP_SHIFT,POPULATION,CNTY_CITY_LOC,SPECIAL_COND,BEAT_TYPE,CHP_BEAT_TYPE,CITY_DIVISION_LAPD,CHP_BEAT_CLASS,BEAT_NUMBER,PRIMARY_RD,SECONDARY_RD,DISTANCE,DIRECTION,INTERSECTION,WEATHER_1,WEATHER_2,STATE_HWY_IND,CALTRANS_COUNTY,CALTRANS_DISTRICT,STATE_ROUTE,ROUTE_SUFFIX,POSTMILE_PREFIX,POSTMILE,LOCATION_TYPE,RAMP_INTERSECTION,SIDE_OF_HWY,TOW_AWAY,COLLISION_SEVERITY,NUMBER_KILLED,NUMBER_INJURED,PARTY_COUNT,PRIMARY_COLL_FACTOR,PCF_CODE_OF_VIOL,PCF_VIOL_CATEGORY,PCF_VIOLATION,PCF_VIOL_SUBSECTION,HIT_AND_RUN,TYPE_OF_COLLISION,MVIW,PED_ACTION,ROAD_SURFACE,ROAD_COND_1,ROAD_COND_2,LIGHTING,CONTROL_DEVICE,CHP_ROAD_TYPE,PEDESTRIAN_ACCIDENT,BICYCLE_ACCIDENT,MOTORCYCLE_ACCIDENT,TRUCK_ACCIDENT,NOT_PRIVATE_PROPERTY,ALCOHOL_INVOLVED,STWD_VEHTYPE_AT_FAULT,CHP_VEHTYPE_AT_FAULT,COUNT_SEVERE_INJ,COUNT_VISIBLE_INJ,COUNT_COMPLAINT_PAIN,COUNT_PED_KILLED,COUNT_PED_INJURED,COUNT_BICYCLIST_KILLED,COUNT_BICYCLIST_INJURED,COUNT_MC_KILLED,COUNT_MC_INJURED,PRIMARY_RAMP,SECONDARY_RAMP,LATITUDE,LONGITUDE,COUNTY,CITY,POINT_X,POINT_Y
94833736,2025,2025-09-08,9265,2025-08-27,"540 ",024692,,3,3,9,3900,0,3,5,,2,060,"FINE RD","COMSTOCK RD",45.00,N,N,A,-,N,,,,,,,,,,Y,3,0,1,1,A,-,08,22107,,N,E,8,A,A,H,-,D,D,0,,,,,Y,,A,01,0,1,0,0,0,0,0,0,0,"- ","- ",38.044448852539062,-121.05045318603516,"SAN JOAQUIN",UNINCORPORATED,-121.0504150390625,38.044525146484375
94839176,2025,2025-09-10,9265,2025-08-29,1629,024692,,5,2,9,3900,0,1,3,,2,004,"SR-99 S/B","CHEROKEE RD",168.00,S,N,A,-,Y,SJ,,99," "," ",20.846,H,,L,N,4,0,1,2,A,-,03,22350,,N,C,C,A,A,H,-,A,D,0,,,,,Y,,A,01,0,0,1,0,0,0,0,0,0,"- ","- ",37.99163818359375,-121.25257873535156,"SAN JOAQUIN",UNINCORPORATED,-121.25261688232422,37.991630554199219
94841191,2025,2025-09-11,9265,2025-08-30,1045,020513,,6,1,9,3900,0,3,5,,2,060,"N. ELLIOTT RD","LIBERTY RD",1777.00,S,N,A,-,N,,,,,,,,,,N,3,0,2,2,A,-,08,22107,,N,F,A,A,A,H,-,A,D,0,,Y,,,Y,,L,04,0,2,0,0,0,0,2,0,0,"- ","- ",38.229709625244141,-121.17141723632812,"SAN JOAQUIN",UNINCORPORATED,-121.17140960693359,38.229751586914062
94843075,2025,2025-09-18,9266,2025-09-02,"810 ",018628,,2,1,9,3900,0,1,1,,2,021,"I-580 W/B","CORRAL HOLLOW RD",2640.00,E,N,B,-,Y,SJ,,580," "," ",7.683,H,,R,Y,4,0,1,3,A,-,03,22350,,N,C,C,A,A,H,-,A,A,0,,,,,Y,,A,07,0,0,1,0,0,0,0,0,0,"- ","- ",37.668220520019531,-121.45028686523438,"SAN JOAQUIN",UNINCORPORATED,-121.45029449462891,37.668212890625
9484340,2022,2022-08-31,3903,2022-06-09,2120,3929,,4,5,4,3903,0,0,0,,0,,"WEST YOSEMITE AV","SWANSON RD",470.00,W,N,A,-,N,,,,,,,,,,N,4,0,1,2,A,-,08,22107,,N,D,C,A,A,H,-,C,D,0,,,Y,,Y,,A,01,0,0,1,0,0,0,0,0,1,"- ","- ",37.797340393066406,-121.26077270507812,"SAN JOAQUIN",MANTECA,-121.26072692871094,37.797325134277344
9484357,2022,2022-08-25,3903,2022-04-11,1507,3111,,1,5,4,3903,0,0,0,,0,,"LATHROP RD","SHERWOOD PL",100.00,E,N,A,-,N,,,,,,,,,,Y,3,0,2,3,A,-,03,22350,,N,C,C,A,A,H,-,A,D,0,,,,,Y,,A,01,0,2,0,0,0,0,0,0,0,"- ","- ",37.826431274414062,-121.23087310791016,"SAN JOAQUIN",MANTECA,-121.23054504394531,37.826431274414062
9484358,2022,2022-08-15,3903,2022-04-11,0710,3111,,1,5,4,3903,0,0,0,,0,,"W ATHERTON DR","S UNION RD S",0.00,,Y,B,-,N,,,,,,,,,,Y,3,0,3,2,D,-,00,,,N,D,C,A,A,H,-,A,A,0,,,,,Y,,-,"- ",0,2,1,0,0,0,0,0,0,"- ","- ",37.779220581054688,-121.23397064208984,"SAN JOAQUIN",MANTECA,-121.23403930664062,37.779209136962891
9484363,2022,2022-08-31,3903,2022-04-04,2300,5169,,1,5,4,3903,0,0,0,,0,,"E PALM AV","AUSTIN RD",5192.00,E,N,A,-,N,,,,,,,,,,N,3,0,1,1,A,-,03,22350,,N,E,J,A,A,B,-,D,D,0,,,Y,,Y,,C,03,0,1,0,0,0,0,0,0,1,"- ","- ",37.763828277587891,-121.16423797607422,"SAN JOAQUIN",MANTECA,-121.16378784179688,37.763801574707031
9484367,2022,2022-08-25,3903,2022-03-30,1842,5717,,3,5,4,3903,0,0,0,,0,,"CROM ST","AIRPORT WAY",0.00,,Y,A,-,N,,,,,,,,,,,3,0,1,2,A,-,08,22107,,N,D,C,A,A,H,-,A,B,0,,,,,Y,,-,"- ",0,1,0,0,0,0,0,0,0,"- ","- ",37.804721832275391,-121.25261688232422,"SAN JOAQUIN",MANTECA,-121.25260162353516,37.804733276367188
9484374,2022,2022-08-22,3903,2022-03-08,1206,3540,,2,5,4,3903,0,0,0,,0,,"W ATHERTON DR","SAND DR",32.00,E,N,A,-,N,,,,,,,,,,Y,3,0,1,1,A,-,01,23152,A,M,E,I,A,A,H,-,A,D,0,,,,,Y,Y,A,01,0,1,0,0,0,0,0,0,0,"- ","- ",37.779228210449219,-121.22601318359375,"SAN JOAQUIN",MANTECA,-121.22592163085938,37.779239654541016
94845320,2025,2025-09-15,9265,2025-08-09,1850,024504,,6,2,4,3903,0,1,3,,2,025,"SR-120 E/B","MAIN ST",1400.00,W,N,A,-,Y,SJ,,120," ",R,5.045,H,,R,N,4,0,1,2,A,-,03,22350,,N,C,C,A,A,H,-,A,D,0,,,,,Y,,A,01,0,0,1,0,0,0,0,0,0,"- ","- ",37.783168792724609,-121.22071075439453,"SAN JOAQUIN",MANTECA,-121.22071075439453,37.783180236816406
94847096,2025,2025-09-16,9265,2025-08-25,1528,017439,,1,2,9,3900,0,1,3,,2,001,"STATE ROUTE 99 S/B","STATE ROUTE 120",7234.00,S,N,A,-,Y,SJ,,99," "," ",4.404,H,,L,N,3,0,2,3,A,-,03,22350,,M,C,C,A,A,H,-,A,D,0,,,,,Y,,-,99,0,2,0,0,0,0,0,0,0,"- ","- ",37.769790649414062,-121.17278289794922,"SAN JOAQUIN",UNINCORPORATED,-121.17279815673828,37.769771575927734
94847113,2025,2025-09-17,9265,2025-09-05,1005,024320,,5,1,9,3900,0,1,3,,2,006,"EAST SR-99 FRONTAGE ROAD","WOODBRIDGE ROAD",0.00,,Y,A,-,N,,,,,,,,,,N,4,0,1,2,A,-,09,21802,A,N,D,C,A,A,H,-,A,C,0,,,,,Y,,A,01,0,0,1,0,0,0,0,0,0,"- ","- ",38.160190582275391,-121.26010131835938,"SAN JOAQUIN",UNINCORPORATED,-121.2601318359375,38.160205841064453
94848362,2025,2025-09-17,9265,2025-09-08,1730,016359,,1,2,9,3900,0,1,3,,2,006,"SR-99 N/B","KETTLEMAN LN",500.00,S,N,A,-,Y,SJ,,99," "," ",29.352,H,,R,Y,3,0,1,3,A,-,03,22350,,N,C,C,A,A,H,-,A,D,0,,,,Y,Y,,A,07,0,1,0,0,0,0,0,0,0,"- ","- ",38.114128112792969,-121.25824737548828,"SAN JOAQUIN",UNINCORPORATED,-121.25827789306641,38.1141357421875
94848707,2025,2025-09-17,9266,2025-09-05,2013,022029,,5,2,9,3900,0,1,1,,2,021,"I-580 E/B","CORRAL HOLLOW RD",5755.00,E,N,A,-,Y,SJ,,580," "," ",7.083,H,,L,Y,3,0,1,2,A,-,07,21658,A,N,B,C,A,A,H,-,D,D,0,,,,Y,Y,,A,01,0,1,0,0,0,0,0,0,0,"- ","- ",37.662700653076172,-121.44181060791016,"SAN JOAQUIN",UNINCORPORATED,-121.44179534912109,37.662715911865234
94849617,2025,2025-09-18,9265,2025-09-06,"456 ",024544,,6,3,9,3900,0,2,4,,1,091,"WEST LN","ARMSTRONG RD",50.00,S,N,A,-,N,,,,,,,,,,Y,4,0,1,3,A,-,01,23152,A,N,C,2,A,A,H,-,C,D,0,,,,,Y,Y,A,01,0,0,1,0,0,0,0,0,0,"- ","- ",38.086200714111328,-121.27842712402344,"SAN JOAQUIN",UNINCORPORATED,-121.27861022949219,38.086322784423828
94850024,2025,2025-09-18,9265,2025-09-03,1838,024490,,3,2,9,3900,0,3,5,,2,050,"DAWES AVE","HORNER AVE",0.00,,Y,A,-,N,,,,,,,,,,Y,3,0,1,2,A,-,09,21802,A,N,D,C,A,A,H,-,A,A,0,,,Y,,Y,,A,07,0,1,0,0,0,0,0,0,1,"- ","- ",37.959251403808594,-121.23011016845703,"SAN JOAQUIN",UNINCORPORATED,-121.23007965087891,37.959228515625
94850512,2025,2025-09-19,9265,2025-09-10,1705,016639,,3,2,9,3900,0,1,3,,1,042,"SR-4 W/B","WILSON WAY",1320.00,W,N,B,-,Y,SJ,,4," ",R,17.560,H,,L,Y,3,0,1,1,A,-,08,22107,,N,E,I,A,A,H,-,A,D,0,,,,,Y,,A,01,0,1,0,0,0,0,0,0,0,"- ","- ",37.952960968017578,-121.27384948730469,"SAN JOAQUIN",UNINCORPORATED,-121.27386474609375,37.953006744384766
94853551,2025,2025-09-22,9265,2025-09-13,2340,023156,,6,3,9,3900,0,3,5,,2,050,"SOUTH B STREET","EIGHTH STREET",142.00,N,N,A,-,N,,,,,,,,,,Y,3,0,1,2,A,-,08,22107,,N,C,E,A,A,H,-,D,D,0,,,,,Y,,A,01,0,1,0,0,0,0,0,0,0,"- ","- ",37.934379577636719,-121.25554656982422,"SAN JOAQUIN",UNINCORPORATED,-121.25555419921875,37.934261322021484
9485451,2022,2022-10-19,3906,2022-08-12,1224,1801,TRACY,5,5,5,3906,0,0,0,,0,004,"W GRANT LINE RD","JOE POMBO PKWY",0.00,,Y,A,-,N,,,,,,,,,,N,3,0,2,2,A,-,03,22350,,N,C,C,A,A,H,-,A,A,0,,,,,Y,,A,01,0,2,0,0,0,0,0,0,0,"- ","- ",37.754199981689453,-121.45889282226562,"SAN JOAQUIN",TRACY,-121.45915222167969,37.754035949707031
94855214,2025,2025-09-22,9265,2025-09-15,"650 ",021364,,1,1,6,3905,0,1,3,,2,003,"SR-99 S/B",SR-26,1050.00,S,N,A,-,Y,SJ,,99," "," ",19.080,H,,L,Y,4,0,1,2,A,-,07,21658,A,N,B,C,A,A,H,-,B,D,0,,,Y,,Y,,C,02,0,0,1,0,0,0,0,0,1,"- ","- ",37.967079162597656,-121.24466705322266,"SAN JOAQUIN",STOCKTON,-121.24465179443359,37.967086791992188
94855301,2025,2025-09-23,9266,2025-09-10,"625 ",024556,,3,1,9,3900,0,1,1,,2,014,"I-205 W/B","ELEVENTH ST",500.00,W,N,A,-,Y,SJ,,205," "," ",2.738,H,,L,Y,4,0,1,3,A,-,07,21658,A,N,B,C,A,A,H,-,B,D,0,,,,Y,Y,,A,01,0,0,1,0,0,0,0,0,0,"- ","- ",37.741081237792969,-121.50681304931641,"SAN JOAQUIN",UNINCORPORATED,-121.50681304931641,37.741035461425781
94856281,2025,2025-09-23,9266,2025-09-11,"10  ",024051,,4,3,9,3900,0,1,1,,2,024,"I-5 N/B",SR-33,5280.00,S,N,A,-,Y,SJ,,5," "," ",5.463,H,,R,Y,4,0,3,1,A,-,08,22107,,N,E,8,A,A,H,-,D,D,0,,,,,Y,,A,01,0,0,3,0,0,0,0,0,0,"- ","- ",37.667041778564453,-121.34314727783203,"SAN JOAQUIN",UNINCORPORATED,-121.34310150146484,37.667041778564453
94856310,2025,2025-09-23,9265,2025-08-31,1343,016510,,7,1,9,3900,0,1,1,,2,505,"I-5 N/B","RT 12",2640.00,S,N,A,-,Y,SJ,,5," "," ",39.036,H,,R,N,3,0,1,2,A,-,08,22107,,F,C,2,A,A,H,-,A,A,0,,,,,Y,,A,01,0,1,0,0,0,0,0,0,0,"- ","- ",38.109241485595703,-121.39305114746094,"SAN JOAQUIN",UNINCORPORATED,-121.39304351806641,38.109245300292969
94856396,2025,2025-09-23,9265,2025-09-15,1814,023277,,1,2,9,3900,0,1,3,,1,092,"SR-12 E/B","PEATLAND RD",1597.00,W,N,A,-,Y,SJ,,12," "," ",6.675,H,,R,Y,3,0,1,2,A,-,03,22350,,N,C,C,A,A,H,-,A,D,0,,,,,Y,,A,01,0,1,0,0,0,0,0,0,0,"- ","- ",38.115360260009766,-121.46193695068359,"SAN JOAQUIN",UNINCORPORATED,-121.46193695068359,38.115383148193359
94856514,2025,2025-09-23,9265,2025-09-16,1610,020513,,2,2,9,3900,0,3,5,,2,060,"KETTLEMAN LN","ALPINE RD",0.00,,Y,A,-,N,,,,,,,,,,Y,4,0,2,2,A,-,09,21801,A,N,A,C,A,A,H,-,A,D,0,,,,,Y,,A,07,0,0,2,0,0,0,0,0,0,"- ","- ",38.116008758544922,-121.21505737304688,"SAN JOAQUIN",UNINCORPORATED,-121.21504974365234,38.115955352783203
94858439,2025,2025-09-24,9266,2025-09-12,2012,024051,,5,2,9,3900,0,1,1,,2,014,"I-205 E/B","ELEVENTH STREET",792.00,E,N,A,-,Y,SJ,,205," ",R,3.519,H,,R,Y,4,0,1,2,A,-,03,22350,,N,C,C,A,A,H,-,D,D,0,,,,,Y,,A,07,0,0,1,0,0,0,0,0,0,"- ","- ",37.741981506347656,-121.49249267578125,"SAN JOAQUIN",UNINCORPORATED,-121.49246215820312,37.741939544677734
94858616,2025,2025-09-24,9265,2025-09-12,1535,024252,,5,2,9,3900,0,2,4,,1,053,SR-88,"WHITE LN",0.00,,Y,A,-,N,,,,,,,,,,N,2,0,5,3,A,-,03,22350,,N,C,C,A,A,H,-,A,D,0,,,,,Y,,A,07,2,3,0,0,0,0,0,0,0,"- ","- ",38.001029968261719,-121.22489166259766,"SAN JOAQUIN",UNINCORPORATED,-121.22476959228516,38.001068115234375
9485975,2022,2022-09-12,3906,2022-08-25,1736,1094,,4,5,5,3906,0,0,0,,0,004,"GRANT LINE RD","LINCOLN BL",325.00,W,N,A,-,N,,,,,,,,,,N,3,0,1,3,A,-,04,21703,,N,C,C,A,A,H,-,A,A,0,,,,Y,Y,,A,01,0,1,0,0,0,0,0,0,0,"- ","- ",,,"SAN JOAQUIN",TRACY,-121.44465637207031,37.754081726074219
94859958,2025,2025-09-25,9265,2025-09-10,1840,024490,,3,2,9,3900,0,1,1,,2,502,"I-5 N/B FROM ROTH ROAD","I-5 N/B ONRAMP",0.00,,Y,A,-,N,,,,,,,,,,N,2,0,1,2,A,-,08,22107,,N,A,G,A,A,H,-,A,D,0,,Y,,,Y,,D,22,1,0,0,0,0,0,1,0,0,"- ","- ",37.855728149414062,-121.28118896484375,"SAN JOAQUIN",UNINCORPORATED,-121.29824066162109,37.941802978515625
9486132,2022,2022-10-12,3903,2022-07-18,1038,2151,,1,5,4,3903,0,0,0,,0,,"YOSEMITE AV","WILLOW AVE",0.00,,N,A,-,N,,,,,,,,,,N,3,0,2,3,A,-,08,22107,,N,G,B,E,A,H,-,A,A,0,Y,,,,Y,,A,01,0,2,0,0,2,0,0,0,0,"- ","- ",,,"SAN JOAQUIN",MANTECA,-121.22071838378906,37.79742431640625
94861660,2025,2025-09-26,9266,2025-09-12,1510,020279,,5,2,2,3920,0,1,1,,2,024,"I-5 N/B","STEWART RD",1482.00,N,N,A,-,Y,SJ,,5," ",R,14.159,H,,R,Y,4,0,2,3,A,-,03,22350,,N,C,C,A,A,H,-,A,D,0,,,,Y,Y,,F,26,0,0,2,0,0,0,0,0,0,"- ","- ",37.782081604003906,-121.31121826171875,"SAN JOAQUIN",LATHROP,-121.31116485595703,37.782032012939453
9486226,2022,2022-09-22,3906,2022-09-05,1139,1803,,1,5,5,3906,0,0,0,,0,002,"S CHRISMAN RD","ELISSAGARAY DR",600.00,N,N,A,-,N,,,,,,,,,,N,4,0,1,1,A,-,07,21658,A,N,E,I,A,A,H,-,A,D,0,,,,,Y,,A,01,0,0,1,0,0,0,0,0,0,"- ","- ",,,"SAN JOAQUIN",TRACY,-121.39813232421875,37.715877532958984
94864447,2025,2025-09-29,9266,2025-09-18,"946 ",019091,,4,1,9,3900,0,1,1,,2,021,"I-580 W/B","TRACY BLVD",528.00,E,N,B,-,Y,SJ,,580," "," ",6.421,H,,R,N,4,0,1,2,A,-,03,22350,,N,B,2,A,A,H,-,A,D,0,,,,,Y,,A,01,0,0,1,0,0,0,0,0,0,"- ","- ",37.657211303710938,-121.43212890625,"SAN JOAQUIN",UNINCORPORATED,-121.43212890625,37.657215118408203
94864608,2025,2025-09-29,9265,2025-09-17,1525,016382,,3,2,6,3905,0,1,3,,2,003,"SR-99 N/B",SR-26,1219.00,S,N,A,-,Y,SJ,,99," "," ",19.048,H,,R,N,4,0,1,2,A,-,03,22350,,M,C,C,A,A,H,-,A,D,0,,,,,Y,,A,07,0,0,1,0,0,0,0,0,0,"- ","- ",37.966728210449219,-121.24423980712891,"SAN JOAQUIN",STOCKTON,-121.24421691894531,37.966739654541016
94867019,2025,2025-09-30,9265,2025-09-02,1435,024396,,2,2,9,3900,1,4,S,,2,901,"FILBERT STREET","MARKET STREET",250.00,S,N,A,-,N,,,,,,,,,,N,3,0,1,1,C,-,18,,,N,H,A,A,A,H,-,A,D,0,,,,,Y,,-,"- ",0,1,0,0,0,0,0,0,0,"- ","- ",37.958648681640625,-121.25321197509766,"SAN JOAQUIN",UNINCORPORATED,-121.25325012207031,37.958629608154297
94867061,2025,2025-09-30,9265,2025-09-19,1315,024404,,5,1,9,3900,0,1,3,,2,001,"SR-99 S/B","JACK TONE RD",525.00,N,N,A,-,Y,SJ,,99," "," ",2.495,H,,L,N,3,0,1,3,A,-,03,22350,,N,C,C,A,A,H,-,A,D,0,,,,,Y,,A,01,0,1,0,0,0,0,0,0,0,"- ","- ",37.753799438476562,-121.14441680908203,"SAN JOAQUIN",UNINCORPORATED,-121.14443969726562,37.753765106201172
94867200,2025,2025-10-01,9265,2025-09-20,1655,024252,,6,2,9,3900,0,1,3,,1,062,SR-88,SR-12,2112.00,W,N,A,-,Y,SJ,,88," "," ",11.883,H,,R,Y,2,0,1,1,A,-,01,23152,A,N,E,I,A,A,H,-,A,D,0,,,,,Y,Y,D,22,1,0,0,0,0,0,0,0,0,"- ","- ",38.132801055908203,-121.16510009765625,"SAN JOAQUIN",UNINCORPORATED,-121.16503143310547,38.132778167724609
94868112,2025,2025-10-01,9266,2025-09-20,1415,020279,,6,2,2,3920,0,1,1,,2,024,"I-5 N/B","STEWART RD",967.00,N,N,A,-,Y,SJ,,5," ",R,14.033,H,,R,Y,4,0,2,2,A,-,03,22350,,N,C,C,A,A,H,-,A,D,0,,,,,Y,,A,01,0,0,2,0,0,0,0,0,0,"- ","- ",37.780818939208984,-121.31288909912109,"SAN JOAQUIN",LATHROP,-121.31285095214844,37.780788421630859
94868180,2025,2025-10-01,9265,2025-09-17,1055,024320,,3,1,9,3900,0,3,5,,2,060,"LIBERTY RD","99 N FRONTAGE",0.00,,Y,A,-,N,,,,,,,,,,N,4,0,1,2,A,-,09,21802,A,N,D,C,A,A,H,-,A,D,0,,,,Y,Y,,G,26,0,0,1,0,0,0,0,0,0,"- ","- ",38.233070373535156,-121.27715301513672,"SAN JOAQUIN",UNINCORPORATED,,
94870345,2025,2025-11-13,9266,2025-09-25,1725,024017,,4,2,9,3900,0,2,4,,1,023,"CHRISMAN ROAD","ELEVENTH STREET",500.00,S,N,A,-,N,,,,,,,,,,Y,3,0,1,3,A,-,03,22350,,N,C,C,A,A,H,-,A,D,0,,,,,Y,,A,01,0,1,0,0,0,0,0,0,0,"- ","- ",37.738418579101562,-121.39826965332031,"SAN JOAQUIN",UNINCORPORATED,-121.39830017089844,37.738426208496094
94871437,2025,2025-10-03,9265,2025-09-24,1245,024290,,3,1,9,3900,0,1,3,,2,001,"SR-99 N/B","FRENCH CAMP RD",2904.00,S,N,A,-,Y,SJ,,99," "," ",12.057,H,,R,Y,4,0,1,2,A,-,03,22350,,N,C,C,A,A,H,-,A,D,0,,,,,Y,,A,01,0,0,1,0,0,0,0,0,0,"- ","- ",37.868091583251953,-121.21919250488281,"SAN JOAQUIN",UNINCORPORATED,-121.21900939941406,37.868099212646484
94874494,2025,2025-10-06,9265,2025-09-12,2242,024531,,5,3,9,3900,0,1,1,,2,503,"I-5 N/B","HOSPITAL RD",415.00,N,N,A,-,Y,SJ,,5," ",R,21.794,H,,R,N,3,0,1,1,A,-,08,22107,,N,E,8,A,A,H,-,D,D,0,,,,Y,Y,,G,25,0,1,0,0,0,0,0,0,0,"- ","- ",37.886978149414062,-121.27989959716797,"SAN JOAQUIN",UNINCORPORATED,-121.27997589111328,37.886962890625
94878354,2025,2025-10-08,9265,2025-09-18,"655 ",024417,,4,1,9,3900,0,1,3,,2,004,"DUSTIN RD","WOODBRIDGE RD",1114.00,S,N,A,-,N,,,,,,,,,,Y,3,0,1,1,A,-,08,22107,,F,E,8,A,A,H,-,B,D,0,,,,,Y,,A,08,0,1,0,0,0,0,0,0,0,"- ","- ",38.163658142089844,-121.22489929199219,"SAN JOAQUIN",UNINCORPORATED,-121.2247314453125,38.160228729248047
94878577,2025,2025-10-08,9265,2025-09-27,1439,017439,,6,2,9,3900,0,1,3,,2,001,"STATE ROUTE 99 S/B","STATE ROUTE 120",7603.00,S,N,A,-,Y,SJ,,99," "," ",4.324,H,,L,N,3,0,1,2,A,-,03,22350,,N,C,C,A,A,H,-,A,D,0,,,,,Y,,D,22,0,1,0,0,0,0,0,0,0,"- ","- ",37.769069671630859,-121.171630859375,"SAN JOAQUIN",UNINCORPORATED,-121.17162322998047,37.769077301025391
94878634,2025,2025-10-09,9265,2025-09-29,1350,021364,,1,1,2,3920,0,1,1,,2,502,"I-5 N/B","LATHROP RD",450.00,N,N,B,-,Y,SJ,,5," ",R,17.628,H,,R,Y,4,0,1,2,A,-,03,22350,,N,C,C,A,A,H,-,A,D,0,,,,,Y,,D,22,0,0,1,0,0,0,0,0,0,"- ","- ",37.827701568603516,-121.28945159912109,"SAN JOAQUIN",LATHROP,-121.28939819335938,37.827686309814453
94878646,2025,2025-10-09,9265,2025-09-29,1720,016510,,1,2,9,3900,0,1,1,,2,505,"WALNUT GROVE RD","WALNUT GROVE COURT",1320.00,W,N,A,-,N,,,,,,,,,,N,3,0,1,1,A,-,08,22107,,N,F,I,A,A,H,-,A,D,0,,,,,Y,,A,01,0,1,0,0,0,0,0,0,0,"- ","- ",38.225669860839844,-121.49324035644531,"SAN JOAQUIN",UNINCORPORATED,-121.49318695068359,38.225631713867188
94880141,2025,2025-10-09,9265,2025-09-30,"653 ",020785,,2,1,9,3900,0,1,3,,2,004,"SR-99 S/B","CHEROKEE RD",600.00,N,N,B,-,Y,SJ,,99," "," ",21.250,H,,L,N,4,0,2,3,A,-,03,22350,,N,C,C,A,A,H,-,A,D,0,,,,,Y,,A,01,0,0,2,0,0,0,0,0,0,"- ","- ",37.997238159179688,-121.25482177734375,"SAN JOAQUIN",UNINCORPORATED,-121.25485229492188,37.997230529785156
94880248,2025,2025-10-09,9266,2025-10-02,"430 ",019182,,4,3,5,3906,0,1,1,,2,014,"I-205 E/B","GRANT LINE RD",40.00,E,N,A,-,Y,SJ,,205," ",R,5.381,H,,R,Y,4,0,1,2,A,-,03,22350,,N,C,C,A,A,H,-,D,D,0,,,,,Y,,A,01,0,0,1,0,0,0,0,0,0,"- ","- ",37.754318237304688,-121.46238708496094,"SAN JOAQUIN",TRACY,-121.46235656738281,37.754264831542969
94884443,2025,2025-10-13,9265,2025-09-25,"715 ",024692,,4,1,9,3900,0,1,1,,2,503,"I-5 S/B TO EIGHTH ST","EIGHTH ST",0.00,,Y,B,-,Y,,,,,,,,,,N,4,0,1,2,A,-,10,21950,A,N,B,B,B,A,H,-,A,A,0,Y,,,,Y,,A,01,0,0,1,0,1,0,0,0,0,"- ","- ",37.926788330078125,-121.29535675048828,"SAN JOAQUIN",UNINCORPORATED,-121.294677734375,37.926727294921875
94884643,2025,2025-10-14,9265,2025-10-02,1143,023096,,4,1,9,3900,0,3,5,,2,060,"HARNEY LANE","BECKMAN RD",0.00,,Y,B,-,N,,,,,,,,,,Y,4,0,2,3,A,-,09,21801,A,N,A,2,A,B,H,-,A,A,0,,,,,Y,,A,07,0,0,2,0,0,0,0,0,0,"- ","- ",38.101528167724609,-121.25711822509766,"SAN JOAQUIN",UNINCORPORATED,-121.25700378417969,38.101554870605469
94887746,2025,2025-10-15,9265,2025-10-05,1815,024209,,7,2,9,3900,0,1,1,,2,502,"I-5 S/B","LOUISE AVE",300.00,S,N,A,-,Y,SJ,,5," ",R,16.311,H,,L,Y,3,0,1,2,A,-,03,22350,,N,C,C,A,A,H,-,A,D,0,,,,,Y,,A,01,0,1,0,0,0,0,0,0,0,"- ","- ",37.809398651123047,-121.29660797119141,"SAN JOAQUIN",UNINCORPORATED,-121.29665374755859,37.809410095214844
94887853,2025,2025-10-15,9265,2025-10-06,1720,016359,,1,2,9,3900,0,1,3,,2,001,"SR-99 N/B",SR-120,4000.00,S,N,A,-,Y,SJ,,99," "," ",4.914,H,,R,Y,4,0,1,2,A,-,03,22350,,N,C,C,A,C,D,-,A,D,0,,,,,Y,,A,07,0,0,1,0,0,0,0,0,0,"- ","- ",37.775028228759766,-121.17957305908203,"SAN JOAQUIN",UNINCORPORATED,-121.17959594726562,37.775009155273438
94887890,2025,2025-10-15,9265,2025-10-06,1430,020513,,1,2,9,3900,0,3,5,,2,060,"HARNEY LN","LOCUST TREE RD",2160.00,W,N,A,-,N,,,,,,,,,,Y,3,0,1,1,A,-,01,23152,A,N,E,I,A,A,H,-,A,D,0,,,,,Y,Y,A,08,0,1,0,0,0,0,0,0,0,"- ","- ",38.101478576660156,-121.20401000976562,"SAN JOAQUIN",UNINCORPORATED,-121.20398712158203,38.101547241210938
94890058,2025,2025-10-16,9265,2025-10-06,1102,024490,,1,1,9,3900,0,1,3,,1,062,"WILCOX RD","SR-88 W/B",0.00,,Y,A,-,Y,SJ,,88," "," ",0.403,H,,L,Y,3,0,1,2,A,-,09,21802,A,N,D,C,A,A,H,-,A,A,0,,,,,Y,,D,22,0,1,0,0,0,0,0,0,0,"- ","- ",37.988410949707031,-121.24445343017578,"SAN JOAQUIN",UNINCORPORATED,-121.24440765380859,37.988372802734375