CASE_ID,ACCIDENT_YEAR,PROC_DATE,JURIS,COLLISION_DATE,COLLISION_TIME,OFFICER_ID,REPORTING_DISTRICT,DAY_OF_WEEK,CHP_SHIFT,POPULATION,CNTY_CITY_LOC,SPECIAL_COND,BEAT_TYPE,CHP_BEAT_TYPE,CITY_DIVISION_LAPD,CHP_BEAT_CLASS,BEAT_NUMBER,PRIMARY_RD,SECONDARY_RD,DISTANCE,DIRECTION,INTERSECTION,WEATHER_1,WEATHER_2,STATE_HWY_IND,CALTRANS_COUNTY,CALTRANS_DISTRICT,STATE_ROUTE,ROUTE_SUFFIX,POSTMILE_PREFIX,POSTMILE,LOCATION_TYPE,RAMP_INTERSECTION,SIDE_OF_HWY,TOW_AWAY,COLLISION_SEVERITY,NUMBER_KILLED,NUMBER_INJURED,PARTY_COUNT,PRIMARY_COLL_FACTOR,PCF_CODE_OF_VIOL,PCF_VIOL_CATEGORY,PCF_VIOLATION,PCF_VIOL_SUBSECTION,HIT_AND_RUN,TYPE_OF_COLLISION,MVIW,PED_ACTION,ROAD_SURFACE,ROAD_COND_1,ROAD_COND_2,LIGHTING,CONTROL_DEVICE,CHP_ROAD_TYPE,PEDESTRIAN_ACCIDENT,BICYCLE_ACCIDENT,MOTORCYCLE_ACCIDENT,TRUCK_ACCIDENT,NOT_PRIVATE_PROPERTY,ALCOHOL_INVOLVED,STWD_VEHTYPE_AT_FAULT,CHP_VEHTYPE_AT_FAULT,COUNT_SEVERE_INJ,COUNT_VISIBLE_INJ,COUNT_COMPLAINT_PAIN,COUNT_PED_KILLED,COUNT_PED_INJURED,COUNT_BICYCLIST_KILLED,COUNT_BICYCLIST_INJURED,COUNT_MC_KILLED,COUNT_MC_INJURED,PRIMARY_RAMP,SECONDARY_RAMP,LATITUDE,LONGITUDE,COUNTY,CITY,POINT_X,POINT_Y
8003102,2015,2016-08-31,3902,2015-10-28,0656,23,,3,5,5,3902,0,0,0,,0,,"LOWER SACRAMENTO RD","KETTLEMAN LN",678.00,S,N,A,-,N,,,,,,,,,,Y,1,1,0,2,A,-,09,21804,A,N,D,C,A,B,H,-,B,A,0,,,Y,,Y,,A,01,0,0,0,0,0,0,0,1,0,"- ","- ",,,"SAN JOAQUIN",LODI,-121.30660951999999,38.113638420000001
8010188,2016,2016-04-11,3905,2016-03-13,1515,2525,LAK,7,5,6,3905,0,0,0,,0,,"SWAIN RD","FERN ST",0.00,,Y,A,-,N,,,,,,,,,,Y,3,0,2,2,A,-,09,21802,A,N,D,C,A,B,H,-,A,A,0,,,,,Y,,A,01,0,2,0,0,0,0,0,0,0,"- ","- ",38.003480000000003,-121.32295999999999,"SAN JOAQUIN",STOCKTON,-121.32349992,38.003229959999999
8010192,2016,2016-04-11,3905,2016-03-14,1431,2529,CIV,1,5,6,3905,0,0,0,,0,0CS,"HARDING WY","CALIFORNIA ST",0.00,,Y,A,-,N,,,,,,,,,,Y,3,0,1,2,A,-,12,21453,A,N,D,C,A,A,H,-,A,A,0,,,,,Y,,-,"- ",0,1,0,0,0,0,0,0,0,"- ","- ",37.968400000000003,-121.28842,"SAN JOAQUIN",STOCKTON,-121.28861992,37.968429890000003
8010199,2016,2016-04-11,3905,2016-03-07,0722,1312,LAK,1,5,6,3905,0,0,0,,0,,"PERSHING AV","ROSE MARIE LN",500.00,N,N,B,-,N,,,,,,,,,,N,4,0,1,2,A,-,11,21955,,N,G,B,D,A,H,-,A,D,0,Y,,,,Y,,N,60,0,0,1,0,1,0,0,0,0,"- ","- ",37.986820000000002,-121.32039,"SAN JOAQUIN",STOCKTON,-121.32144414,37.987898199999997
8010200,2016,2016-04-11,3905,2016-03-15,1601,2760,PAR,2,5,6,3905,0,0,0,,0,,"WILSON WY","ANDERSON ST",0.00,,Y,A,-,N,,,,,,,,,,Y,4,0,2,2,A,-,12,21457,A,N,D,C,A,A,H,-,A,A,0,,,,,Y,,A,07,0,0,2,0,0,0,0,0,0,"- ","- ",37.945740000000001,-121.26891000000001,"SAN JOAQUIN",STOCKTON,-121.26884993,37.945899900000001
8010203,2016,2016-04-11,3905,2016-03-07,1315,2463,CIV,1,5,6,3905,0,0,0,,0,,"HARDING WY","CENTER ST",50.00,W,N,A,-,N,,,,,,,,,,N,4,0,4,2,A,-,03,22350,,N,D,C,A,A,H,-,A,D,0,,,,,Y,,A,07,0,0,4,0,0,0,0,0,0,"- ","- ",37.96734,-121.29494,"SAN JOAQUIN",STOCKTON,-121.29530957,37.967281079999999
8010212,2016,2016-04-11,3905,2016-03-04,1921,2277,VAL,5,5,6,3905,0,0,0,,0,,"MARCH LN","WEBER RANCH PK",0.00,,Y,B,-,N,,,,,,,,,,Y,4,0,1,2,A,-,12,21453,A,N,D,C,A,B,H,-,C,A,0,,,,,Y,,A,01,0,0,1,0,0,0,0,0,0,"- ","- ",38.002699999999997,-121.28756,"SAN JOAQUIN",STOCKTON,-121.28813999,38.002809919999997
8010235,2016,2016-04-11,3905,2016-03-09,1615,2277,LAK,3,5,6,3905,0,0,0,,0,,"PACIFIC AV","BIANCHI RD",50.00,S,N,A,-,N,,,,,,,,,,N,4,0,1,2,A,-,11,21955,,N,G,B,D,A,H,-,A,A,0,Y,,,,Y,,N,60,0,0,1,0,1,0,0,0,0,"- ","- ",37.987960000000001,-121.3109,"SAN JOAQUIN",STOCKTON,-121.31236681,37.987409290000002
8010261,2016,2016-04-12,3905,2016-03-20,0742,2536,BEA,7,5,6,3905,0,0,0,,0,,"THORNTON RD","WAGNER HEIGHTS RD",97.00,S,N,A,-,N,,,,,,,,,,Y,4,0,2,2,A,-,09,21804,A,N,D,C,A,A,H,-,A,A,0,,,,,Y,,A,01,0,0,2,0,0,0,0,0,0,"- ","- ",38.035299999999999,-121.33933,"SAN JOAQUIN",STOCKTON,-121.33885837,38.03530276
8010297,2016,2016-04-12,3905,2016-03-09,1030,1312,VAL,3,5,6,3905,0,0,0,,0,,"WEST LN E FRONTAGE RD","HAMMERTOWN DR",800.00,N,N,C,-,N,,,,,,,,,,Y,4,0,4,2,A,-,09,21801,A,N,A,C,A,B,H,-,A,D,0,,,,,Y,,A,01,0,0,4,0,0,0,0,0,0,"- ","- ",38.016579999999998,-121.29474,"SAN JOAQUIN",STOCKTON,-121.29485071000001,38.018716830000002
8015132,2016,2016-04-12,3905,2016-03-17,1644,2760,LAK,4,5,6,3905,0,0,0,,0,,"MARCH LN","PRECISSI LN",0.00,,Y,B,-,N,,,,,,,,,,Y,3,0,3,3,A,-,12,21453,A,N,D,C,A,A,H,-,A,A,0,,,,,Y,,D,22,0,2,1,0,0,0,0,0,0,"- ","- ",37.990720000000003,-121.31529999999999,"SAN JOAQUIN",STOCKTON,-121.31574989000001,37.990629980000001
8017997,2016,2016-04-22,3902,2016-04-14,1436,LF74,,4,5,5,3902,0,0,0,,0,,"NORTH STOCKTON ST","EAST LOCUST ST",204.00,N,N,A,-,N,,,,,,,,,,Y,4,0,1,2,A,-,09,21804,A,N,D,C,A,A,H,-,A,D,0,,,,,Y,,A,01,0,0,1,0,0,0,0,0,0,"- ","- ",,,"SAN JOAQUIN",LODI,-121.26919246999999,38.13699982
8023480,2016,2016-04-29,3905,2016-03-30,1238,3452,CIV,3,5,6,3905,0,0,0,,0,,"DELAWARE AV","COUNTRY CLUB BL",145.00,N,N,A,-,N,,,,,,,,,,Y,4,0,1,2,A,-,03,22350,,N,C,E,A,A,H,-,A,D,0,,,,,Y,,D,22,0,0,1,0,0,0,0,0,0,"- ","- ",37.965769999999999,-121.33089,"SAN JOAQUIN",STOCKTON,-121.3311707,37.965852390000002
8023491,2016,2016-04-27,3905,2016-04-03,1144,2529,PAR,7,5,6,3905,0,0,0,,0,,"MARTIN LUTHER KING BL","AIRPORT WY",72.00,E,N,A,-,N,,,,,,,,,,Y,3,0,5,2,A,-,01,23152,A,F,D,C,A,A,H,-,A,A,0,,,,,Y,Y,D,22,0,2,3,0,0,0,0,0,0,"- ","- ",37.941479999999999,-121.27059,"SAN JOAQUIN",STOCKTON,-121.27033476,37.941597020000003
8023614,2016,2016-06-07,3905,2016-04-09,1250,2711,,6,5,6,3905,0,0,0,,0,,"FILBERT ST","E POPLAR ST",20.00,S,N,C,-,N,,,,,,,,,,N,4,0,1,2,A,-,03,22350,,N,C,C,A,B,H,-,A,A,0,,,,,Y,,A,07,0,0,1,0,0,0,0,0,0,"- ","- ",,,"SAN JOAQUIN",STOCKTON,-121.25771619,37.968878410000002
8023625,2016,2016-06-07,3905,2016-04-06,0805,1312,VAL,3,5,6,3905,0,0,0,,0,,"HAMMER LN","TAM O SHANTER DR",15.00,E,N,A,-,N,,,,,,,,,,N,4,0,1,2,A,-,03,22350,,F,C,C,A,A,H,-,A,A,0,,,,,Y,,A,01,0,0,1,0,0,0,0,0,0,"- ","- ",38.021000000000001,-121.30083999999999,"SAN JOAQUIN",STOCKTON,-121.30048793,38.021019340000002
8023631,2016,2016-04-25,3905,2016-04-01,1908,2277,PAR,5,5,6,3905,0,0,0,,0,,"AIRPORT WY","PARK ST",0.00,,Y,A,-,N,,,,,,,,,,N,4,0,1,2,A,-,05,21202,A,N,H,G,A,A,H,-,A,A,0,,Y,,,Y,,L,04,0,0,1,0,0,0,1,0,0,"- ","- ",37.962240000000001,-121.27593,"SAN JOAQUIN",STOCKTON,-121.27607987,37.962319919999999
8023646,2016,2016-04-25,3905,2016-04-06,0424,2671,VAL,3,5,6,3905,0,0,0,,0,,"HAMMER LN","PALISADES DR",222.00,E,N,A,-,N,,,,,,,,,,N,2,0,1,2,A,-,11,21956,,N,G,B,E,A,H,-,C,D,0,Y,,,,Y,Y,N,60,1,0,0,0,1,0,0,0,0,"- ","- ",38.020960000000002,-121.29774,"SAN JOAQUIN",STOCKTON,-121.29666949999999,38.021014110000003
8023650,2016,2016-04-25,3905,2016-04-01,1817,2277,,5,5,6,3905,0,0,0,,0,,"MICHIGAN AV","PLYMOUTH RD",5.00,E,N,A,-,N,,,,,,,,,,N,4,0,1,2,A,-,12,22450,A,M,G,B,B,A,H,-,A,A,0,Y,,,,Y,,A,01,0,0,1,0,1,0,0,0,0,"- ","- ",37.967770000000002,-121.33588,"SAN JOAQUIN",STOCKTON,-121.33605338,37.96746392
8023665,2016,2016-04-25,3905,2016-04-11,1328,2463,CIV,1,5,6,3905,0,0,0,,0,,"PERSHING AV","PARK ST",0.00,,Y,A,-,N,,,,,,,,,,Y,4,0,1,2,A,-,12,21453,A,N,D,C,A,A,H,-,A,A,0,,,,,Y,,A,01,0,0,1,0,0,0,0,0,0,"- ","- ",37.956389999999999,-121.31207000000001,"SAN JOAQUIN",STOCKTON,-121.31210993000001,37.956249909999997
8023666,2016,2016-04-25,3905,2016-04-03,1337,2525,PAR,7,5,6,3905,0,0,0,,0,,"AIRPORT WY","RALPH AV",39.00,S,N,A,-,N,,,,,,,,,,Y,2,0,7,4,A,-,03,22350,,N,C,C,A,A,H,-,A,A,0,,,,,Y,,A,01,1,1,5,0,0,0,0,0,0,"- ","- ",37.919939999999997,-121.26209,"SAN JOAQUIN",STOCKTON,-121.2622451,37.919928970000001
8023669,2016,2016-04-25,3905,2016-04-11,1716,2747,CIV,1,5,6,3905,0,0,0,,0,,"HARDING WY","LINCOLN ST",100.00,W,N,B,-,N,,,,,,,,,,Y,4,0,1,2,A,-,03,22350,,N,C,C,A,A,H,-,A,A,0,,,,,Y,,A,01,0,0,1,0,0,0,0,0,0,"- ","- ",37.966270000000002,-121.30146999999999,"SAN JOAQUIN",STOCKTON,-121.30197947000001,37.966143420000002
8023671,2016,2016-04-26,3905,2016-04-01,1430,2277,VAL,5,5,6,3905,0,0,0,,0,,"TAM O SHANTER DR","LENCOE DR",75.00,N,N,A,-,N,,,,,,,,,,N,4,0,1,2,A,-,08,22103,,N,D,C,A,A,H,-,A,D,0,,,,,Y,,A,01,0,0,1,0,0,0,0,0,0,"- ","- ",,,"SAN JOAQUIN",STOCKTON,-121.30056381,38.027151719999999
8023677,2016,2016-04-25,3905,2016-04-05,1540,2463,CIV`,2,5,6,3905,0,0,0,,0,,"CALIFORNIA ST","WASHINGTON ST",0.00,,Y,A,-,N,,,,,,,,,,Y,4,0,1,2,A,-,12,21453,A,N,D,C,A,A,H,-,A,A,0,,,,,Y,,A,01,0,0,1,0,0,0,0,0,0,"- ","- ",37.951599999999999,-121.28403,"SAN JOAQUIN",STOCKTON,-121.28404986,37.951619890000003
8023736,2016,2016-04-26,3905,2016-03-28,1630,2786,CIV,1,5,6,3905,0,0,0,,0,,"WEST LN",UPRR,29.00,S,N,A,-,N,,,,,,,,,,Y,4,0,1,2,A,-,03,22350,,F,C,C,A,A,H,-,A,D,0,,,,,Y,,A,01,0,0,1,0,0,0,0,0,0,"- ","- ",38.079329999999999,-121.35173,"SAN JOAQUIN",STOCKTON,,
8023773,2016,2016-04-28,3905,2016-03-25,0937,1422,LAK,5,5,6,3905,0,0,0,,0,,"BENJAMIN HOLT DR","CUMBERLAND PL",27.00,W,N,A,-,N,,,,,,,,,,Y,3,0,1,1,C,-,18,,,N,E,I,A,A,H,-,A,A,0,,,,,Y,,-,"- ",0,1,0,0,0,0,0,0,0,"- ","- ",38.005659999999999,-121.36314,"SAN JOAQUIN",STOCKTON,-121.36260989,38.005659029999997
8025716,2016,2016-04-21,3903,2016-03-09,1709,1751,,3,5,4,3903,0,0,0,,0,,"MAIN ST","LOUISE AV",185.00,S,N,B,-,N,,,,,,,,,,N,4,0,1,2,A,-,05,21650,,N,H,G,A,A,H,-,A,D,0,,Y,,,Y,,-,"- ",0,0,1,0,0,0,1,0,0,"- ","- ",,,"SAN JOAQUIN",MANTECA,-121.21702089,37.811432140000001
8025728,2016,2016-04-25,3903,2016-03-15,1737,1751,,2,5,4,3903,0,0,0,,0,,"WOODWARD AV","UNION RD",629.00,E,N,A,-,N,,,,,,,,,,Y,2,0,1,2,A,-,00,23103,A,N,C,C,A,A,H,-,A,D,0,,,Y,,Y,,C,02,1,0,0,0,0,0,0,0,1,"- ","- ",,,"SAN JOAQUIN",MANTECA,-121.23179361,37.77565001
8025730,2016,2016-04-22,3903,2016-03-25,0812,3580,,5,5,4,3903,0,0,0,,0,,"AIRPORT WY","WAWONA ST",28.00,N,N,A,-,N,,,,,,,,,,Y,4,0,1,2,A,-,04,21703,,N,C,C,A,A,H,-,A,D,0,,,,,Y,,D,23,0,0,1,0,0,0,0,0,0,"- ","- ",,,"SAN JOAQUIN",MANTECA,-121.25221000000001,37.790186900000002
8025752,2016,2016-04-20,3903,2016-03-26,2248,3302,,6,5,4,3903,0,0,0,,0,,"ATHERTON DR","MAIN ST",49.00,E,N,A,-,N,,,,,,,,,,Y,3,0,1,1,A,-,03,22350,,N,E,I,A,A,H,-,C,A,0,,,,,Y,,A,01,0,1,0,0,0,0,0,0,0,"- ","- ",,,"SAN JOAQUIN",MANTECA,-121.21576,37.779249999999998
8025918,2016,2016-04-21,3903,2016-03-09,1252,1751,,3,5,4,3903,0,0,0,,0,,"CENTER ST","VEACH AV",0.00,,Y,A,B,N,,,,,,,,,,N,4,0,1,2,A,-,03,22350,,N,C,C,A,A,H,-,A,D,0,,,,,Y,,A,01,0,0,1,0,0,0,0,0,0,"- ","- ",,,"SAN JOAQUIN",MANTECA,-121.22506,37.799129890000003
8026322,2016,2016-04-27,3906,2016-04-07,1059,001374,,4,5,5,3906,0,0,0,,0,005,"GRANT LINE RD","PARKER AV",0.00,,Y,B,-,N,,,,,,,,,,Y,4,0,1,2,A,-,12,21453,A,N,D,D,A,A,H,-,A,A,0,,,,,Y,,A,01,0,0,1,0,0,0,0,0,0,"- ","- ",37.754159999999999,-121.43001,"SAN JOAQUIN",TRACY,-121.42989994,37.754209979999999
8028930,2016,2016-05-27,3905,2016-04-25,1158,2537,VAL,1,5,6,3905,0,0,0,,0,,"WEST LN","BIANCHI RD",82.00,N,N,A,-,N,,,,,,,,,,Y,4,0,1,4,A,-,03,22350,,N,C,C,A,A,H,-,A,A,0,,,,,Y,,A,01,0,0,1,0,0,0,0,0,0,"- ","- ",37.997680000000003,-121.28846,"SAN JOAQUIN",STOCKTON,-121.2891171,37.997864399999997
8028978,2016,2016-05-25,3905,2016-05-09,1703,2821,CIV,1,5,6,3905,0,0,0,,0,,"FREMONT ST","EL DORADO ST",0.00,,Y,A,-,N,,,,,,,,,,N,4,0,1,2,A,-,10,21950,A,F,G,B,B,A,H,-,A,A,0,Y,,,,Y,,-,99,0,0,1,0,1,0,0,0,0,"- ","- ",37.957659999999997,-121.29111,"SAN JOAQUIN",STOCKTON,-121.29115994999999,37.95763994
8028980,2016,2016-05-25,3905,2016-05-09,1631,2537,CIV,1,5,6,3905,0,0,0,,0,,"SUTTER ST","LAFAYETTE ST",0.00,,Y,A,-,N,,,,,,,,,,Y,3,0,1,2,A,-,09,21802,A,N,D,C,A,A,H,-,A,A,0,,,,,Y,,A,07,0,1,0,0,0,0,0,0,0,"- ","- ",37.950420000000001,-121.28509,"SAN JOAQUIN",STOCKTON,-121.28506996,37.95043999
8029011,2016,2016-05-25,3905,2016-05-13,1406,2525,CIV,5,5,6,3905,0,0,0,,0,,"HARDING WY","LINCOLN ST",0.00,,Y,A,-,N,,,,,,,,,,Y,4,0,3,2,A,-,09,21801,A,N,D,C,A,A,H,-,A,A,0,,,,,Y,,A,01,0,0,3,0,0,0,0,0,0,"- ","- ",37.966270000000002,-121.30146999999999,"SAN JOAQUIN",STOCKTON,-121.30163992,37.966199959999997
8029013,2016,2016-05-25,3905,2016-05-17,1158,3452,CIV,2,5,6,3905,0,0,0,,0,,"CALIFORNIA ST","FLORA ST",6.00,S,N,A,-,N,,,,,,,,,,N,4,0,1,2,A,-,10,21950,A,M,G,B,B,A,H,-,A,D,0,Y,,,,Y,,A,01,0,0,1,0,1,0,0,0,0,"- ","- ",37.96152,-121.28662,"SAN JOAQUIN",STOCKTON,-121.28675552,37.961513910000001
8029021,2016,2016-05-25,3905,2016-05-05,0755,2536,BEA,4,5,6,3905,0,0,0,,0,,"LAN ARK DR","IRIS AV",0.00,,Y,B,-,N,,,,,,,,,,Y,4,0,1,2,A,-,09,21801,A,N,D,C,A,A,H,-,A,A,0,,,,,Y,,A,01,0,0,1,0,0,0,0,0,0,"- ","- ",38.022060000000003,-121.30988000000001,"SAN JOAQUIN",STOCKTON,-121.30959989,38.021949939999999
8029028,2016,2016-05-25,3905,2016-05-02,1615,2747,CIV,1,5,6,3905,0,0,0,,0,,"MENDOCINO AV","PERSHING AV",0.00,,Y,A,-,N,,,,,,,,,,Y,3,0,2,2,A,-,09,21801,A,N,D,C,A,A,H,-,A,D,0,,,,,Y,,A,07,0,1,1,0,0,0,0,0,0,"- ","- ",37.974420000000002,-121.31676,"SAN JOAQUIN",STOCKTON,-121.31711992,37.97443998
8029037,2016,2016-05-25,3905,2016-05-11,1846,2463,SEA,3,5,6,3905,0,0,0,,0,,"8TH ST","STOCKTON ST",7.00,E,N,A,-,N,,,,,,,,,,Y,4,0,1,2,A,-,09,21804,A,N,H,C,A,A,H,-,A,D,0,,,,,Y,,A,01,0,0,1,0,0,0,0,0,0,"- ","- ",37.926729999999999,-121.30011,"SAN JOAQUIN",STOCKTON,-121.29981573000001,37.9266498
8029040,2016,2016-05-25,3905,2016-05-11,1336,2537,CIV,3,5,6,3905,0,0,0,,0,,"EL DORADO ST","MCKENZIE AV",7.00,W,N,A,-,N,,,,,,,,,,N,4,0,1,2,A,-,09,21801,A,N,D,C,A,A,H,-,A,A,0,,,,,Y,,A,07,0,0,1,0,0,0,0,0,0,"- ","- ",37.983939999999997,-121.30051,"SAN JOAQUIN",STOCKTON,-121.30087759,37.983848260000002
8029096,2016,2016-05-25,3905,2016-04-25,2030,2733,BEA,1,5,6,3905,0,0,0,,0,,"ESTATE DR","FOUNTAIN VALLEY DR",0.00,,Y,A,-,N,,,,,,,,,,N,4,0,1,2,A,-,03,22350,,N,C,C,A,A,H,-,C,D,0,,,,,Y,,A,01,0,0,1,0,0,0,0,0,0,"- ","- ",38.041240000000002,-121.35556,"SAN JOAQUIN",STOCKTON,-121.35541993,38.041339970000003
8031767,2016,2016-05-09,3905,2016-04-23,1256,2537,LAK,6,5,6,3905,0,0,0,,0,,"YOKUTS AV","PACIFIC AV",460.00,E,N,A,-,N,,,,,,,,,,Y,4,0,1,2,A,-,09,21804,A,N,D,C,A,A,H,-,A,D,0,,,,,Y,,A,01,0,0,1,0,0,0,0,0,0,"- ","- ",37.996760000000002,-121.3143,"SAN JOAQUIN",STOCKTON,-121.31320110999999,37.997028559999997
8031775,2016,2016-05-09,3905,2016-04-21,1933,2525,PAR,4,5,6,3905,0,0,0,,0,,"WILSON WY","HAZELTON AV",0.00,,Y,A,-,N,,,,,,,,,,Y,4,0,3,2,A,-,12,21453,A,N,D,C,A,A,H,-,C,A,0,,,,,Y,,A,01,0,0,3,0,0,0,0,0,0,"- ","- ",37.949730000000002,-121.26994999999999,"SAN JOAQUIN",STOCKTON,-121.26993999,37.949849919999998
8031787,2016,2016-05-09,3905,2016-04-30,1317,2277,SEA,6,5,6,3905,0,0,0,,0,,"AMERICAN ST","2ND ST",0.00,,Y,A,-,N,,,,,,,,,,Y,4,0,1,1,A,-,03,22350,,N,E,I,A,A,H,-,A,A,0,,,,,Y,,A,07,0,0,1,0,0,0,0,0,0,"- ","- ",37.937440000000002,-121.27898,"SAN JOAQUIN",STOCKTON,-121.27884989,37.93749992
8031788,2016,2016-05-10,3905,2016-04-15,1711,2616,PAR,5,5,6,3905,0,0,0,,0,,"MARTIN LUTHER KING BL","GOLDEN GATE AV",1056.00,W,N,A,-,N,,,,,,,,,,Y,4,0,1,3,A,-,09,21804,A,F,D,C,A,A,H,-,A,D,0,,,,,Y,Y,A,07,0,0,1,0,0,0,0,0,0,"- ","- ",37.951000000000001,-121.24315,"SAN JOAQUIN",STOCKTON,-121.24644486,37.950018880000002
8031815,2016,2016-05-09,3905,2016-04-24,1355,1393,VAL,7,5,6,3905,0,0,0,,0,,"MARCH LN","KENTFIELD RD",45.00,E,N,B,-,N,,,,,,,,,,N,4,0,1,2,A,-,03,22350,,N,C,C,A,A,H,-,A,A,0,,,,,Y,,A,07,0,0,1,0,0,0,0,0,0,"- ","- ",37.997790000000002,-121.30302,"SAN JOAQUIN",STOCKTON,-121.30351056000001,37.997839630000001
8031818,2016,2016-05-09,3905,2016-04-29,1728,2525,SEA,5,5,6,3905,0,0,0,,0,,"PORT TRINITY CIR","8TH ST E",23.00,S,N,A,-,N,,,,,,,,,,Y,4,0,3,1,A,-,03,22350,,N,E,I,A,A,H,-,A,A,0,,,,,Y,,A,01,0,0,3,0,0,0,0,0,0,"- ","- ",37.926729999999999,-121.30011,"SAN JOAQUIN",STOCKTON,-121.30165106,37.926586839999999
8032295,2016,2016-05-02,3902,2016-03-14,1730,75,,1,5,5,3902,0,0,0,,0,,"W TOKAY ST","SOUTH CHURCH ST",0.00,,Y,A,-,N,,,,,,,,,,Y,4,0,2,2,D,-,00,,,N,D,C,A,A,H,-,A,A,0,,,,,Y,,-,"- ",0,0,2,0,0,0,0,0,0,"- ","- ",,,"SAN JOAQUIN",LODI,-121.27562995,38.126429940000001
8033302,2016,2016-05-06,3900,2016-04-28,0753,4595,MANTE,4,5,2,3920,0,0,0,,0,009,"LOUISE AV","5TH ST",0.00,,Y,A,-,N,,,,,,,,,,Y,4,0,1,2,A,-,12,21453,A,N,D,C,A,A,H,-,A,A,0,,,,,Y,,A,01,0,0,1,0,0,0,0,0,0,"- ","- ",,,"SAN JOAQUIN",LATHROP,-121.27742992,37.811809959999998
8034777,2016,2016-05-16,3903,2016-04-09,1446,3569,,6,5,4,3903,0,0,0,,0,003,"ALLEY BETWEEN JESSIE & WILLOW","STOCKTON ST",40.00,N,N,A,-,N,,,,,,,,,,N,2,0,1,1,A,-,03,22350,,N,F,A,A,A,H,-,A,D,0,,,Y,,Y,,C,02,1,0,0,0,0,0,0,0,1,"- ","- ",,,"SAN JOAQUIN",MANTECA,-121.22119188000001,37.795733120000001
8034779,2016,2016-05-16,3903,2016-04-07,1230,2916,,4,5,4,3903,0,0,0,,0,,"LOUISE AV","BRIDGETON AV",0.00,,Y,A,-,N,,,,,,,,,,N,3,0,1,2,A,-,09,21802,A,N,D,C,A,A,H,-,A,A,0,,,,,Y,,A,01,0,1,0,0,0,0,0,0,0,"- ","- ",,,"SAN JOAQUIN",MANTECA,-121.24173999,37.811929910000003
8038877,2016,2016-06-02,3900,2016-05-02,1440,7688,MANTE,1,5,2,3920,0,0,0,,0,,"HARLAN RD","STONEBRIDGE LN",0.00,,Y,A,-,N,,,,,,,,,,Y,4,0,2,2,A,-,09,21801,A,N,D,C,A,A,H,-,A,A,0,,,,,Y,,A,07,0,0,2,0,0,0,0,0,0,"- ","- ",,,"SAN JOAQUIN",LATHROP,-121.28614996,37.836019950000001
8041809,2016,2016-05-27,3906,2016-05-15,1457,1068,,7,5,5,3906,0,0,0,,0,003,"WEST 11TH ST","GATEWAY PLAZA",0.00,,Y,A,-,N,,,,,,,,,,Y,4,0,1,2,A,-,12,21453,A,N,-,C,A,A,H,-,A,A,0,,,,,Y,,A,01,0,0,1,0,0,0,0,0,0,"- ","- ",,,"SAN JOAQUIN",TRACY,,
8041925,2016,2016-05-27,3906,2016-05-21,2341,1339,55,6,5,5,3906,0,0,0,,0,002,"S MACARTHUR DR","JESSIE MARTINEZ DR",150.00,N,N,A,-,N,,,,,,,,,,Y,4,0,3,1,A,-,08,22107,,M,F,J,A,A,H,-,C,D,0,,,,,Y,,A,01,0,0,3,0,0,0,0,0,0,"- ","- ",,,"SAN JOAQUIN",TRACY,-121.41640369,37.718701979999999
8046991,2016,2016-05-18,3902,2016-04-29,1949,AB36,,5,5,5,3902,0,0,0,,0,,"ATHERTON DR","KEAGLE WY",17.00,S,N,A,-,N,,,,,,,,,,N,3,0,1,2,A,-,08,22107,,N,F,E,A,A,H,-,B,D,0,,,,,Y,,A,07,0,1,0,0,0,0,0,0,0,"- ","- ",,,"SAN JOAQUIN",LODI,-121.29241067,38.12568332
8046992,2016,2016-05-18,3902,2016-03-02,1257,NG35,,3,5,5,3902,0,0,0,,0,,"W CENTURY BL","S LOWER SACRAMENTO RD",0.00,,Y,A,-,N,,,,,,,,,,Y,2,0,5,2,D,-,00,,,N,A,C,A,A,H,-,A,A,0,,,,,Y,,-,"- ",1,0,4,0,0,0,0,0,0,"- ","- ",,,"SAN JOAQUIN",LODI,-121.30631993999999,38.108240000000002
8049731,2016,2016-06-09,3906,2016-05-31,2128,1402,,2,5,5,3906,0,0,0,,0,001,"11TH ST","CABE RD",1760.00,W,N,A,-,N,,,,,,,,,,Y,4,0,1,3,A,-,01,23152,,N,B,D,A,A,H,-,C,A,0,,,,,Y,Y,A,01,0,0,1,0,0,0,0,0,0,"- ","- ",,,"SAN JOAQUIN",TRACY,-121.40925,37.73968
8049876,2016,2016-06-08,3906,2016-05-26,1206,1184,126,4,5,5,3906,0,0,0,,0,004,"NAGLEE RD","PAVILIAN PKWY",500.00,S,N,A,-,N,,,,,,,,,,Y,4,0,1,2,A,-,08,22107,,N,A,C,A,A,H,-,A,A,0,,,,,Y,,-,,0,0,1,0,0,0,0,0,0,"- ","- ",,,"SAN JOAQUIN",TRACY,-121.46497528,37.755958679999999
8050532,2016,2016-06-28,3905,2016-05-27,1219,2529,VAL,5,5,6,3905,0,0,0,,0,,"HAMMER LN","HOLMAN RD",83.00,E,N,A,-,N,,,,,,,,,,Y,3,0,2,4,A,-,03,22350,,N,C,C,A,A,H,-,A,A,0,,,,Y,Y,,A,08,0,1,1,0,0,0,0,0,0,"- ","- ",38.020980000000002,-121.27191000000001,"SAN JOAQUIN",STOCKTON,-121.27145185000001,38.021270000000001
8050556,2016,2016-07-14,3905,2016-06-04,0812,1315,PAR,6,5,6,3905,0,0,0,,0,,"AIRPORT WY","MAIN ST",64.00,N,N,A,-,N,,,,,,,,,,Y,3,0,2,4,D,-,00,,,M,C,E,A,A,H,-,A,D,0,,,,,Y,,-,"- ",0,2,0,0,0,0,0,0,0,"- ","- ",37.955260000000003,-121.27410999999999,"SAN JOAQUIN",STOCKTON,-121.2742183,37.955531559999997
8050558,2016,2016-06-13,3905,2016-06-06,1008,2536,PAR,1,5,6,3905,0,0,0,,0,,"MARTIN LUTHER KING BL","WILSON WY",146.00,E,N,A,-,N,,,,,,,,,,N,4,0,2,2,A,-,03,22350,,F,C,C,A,A,H,-,A,A,0,,,,,Y,,D,23,0,0,2,0,0,0,0,0,0,"- ","- ",37.94191,-121.26791,"SAN JOAQUIN",STOCKTON,-121.26734637,37.942189210000002