CASE_ID,ACCIDENT_YEAR,PROC_DATE,JURIS,COLLISION_DATE,COLLISION_TIME,OFFICER_ID,REPORTING_DISTRICT,DAY_OF_WEEK,CHP_SHIFT,POPULATION,CNTY_CITY_LOC,SPECIAL_COND,BEAT_TYPE,CHP_BEAT_TYPE,CITY_DIVISION_LAPD,CHP_BEAT_CLASS,BEAT_NUMBER,PRIMARY_RD,SECONDARY_RD,DISTANCE,DIRECTION,INTERSECTION,WEATHER_1,WEATHER_2,STATE_HWY_IND,CALTRANS_COUNTY,CALTRANS_DISTRICT,STATE_ROUTE,ROUTE_SUFFIX,POSTMILE_PREFIX,POSTMILE,LOCATION_TYPE,RAMP_INTERSECTION,SIDE_OF_HWY,TOW_AWAY,COLLISION_SEVERITY,NUMBER_KILLED,NUMBER_INJURED,PARTY_COUNT,PRIMARY_COLL_FACTOR,PCF_CODE_OF_VIOL,PCF_VIOL_CATEGORY,PCF_VIOLATION,PCF_VIOL_SUBSECTION,HIT_AND_RUN,TYPE_OF_COLLISION,MVIW,PED_ACTION,ROAD_SURFACE,ROAD_COND_1,ROAD_COND_2,LIGHTING,CONTROL_DEVICE,CHP_ROAD_TYPE,PEDESTRIAN_ACCIDENT,BICYCLE_ACCIDENT,MOTORCYCLE_ACCIDENT,TRUCK_ACCIDENT,NOT_PRIVATE_PROPERTY,ALCOHOL_INVOLVED,STWD_VEHTYPE_AT_FAULT,CHP_VEHTYPE_AT_FAULT,COUNT_SEVERE_INJ,COUNT_VISIBLE_INJ,COUNT_COMPLAINT_PAIN,COUNT_PED_KILLED,COUNT_PED_INJURED,COUNT_BICYCLIST_KILLED,COUNT_BICYCLIST_INJURED,COUNT_MC_KILLED,COUNT_MC_INJURED,PRIMARY_RAMP,SECONDARY_RAMP,LATITUDE,LONGITUDE,COUNTY,CITY,POINT_X,POINT_Y
81726133,2022,2022-03-17,3905,2022-01-08,1547,7160,LAK,6,5,6,3905,0,0,0,,0,,"ROSE MARIE LN","PERSHING AV",325.00,E,N,A,-,N,,,,,,,,,,Y,4,0,1,2,A,-,09,21804,A,N,D,C,A,A,H,-,A,D,0,,,,,Y,,A,01,0,0,1,0,0,0,0,0,0,"- ","- ",37.986820220947266,-121.32038879394531,"SAN JOAQUIN",STOCKTON,-121.31973266601562,37.98687744140625
81726366,2022,2022-03-18,3905,2022-01-27,0811,2172,LAK,4,5,6,3905,0,0,0,,0,,"BENJAMIN HOLT DR","SB I5 ON RAMP",0.00,,Y,C,-,N,,,,,,,,,,Y,3,0,3,2,A,-,03,22350,,N,A,C,A,A,H,-,A,A,0,,,,,Y,,-,"- ",0,1,2,0,0,0,0,0,0,"- ","- ",38.004600524902344,-121.35269165039062,"SAN JOAQUIN",STOCKTON,-121.35157775878906,38.004768371582031
81726369,2022,2022-03-18,3905,2022-01-27,1245,7035,LAK,4,5,6,3905,0,0,0,,0,,"PACIFIC AV","ROSE MARIE LN",0.00,,Y,A,-,N,,,,,,,,,,N,4,0,1,2,A,-,09,21802,A,N,D,C,A,A,H,-,A,A,0,,,,,Y,,A,01,0,0,1,0,0,0,0,0,0,"- ","- ",37.988990783691406,-121.31131744384766,"SAN JOAQUIN",STOCKTON,-121.31182861328125,37.988803863525391
81737845,2022,2022-03-31,3905,2022-02-02,1312,7164,PAR,3,5,6,3905,0,0,0,,0,,"AIRPORT WY","POPLAR ST",0.00,,Y,A,-,N,,,,,,,,,,Y,4,0,1,2,A,-,09,21801,A,N,D,C,A,A,H,-,A,A,0,,,,,Y,,A,01,0,0,1,0,0,0,0,0,0,"- ","- ",37.964199066162109,-121.27644348144531,"SAN JOAQUIN",STOCKTON,-121.27660369873047,37.964267730712891
81739418,2022,2022-04-04,3905,2022-02-04,1536,7160,LAK,5,5,6,3905,0,0,0,,0,,"BRUSH CREEK DR","GRIZZLY HOLLOW WY",165.00,N,N,A,-,N,,,,,,,,,,Y,4,0,1,2,A,-,21,22106,,N,D,C,A,A,H,-,A,D,0,,,,,Y,,A,01,0,0,1,0,0,0,0,0,0,"- ","- ",37.993621826171875,-121.34513092041016,"SAN JOAQUIN",STOCKTON,-121.34577941894531,37.993663787841797
81751829,2022,2022-04-20,3905,2022-02-05,0947,7161,CIV,6,5,6,3905,0,0,0,,0,,"MIGHTY OAK DR","OAK FOREST AV",0.00,,Y,A,-,N,,,,,,,,,,Y,4,0,2,5,A,-,03,22350,,N,D,C,A,A,A,-,A,D,0,,,,,Y,,A,07,0,0,2,0,0,0,0,0,0,"- ","- ",37.990951538085938,-121.27599334716797,"SAN JOAQUIN",STOCKTON,-121.27642822265625,37.991050720214844
81751886,2022,2022-04-20,3905,2022-01-01,0039,2528,VAL,6,5,6,3905,0,0,0,,0,,"CHERBOURG WY","SANDALWOOD DR",157.00,S,N,A,-,N,,,,,,,,,,N,2,0,1,2,A,-,03,22350,,F,G,B,D,A,H,-,C,D,0,Y,,,,Y,,A,01,1,0,0,0,1,0,0,0,0,"- ","- ",38.032100677490234,-121.28569030761719,"SAN JOAQUIN",STOCKTON,-121.28551483154297,38.031719207763672
81751903,2022,2022-04-20,3905,2022-02-16,1004,2463,PAR,3,5,6,3905,0,0,0,,0,,"AIRPORT WY","CLAY ST",0.00,,Y,A,-,N,,,,,,,,,,N,4,0,1,2,A,-,05,21202,A,N,D,G,A,A,H,-,A,A,0,,Y,,,Y,,L,04,0,0,1,0,0,0,1,0,0,"- ","- ",37.942401885986328,-121.27082061767578,"SAN JOAQUIN",STOCKTON,-121.27082824707031,37.942489624023438
81751910,2022,2022-04-20,3905,2022-02-17,0939,7164,CIV,4,5,6,3905,0,0,0,,0,,"OAK ST","BAKER ST",0.00,,Y,A,-,N,,,,,,,,,,N,4,0,2,2,A,-,09,21802,A,N,D,C,A,A,H,-,A,A,0,,,,,Y,,A,07,0,0,2,0,0,0,0,0,0,"- ","- ",37.956249237060547,-121.30428314208984,"SAN JOAQUIN",STOCKTON,-121.30312347412109,37.95672607421875
81751940,2022,2022-04-20,3905,2022-02-19,1632,2466,PAR,6,5,6,3905,0,0,0,,0,,"EIGHTH ST","AIRPORT WY",165.00,E,N,A,-,N,,,,,,,,,,Y,4,0,1,2,A,-,08,22103,,N,D,C,A,A,H,-,A,A,0,,,,,Y,,A,01,0,0,1,0,0,0,0,0,0,"- ","- ",37.930950164794922,-121.26847839355469,"SAN JOAQUIN",STOCKTON,-121.26653289794922,37.931667327880859
81751944,2022,2022-04-20,3905,2022-02-20,1129,2466,PAR,7,5,6,3905,0,0,0,,0,,"AIRPORT WY","PINCHOT ST",0.00,,Y,A,-,N,,,,,,,,,,N,4,0,2,2,A,-,09,21801,A,N,D,C,A,A,H,-,A,A,0,,,,,Y,,A,01,0,0,2,0,0,0,0,0,0,"- ","- ",37.968429565429688,-121.27754974365234,"SAN JOAQUIN",STOCKTON,-121.27774810791016,37.968463897705078
81751946,2022,2022-04-20,3905,2022-02-20,1428,2566,LAK,7,5,6,3905,0,0,0,,0,,"PACIFIC AV","PORTER AV",305.00,N,N,A,-,N,,,,,,,,,,N,4,0,2,3,A,-,03,22350,,N,C,C,A,A,H,-,A,D,0,,,,,Y,,A,01,0,0,2,0,0,0,0,0,0,"- ","- ",38.005931854248047,-121.31925201416016,"SAN JOAQUIN",STOCKTON,-121.319091796875,38.007095336914062
81751967,2022,2022-04-20,3905,2022-02-22,1612,7161,SEA,2,5,6,3905,0,0,0,,0,,"CHARTER WY","TILLIE LEWIS DR",390.00,E,N,A,-,Y,SJ,,4,,,14.647,H,,L,Y,3,0,1,2,A,-,09,21801,A,N,D,C,A,A,H,-,A,D,0,,,,,Y,,A,07,0,1,0,0,0,0,0,0,0,"- ","- ",37.930908203125,-121.31967163085938,"SAN JOAQUIN",STOCKTON,-121.31968688964844,37.930950164794922
81752029,2022,2022-04-20,3905,2022-02-26,0743,1541,CIV,6,5,6,3905,0,0,0,,0,,"CENTER ST","ROSE ST",0.00,,Y,A,-,N,,,,,,,,,,Y,3,0,2,5,A,-,09,21802,A,N,D,C,A,A,H,-,A,A,0,,,,,Y,,A,01,0,1,1,0,0,0,0,0,0,"- ","- ",37.963809967041016,-121.29537200927734,"SAN JOAQUIN",STOCKTON,-121.29431915283203,37.964340209960938
81752030,2022,2022-04-20,3905,2022-02-26,0815,2645,SEA,6,5,6,3905,0,0,0,,0,,"MARTIN LUTHER KING BL","CALIFORNIA ST",9.00,E,N,A,-,Y,,,,,,,,,,N,4,0,1,2,A,-,10,21950,A,N,G,B,B,A,H,-,A,A,0,Y,,,,Y,,D,22,0,0,1,0,1,0,0,0,0,"- ","- ",37.939220428466797,-121.28218078613281,"SAN JOAQUIN",STOCKTON,-121.28082275390625,37.939895629882812
81752043,2022,2022-04-20,3905,2022-02-26,1642,7160,PAR,6,5,6,3905,0,0,0,,0,,"AIRPORT WY","SECOND ST",195.00,S,N,A,-,N,,,,,,,,,,Y,4,0,1,4,C,-,18,,,N,B,C,A,A,H,-,A,A,0,,,,,Y,,-,"- ",0,0,1,0,0,0,0,0,0,"- ","- ",,,"SAN JOAQUIN",STOCKTON,-121.26976013183594,37.938899993896484
81752057,2022,2022-04-20,3905,2022-02-28,1814,7161,PAR,1,5,6,3905,0,0,0,,0,,"AIRPORT WY","HAZELTON AV",0.00,,Y,A,-,N,,,,,,,,,,Y,3,0,3,2,A,-,09,21801,A,N,D,C,A,A,H,-,C,A,0,,,,,Y,,A,07,0,2,1,0,0,0,0,0,0,"- ","- ",37.949321746826172,-121.27256011962891,"SAN JOAQUIN",STOCKTON,-121.27257537841797,37.949428558349609
81752072,2022,2022-04-20,3905,2022-03-01,1617,2566,LAK,2,5,6,3905,0,0,0,,0,,"PACIFIC AV","LINCOLN RD",385.00,S,N,A,-,N,,,,,,,,,,N,4,0,1,2,A,-,03,22350,,N,C,C,A,A,H,-,A,D,0,,,,,Y,,A,08,0,0,1,0,0,0,0,0,0,"- ","- ",38.013938903808594,-121.32206726074219,"SAN JOAQUIN",STOCKTON,-121.32135772705078,38.012733459472656
81752117,2022,2022-04-20,3905,2022-03-04,1840,3111,PAR,5,5,6,3905,0,0,0,,0,,"FILBERT ST","WEBER AV",0.00,,Y,A,-,N,,,,,,,,,,Y,4,0,1,2,A,-,12,21453,A,F,D,C,A,A,H,-,C,A,0,,,,,Y,,A,01,0,0,1,0,0,0,0,0,0,"- ","- ",37.960651397705078,-121.25402069091797,"SAN JOAQUIN",STOCKTON,-121.25415802001953,37.960884094238281
81752136,2022,2022-04-20,3905,2022-03-07,0554,2463,SEA,1,5,6,3905,0,0,0,,0,,"MARTIN LUTHER KING BL","GRANT ST",0.00,,Y,B,-,N,,,,,,,,,,Y,3,0,1,2,A,-,12,21453,A,F,D,C,A,A,H,-,C,A,0,,,,Y,Y,,F,25,0,1,0,0,0,0,0,0,0,"- ","- ",37.940418243408203,-121.27703857421875,"SAN JOAQUIN",STOCKTON,-121.27693176269531,37.940509796142578
81752161,2022,2022-04-20,3905,2022-03-09,0754,2277,LAK,3,5,6,3905,0,0,0,,0,,"MARCH LN","VENETIAN DR",0.00,,Y,A,-,N,,,,,,,,,,Y,4,0,2,2,A,-,12,21453,A,N,D,C,A,A,H,-,A,D,0,,,,,Y,,A,01,0,0,2,0,0,0,0,0,0,"- ","- ",37.988300323486328,-121.32553100585938,"SAN JOAQUIN",STOCKTON,-121.32598114013672,37.988109588623047
81752176,2022,2022-04-20,3905,2022-03-10,0840,1541,LAK,4,5,6,3905,0,0,0,,0,,"INGLEWOOD AV","GLENDORA AV",0.00,,Y,A,-,N,,,,,,,,,,Y,4,0,2,2,A,-,09,21802,A,N,D,C,A,A,H,-,A,A,0,,,,,Y,,A,01,0,0,2,0,0,0,0,0,0,"- ","- ",38.008510589599609,-121.31614685058594,"SAN JOAQUIN",STOCKTON,-121.31573486328125,38.008358001708984
81752182,2022,2022-04-20,3905,2022-03-10,1637,7035,CIV,4,5,6,3905,0,0,0,,0,,"PARK ST","HUNTER ST",0.00,,Y,A,-,N,,,,,,,,,,Y,4,0,1,2,A,-,12,21453,A,N,D,C,A,A,H,-,A,A,0,,,,,Y,,-,"- ",0,0,1,0,0,0,0,0,0,"- ","- ",37.959911346435547,-121.290283203125,"SAN JOAQUIN",STOCKTON,-121.29039764404297,37.959903717041016
81752217,2022,2022-04-20,3905,2022-03-16,2353,3025,SEA,3,5,6,3905,0,0,0,,0,,"TILLIE LEWIS DR","CHARTER WY",72.00,N,N,A,-,N,,,,,,,,,,N,4,0,1,2,A,-,03,22350,,M,C,C,A,A,H,-,C,A,0,,,,,Y,,A,01,0,0,1,0,0,0,0,0,0,"- ","- ",37.930908203125,-121.31967163085938,"SAN JOAQUIN",STOCKTON,-121.31831359863281,37.931446075439453
81753182,2022,2022-04-21,3905,2022-03-13,0135,2681,PAR,7,5,6,3905,0,0,0,,0,,"MARTIN LUTHER KING BL","PILGRIM ST",0.00,,Y,B,-,N,,,,,,,,,,Y,3,0,1,1,A,-,03,22350,,N,E,I,A,A,H,-,C,D,0,,,,,Y,,A,01,0,1,0,0,0,0,0,0,0,"- ","- ",37.941299438476562,-121.27178955078125,"SAN JOAQUIN",STOCKTON,-121.27175903320312,37.941497802734375
81753194,2022,2022-04-21,3905,2022-03-16,1232,7164,PAR,3,5,6,3905,0,0,0,,0,,"E ST","MYRTLE ST",0.00,,Y,A,-,N,,,,,,,,,,Y,4,0,2,2,A,-,09,21801,A,N,D,C,A,A,H,-,A,A,0,,,,,Y,,A,08,0,0,2,0,0,0,0,0,0,"- ","- ",37.958751678466797,-121.25820159912109,"SAN JOAQUIN",STOCKTON,-121.25831604003906,37.958965301513672
81755071,2022,2022-04-25,3905,2022-03-19,1107,7161,PAR,6,5,6,3905,0,0,0,,0,,"CHANNEL ST","SIERRA NEVADA ST",60.00,E,N,B,-,N,,,,,,,,,,N,4,0,1,2,A,-,03,22350,,M,C,E,A,B,H,-,A,D,0,,,,,Y,,A,01,0,0,1,0,0,0,0,0,0,"- ","- ",37.956871032714844,-121.27452087402344,"SAN JOAQUIN",STOCKTON,-121.27317810058594,37.957565307617188
81758477,2022,2022-04-28,3905,2022-03-17,1813,7034,SEA,4,5,6,3905,0,0,0,,0,,"SUTTER ST","CHURCH ST",0.00,,Y,A,-,N,,,,,,,,,,Y,4,0,1,2,A,-,12,22450,,F,D,C,A,A,H,-,A,A,0,,,,,Y,,D,22,0,0,1,0,0,0,0,0,0,"- ","- ",37.948459625244141,-121.28456878662109,"SAN JOAQUIN",STOCKTON,-121.28453826904297,37.948482513427734
81760720,2022,2022-04-29,3905,2022-03-24,0951,1541,SEA,4,5,6,3905,0,0,0,,0,,"MARTIN LUTHER KING BL","GRANT ST",22.00,W,N,A,-,N,,,,,,,,,,Y,4,0,1,2,A,-,03,22350,,F,C,D,A,A,H,-,A,A,0,,,,,Y,,A,07,0,0,1,0,0,0,0,0,0,"- ","- ",37.940418243408203,-121.27703857421875,"SAN JOAQUIN",STOCKTON,-121.27700805664062,37.940498352050781
81761679,2022,2022-05-02,3905,2022-03-24,0555,2133,PAR,4,5,6,3905,0,0,0,,0,,"CHARTER WY","FRESNO AV",0.00,,Y,A,-,N,,,,,,,,,,N,4,0,1,2,A,-,12,21453,A,N,D,C,A,A,H,-,B,A,0,,,,,Y,,A,01,0,0,1,0,0,0,0,0,0,"- ","- ",37.932498931884766,-121.31356048583984,"SAN JOAQUIN",STOCKTON,-121.31214904785156,37.932876586914062
81763948,2022,2022-05-04,3905,2022-03-26,1552,7034,SEA,6,5,6,3905,0,0,0,,0,,"AMERICAN ST","WORTH ST",100.00,N,N,A,-,N,,,,,,,,,,N,4,0,1,2,A,-,21,22106,,N,B,E,A,A,E,-,A,D,0,,,,,Y,,D,22,0,0,1,0,0,0,0,0,0,"- ","- ",37.944831848144531,-121.28090667724609,"SAN JOAQUIN",STOCKTON,-121.28092956542969,37.945159912109375
81764998,2022,2022-05-05,3905,2022-03-05,2250,2947,PAR,6,5,6,3905,0,0,0,,0,,"ALMA AV","MCDONELL AV",0.00,,Y,A,-,N,,,,,,,,,,Y,4,0,2,4,A,-,03,22350,,F,D,E,A,A,H,-,C,A,0,,,,,Y,,D,22,0,0,2,0,0,0,0,0,0,"- ","- ",37.953929901123047,-121.25729370117188,"SAN JOAQUIN",STOCKTON,-121.25733184814453,37.954135894775391
81766071,2022,2022-05-06,3905,2022-03-29,1606,2566,VAL,2,5,6,3905,0,0,0,,0,,"MONTAUBAN AV","WHITNEY ST",148.00,N,N,A,-,N,,,,,,,,,,Y,3,0,2,2,A,-,05,21650,,N,D,C,A,A,H,-,A,D,0,,,,,Y,,A,07,0,1,1,0,0,0,0,0,0,"- ","- ",38.014869689941406,-121.28987884521484,"SAN JOAQUIN",STOCKTON,-121.28929901123047,38.015281677246094
81766794,2022,2022-05-09,3905,2022-04-02,0830,7175,SEA,6,5,6,3905,0,0,0,,0,,"CAROLYN WESTON BL","GASWELL LN",0.00,,Y,A,-,N,,,,,,,,,,Y,4,0,2,2,A,-,09,21802,A,N,D,C,A,A,H,-,A,A,0,,,,,Y,,D,22,0,0,2,0,0,0,0,0,0,"- ","- ",37.913608551025391,-121.31239318847656,"SAN JOAQUIN",STOCKTON,-121.31246948242188,37.913364410400391
81769309,2022,2022-05-11,3905,2022-03-12,0721,7164,PAR,6,5,6,3905,0,0,0,,0,,"AIRPORT WY","SECOND ST",30.00,S,N,A,-,N,,,,,,,,,,Y,4,0,3,2,A,-,05,21650,,F,A,C,A,A,H,-,A,A,0,,,,,Y,,A,01,0,0,3,0,0,0,0,0,0,"- ","- ",,,"SAN JOAQUIN",STOCKTON,-121.2698974609375,37.939338684082031
81771298,2022,2022-05-13,3905,2022-03-30,1955,7161,PAR,3,5,6,3905,0,0,0,,0,,"AIRPORT WY","EIGHTH ST",0.00,,Y,A,-,N,,,,,,,,,,Y,4,0,1,2,A,-,12,21453,A,N,D,C,A,A,H,-,C,A,0,,,,,Y,,A,07,0,0,1,0,0,0,0,0,0,"- ","- ",37.931510925292969,-121.26724243164062,"SAN JOAQUIN",STOCKTON,-121.26709747314453,37.931659698486328
81772250,2022,2022-05-16,3905,2022-04-08,2322,2658,LAK,5,5,6,3905,0,0,0,,0,,"EL DORADO ST","LORETTA AV",362.00,N,N,A,-,N,,,,,,,,,,Y,2,0,1,1,A,-,03,22350,,N,E,I,A,A,H,-,C,D,0,,,,,Y,,A,01,1,0,0,0,0,0,0,0,0,"- ","- ",38.01416015625,-121.30915832519531,"SAN JOAQUIN",STOCKTON,-121.30942535400391,38.014980316162109
81777169,2022,2022-05-23,3905,2022-04-04,1126,7192,LAK,1,5,6,3905,0,0,0,,0,,"ROBINHOOD DR","STRATFORD CI (E)",25.00,W,N,A,-,N,,,,,,,,,,N,4,0,1,2,A,-,09,21804,A,F,G,B,F,A,H,-,A,D,0,Y,,,,Y,,-,99,0,0,1,0,1,0,0,0,0,"- ","- ",37.999988555908203,-121.31952667236328,"SAN JOAQUIN",STOCKTON,-121.32243347167969,37.999015808105469
81777181,2022,2022-05-23,3905,2022-04-10,0115,3137,VAL,7,5,6,3905,0,0,0,,0,,"HAMMER LN","HOLMAN RD",0.00,,Y,A,-,Y,,,,,,,,,,Y,2,0,1,2,A,-,12,21453,A,N,B,C,A,A,H,-,C,A,0,,,,,Y,,A,01,1,0,0,0,0,0,0,0,0,"- ","- ",38.020980834960938,-121.27191162109375,"SAN JOAQUIN",STOCKTON,-121.271728515625,38.021076202392578
81777185,2022,2022-05-23,3905,2022-04-11,1816,2566,VAL,1,5,6,3905,0,0,0,,0,,"WEST LN","EIGHT MILE RD",0.00,,Y,A,-,N,,,,,,,,,,N,4,0,1,2,A,-,12,21453,A,N,D,C,A,A,H,-,A,A,0,,,,,Y,,A,01,0,0,1,0,0,0,0,0,0,"- ","- ",38.057479858398438,-121.29615020751953,"SAN JOAQUIN",STOCKTON,-121.29634094238281,38.057464599609375
81777200,2022,2022-05-23,3905,2022-03-08,1051,2463,PAR,2,5,6,3905,0,0,0,,0,,"CALIFORNIA ST","HARDING WY",0.00,,Y,B,-,N,,,,,,,,,,N,4,0,2,2,A,-,09,21803,A,N,D,C,A,A,H,-,A,A,0,,,,,Y,,-,"- ",0,0,2,0,0,0,0,0,0,"- ","- ",37.967838287353516,-121.28961181640625,"SAN JOAQUIN",STOCKTON,-121.28861999511719,37.968425750732422
81777201,2022,2022-05-23,3905,2022-03-21,2226,3071,BEA,1,5,6,3905,0,0,0,,0,,"HAMMER LN","PARK WOODS DR",145.00,W,N,A,-,N,,,,,,,,,,N,4,0,2,2,A,-,03,22350,,N,C,C,A,A,H,-,C,D,0,,,,,Y,,A,01,0,0,2,0,0,0,0,0,0,"- ","- ",38.020809173583984,-121.33860015869141,"SAN JOAQUIN",STOCKTON,-121.33870697021484,38.021053314208984
8177927,2016,2016-12-09,3905,2016-10-27,1045,2525,CIV,4,5,6,3905,0,0,0,,0,,"MONTE DIABLO AV","RYDE AV",557.00,E,N,C,-,N,,,,,,,,,,Y,4,0,1,1,A,-,03,22350,,N,E,I,A,B,H,-,A,A,0,,,,,Y,,D,22,0,0,1,0,0,0,0,0,0,"- ","- ",37.95684,-121.33314,"SAN JOAQUIN",STOCKTON,-121.33133067999999,37.956829970000001
8177999,2016,2016-12-09,3905,2016-10-21,1735,2525,SEA,5,5,6,3905,0,0,0,,0,,"EL DORADO ST","9TH ST",34.00,S,N,A,-,N,,,,,,,,,,N,4,0,1,2,A,-,03,22350,,M,C,C,A,A,H,-,A,A,0,,,,,Y,,D,22,0,0,1,0,0,0,0,0,0,"- ","- ",37.926940000000002,-121.28225999999999,"SAN JOAQUIN",STOCKTON,-121.28197616,37.926900549999999
8178010,2016,2016-12-05,3905,2016-11-04,1313,2838,LAK,5,5,6,3905,0,0,0,,0,,"MARCH LN","CLAREMONT AV",27.00,E,N,A,-,N,,,,,,,,,,Y,3,0,1,1,A,-,03,22350,,N,E,I,A,A,H,-,A,A,0,,,,,Y,,A,01,0,1,0,0,0,0,0,0,0,"- ","- ",37.994210000000002,-121.30826,"SAN JOAQUIN",STOCKTON,-121.30874024000001,37.994169509999999
8178038,2016,2016-12-05,3905,2016-11-07,0334,2696,,1,5,6,3905,0,0,0,,0,,"LORRAINE AV","MONTAUBAN AV",0.00,,Y,A,-,N,,,,,,,,,,Y,4,0,1,1,A,-,03,22350,,N,E,I,A,A,H,-,C,A,0,,,,,Y,,A,01,0,0,1,0,0,0,0,0,0,"- ","- ",38.005740000000003,-121.28606000000001,"SAN JOAQUIN",STOCKTON,-121.28559989999999,38.005800000000001
8178047,2016,2016-12-05,3905,2016-11-07,1256,2463,CIV,1,5,6,3905,0,0,0,,0,,"PARK ST","HARRISON ST",0.00,,Y,A,-,N,,,,,,,,,,Y,3,0,2,2,A,-,12,22450,A,N,D,C,A,A,H,-,A,A,0,,,,,Y,,A,01,0,2,0,0,0,0,0,0,0,"- ","- ",37.958210000000001,-121.30072,"SAN JOAQUIN",STOCKTON,-121.30080996,37.958119949999997
8178067,2016,2016-12-06,3905,2016-11-21,2321,2673,PAR,1,5,6,3905,0,0,0,,0,,"WATERLOO RD","HIAWATHA AV",38.00,W,N,A,-,N,,,,,,,,,,N,2,0,1,2,A,-,09,21804,,F,G,G,A,A,H,-,C,D,0,,Y,,,Y,,L,04,1,0,0,0,0,0,1,0,0,"- ","- ",37.970489999999998,-121.26965,"SAN JOAQUIN",STOCKTON,-121.26999648,37.970689880000002
81780929,2022,2022-05-26,3905,2022-04-13,2235,3115,PAR,3,5,6,3905,0,0,0,,0,,"AIRPORT WY","ARCH AIRPORT RD",0.00,,Y,B,-,N,,,,,,,,,,N,4,0,1,2,A,-,12,21453,A,N,D,C,A,B,H,-,C,A,0,,,,,Y,,A,07,0,0,1,0,0,0,0,0,0,"- ","- ",37.901809692382812,-121.25480651855469,"SAN JOAQUIN",STOCKTON,-121.25469970703125,37.901962280273438
81780934,2022,2022-05-26,3905,2022-04-18,1235,7161,SEA,1,5,6,3905,0,0,0,,0,,"MARTIN LUTHER KING BL","AMERICAN ST",114.00,W,N,A,-,N,,,,,,,,,,Y,4,0,2,2,A,-,03,22350,,N,C,C,A,A,H,-,A,A,0,,,,,Y,,A,07,0,0,2,0,0,0,0,0,0,"- ","- ",37.939998626708984,-121.27964782714844,"SAN JOAQUIN",STOCKTON,-121.27993774414062,37.940044403076172
8178161,2016,2016-12-06,3905,2016-10-14,1342,2529,CIV,5,5,6,3905,0,0,0,,0,,"ALPINE AV","ALVARADO AV",3021.00,E,N,A,-,N,,,,,,,,,,N,4,0,1,2,A,-,03,22350,,F,C,C,A,B,H,-,A,D,0,,,,,Y,,A,01,0,0,1,0,0,0,0,0,0,"- ","- ",37.982750000000003,-121.28896,"SAN JOAQUIN",STOCKTON,-121.27923977,37.985152429999999
8178174,2016,2016-12-06,3905,2016-10-29,2049,2791,SEA,6,5,6,3905,0,0,0,,0,,"HAZELTON AV","SAN JOAQUIN ST",0.00,,Y,A,-,N,,,,,,,,,,Y,4,0,1,2,A,-,12,22450,A,N,D,C,A,A,H,-,C,A,0,,,,,Y,,A,07,0,0,1,0,0,0,0,0,0,"- ","- ",37.947200000000002,-121.28561000000001,"SAN JOAQUIN",STOCKTON,-121.28558993999999,37.947219939999997
8178213,2016,2016-12-06,3905,2016-10-27,1617,2542,LAK,4,5,6,3905,0,0,0,,0,,"MARCH LN","VENETIAN DR",0.00,,Y,B,-,N,,,,,,,,,,Y,4,0,1,2,A,-,12,21453,A,N,D,C,A,B,H,-,A,A,0,,,,,Y,,A,01,0,0,1,0,0,0,0,0,0,"- ","- ",37.988300000000002,-121.32553,"SAN JOAQUIN",STOCKTON,-121.32597991,37.988109969999996
8178217,2016,2016-12-06,3905,2016-10-06,1845,1323,VAL,4,5,6,3905,0,0,0,,0,,"HAMMER LN","HAMMER LN 3702",0.00,,Y,A,-,N,,,,,,,,,,N,4,0,2,2,B,-,22,,,M,C,C,A,A,H,-,B,D,0,,,,,Y,,-,99,0,0,2,0,0,0,0,0,0,"- ","- ",,,"SAN JOAQUIN",STOCKTON,-121.269418,38.021066529999999
8178229,2016,2017-02-28,3905,2016-10-27,1410,2798,SEA,4,5,6,3905,0,0,0,,0,,"MARTIN LUTHER KING BL","CENTER ST",6.00,W,N,C,-,N,,,,,,,,,,Y,3,0,1,1,A,-,12,21453,A,N,E,I,A,B,H,-,A,A,0,,,,,Y,,A,07,0,1,0,0,0,0,0,0,0,"- ","- ",37.938699999999997,-121.28753,"SAN JOAQUIN",STOCKTON,-121.28741033999999,37.938776539999999
81783776,2022,2022-05-30,3905,2022-04-14,0820,1315,PAR,4,5,6,3905,0,0,0,,0,,"GOLDEN GATE AV","FREMONT ST (E)",18.00,S,N,B,G,N,,,,,,,,,,Y,4,0,1,2,A,-,08,22100,B,F,B,C,A,A,H,-,A,A,0,,,,Y,Y,,G,25,0,0,1,0,0,0,0,0,0,"- ","- ",37.967601776123047,-121.25060272216797,"SAN JOAQUIN",STOCKTON,-121.2515869140625,37.967498779296875
8178388,2016,2016-12-06,3905,2016-11-13,0621,2853,CIV,7,5,6,3905,0,0,0,,0,,"STANISLAUS ST","CHANNEL ST",0.00,,Y,A,-,N,,,,,,,,,,Y,3,0,1,2,A,-,12,22450,A,N,D,C,A,A,H,-,B,A,0,,,,,Y,,A,01,0,1,0,0,0,0,0,0,0,"- ","- ",37.955950000000001,-121.28245,"SAN JOAQUIN",STOCKTON,-121.28245991999999,37.955969949999997
81783927,2022,2022-05-30,3905,2022-04-18,1245,1653,CIV,1,5,6,3905,0,0,0,,0,,"CENTER ST","FREMONT ST",0.00,,Y,A,-,N,,,,,,,,,,N,4,0,1,2,A,-,08,22100,B,N,D,C,A,A,H,-,A,A,0,,,,,Y,,A,01,0,0,1,0,0,0,0,0,0,"- ","- ",37.956958770751953,-121.29360198974609,"SAN JOAQUIN",STOCKTON,-121.29246520996094,37.957527160644531