CASE_ID,ACCIDENT_YEAR,PROC_DATE,JURIS,COLLISION_DATE,COLLISION_TIME,OFFICER_ID,REPORTING_DISTRICT,DAY_OF_WEEK,CHP_SHIFT,POPULATION,CNTY_CITY_LOC,SPECIAL_COND,BEAT_TYPE,CHP_BEAT_TYPE,CITY_DIVISION_LAPD,CHP_BEAT_CLASS,BEAT_NUMBER,PRIMARY_RD,SECONDARY_RD,DISTANCE,DIRECTION,INTERSECTION,WEATHER_1,WEATHER_2,STATE_HWY_IND,CALTRANS_COUNTY,CALTRANS_DISTRICT,STATE_ROUTE,ROUTE_SUFFIX,POSTMILE_PREFIX,POSTMILE,LOCATION_TYPE,RAMP_INTERSECTION,SIDE_OF_HWY,TOW_AWAY,COLLISION_SEVERITY,NUMBER_KILLED,NUMBER_INJURED,PARTY_COUNT,PRIMARY_COLL_FACTOR,PCF_CODE_OF_VIOL,PCF_VIOL_CATEGORY,PCF_VIOLATION,PCF_VIOL_SUBSECTION,HIT_AND_RUN,TYPE_OF_COLLISION,MVIW,PED_ACTION,ROAD_SURFACE,ROAD_COND_1,ROAD_COND_2,LIGHTING,CONTROL_DEVICE,CHP_ROAD_TYPE,PEDESTRIAN_ACCIDENT,BICYCLE_ACCIDENT,MOTORCYCLE_ACCIDENT,TRUCK_ACCIDENT,NOT_PRIVATE_PROPERTY,ALCOHOL_INVOLVED,STWD_VEHTYPE_AT_FAULT,CHP_VEHTYPE_AT_FAULT,COUNT_SEVERE_INJ,COUNT_VISIBLE_INJ,COUNT_COMPLAINT_PAIN,COUNT_PED_KILLED,COUNT_PED_INJURED,COUNT_BICYCLIST_KILLED,COUNT_BICYCLIST_INJURED,COUNT_MC_KILLED,COUNT_MC_INJURED,PRIMARY_RAMP,SECONDARY_RAMP,LATITUDE,LONGITUDE,COUNTY,CITY,POINT_X,POINT_Y
81985129,2023,2023-02-02,3924,2023-01-23,1613,1276,L1,1,5,2,3920,0,0,0,,0,00H,"PRAIRIE DUNES DR","SILVER CREEK DR",378.00,W,-,A,-,N,,,,,,,,,,Y,3,0,1,2,A,-,01,23152,,M,C,E,A,A,H,-,A,D,0,,,,,Y,Y,A,01,0,1,0,0,0,0,0,0,0,"- ","- ",37.829540252685547,-121.27835845947266,"SAN JOAQUIN",LATHROP,-121.27828979492188,37.829750061035156
81990404,2022,2023-02-09,3905,2022-11-13,1809,2785,LAK,7,5,6,3905,0,0,0,,0,,"PERSHING AV","MARCH LN",256.00,N,N,A,-,N,,,,,,,,,,Y,1,1,0,2,A,-,11,21954,A,N,G,B,E,A,H,-,C,D,0,Y,,,,Y,,N,60,0,0,0,1,0,0,0,0,0,"- ","- ",37.989238739013672,-121.32156372070312,"SAN JOAQUIN",STOCKTON,-121.32222747802734,37.989765167236328
81991346,2022,2023-02-10,3905,2022-12-22,1713,7192,VAL,4,5,6,3905,0,0,0,,0,,"HAMMER LN","HOLMAN RD",420.00,W,N,B,-,N,,,,,,,,,,Y,4,0,3,4,A,-,03,22350,,N,C,C,A,A,H,-,C,A,0,,,,,Y,,D,22,0,0,3,0,0,0,0,0,0,"- ","- ",38.020980834960938,-121.27191162109375,"SAN JOAQUIN",STOCKTON,-121.27318572998047,38.021072387695312
81991358,2022,2023-02-10,3905,2022-12-27,1522,7180,CIV,2,5,6,3905,0,0,0,,0,,"PERSHING AV","ELM ST",0.00,,Y,C,-,N,,,,,,,,,,Y,4,0,1,2,A,-,09,21802,A,N,D,C,A,B,H,-,A,A,0,,,,,Y,,D,22,0,0,1,0,0,0,0,0,0,"- ","- ",37.964450836181641,-121.31456756591797,"SAN JOAQUIN",STOCKTON,-121.31351470947266,37.964851379394531
81991363,2022,2023-02-10,3905,2022-12-28,1940,2566,BEA,3,5,6,3905,0,0,0,,0,,"HAMMER LN","RICHLAND WY",0.00,,Y,-,-,N,,,,,,,,,,N,3,0,1,2,A,-,09,21453,C,N,D,C,A,A,H,-,C,A,0,,,,,Y,,A,07,0,1,0,0,0,0,0,0,0,"- ","- ",38.021171569824219,-121.35185241699219,"SAN JOAQUIN",STOCKTON,-121.35147857666016,38.020950317382812
81991365,2022,2023-02-10,3905,2022-12-28,2204,3045,PAR,3,5,6,3905,0,0,0,,0,,"WATERLOO RD","SOLARI AV",0.00,,Y,C,-,N,,,,,,,,,,Y,4,0,2,2,A,-,09,21802,A,N,D,C,A,B,H,-,C,A,0,,,,,Y,,D,22,0,0,2,0,0,0,0,0,0,"- ","- ",37.967758178710938,-121.27178192138672,"SAN JOAQUIN",STOCKTON,-121.27201080322266,37.967750549316406
81991399,2023,2023-02-10,3905,2023-01-01,2214,3154,LAK,7,5,6,3905,0,0,0,,0,,"PERSHING AV","MARCH LN",0.00,,Y,-,-,N,,,,,,,,,,N,4,0,1,2,A,-,09,21800,D,N,D,C,A,B,H,-,C,B,0,,,,,Y,,A,01,0,0,1,0,0,0,0,0,0,"- ","- ",37.989238739013672,-121.32156372070312,"SAN JOAQUIN",STOCKTON,-121.32196807861328,37.989089965820312
81992515,2023,2023-02-13,3905,2023-01-10,1436,7267,CIV,2,5,6,3905,0,0,0,,0,,"HARDING WY","MADISON ST",50.00,E,N,B,C,N,,,,,,,,,,Y,3,0,2,2,A,-,09,21804,A,N,D,C,A,B,H,-,A,D,0,,,,,Y,,A,07,0,2,0,0,0,0,0,0,0,"- ","- ",37.966339111328125,-121.29888916015625,"SAN JOAQUIN",STOCKTON,-121.29773712158203,37.966861724853516
81996834,2023,2023-02-17,3905,2023-01-05,2014,2820,PAR,4,5,6,3905,0,0,0,,0,,"AIRPORT WY","PINCHOT ST",0.00,,Y,-,-,N,,,,,,,,,,Y,3,0,1,2,A,-,09,21802,A,N,D,C,A,B,H,-,C,A,0,,,,,Y,,D,22,0,1,0,0,0,0,0,0,0,"- ","- ",37.967868804931641,-121.27873992919922,"SAN JOAQUIN",STOCKTON,-121.27774810791016,37.968463897705078
81997537,2023,2023-02-17,3924,2023-02-12,"839 ",1301,L3,7,5,2,3920,0,0,0,,0,00R,"RIVER ISLANDS PKWY","MCKEE BLVD",670.00,E,-,A,-,N,,,,,,,,,,Y,3,0,2,1,A,-,08,22107,,N,E,I,A,A,H,-,A,D,0,,,,,Y,,A,01,0,2,0,0,0,0,0,0,0,"- ","- ",37.811378479003906,-121.30326843261719,"SAN JOAQUIN",LATHROP,-121.30451965332031,37.811599731445312
81997906,2022,2023-02-20,3905,2022-09-21,2038,2156,BEA,3,5,6,3905,0,0,0,,0,,"HAMMER LN","ALEXANDRIA PL",0.00,,Y,A,-,N,,,,,,,,,,Y,1,1,0,2,A,-,11,21456,A,N,G,B,B,A,H,-,C,A,0,Y,,,,Y,Y,N,60,0,0,0,1,0,0,0,0,0,"- ","- ",38.021518707275391,-121.33641815185547,"SAN JOAQUIN",STOCKTON,-121.33609771728516,38.021255493164062
81997909,2022,2023-02-20,3905,2022-10-04,0607,2718,SEA,2,5,6,3905,0,0,0,,0,,"CENTER ST","SECOND ST",183.00,S,N,A,-,N,,,,,,,,,,N,1,1,0,2,A,-,11,21954,A,N,G,B,E,A,H,-,C,D,0,Y,,,,Y,Y,N,60,0,0,0,1,0,0,0,0,0,"- ","- ",37.936260223388672,-121.28624725341797,"SAN JOAQUIN",STOCKTON,-121.28584289550781,37.935810089111328
81997931,2023,2023-02-20,3905,2023-01-10,"630 ",1541,LAK,2,5,6,3905,0,0,0,,0,,"PERSHING AV","LINCOLN RD",0.00,,Y,B,C,N,,,,,,,,,,Y,3,0,1,2,A,-,12,21453,A,N,D,C,A,B,H,-,A,A,0,,,,,Y,,-,"- ",0,1,0,0,0,0,0,0,0,"- ","- ",38.014019012451172,-121.33026885986328,"SAN JOAQUIN",STOCKTON,-121.32988739013672,38.013767242431641
81997974,2023,2023-02-20,3905,2023-01-07,"517 ",2463,CIV,6,5,6,3905,0,0,0,,0,,"COUNTRY CLUB BL","NB I5 OFF RAMP",30.00,S,N,B,-,N,,,,,,,,,,N,4,0,1,2,A,-,03,22350,,N,C,C,A,A,H,-,C,A,0,,,,,Y,,A,01,0,0,1,0,0,0,0,0,0,"- ","- ",37.964839935302734,-121.33477783203125,"SAN JOAQUIN",STOCKTON,-121.33529663085938,37.964405059814453
82002017,2023,2023-02-24,3905,2023-01-21,1634,7267,PAR,6,5,6,3905,0,0,0,,0,,"ZEPHYR ST","AIRPORT WY",0.00,,Y,A,-,N,,,,,,,,,,Y,4,0,2,2,A,-,09,21801,A,N,A,C,A,A,H,-,B,A,0,,,,,Y,,D,22,0,0,2,0,0,0,0,0,0,"- ","- ",37.914039611816406,-121.25971221923828,"SAN JOAQUIN",STOCKTON,-121.25984954833984,37.914127349853516
82002863,2023,2023-02-27,3905,2023-01-08,"10  ",3093,CIV,7,5,6,3905,0,0,0,,0,,"CALIFORNIA ST","MAIN ST",0.00,,Y,A,-,N,,,,,,,,,,N,3,0,1,2,A,-,12,22450,,F,D,G,A,B,H,-,C,A,0,,Y,,,Y,,A,01,0,1,0,0,0,0,1,0,0,"- ","- ",37.953571319580078,-121.28453826904297,"SAN JOAQUIN",STOCKTON,-121.28456878662109,37.953567504882812
82003450,2023,2023-02-27,3905,2023-01-23,2116,2927,LAK,1,5,6,3905,0,0,0,,0,,"MARCH LN","PERSHING AV",0.00,,Y,-,-,Y,,,,,,,,,,Y,3,0,2,3,A,-,12,21453,A,N,D,C,A,A,H,-,C,A,0,,,,,Y,Y,A,07,0,1,1,0,0,0,0,0,0,"- ","- ",37.989238739013672,-121.32156372070312,"SAN JOAQUIN",STOCKTON,-121.32196807861328,37.989089965820312
82014520,2022,2023-05-31,3905,2022-12-11,1900,2724,BEA,7,5,6,3905,0,0,0,,0,,"EL DORADO ST","MORADA LN",0.00,,Y,C,-,Y,,,,,,,,,,N,4,0,1,2,A,-,12,22450,,N,D,C,A,B,H,-,C,D,0,,,,,Y,,A,01,0,0,1,0,0,0,0,0,0,"- ","- ",38.035671234130859,-121.31813812255859,"SAN JOAQUIN",STOCKTON,-121.31797790527344,38.035495758056641
8201630,2017,2017-03-29,3900,2017-03-15,1343,7688,MANTE,3,5,2,3920,0,0,0,,0,,"LOUISE AV","OLD HARLAN RD",80.00,W,N,A,-,N,,,,,,,,,,Y,4,0,2,2,A,-,09,21804,A,N,D,C,A,A,H,-,A,D,0,,,,,Y,,A,01,0,0,2,0,0,0,0,0,0,"- ","- ",,,"SAN JOAQUIN",LATHROP,-121.29411691999999,37.811803009999998
82020737,2023,2023-03-17,3905,2023-02-02,1416,2466,VAL,4,5,6,3905,0,0,0,,0,,"HAMMER LN","HOLMAN RD",100.00,E,N,A,-,N,,,,,,,,,,N,4,0,2,2,A,-,08,22107,,F,B,C,A,A,H,-,A,A,0,,,,,Y,,A,01,0,0,2,0,0,0,0,0,0,"- ","- ",38.020439147949219,-121.27198791503906,"SAN JOAQUIN",STOCKTON,-121.27138519287109,38.021080017089844
8202216,2016,2017-01-04,3900,2016-12-21,0933,7688,MANTE,3,5,2,3920,0,0,0,,0,,"BARBARA TERRY BL","LATHROP RD",0.00,,Y,A,-,N,,,,,,,,,,Y,4,0,1,1,A,-,01,23152,A,M,A,I,A,A,H,-,A,A,0,,,,,Y,Y,A,01,0,0,1,0,0,0,0,0,0,"- ","- ",,,"SAN JOAQUIN",LATHROP,-121.31534987000001,37.812419929999997
82022898,2023,2023-03-22,3924,2023-03-09,"512 ",1269,L2,4,5,2,3920,0,0,0,,0,00C,"DARCY PK","CHRISTOPHER WAY",0.00,,Y,A,-,N,,,,,,,,,,Y,4,0,1,2,A,-,12,22450,,N,A,C,A,A,H,-,B,A,0,,,,Y,Y,,A,01,0,0,1,0,0,0,0,0,0,"- ","- ",37.798511505126953,-121.28209686279297,"SAN JOAQUIN",LATHROP,-121.28214263916016,37.798542022705078
82028491,2023,2023-03-27,3905,2023-01-20,"531 ",3119,PAR,5,5,6,3905,0,0,0,,0,,"AIRPORT WY","HAZELTON AV",0.00,,Y,A,-,N,,,,,,,,,,Y,4,0,1,3,A,-,12,21453,A,N,D,E,A,A,H,-,C,A,0,,,,,Y,,D,22,0,0,1,0,0,0,0,0,0,"- ","- ",37.949321746826172,-121.27256011962891,"SAN JOAQUIN",STOCKTON,-121.27257537841797,37.949428558349609
82034429,2023,2023-03-31,3905,2023-02-08,"931 ",2463,CIV,3,5,6,3905,0,0,0,,0,,"WEST LN","ALPINE AV",0.00,,Y,A,-,N,,,,,,,,,,N,4,0,1,2,A,-,08,22107,,N,B,C,A,A,H,-,A,A,0,,,,Y,Y,,F,56,0,0,1,0,0,0,0,0,0,"- ","- ",37.983940124511719,-121.28349304199219,"SAN JOAQUIN",STOCKTON,-121.28391265869141,37.983959197998047
82034451,2023,2023-03-31,3905,2023-02-10,2224,3131,SEA,5,5,6,3905,0,0,0,,0,,"STANISLAUS ST","LAFAYETTE ST",100.00,S,N,A,-,N,,,,,,,,,,N,4,0,1,2,A,-,11,21955,,N,G,B,D,A,H,-,C,D,0,Y,,,,Y,Y,N,60,0,0,1,0,1,0,0,0,0,"- ","- ",37.951068878173828,-121.28118133544922,"SAN JOAQUIN",STOCKTON,-121.28108978271484,37.950839996337891
82034452,2023,2023-03-31,3905,2023-02-11,"829 ",7180,LAK,6,5,6,3905,0,0,0,,0,,"QUAIL LAKES DR","MEADOW LAKE DR",152.00,W,N,A,-,N,,,,,,,,,,N,3,0,1,2,A,-,03,22350,,N,C,G,A,A,H,-,A,A,0,,Y,,,Y,,A,01,0,1,0,0,0,0,1,0,0,"- ","- ",37.995609283447266,-121.33954620361328,"SAN JOAQUIN",STOCKTON,-121.34062957763672,37.995105743408203
82034453,2023,2023-04-03,3905,2023-02-11,1231,7161,VAL,6,5,6,3905,0,0,0,,0,,"HOLMAN RD","MORADA LN",22.00,S,N,A,-,N,,,,,,,,,,Y,3,0,2,1,A,-,08,22100,A,M,E,I,A,A,H,-,A,A,0,,,,,Y,,A,01,0,1,1,0,0,0,0,0,0,"- ","- ",38.036350250244141,-121.26992034912109,"SAN JOAQUIN",STOCKTON,-121.26982116699219,38.036991119384766
82034460,2023,2023-04-03,3905,2023-02-12,"51  ",3099,SEA,7,5,6,3905,0,0,0,,0,,"MARTIN LUTHER KING BL","AURORA ST",104.00,E,N,A,-,N,,,,,,,,,,N,4,0,1,1,A,-,01,23152,A,N,E,I,A,A,H,-,C,D,0,,,,,Y,Y,A,01,0,0,1,0,0,0,0,0,0,"- ","- ",37.940639495849609,-121.27572631835938,"SAN JOAQUIN",STOCKTON,-121.27532196044922,37.940895080566406
82034478,2023,2023-03-31,3905,2023-02-15,1307,7267,LAK,3,5,6,3905,0,0,0,,0,,"EL DORADO ST","SWAIN RD",0.00,,Y,A,-,N,,,,,,,,,,Y,3,0,1,3,A,-,09,21800,D,N,D,C,A,A,G,-,A,B,0,,,,,Y,,A,07,0,1,0,0,0,0,0,0,0,"- ","- ",38.007358551025391,-121.30901336669922,"SAN JOAQUIN",STOCKTON,-121.30856323242188,38.007251739501953
82034486,2023,2023-03-31,3905,2023-02-16,1427,7192,CIV,4,5,6,3905,0,0,0,,0,,"PERSHING AV","ARGONNE DR",15.00,S,N,B,-,N,,,,,,,,,,N,4,0,1,2,A,-,11,21955,,N,G,B,D,A,H,-,A,A,0,Y,,,,Y,,N,60,0,0,1,0,1,0,0,0,0,"- ","- ",37.962688446044922,-121.31278228759766,"SAN JOAQUIN",STOCKTON,-121.31288909912109,37.962520599365234
82034489,2023,2023-03-31,3905,2023-02-16,1858,7254,LAK,4,5,6,3905,0,0,0,,0,,"PLYMOUTH RD","BRIDGEPORT CI",0.00,,Y,A,-,N,,,,,,,,,,N,4,0,1,2,A,-,03,22350,,N,D,C,A,A,H,-,C,A,0,,,Y,,Y,,C,02,0,0,1,0,0,0,0,0,1,"- ","- ",38.012210845947266,-121.35298156738281,"SAN JOAQUIN",STOCKTON,-121.35250091552734,38.012302398681641
82034905,2023,2023-04-03,3905,2023-02-14,2212,2788,VAL,2,5,6,3905,0,0,0,,0,,"LORRAINE AV","AMARETTO ST",16.00,N,N,A,-,N,,,,,,,,,,N,4,0,1,2,A,-,06,21750,,F,B,C,A,A,H,-,C,A,0,,,Y,,Y,,A,01,0,0,1,0,0,0,0,0,1,"- ","- ",38.010440826416016,-121.28382873535156,"SAN JOAQUIN",STOCKTON,-121.28345489501953,38.010540008544922
82034907,2023,2023-04-03,3905,2023-02-15,1551,7034,PAR,3,5,6,3905,0,0,0,,0,,"MAIN ST","MCDONELL AV",50.00,W,N,A,-,N,,,,,,,,,,Y,4,0,1,2,A,-,09,21804,A,F,D,C,A,A,H,-,A,D,0,,,,,Y,,A,01,0,0,1,0,0,0,0,0,0,"- ","- ",37.954380035400391,-121.25888824462891,"SAN JOAQUIN",STOCKTON,-121.25790405273438,37.955150604248047
82034908,2023,2023-04-03,3905,2023-02-15,1800,7161,VAL,3,5,6,3905,0,0,0,,0,,"HOLMAN RD","WINDFLOWER LN",148.00,N,N,A,-,N,,,,,,,,,,N,4,0,1,2,A,-,07,21658,A,M,B,C,A,A,H,-,C,A,0,,,,,Y,,A,01,0,0,1,0,0,0,0,0,0,"- ","- ",38.009979248046875,-121.27353668212891,"SAN JOAQUIN",STOCKTON,-121.27333831787109,38.010498046875
82036226,2023,2023-04-04,3905,2023-02-25,1218,7192,,6,5,6,3905,0,0,0,,0,,"MARCH LN","EL DORADO ST",40.00,W,N,B,-,N,,,,,,,,,,N,4,0,1,2,A,-,03,22350,,M,C,C,A,B,H,-,A,A,0,,,,,Y,,A,01,0,0,1,0,0,0,0,0,0,"- ","- ",37.996379852294922,-121.30506896972656,"SAN JOAQUIN",STOCKTON,-121.30589294433594,37.996166229248047
82036230,2023,2023-04-04,3905,2023-02-25,1900,7192,CIV,6,5,6,3905,0,0,0,,0,,"WEBER AV","CENTER ST",40.00,W,N,B,-,N,,,,,,,,,,N,4,0,1,3,A,-,03,22350,,F,B,C,A,A,H,-,C,A,0,,,,,Y,,A,01,0,0,1,0,0,0,0,0,0,"- ","- ",37.953529357910156,-121.29134368896484,"SAN JOAQUIN",STOCKTON,-121.29135894775391,37.953510284423828
82038833,2023,2023-04-06,3924,2023-04-05,1322,1295,L2,3,5,2,3920,0,0,0,,0,00C,"YOSEMITE AV","DARCY PKWY",0.00,,Y,A,-,N,,,,,,,,,,N,3,0,1,2,A,-,03,22350,,N,C,C,A,A,H,-,A,A,0,,,,,Y,,A,01,0,1,0,0,0,0,0,0,0,"- ","- ",37.795070648193359,-121.2783203125,"SAN JOAQUIN",LATHROP,-121.27835083007812,37.795066833496094
82039355,2023,2023-04-07,3924,2023-04-03,1233,1331,L3,1,5,2,3920,0,0,0,,0,00R,"TOWNE CENTRE DR","GOLDEN VALLEY PKWY",518.00,W,-,A,-,N,,,,,,,,,,N,3,0,1,3,A,-,21,22106,,N,C,C,F,A,H,-,A,D,0,Y,,,,Y,,-,35,0,1,0,0,1,0,0,0,0,"- ","- ",37.803840637207031,-121.30374145507812,"SAN JOAQUIN",LATHROP,-121.30265045166016,37.804397583007812
82040283,2023,2023-04-10,3905,2023-02-17,"559 ",2719,LAK,5,5,6,3905,0,0,0,,0,,"PACIFIC AV","BENJAMIN HOLT DR",0.00,,Y,A,-,N,,,,,,,,,,Y,4,0,1,2,A,-,09,21800,D,N,D,C,A,A,H,-,E,B,0,,,,,Y,,A,01,0,0,1,0,0,0,0,0,0,"- ","- ",38.011249542236328,-121.32102966308594,"SAN JOAQUIN",STOCKTON,-121.32068634033203,38.011051177978516
82040304,2023,2023-04-10,3905,2023-03-01,"801 ",7180,SEA,3,5,6,3905,0,0,0,,0,,"CALIFORNIA ST","CLAY ST",16.00,E,N,A,-,N,,,,,,,,,,N,4,0,2,2,A,-,12,22450,A,N,D,C,A,A,H,-,A,A,0,,,,,Y,,A,01,0,0,2,0,0,0,0,0,0,"- ","- ",37.940708160400391,-121.28119659423828,"SAN JOAQUIN",STOCKTON,-121.28109741210938,37.940715789794922
82040305,2023,2023-04-10,3905,2023-03-01,"805 ",2645,SEA,3,5,6,3905,0,0,0,,0,,"CAROLYN WESTON BL","E W S WOODS BL",0.00,,Y,A,-,N,,,,,,,,,,Y,4,0,1,3,A,-,12,21453,A,N,D,C,A,A,H,-,A,A,0,,,,,Y,,-,"- ",0,0,1,0,0,0,0,0,0,"- ","- ",37.911678314208984,-121.30449676513672,"SAN JOAQUIN",STOCKTON,-121.30452728271484,37.911472320556641
82040323,2023,2023-04-10,3905,2023-03-03,1823,7192,CIV,5,5,6,3905,0,0,0,,0,,"CALIFORNIA ST","WEBER AV",0.00,,Y,B,-,N,,,,,,,,,,Y,4,0,2,2,A,-,09,21801,A,N,B,C,A,A,H,-,C,A,0,,,,,Y,,A,01,0,0,2,0,0,0,0,0,0,"- ","- ",37.95404052734375,-121.28601837158203,"SAN JOAQUIN",STOCKTON,-121.284912109375,37.954681396484375
82050183,2023,2023-06-12,3905,2023-03-01,2035,3073,LAK,3,5,6,3905,0,0,0,,0,,"PERSHING AV","CHURCHILL ST",0.00,,Y,-,-,N,,,,,,,,,,N,4,0,1,2,A,-,09,21801,A,N,B,C,A,A,H,-,C,D,0,,,,,Y,,A,01,0,0,1,0,0,0,0,0,0,"- ","- ",37.98284912109375,-121.31887817382812,"SAN JOAQUIN",STOCKTON,-121.31923675537109,37.982635498046875
82050188,2023,2023-04-21,3905,2023-03-08,1406,1541,BEA,3,5,6,3905,0,0,0,,0,,"STANFIELD DR","BRISBANE PL",74.00,W,N,B,-,N,,,,,,,,,,N,3,0,1,3,A,-,03,22350,,N,D,C,A,A,H,-,A,D,0,,,Y,,Y,,C,02,0,1,0,0,0,0,0,0,1,"- ","- ",38.036651611328125,-121.34890747070312,"SAN JOAQUIN",STOCKTON,-121.34897613525391,38.036788940429688
82050194,2023,2023-04-21,3905,2023-03-10,1707,7164,CIV,5,5,6,3905,0,0,0,,0,,"WEST LN","ENTERPRISE ST",0.00,,Y,A,-,N,,,,,,,,,,N,4,0,2,2,A,-,12,21453,A,N,D,C,A,B,H,-,A,A,0,,,,,Y,,D,22,0,0,2,0,0,0,0,0,0,"- ","- ",37.990200042724609,-121.28569793701172,"SAN JOAQUIN",STOCKTON,-121.28617858886719,37.990150451660156
82050212,2023,2023-04-21,3905,2023-03-19,1646,2566,SEA,7,5,6,3905,0,0,0,,0,,"LINCOLN ST","CLAY ST",0.00,,Y,C,-,N,,,,,,,,,,N,4,0,3,3,A,-,09,21801,A,N,D,C,A,B,H,-,A,A,0,,,,,Y,,A,01,0,0,3,0,0,0,0,0,0,"- ","- ",37.938030242919922,-121.29544830322266,"SAN JOAQUIN",STOCKTON,-121.29409790039062,37.938526153564453
82053423,2023,2023-04-26,3905,2023-03-10,1618,7192,SEA,5,5,6,3905,0,0,0,,0,,"GRANT ST","JACKSON ST",0.00,,Y,B,-,N,,,,,,,,,,N,4,0,1,2,A,-,09,21801,A,M,B,C,A,A,H,-,A,A,0,,,,,Y,,A,01,0,0,1,0,0,0,0,0,0,"- ","- ",37.94232177734375,-121.27752685546875,"SAN JOAQUIN",STOCKTON,-121.27745819091797,37.942390441894531
8205897,2016,2017-01-19,3906,2016-12-27,2025,1103,TRACY,2,5,5,3906,0,0,0,,0,004,"GRANT LINE RD","CORRAL HOLLOW RD",0.00,,Y,A,-,N,,,,,,,,,,Y,4,0,2,2,A,-,09,21802,A,N,A,C,A,A,H,-,C,A,0,,,,,Y,,A,01,0,0,2,0,0,0,0,0,0,"- ","- ",,,"SAN JOAQUIN",TRACY,-121.45333989,37.754209959999997
8205990,2017,2017-01-18,3906,2017-01-06,0800,918,,5,5,5,3906,0,0,0,,0,005,"PARKER AV","CARLTON WY",0.00,,Y,A,-,N,,,,,,,,,,Y,4,0,4,2,A,-,09,21802,A,N,D,C,A,A,H,-,A,D,0,,,,,Y,,A,01,0,0,4,0,0,0,0,0,0,"- ","- ",,,"SAN JOAQUIN",TRACY,-121.42988994,37.7463099
82064912,2023,2023-05-09,3924,2023-04-30,1250,1300,L2,7,5,2,3920,0,0,0,,0,00C,"RIVER ISLANDS PKWY","GOLDEN VALLEY",600.00,E,-,A,-,N,,,,,,,,,,Y,3,0,4,3,A,-,03,22350,,N,C,C,A,A,H,-,A,A,0,,,,,Y,,A,01,0,1,3,0,0,0,0,0,0,"- ","- ",37.811901092529297,-121.30001831054688,"SAN JOAQUIN",LATHROP,-121.29895782470703,37.811809539794922
82065954,2023,2023-05-10,3924,2023-04-26,2046,1294,L2,3,5,2,3920,0,0,0,,0,00C,"EAST LOUISE AV","SOUTH BOUND INTERSTATE 5",0.00,,Y,A,-,N,,,,,,,,,,N,3,0,1,2,A,-,12,21453,,M,A,C,A,A,H,-,C,A,0,,,,,Y,,A,01,0,1,0,0,0,0,0,0,0,"- ","- ",37.811740875244141,-121.27742767333984,"SAN JOAQUIN",LATHROP,-121.29574584960938,37.811843872070312
82066327,2023,2023-05-11,3905,2023-04-09,1711,7192,SEA,7,5,6,3905,0,0,0,,0,,"EL DORADO ST","IVY AV",40.00,N,N,B,-,N,,,,,,,,,,N,4,0,1,2,A,-,03,22350,,F,C,C,A,A,H,-,A,A,0,,,,,Y,,D,22,0,0,1,0,0,0,0,0,0,"- ","- ",37.918891906738281,-121.27860260009766,"SAN JOAQUIN",STOCKTON,-121.27878570556641,37.918983459472656
82067443,2023,2023-05-12,3905,2023-04-04,1705,2463,LAK,2,5,6,3905,0,0,0,,0,,"PACIFIC AV","YOKUTS AV",212.00,N,N,B,-,N,,,,,,,,,,N,4,0,1,2,A,-,08,22107,,M,B,C,A,A,H,-,A,D,0,,,,,Y,,A,01,0,0,1,0,0,0,0,0,0,"- ","- ",37.996761322021484,-121.31430053710938,"SAN JOAQUIN",STOCKTON,-121.31494140625,37.997196197509766
82068397,2023,2023-05-16,3905,2023-03-25,2111,2675,LAK,6,5,6,3905,0,0,0,,0,,"PACIFIC AV","LINCOLN RD",0.00,,Y,A,-,Y,,,,,,,,,,N,4,0,1,2,A,-,07,21658,A,F,B,C,A,A,H,-,C,D,0,,,,,Y,,-,99,0,0,1,0,0,0,0,0,0,"- ","- ",38.013938903808594,-121.32206726074219,"SAN JOAQUIN",STOCKTON,-121.32176208496094,38.013740539550781
82069612,2023,2023-05-16,3905,2023-03-29,1027,7267,LAK,3,5,6,3905,0,0,0,,0,,"PACIFIC AV","PORTER AV",0.00,,Y,B,C,N,,,,,,,,,,N,4,0,2,2,A,-,03,22350,,N,D,C,A,B,H,-,A,A,0,,,,,Y,,D,22,0,0,2,0,0,0,0,0,0,"- ","- ",38.0064697265625,-121.31916046142578,"SAN JOAQUIN",STOCKTON,-121.31877136230469,38.006298065185547
82069908,2023,2023-06-28,3924,2023-04-17,"357 ",1332,L2,1,5,2,3920,0,0,0,,0,00C,"HARLAN RD","LOUISE AVE",530.00,N,-,A,-,N,,,,,,,,,,Y,2,0,1,1,A,-,03,22350,,M,E,I,A,A,H,-,C,D,0,,,,Y,Y,,F,26,1,0,0,0,0,0,0,0,0,"- ","- ",37.805168151855469,-121.29611968994141,"SAN JOAQUIN",LATHROP,-121.29373168945312,37.813175201416016
82071607,2023,2023-05-19,3905,2023-03-30,"756 ",2137,CIV,4,5,6,3905,0,0,0,,0,,"CASTLE ST","CENTER ST",0.00,,Y,A,-,N,,,,,,,,,,Y,4,0,2,2,A,-,12,22450,A,N,D,C,A,A,H,-,A,A,0,,,Y,,Y,,A,01,0,0,2,0,0,0,0,0,1,"- ","- ",37.973781585693359,-121.29833221435547,"SAN JOAQUIN",STOCKTON,-121.29857635498047,37.973709106445312
82072794,2023,2023-05-19,3905,2023-04-02,1343,7273,BEA,7,5,6,3905,0,0,0,,0,,"HAMMER LN","EL DORADO ST",85.00,S,N,A,-,N,,,,,,,,,,Y,4,0,1,2,A,-,07,21658,A,N,D,C,A,A,H,-,A,D,0,,,,,Y,,A,01,0,0,1,0,0,0,0,0,0,"- ","- ",38.020610809326172,-121.31556701660156,"SAN JOAQUIN",STOCKTON,-121.31520080566406,38.020858764648438