CASE_ID,ACCIDENT_YEAR,PROC_DATE,JURIS,COLLISION_DATE,COLLISION_TIME,OFFICER_ID,REPORTING_DISTRICT,DAY_OF_WEEK,CHP_SHIFT,POPULATION,CNTY_CITY_LOC,SPECIAL_COND,BEAT_TYPE,CHP_BEAT_TYPE,CITY_DIVISION_LAPD,CHP_BEAT_CLASS,BEAT_NUMBER,PRIMARY_RD,SECONDARY_RD,DISTANCE,DIRECTION,INTERSECTION,WEATHER_1,WEATHER_2,STATE_HWY_IND,CALTRANS_COUNTY,CALTRANS_DISTRICT,STATE_ROUTE,ROUTE_SUFFIX,POSTMILE_PREFIX,POSTMILE,LOCATION_TYPE,RAMP_INTERSECTION,SIDE_OF_HWY,TOW_AWAY,COLLISION_SEVERITY,NUMBER_KILLED,NUMBER_INJURED,PARTY_COUNT,PRIMARY_COLL_FACTOR,PCF_CODE_OF_VIOL,PCF_VIOL_CATEGORY,PCF_VIOLATION,PCF_VIOL_SUBSECTION,HIT_AND_RUN,TYPE_OF_COLLISION,MVIW,PED_ACTION,ROAD_SURFACE,ROAD_COND_1,ROAD_COND_2,LIGHTING,CONTROL_DEVICE,CHP_ROAD_TYPE,PEDESTRIAN_ACCIDENT,BICYCLE_ACCIDENT,MOTORCYCLE_ACCIDENT,TRUCK_ACCIDENT,NOT_PRIVATE_PROPERTY,ALCOHOL_INVOLVED,STWD_VEHTYPE_AT_FAULT,CHP_VEHTYPE_AT_FAULT,COUNT_SEVERE_INJ,COUNT_VISIBLE_INJ,COUNT_COMPLAINT_PAIN,COUNT_PED_KILLED,COUNT_PED_INJURED,COUNT_BICYCLIST_KILLED,COUNT_BICYCLIST_INJURED,COUNT_MC_KILLED,COUNT_MC_INJURED,PRIMARY_RAMP,SECONDARY_RAMP,LATITUDE,LONGITUDE,COUNTY,CITY,POINT_X,POINT_Y
8288061,2015,2017-01-20,3905,2015-06-17,1900,1487,VAL,3,5,6,3905,0,0,0,,0,,"MONTAUBAN AV","SWAIN RD",0.00,,Y,A,-,N,,,,,,,,,,Y,3,0,4,2,A,-,01,23152,A,N,A,C,A,A,H,-,A,A,0,,,,,Y,Y,A,07,0,3,1,0,0,0,0,0,0,"- ","- ",,,"SAN JOAQUIN",STOCKTON,-121.29015996,38.012489950000003
8288073,2015,2017-01-20,3905,2015-06-30,1111,1312,VAL,2,5,6,3905,0,0,0,,0,,"WEST LN","MORADA LN",0.00,,Y,B,-,N,,,,,,,,,,N,4,0,2,2,A,-,07,21658,A,N,B,C,A,A,H,-,A,A,0,,,,,Y,,A,01,0,0,2,0,0,0,0,0,0,"- ","- ",,,"SAN JOAQUIN",STOCKTON,-121.29512989,38.036869950000003
8288084,2015,2017-01-23,3905,2015-08-17,1347,2482,LAK,1,5,6,3905,0,0,0,,0,,"MARCH LN","PERSHING AV",528.00,E,N,A,-,N,,,,,,,,,,Y,4,0,2,2,A,-,03,22350,,N,C,C,A,A,H,-,A,A,0,,,,,Y,,I,11,0,0,2,0,0,0,0,0,0,"- ","- ",,,"SAN JOAQUIN",STOCKTON,-121.32022014,37.989519970000003
8288090,2015,2017-02-06,3905,2015-08-21,1022,2063,PAR,5,5,6,3905,0,0,0,,0,,"AIRPORT WY","ARCH AIRPORT RD",18.00,N,N,A,-,N,,,,,,,,,,N,4,0,2,2,A,-,06,21755,,N,D,C,A,A,H,-,A,A,0,,,,Y,Y,,A,01,0,0,2,0,0,0,0,0,0,"- ","- ",,,"SAN JOAQUIN",STOCKTON,-121.25471885,37.90200712
8288093,2015,2017-01-23,3905,2015-01-12,0527,2624,SEA,1,5,6,3905,0,0,0,,0,,"EL DORADO ST","CLAYTON AV",528.00,S,N,E,-,N,,,,,,,,,,N,4,0,1,2,A,-,09,21804,B,N,D,C,A,A,H,-,D,D,0,,,,Y,Y,,A,01,0,0,1,0,0,0,0,0,0,"- ","- ",,,"SAN JOAQUIN",STOCKTON,-121.27567069,37.909703139999998
8288131,2015,2017-01-21,3905,2015-11-24,1830,1393,LAK,2,5,6,3905,0,0,0,,0,,"E MARCH LN","E MARCH LN 255",0.00,,N,A,-,N,,,,,,,,,,N,4,0,1,2,D,-,00,,,M,G,B,F,A,H,-,C,D,0,Y,,,,Y,,-,"- ",0,0,1,0,1,0,0,0,0,"- ","- ",,,"SAN JOAQUIN",STOCKTON,-121.30236626,37.998546920000003
8288135,2015,2017-01-21,3905,2015-11-02,0728,1315,PAR,1,5,6,3905,0,0,0,,0,,"INDUSTRIAL DR","PRODUCERS DR",0.00,,Y,B,C,N,,,,,,,,,,Y,4,0,1,3,A,-,09,21802,A,M,D,C,A,B,H,-,A,A,0,,,,,Y,,A,01,0,0,1,0,0,0,0,0,0,"- ","- ",,,"SAN JOAQUIN",STOCKTON,-121.26907996,37.908229919999997
8288136,2015,2017-01-21,3905,2015-12-03,1309,1295,SEA,4,5,6,3905,0,0,0,,0,,"CENTER ST","SONORA ST",42.00,N,N,C,-,N,,,,,,,,,,Y,2,0,1,2,A,-,11,21955,,N,G,B,D,B,H,-,A,D,0,Y,,,,Y,,N,60,1,0,0,0,1,0,0,0,0,"- ","- ",37.94858,-121.29004999999999,"SAN JOAQUIN",STOCKTON,-121.29006055000001,37.948712780000001
8288138,2015,2017-01-21,3905,2015-04-17,1848,2586,,5,5,6,3905,0,0,0,,0,,"CHAMBORD DR","CHAMBORD PL",0.00,,Y,A,-,N,,,,,,,,,,N,3,0,1,2,A,-,09,21804,A,N,H,G,A,A,H,-,B,D,0,,Y,,,Y,,L,04,0,1,0,0,0,0,1,0,0,"- ","- ",,,"SAN JOAQUIN",STOCKTON,-121.28727991,38.02479993
8288141,2015,2017-01-21,3905,2015-04-13,2248,2641,PAR,1,5,6,3905,0,0,0,,0,,"WILSON WY","MARKET ST",0.00,,Y,A,-,N,,,,,,,,,,Y,4,0,1,2,A,-,01,23152,A,N,D,C,A,A,H,-,C,A,0,,,,,Y,Y,D,22,0,0,1,0,0,0,0,0,0,"- ","- ",,,"SAN JOAQUIN",STOCKTON,-121.27129997,37.954819909999998
8288150,2015,2017-01-21,3905,2015-04-22,1629,2438,CIV,3,5,6,3905,0,0,0,,0,,"PACIFIC AV","HARDING WY",0.00,,Y,A,-,N,,,,,,,,,,N,4,0,1,2,A,-,03,22350,,N,C,C,A,A,H,-,A,A,0,,,,,Y,,D,22,0,0,1,0,0,0,0,0,0,"- ","- ",,,"SAN JOAQUIN",STOCKTON,-121.29790986,37.966829930000003
8288151,2015,2017-01-21,3905,2015-02-27,0720,2063,VAL,5,5,6,3905,0,0,0,,0,,"JAMESTOWN ST","EL DORADO ST",31.00,W,N,A,-,N,,,,,,,,,,Y,4,0,1,2,A,-,03,22350,,N,C,C,A,A,H,-,A,A,0,,,,,Y,,A,01,0,0,1,0,0,0,0,0,0,"- ","- ",,,"SAN JOAQUIN",STOCKTON,-121.30497627,37.993827439999997
8288153,2015,2017-01-21,3905,2015-04-18,0631,2732,PAR,6,5,6,3905,0,0,0,,0,,"FREMONT ST","WATTS AV",94.00,W,N,A,-,N,,,,,,,,,,Y,3,0,1,2,A,-,03,22350,,N,C,E,A,A,H,-,A,D,0,,,,,Y,,A,01,0,1,0,0,0,0,0,0,0,"- ","- ",,,"SAN JOAQUIN",STOCKTON,-121.26456442999999,37.962301650000001
8288163,2015,2017-01-20,3905,2015-02-11,1157,2463,CIV,3,5,6,3905,0,0,0,,0,,"WEST LN","UNIVERSITY AV",49.00,N,N,A,-,N,,,,,,,,,,N,4,0,1,3,A,-,03,22350,,N,C,C,A,A,H,-,A,D,0,,,,,Y,,D,22,0,0,1,0,0,0,0,0,0,"- ","- ",,,"SAN JOAQUIN",STOCKTON,-121.28005816,37.974809059999998
8288164,2015,2017-01-20,3905,2015-02-12,1543,2063,VAL,4,5,6,3905,0,0,0,,0,,"HAMMER LN","TAM O SHANTER DR",250.00,W,N,A,-,N,,,,,,,,,,Y,3,0,4,4,A,-,03,22350,,N,C,C,A,A,H,-,A,D,0,,,,,Y,,D,22,0,1,3,0,0,0,0,0,0,"- ","- ",,,"SAN JOAQUIN",STOCKTON,-121.30140781,38.021031059999999
8288179,2015,2017-01-20,3905,2015-02-25,1314,1393,VAL,3,5,6,3905,0,0,0,,0,,"HAMMER LN","HOLMAN RD",0.00,,Y,A,-,N,,,,,,,,,,Y,4,0,2,2,A,-,12,21453,A,N,D,C,A,A,H,-,A,A,0,,,,,Y,,D,22,0,0,2,0,0,0,0,0,0,"- ","- ",,,"SAN JOAQUIN",STOCKTON,-121.27173995,38.0212699
8288182,2015,2017-01-20,3905,2015-02-20,1953,2620,BEA,5,5,6,3905,0,0,0,,0,,"EL DORADO ST","HAMMER LN",0.00,,Y,A,-,N,,,,,,,,,,Y,3,0,2,2,A,-,12,21453,A,N,A,C,A,A,H,-,C,A,0,,,,,Y,,A,08,0,1,1,0,0,0,0,0,0,"- ","- ",,,"SAN JOAQUIN",STOCKTON,-121.31519994999999,38.021009990000003
8288189,2015,2017-01-20,3905,2015-02-25,1523,2463,CIV,3,5,6,3905,0,0,0,,0,,"WEBER AV","EL DORADO ST",0.00,,Y,A,-,N,,,,,,,,,,N,4,0,1,2,A,-,10,21950,A,N,G,B,B,A,H,-,A,A,0,Y,,,,Y,,A,07,0,0,1,0,1,0,0,0,0,"- ","- ",,,"SAN JOAQUIN",STOCKTON,-121.29011988000001,37.95379999
8288206,2015,2017-01-23,3905,2015-01-07,0901,2648,PAR,3,5,6,3905,0,0,0,,0,,"FREMONT ST","WIZARD AV",0.00,,Y,A,-,N,,,,,,,,,,Y,4,0,1,2,A,-,09,21801,A,N,D,C,A,A,H,-,A,D,0,,,,,Y,,A,01,0,0,1,0,0,0,0,0,0,"- ","- ",,,"SAN JOAQUIN",STOCKTON,-121.26689997,37.961789940000003
8288209,2015,2017-01-23,3905,2015-01-03,1109,1312,LAK,6,5,6,3905,0,0,0,,0,,"MARCH LN","PRECISSI LN",0.00,,Y,A,-,N,,,,,,,,,,Y,4,0,5,3,A,-,12,21453,A,N,D,C,A,A,H,-,A,A,0,,,,,Y,,A,07,0,0,5,0,0,0,0,0,0,"- ","- ",,,"SAN JOAQUIN",STOCKTON,-121.31574989000001,37.990629980000001
8288215,2015,2017-01-20,3905,2015-01-14,1039,3452,PAR,3,5,6,3905,0,0,0,,0,,"AIRPORT WY","WASHINGTON ST",0.00,,Y,E,-,N,,,,,,,,,,N,2,0,1,2,D,-,00,,,F,D,G,A,A,H,-,A,D,0,,Y,,,Y,,-,"- ",1,0,0,0,0,0,1,0,0,"- ","- ",,,"SAN JOAQUIN",STOCKTON,-121.27364993,37.953409899999997
8288218,2015,2017-01-23,3905,2015-01-06,0730,3452,PAR,2,5,6,3905,0,0,0,,0,,"UNION ST","FOLSOM ST",395.00,S,N,B,-,N,,,,,,,,,,Y,4,0,1,1,A,-,03,22350,,N,E,I,A,-,H,-,A,-,0,,,,,Y,,A,07,0,0,1,0,0,0,0,0,0,"- ","- ",,,"SAN JOAQUIN",STOCKTON,-121.27014797,37.934735439999997
8288221,2015,2017-01-23,3905,2015-01-01,1119,2438,SEA,4,5,6,3905,0,0,0,,0,,"MARTIN LUTHER KING BL","GRANT ST",0.00,,Y,A,-,N,,,,,,,,,,Y,4,0,1,2,A,-,12,21453,A,N,D,C,A,A,H,-,A,A,0,,,,,Y,Y,A,07,0,0,1,0,0,0,0,0,0,"- ","- ",,,"SAN JOAQUIN",STOCKTON,-121.27692995,37.940509929999997
8288224,2015,2017-01-20,3905,2015-01-31,0208,2590,LAK,6,5,6,3905,0,0,0,,0,,"FEATHER RIVER DR","SEAGULL LN",1056.00,S,N,A,-,N,,,,,,,,,,Y,3,0,1,1,A,-,01,23152,A,N,E,I,A,A,H,-,C,D,0,,,,,Y,Y,A,01,0,1,0,0,0,0,0,0,0,"- ","- ",,,"SAN JOAQUIN",STOCKTON,-121.3490956,37.995022249999998
8288230,2015,2017-01-23,3905,2015-01-05,1025,1312,LAK,1,5,6,3905,0,0,0,,0,,"ROSE MARIE LN","PRECISSI LN",0.00,,Y,A,-,N,,,,,,,,,,Y,4,0,1,2,A,-,12,21453,A,N,D,C,A,A,H,-,A,A,0,,,,,Y,,A,01,0,0,1,0,0,0,0,0,0,"- ","- ",,,"SAN JOAQUIN",STOCKTON,-121.31474993,37.988089940000002
8288233,2015,2017-01-23,3905,2015-01-07,2207,2682,PAR,3,5,6,3905,0,0,0,,0,,"WILSON WY","ACACIA ST",249.00,N,N,A,-,N,,,,,,,,,,N,2,0,1,2,A,-,11,21954,A,F,G,B,D,A,H,-,C,D,0,Y,,,,Y,Y,N,60,1,0,0,0,1,0,0,0,0,"- ","- ",,,"SAN JOAQUIN",STOCKTON,-121.27441112,37.966356900000001
8288238,2015,2017-01-23,3905,2015-01-04,1719,2463,VAL,7,5,6,3905,0,0,0,,0,,"MCALLEN RD","HOLMAN RD",315.00,E,N,A,-,N,,,,,,,,,,N,4,0,1,2,A,-,05,21202,A,N,B,G,A,A,H,-,D,D,0,,Y,,,Y,,L,04,0,0,1,0,0,0,1,0,0,"- ","- ",,,"SAN JOAQUIN",STOCKTON,-121.26918589,38.000407529999997
8288247,2015,2017-01-20,3905,2015-02-12,1546,2438,LAK,4,5,6,3905,0,0,0,,0,,"LINCOLN RD","PACIFIC AV",0.00,,Y,A,-,N,,,,,,,,,,N,4,0,1,2,A,-,10,21950,A,N,G,B,B,A,H,-,A,A,0,Y,,,,Y,,A,07,0,0,1,0,1,0,0,0,0,"- ","- ",,,"SAN JOAQUIN",STOCKTON,-121.32175995999999,38.013739989999998
8288256,2015,2017-01-20,3905,2015-02-01,2024,2025,CIV,7,5,6,3905,0,0,0,,0,,"EL DORADO ST","WEBER AV",4.00,S,N,A,-,N,,,,,,,,,,N,3,0,1,2,A,-,12,21453,A,N,D,G,A,A,-,-,C,A,0,,Y,,,Y,,L,04,0,1,0,0,0,0,1,0,0,"- ","- ",,,"SAN JOAQUIN",STOCKTON,-121.29011645999999,37.953789380000003
8288260,2015,2017-02-03,3905,2015-02-02,0210,2674,LAK,1,5,6,3905,0,0,0,,0,,"ROSE MARIE LN","MANCHESTER AV",362.00,W,N,A,-,N,,,,,,,,,,Y,4,0,1,2,A,-,01,23152,A,M,C,E,A,A,H,-,D,D,0,,,,,Y,Y,A,01,0,0,1,0,0,0,0,0,0,"- ","- ",,,"SAN JOAQUIN",STOCKTON,-121.31840778999999,37.987200459999997
8288263,2015,2017-01-20,3905,2015-02-09,0505,2739,BEA,1,5,6,3905,0,0,0,,0,,"ESTATE DR","THORNTON RD",470.00,E,N,B,G,N,,,,,,,,,,Y,3,0,2,2,A,-,21,22106,,N,D,C,A,B,H,-,C,D,0,,,,,Y,,A,01,0,1,1,0,0,0,0,0,0,"- ","- ",,,"SAN JOAQUIN",STOCKTON,-121.34550622,38.042181450000001
8288265,2015,2017-01-20,3905,2015-02-13,1250,1323,VAL,5,5,6,3905,0,0,0,,0,,"TENNALINDE LN","BIANCHI RD",0.00,,Y,A,-,N,,,,,,,,,,N,4,0,1,2,A,-,09,21802,A,N,D,D,A,A,H,-,A,A,0,,,,,Y,,A,01,0,0,1,0,0,0,0,0,0,"- ","- ",,,"SAN JOAQUIN",STOCKTON,-121.28404986,38.001689939999999
8288272,2015,2017-01-20,3905,2015-02-03,0739,1315,CIV,2,5,6,3905,0,0,0,,0,,"HARDING WY","COMMERCE ST",101.00,W,N,A,-,N,,,,,,,,,,Y,4,0,2,2,A,-,05,21651,A,N,A,C,A,A,H,-,A,D,0,,,,,Y,,A,07,0,0,2,0,0,0,0,0,0,"- ","- ",,,"SAN JOAQUIN",STOCKTON,-121.29677206,37.967029910000001
8288276,2015,2017-01-20,3905,2015-02-04,1730,2438,CIV,3,5,6,3905,0,0,0,,0,,"WEST LN","BRADFORD ST",0.00,,Y,A,-,N,,,,,,,,,,N,4,0,1,2,A,-,05,21650,1,N,H,G,A,A,H,-,B,A,0,,Y,,,Y,,L,04,0,0,1,0,0,0,1,0,0,"- ","- ",,,"SAN JOAQUIN",STOCKTON,-121.27954989,37.973499990000001
8288279,2015,2017-01-20,3905,2015-02-07,1955,2602,SEA,6,5,6,3905,0,0,0,,0,,"CALIFORNIA ST","CLAY ST",128.00,N,N,C,-,N,,,,,,,,,,N,4,0,1,2,A,-,08,22103,,N,H,G,A,B,H,-,D,D,0,,Y,,,Y,,A,01,0,0,1,0,0,0,1,0,0,"- ","- ",,,"SAN JOAQUIN",STOCKTON,-121.28120403,37.941103560000002
8288280,2015,2017-01-20,3905,2015-02-04,0109,2705,SEA,3,5,6,3905,0,0,0,,0,,"ARMY CT","CHARTER WY",34.00,N,N,A,-,N,,,,,,,,,,Y,4,0,1,1,A,-,03,22350,,N,E,-,A,A,H,-,C,D,0,,,,,Y,,A,01,0,0,1,0,0,0,0,0,0,"- ","- ",,,"SAN JOAQUIN",STOCKTON,-121.32324457,37.93006226
8288281,2015,2017-01-20,3905,2015-05-15,1327,1422,LAK,5,5,6,3905,0,0,0,,0,,"CLAREMONT AV","MARCH LN",97.00,N,N,A,-,N,,,,,,,,,,Y,4,0,1,1,A,-,03,22350,,N,E,I,A,A,H,-,A,D,0,,,,,Y,,A,01,0,0,1,0,0,0,0,0,0,"- ","- ",,,"SAN JOAQUIN",STOCKTON,-121.30900468999999,37.994337219999998
8288285,2015,2017-01-20,3905,2015-05-15,1729,2620,LAK,5,5,6,3905,0,0,0,,0,,"PACIFIC AV","NORTHBANK CT",0.00,,Y,A,-,N,,,,,,,,,,Y,3,0,1,2,A,-,09,21801,A,N,D,C,A,A,H,-,A,D,0,,,Y,,Y,,A,01,0,1,0,0,0,0,0,0,1,"- ","- ",,,"SAN JOAQUIN",STOCKTON,-121.31094988,37.986609950000002
8288288,2015,2017-01-20,3905,2015-05-31,0852,2482,PAR,7,5,6,3905,0,0,0,,0,,"MAIN ST","E ST",21.00,E,N,A,-,N,,,,,,,,,,Y,3,0,4,2,A,-,09,21802,A,N,D,C,A,A,H,-,A,A,0,,,,,Y,,A,01,0,2,2,0,0,0,0,0,0,"- ","- ",,,"SAN JOAQUIN",STOCKTON,-121.21675999999999,37.804650000000002
8288311,2015,2017-01-20,3905,2015-05-20,1740,2438,CIV,3,5,6,3905,0,0,0,,0,,"EL DORADO ST","MINER AV",0.00,,Y,A,-,N,,,,,,,,,,N,4,0,4,4,A,-,12,21453,A,N,D,C,A,A,H,-,A,A,0,,,,,Y,,A,01,0,0,4,0,0,0,0,0,0,"- ","- ",,,"SAN JOAQUIN",STOCKTON,-121.29060995,37.955679930000002
8288316,2015,2017-01-20,3905,2015-05-28,0800,1422,VAL,4,5,6,3905,0,0,0,,0,,"WEST LN","BIANCHI RD",0.00,,Y,A,-,N,,,,,,,,,,N,4,0,1,2,A,-,03,22350,,M,C,C,A,A,H,-,A,A,0,,,,,Y,,A,01,0,0,1,0,0,0,0,0,0,"- ","- ",,,"SAN JOAQUIN",STOCKTON,-121.28902988,37.997649930000001
8288318,2015,2017-01-20,3905,2015-05-17,1221,1323,SEA,7,5,6,3905,0,0,0,,0,,"EL DORADO ST","LOWELL AV",0.00,,Y,B,-,N,,,,,,,,,,N,3,0,1,1,A,-,03,22350,,N,E,I,A,A,H,-,A,D,0,,,,,Y,,A,01,0,1,0,0,0,0,0,0,0,"- ","- ",,,"SAN JOAQUIN",STOCKTON,-121.27968988000001,37.921209879999999
8288340,2015,2017-01-20,3905,2015-08-19,1645,2438,CIV,3,5,6,3905,0,0,0,,0,,"MADISON ST","VINE ST",0.00,,Y,A,-,N,,,,,,,,,,N,4,0,1,2,A,-,09,21802,A,N,D,C,A,A,H,-,A,A,0,,,Y,,Y,,A,01,0,0,1,0,0,0,0,0,1,"- ","- ",,,"SAN JOAQUIN",STOCKTON,-121.29718991999999,37.96485989
8288347,2015,2017-01-20,3905,2015-08-18,0758,2703,LAK,2,5,6,3905,0,0,0,,0,,"PACIFIC AV","YOKUTS AV",325.00,S,N,A,-,N,,,,,,,,,,N,4,0,2,2,A,-,03,22350,,N,C,C,A,A,H,-,A,D,0,,,,,Y,,A,01,0,0,2,0,0,0,0,0,0,"- ","- ",,,"SAN JOAQUIN",STOCKTON,-121.31438873,37.995786789999997
8288354,2015,2017-01-20,3905,2015-08-21,1542,1422,PAR,5,5,6,3905,0,0,0,,0,,"B ST","ARCH AIRPORT RD",0.00,,Y,A,-,N,,,,,,,,,,Y,4,0,2,2,A,-,09,21802,A,N,D,C,A,A,H,-,A,A,0,,,,,Y,,A,08,0,0,2,0,0,0,0,0,0,"- ","- ",,,"SAN JOAQUIN",STOCKTON,-121.24406990999999,37.905519980000001
8288359,2015,2017-01-20,3905,2015-08-18,1605,2731,SEA,2,5,6,3905,0,0,0,,0,,"HAZELTON AV","GRANT ST",0.00,,Y,A,-,N,,,,,,,,,,Y,2,0,1,2,A,-,05,21650,1,N,H,G,A,A,H,-,A,A,0,,Y,,,Y,,L,04,1,0,0,0,0,0,1,0,0,"- ","- ",,,"SAN JOAQUIN",STOCKTON,-121.27906985,37.94833998
8288366,2015,2017-01-20,3905,2015-05-11,1504,1312,CIV,1,5,6,3905,0,0,0,,0,,"CALIFORNIA ST","ALPINE AV",100.00,S,N,B,-,N,,,,,,,,,,Y,4,0,2,2,A,-,09,21804,A,N,D,C,A,A,H,-,A,D,0,,,,,Y,,A,01,0,0,2,0,0,0,0,0,0,"- ","- ",,,"SAN JOAQUIN",STOCKTON,-121.29341958000001,37.981297120000001
8288377,2015,2017-01-20,3905,2015-05-08,0924,2063,CIV,5,5,6,3905,0,0,0,,0,,"ACACIA ST","CENTER ST",26.00,W,N,A,-,N,,,,,,,,,,Y,4,0,1,2,A,-,01,23152,A,N,C,C,A,A,H,-,A,A,0,,,,,Y,Y,A,08,0,0,1,0,0,0,0,0,0,"- ","- ",,,"SAN JOAQUIN",STOCKTON,-121.2938882,37.962385070000003
8288391,2015,2017-01-20,3905,2015-05-03,0816,2729,SEA,7,5,6,3905,0,0,0,,0,,"HUNTER ST","WORTH ST",312.00,N,N,A,-,N,,,,,,,,,,N,3,0,1,1,A,-,03,22350,,N,E,I,A,A,H,-,A,D,0,,,,,Y,,A,07,0,1,0,0,0,0,0,0,0,"- ","- ",,,"SAN JOAQUIN",STOCKTON,-121.28625314999999,37.944831639999997
8288396,2015,2017-01-20,3905,2015-05-13,1801,2574,LAK,3,5,6,3905,0,0,0,,0,,"PERSHING AV","ROSE MARIE LN",498.00,S,N,A,-,N,,,,,,,,,,N,4,0,1,3,A,-,03,22350,,N,C,C,A,A,H,-,A,A,0,,,,,Y,,A,01,0,0,1,0,0,0,0,0,0,"- ","- ",,,"SAN JOAQUIN",STOCKTON,-121.32028842,37.985316079999997
8288398,2015,2017-01-20,3905,2015-05-01,1325,1422,CIV,5,5,6,3905,0,0,0,,0,,"PERSHING AV","ALPINE AV",0.00,,Y,A,-,N,,,,,,,,,,N,3,0,2,3,A,-,03,22350,,N,C,C,A,A,H,-,A,A,0,,,,,Y,,A,01,0,1,1,0,0,0,0,0,0,"- ","- ",,,"SAN JOAQUIN",STOCKTON,-121.31751988000001,37.975479970000002
8288405,2015,2017-01-20,3905,2015-08-04,1350,1541,CIV,2,5,6,3905,0,0,0,,0,,"CALIFORNIA ST","HAWTHORNE ST",35.00,N,N,A,-,N,,,,,,,,,,N,4,0,2,2,A,-,03,22350,,N,C,C,A,A,H,-,A,D,0,,,,,Y,,A,01,0,0,2,0,0,0,0,0,0,"- ","- ",,,"SAN JOAQUIN",STOCKTON,-121.28975359,37.97223237
8288413,2015,2017-01-20,3905,2015-08-11,1221,2716,SEA,2,5,6,3905,0,0,0,,0,,"EL DORADO ST","6TH ST",0.00,,Y,A,-,N,,,,,,,,,,N,4,0,1,3,A,-,09,21801,A,N,D,E,A,A,H,-,A,A,0,,,,,Y,,A,01,0,0,1,0,0,0,0,0,0,"- ","- ",,,"SAN JOAQUIN",STOCKTON,-121.28379993,37.931449899999997
8288429,2015,2017-01-20,3905,2015-08-12,1500,2674,SEA,3,5,6,3905,0,0,0,,0,,"TURNPIKE RD","DOWNING AV",158.00,N,N,A,-,N,,,,,,,,,,N,3,0,1,2,A,-,11,21954,A,N,G,B,D,A,H,-,A,D,0,Y,,,,Y,,N,60,0,1,0,0,1,0,0,0,0,"- ","- ",,,"SAN JOAQUIN",STOCKTON,-121.28822029,37.913541619999997
8288456,2015,2017-01-20,3905,2015-09-14,1858,2463,CIV,1,5,6,3905,0,0,0,,0,,"CHAPMAN OAK DR","SANGUINETTI LN",0.00,,Y,B,-,N,,,,,,,,,,Y,4,0,1,1,A,-,01,23152,A,N,E,I,A,A,H,-,B,D,0,,,,,Y,,A,01,0,0,1,0,0,0,0,0,0,"- ","- ",37.989980000000003,-121.27356,"SAN JOAQUIN",STOCKTON,-121.27395986000001,37.990069929999997
8288458,2015,2017-01-20,3905,2015-09-02,1250,1312,LAK,3,5,6,3905,0,0,0,,0,,"PERSHING AV","ROBINHOOD DR",0.00,,Y,A,-,N,,,,,,,,,,Y,4,0,1,3,A,-,12,21453,A,N,D,C,A,A,H,-,A,A,0,,,,,Y,,A,01,0,0,1,0,0,0,0,0,0,"- ","- ",37.99832,-121.32487,"SAN JOAQUIN",STOCKTON,-121.32534988,37.998089909999997
8288477,2015,2017-01-20,3905,2015-09-08,1150,2482,CIV,2,5,6,3905,0,0,0,,0,,"CALIFORNIA ST","WASHINGTON ST",15.00,S,N,A,-,N,,,,,,,,,,Y,4,0,2,2,A,-,09,21801,A,N,D,C,A,A,H,-,A,A,0,,,,,Y,,A,01,0,0,2,0,0,0,0,0,0,"- ","- ",37.951599999999999,-121.28403,"SAN JOAQUIN",STOCKTON,-121.28403812000001,37.951579889999998
8288496,2015,2017-02-28,3905,2015-05-03,2308,2714,LAK,7,5,6,3905,0,0,0,,0,,"MARCH LN","PACIFIC AV",930.00,E,N,A,-,N,,,,,,,,,,Y,3,0,1,1,A,-,03,22350,,N,E,I,A,A,H,-,C,D,0,,,,,Y,,A,01,0,1,0,0,0,0,0,0,0,"- ","- ",,,"SAN JOAQUIN",STOCKTON,-121.31034477999999,37.993053170000003
8288498,2015,2017-01-19,3905,2015-07-09,1509,2601,LAK,4,5,6,3905,0,0,0,,0,,"PACIFIC AV","DOUGLAS RD",0.00,,Y,A,-,N,,,,,,,,,,N,4,0,1,2,A,-,10,21950,A,N,G,B,B,A,H,-,A,A,0,Y,,,,Y,,A,01,0,0,1,0,1,0,0,0,0,"- ","- ",,,"SAN JOAQUIN",STOCKTON,-121.31956999000001,38.008239889999999
8288499,2015,2017-04-25,3905,2015-01-04,1045,1315,CIV,7,5,6,3905,0,0,0,,0,,"CENTER ST","RT 4",0.00,,Y,B,-,Y,SJ,10,4,-,R,16.514,R,4,E,Y,4,0,1,2,C,-,18,,,N,D,C,A,A,H,-,A,A,0,,,,,Y,,-,"- ",0,0,1,0,0,0,0,0,0,"- ",EF,,,"SAN JOAQUIN",STOCKTON,-121.29249221000001,37.94962331
8288500,2015,2017-02-28,3905,2015-05-28,2127,2411,VAL,4,5,6,3905,0,0,0,,0,,"WEST LN","BIANCHI RD",144.00,S,N,A,-,N,,,,,,,,,,Y,3,0,1,2,A,-,05,21651,A,F,A,C,A,A,H,-,C,D,0,,,,,Y,,A,07,0,1,0,0,0,0,0,0,0,"- ","- ",,,"SAN JOAQUIN",STOCKTON,-121.28888044,37.997272649999999
8288502,2015,2017-01-19,3905,2015-07-02,0822,2482,LAK,4,5,6,3905,0,0,0,,0,,"PERSHING AV","ROBINHOOD DR",0.00,,Y,A,-,N,,,,,,,,,,Y,4,0,1,2,A,-,03,22350,,N,C,C,A,A,H,-,A,A,0,,,,,Y,,A,07,0,0,1,0,0,0,0,0,0,"- ","- ",,,"SAN JOAQUIN",STOCKTON,-121.32534988,37.998089909999997
8288503,2015,2017-02-28,3905,2015-07-26,1620,2601,LAK,7,5,6,3905,0,0,0,,0,,"MARCH LN","QUAIL LAKES DR",91.00,E,N,A,-,N,,,,,,,,,,Y,4,0,1,2,A,-,03,22350,,N,E,I,A,-,H,-,A,D,0,,,,,Y,,A,01,0,0,1,0,0,0,0,0,0,"- ","- ",,,"SAN JOAQUIN",STOCKTON,-121.33967504,37.984907939999999
8288510,2015,2017-01-19,3905,2015-07-04,2346,2696,CIV,6,5,6,3905,0,0,0,,0,,"EL DORADO ST","WORTH ST",700.00,N,N,A,-,N,,,,,,,,,,Y,3,0,3,2,A,-,03,22350,,N,C,C,A,A,H,-,A,D,0,,,,,Y,,A,01,0,1,2,0,0,0,0,0,0,"- ","- ",,,"SAN JOAQUIN",STOCKTON,-121.28705047,37.942647989999998
8288511,2015,2017-01-19,3905,2015-07-09,1419,2644,VAL,4,5,6,3905,0,0,0,,0,,"BERNAY DR","BORDEAUX AV",0.00,,Y,A,-,N,,,,,,,,,,N,4,0,1,2,A,-,03,22350,,F,H,G,A,A,H,-,A,A,0,,Y,,,Y,,-,,0,0,1,0,0,0,1,0,0,"- ","- ",,,"SAN JOAQUIN",STOCKTON,-121.28537991,38.024099919999998
8288523,2015,2017-03-13,3905,2015-09-19,2013,2725,PAR,6,5,6,3905,0,0,0,,0,,"WILSON WY","CHANNEL ST",50.00,S,N,A,-,N,,,,,,,,,,N,4,0,1,2,A,-,11,21954,A,N,G,B,D,A,H,-,C,A,0,Y,,,,Y,,N,60,0,0,1,0,1,0,0,0,0,"- ","- ",37.957639999999998,-121.27202,"SAN JOAQUIN",STOCKTON,-121.27205454999999,37.957615580000002