CASE_ID,ACCIDENT_YEAR,PROC_DATE,JURIS,COLLISION_DATE,COLLISION_TIME,OFFICER_ID,REPORTING_DISTRICT,DAY_OF_WEEK,CHP_SHIFT,POPULATION,CNTY_CITY_LOC,SPECIAL_COND,BEAT_TYPE,CHP_BEAT_TYPE,CITY_DIVISION_LAPD,CHP_BEAT_CLASS,BEAT_NUMBER,PRIMARY_RD,SECONDARY_RD,DISTANCE,DIRECTION,INTERSECTION,WEATHER_1,WEATHER_2,STATE_HWY_IND,CALTRANS_COUNTY,CALTRANS_DISTRICT,STATE_ROUTE,ROUTE_SUFFIX,POSTMILE_PREFIX,POSTMILE,LOCATION_TYPE,RAMP_INTERSECTION,SIDE_OF_HWY,TOW_AWAY,COLLISION_SEVERITY,NUMBER_KILLED,NUMBER_INJURED,PARTY_COUNT,PRIMARY_COLL_FACTOR,PCF_CODE_OF_VIOL,PCF_VIOL_CATEGORY,PCF_VIOLATION,PCF_VIOL_SUBSECTION,HIT_AND_RUN,TYPE_OF_COLLISION,MVIW,PED_ACTION,ROAD_SURFACE,ROAD_COND_1,ROAD_COND_2,LIGHTING,CONTROL_DEVICE,CHP_ROAD_TYPE,PEDESTRIAN_ACCIDENT,BICYCLE_ACCIDENT,MOTORCYCLE_ACCIDENT,TRUCK_ACCIDENT,NOT_PRIVATE_PROPERTY,ALCOHOL_INVOLVED,STWD_VEHTYPE_AT_FAULT,CHP_VEHTYPE_AT_FAULT,COUNT_SEVERE_INJ,COUNT_VISIBLE_INJ,COUNT_COMPLAINT_PAIN,COUNT_PED_KILLED,COUNT_PED_INJURED,COUNT_BICYCLIST_KILLED,COUNT_BICYCLIST_INJURED,COUNT_MC_KILLED,COUNT_MC_INJURED,PRIMARY_RAMP,SECONDARY_RAMP,LATITUDE,LONGITUDE,COUNTY,CITY,POINT_X,POINT_Y
8603039,2018,2018-05-21,3905,2018-04-07,1234,2566,BEA,6,5,6,3905,0,0,0,,0,,"THORNTON RD","HACIENDA DR",527.00,S,N,A,-,N,,,,,,,,,,N,3,0,1,2,A,-,09,21804,A,N,D,C,A,A,D,-,A,D,0,,,Y,,Y,,A,01,0,1,0,0,0,0,0,0,1,"- ","- ",38.031761169433594,-121.33522033691406,"SAN JOAQUIN",STOCKTON,-121.33387756347656,38.030372619628906
8605289,2018,2018-05-17,3903,2018-04-13,0837,2916,,5,5,4,3903,0,0,0,,0,,"AIRPORT WY","LATHROP RD",570.00,S,N,A,-,N,,,,,,,,,,Y,4,0,2,2,A,-,03,22350,,N,C,C,A,A,H,-,A,A,0,,,,,Y,,A,01,0,0,2,0,0,0,0,0,0,"- ","- ",37.826560974121094,-121.25399017333984,"SAN JOAQUIN",MANTECA,-121.25367736816406,37.824947357177734
8605297,2018,2018-05-17,3903,2018-04-25,0012,3580,,3,5,4,3903,0,0,0,,0,,"AIRPORT WY","RAILROAD TRACK",159.00,S,N,A,-,N,,,,,,,,,,Y,4,0,1,2,A,-,01,23153,A,N,C,C,A,A,H,-,C,D,0,,,,,Y,Y,A,07,0,0,1,0,0,0,0,0,0,"- ","- ",,,"SAN JOAQUIN",MANTECA,,
8605338,2018,2018-05-17,3903,2018-04-16,1705,3930,,1,5,4,3903,0,0,0,,0,,"YOSEMITE AV","GRANT AV",34.00,W,N,A,-,N,,,,,,,,,,N,4,0,1,2,D,-,00,,,F,C,C,A,A,H,-,A,A,0,,,,,Y,,-,"- ",0,0,1,0,0,0,0,0,0,"- ","- ",37.797451019287109,-121.21531677246094,"SAN JOAQUIN",MANTECA,-121.21535491943359,37.797420501708984
8618888,2018,2018-05-22,3905,2018-04-23,2200,2525,VAL,1,5,6,3905,0,0,0,,0,,"INVERNESS WY","FOX CREEK DR",90.00,W,N,A,-,N,,,,,,,,,,N,4,0,1,2,A,-,03,22350,,F,B,C,A,A,H,-,C,D,0,,,,,Y,,D,22,0,0,1,0,0,0,0,0,0,"- ","- ",38.033950805664062,-121.2816162109375,"SAN JOAQUIN",STOCKTON,-121.28176879882812,38.0340576171875
8618890,2018,2018-05-22,3905,2018-04-06,1410,3409,CIV,5,5,6,3905,0,0,0,,0,,"CALIFORNIA ST","MAGNOLIA ST",0.00,,Y,B,C,N,,,,,,,,,,N,4,0,3,2,A,-,09,21801,A,N,D,C,A,B,H,-,A,A,0,,,,,Y,,A,08,0,0,3,0,0,0,0,0,0,"- ","- ",37.964450836181641,-121.28739166259766,"SAN JOAQUIN",STOCKTON,-121.28755187988281,37.964450836181641
8618930,2018,2018-06-07,3905,2018-04-16,1357,1393,LAK,1,5,6,3905,0,0,0,,0,,"BENJAMIN HOLT DR","HERNDON PL",0.00,,Y,A,C,N,,,,,,,,,,Y,4,0,1,2,A,-,12,21453,A,N,D,C,A,B,H,-,A,A,0,,,,,Y,,A,07,0,0,1,0,0,0,0,0,0,"- ","- ",38.005031585693359,-121.35697174072266,"SAN JOAQUIN",STOCKTON,-121.35640716552734,38.005100250244141
8618967,2018,2018-05-21,3905,2018-04-23,2105,2891,LAK,1,5,6,3905,0,0,0,,0,,"PACIFIC AV","PORTER AV",192.00,N,N,A,-,N,,,,,,,,,,N,2,0,1,2,A,-,11,21954,A,N,G,B,D,A,H,-,C,D,0,Y,,,,Y,,N,60,1,0,0,0,1,0,0,0,0,"- ","- ",38.0064697265625,-121.31916046142578,"SAN JOAQUIN",STOCKTON,-121.31897735595703,38.006801605224609
8618969,2018,2018-05-18,3905,2018-04-21,1438,7011,VAL,6,5,6,3905,0,0,0,,0,,"HAMMER LN","WEST LN",0.00,,Y,A,-,N,,,,,,,,,,N,4,0,1,2,D,-,00,,,N,D,C,A,A,H,-,A,A,0,,,,,Y,,-,"- ",0,0,1,0,0,0,0,0,0,"- ","- ",38.020931243896484,-121.29518127441406,"SAN JOAQUIN",STOCKTON,-121.29499816894531,38.021049499511719
8618973,2018,2018-05-18,3905,2018-04-19,1104,7010,PAR,4,5,6,3905,0,0,0,,0,1104,"AIRPORT WY","WASHINGTON ST",0.00,,Y,A,-,N,,,,,,,,,,Y,4,0,3,2,A,-,09,21802,A,N,D,C,A,A,H,-,A,A,0,,,,,Y,,A,01,0,0,3,0,0,0,0,0,0,"- ","- ",37.953300476074219,-121.27359771728516,"SAN JOAQUIN",STOCKTON,-121.27365112304688,37.953411102294922
8618977,2018,2018-05-18,3905,2018-04-17,2154,2723,BEA,2,5,6,3905,0,0,0,,0,,"HAMMER LN","LAN ARK DR",0.00,,Y,A,-,N,,,,,,,,,,Y,4,0,3,2,A,-,01,23152,A,F,D,C,A,A,H,-,C,A,0,,,,,Y,Y,A,07,0,0,3,0,0,0,0,0,0,"- ","- ",38.021049499511719,-121.30973815917969,"SAN JOAQUIN",STOCKTON,-121.30943298339844,38.020988464355469
8618990,2018,2018-05-21,3905,2018-04-07,1701,2200,LAK,6,5,6,3905,0,0,0,,0,,"BENJAMIN HOLT DR","HERNDON PL",28.00,E,N,A,-,N,,,,,,,,,,N,4,0,1,2,A,-,01,23152,A,F,C,C,A,A,H,-,A,A,0,,,,,Y,Y,A,01,0,0,1,0,0,0,0,0,0,"- ","- ",38.005031585693359,-121.35697174072266,"SAN JOAQUIN",STOCKTON,-121.35631561279297,38.005107879638672
8619013,2018,2018-05-18,3905,2018-04-16,0740,3452,SEA,1,5,6,3905,0,0,0,,0,,"CAROLYN WESTON BL","GASWELL LN",258.00,E,N,B,-,N,,,,,,,,,,N,4,0,1,2,A,-,03,22350,,N,D,C,A,A,H,-,A,D,0,,,,,Y,,A,01,0,0,1,0,0,0,0,0,0,"- ","- ",37.913608551025391,-121.31239318847656,"SAN JOAQUIN",STOCKTON,-121.31159973144531,37.9132080078125
8619014,2018,2018-05-21,3905,2018-04-16,0625,1312,CIV,1,5,6,3905,0,0,0,,0,,"CALIFORNIA ST","OAK ST",0.00,,Y,B,-,N,,,,,,,,,,Y,4,0,1,2,A,-,12,21453,A,F,D,C,A,B,H,-,A,A,0,,,,,Y,,A,01,0,0,1,0,0,0,0,0,0,"- ","- ",37.959571838378906,-121.28610992431641,"SAN JOAQUIN",STOCKTON,-121.28621673583984,37.959590911865234
8619033,2018,2018-05-21,3905,2018-04-06,1211,2896,LAK,5,5,6,3905,0,0,0,,0,,"MARCH LN","MCGAW ST",0.00,,Y,B,C,N,,,,,,,,,,Y,4,0,2,2,A,-,12,21453,A,N,D,C,A,B,H,-,A,A,0,,,,,Y,,A,01,0,0,2,0,0,0,0,0,0,"- ","- ",37.987491607666016,-121.32878875732422,"SAN JOAQUIN",STOCKTON,-121.32920837402344,37.987281799316406
8619125,2018,2018-05-23,3906,2018-05-09,0726,10118,3906,3,5,5,3906,0,0,0,,0,007,"W SCHULTE RD","LAMMERS RD",3379.00,W,N,A,-,N,,,,,,,,,,Y,4,0,3,4,A,-,05,21460,A,N,-,C,A,A,H,-,A,D,0,,,,,Y,,A,01,0,0,3,0,0,0,0,0,0,"- ","- ",,,"SAN JOAQUIN",TRACY,-121.48760223388672,37.721576690673828
8621756,2018,2018-05-29,3905,2018-03-31,0155,2924,LAK,6,5,6,3905,0,0,0,,0,,"MARCH LN","QUAIL LAKES DR",480.00,W,N,A,-,N,,,,,,,,,,Y,3,0,1,1,A,-,03,22350,,N,E,I,A,A,H,-,C,D,0,,,Y,,Y,,C,02,0,1,0,0,0,0,0,0,1,"- ","- ",37.98516845703125,-121.33952331542969,"SAN JOAQUIN",STOCKTON,-121.34165191650391,37.984783172607422
8622250,2018,2018-06-06,3906,2018-05-15,1615,1530,,2,5,5,3906,0,0,0,,0,004,"NAGLEE RD","24TH E",0.00,,Y,A,-,N,,,,,,,,,,Y,4,0,1,2,A,-,12,21453,A,F,D,C,A,A,H,-,A,A,0,,,,,Y,,A,07,0,0,1,0,0,0,0,0,0,"- ","- ",,,"SAN JOAQUIN",TRACY,,
8622280,2018,2018-06-25,3906,2018-05-21,0552,1092,,1,5,5,3906,0,0,0,,0,007,"SCHULTE RD","HANSEN RD",135.00,E,N,A,-,N,,,,,,,,,,N,4,0,1,2,A,-,03,22350,,M,C,C,A,A,H,-,A,A,0,,,,,Y,Y,D,22,0,0,1,0,0,0,0,0,0,"- ","- ",,,"SAN JOAQUIN",TRACY,-121.51266479492188,37.721797943115234
8623846,2018,2018-07-30,3905,2018-04-23,1127,1393,VAL,1,5,6,3905,0,0,0,,0,,"RT 99 W FR RD","MORADA LN",0.00,,Y,A,-,N,,,,,,,,,,Y,4,0,1,2,A,-,12,21453,A,N,D,C,A,A,H,-,A,A,0,,,,,Y,,-,"- ",0,0,1,0,0,0,0,0,0,"- ","- ",38.036991119384766,-121.25985717773438,"SAN JOAQUIN",STOCKTON,-121.25978851318359,38.037208557128906
8623910,2018,2018-08-21,3905,2018-04-03,0837,3452,CIV,2,5,6,3905,0,0,0,,0,,"COUNTRY CLUB BL","RYDE AV",0.00,,Y,A,-,Y,SJ,10,5,-,-,28.416,R,4,S,Y,4,0,3,2,A,-,12,21453,A,N,D,C,A,A,H,-,A,A,0,,,,,Y,,A,01,0,0,3,0,0,0,0,0,0,"- ","- ",37.964569091796875,-121.33586120605469,"SAN JOAQUIN",STOCKTON,-121.33489990234375,37.962562561035156
8624822,2018,2018-06-29,3905,2018-04-06,1858,2645,SEA,5,5,6,3905,0,0,0,,0,,"CONNECTICUT AV","FLINT AV",0.00,,Y,C,-,N,,,,,,,,,,Y,4,0,1,2,A,-,09,21800,A,N,D,C,A,B,H,-,A,D,0,,,,,Y,,-,"- ",0,0,1,0,0,0,0,0,0,"- ","- ",37.921291351318359,-121.29830932617188,"SAN JOAQUIN",STOCKTON,-121.2984619140625,37.921150207519531
8626150,2018,2018-06-04,3906,2018-05-27,0618,1379,,7,5,5,3906,0,0,0,,0,006,"WEST GRANTLINE RD","CORRAL HOLLOW RD",0.00,,Y,A,-,N,,,,,,,,,,Y,3,0,2,2,A,-,12,21453,A,N,D,C,A,A,H,-,A,A,0,,,,,Y,,A,01,0,1,1,0,0,0,0,0,0,"- ","- ",,,"SAN JOAQUIN",TRACY,-121.45333862304688,37.75421142578125
8627847,2018,2018-06-08,3900,2018-04-19,1932,152605,,4,5,2,3920,0,0,0,,0,009,"WEST ROTH RD","HARLAN RD",0.00,,Y,A,-,N,,,,,,,,,,N,4,0,1,2,A,-,09,21802,A,N,D,C,A,A,H,-,A,A,0,,,,,Y,,A,01,0,0,1,0,0,0,0,0,0,"- ","- ",,,"SAN JOAQUIN",LATHROP,-121.28044891357422,37.8555908203125
8627969,2018,2018-06-07,3900,2018-05-22,1615,3932,MANTE,2,5,2,3920,0,0,0,,0,009,"DARCY PKWY","YOSEMITE AV",0.00,,Y,A,-,N,,,,,,,,,,N,4,0,2,2,A,-,03,22350,,N,C,C,A,A,H,-,A,A,0,,,,,Y,,A,01,0,0,2,0,0,0,0,0,0,"- ","- ",,,"SAN JOAQUIN",LATHROP,-121.27835083007812,37.795070648193359
8628213,2018,2018-06-18,3906,2018-05-31,1804,1536,,4,5,5,3906,0,0,0,,0,003,"WEST 11TH ST","JEFFERSON PKWY",58.00,W,N,A,-,N,,,,,,,,,,Y,4,0,1,2,A,-,09,21803,A,N,D,C,A,A,H,-,A,D,0,,,,,Y,,A,01,0,0,1,0,0,0,0,0,0,"- ","- ",,,"SAN JOAQUIN",TRACY,-121.46965026855469,37.73919677734375
8632356,2018,2018-06-18,3902,2018-05-12,0816,67,,6,5,5,3902,0,0,0,,0,,"CAPELL DR","LOMA DR",10.00,E,N,A,-,N,,,,,,,,,,N,4,0,1,4,A,-,03,22350,,M,A,I,F,A,H,-,A,D,0,Y,,Y,,Y,,A,01,0,0,1,0,1,0,0,0,0,"- ","- ",,,"SAN JOAQUIN",LODI,-121.29511260986328,38.132221221923828
8632400,2018,2018-06-20,3902,2018-03-14,1459,EU68,,3,5,5,3902,0,0,0,,0,,"W PINE ST","N CHURCH ST",0.00,,Y,A,-,N,,,,,,,,,,Y,4,0,2,2,A,-,12,21453,A,N,D,C,A,B,H,-,A,A,0,,,,,Y,,D,22,0,0,2,0,0,0,0,0,0,"- ","- ",,,"SAN JOAQUIN",LODI,-121.27506256103516,38.134281158447266
8632736,2018,2018-06-11,3902,2018-04-21,1542,EA34,,6,5,5,3902,0,0,0,,0,,"LODI AV","WASHINGTON ST",0.00,,Y,A,-,N,,,,,,,,,,Y,4,0,2,2,A,-,09,21802,A,M,B,C,A,A,H,-,A,D,0,,,,,Y,,A,07,0,0,2,0,0,0,0,0,0,"- ","- ",,,"SAN JOAQUIN",LODI,-121.26827239990234,38.130580902099609
8632799,2018,2018-06-11,3902,2018-04-06,1016,TM92,,5,5,5,3902,0,0,0,,0,,"LOCKEFORD ST","CHEROKEE LN",0.00,,Y,C,-,N,,,,,,,,,,Y,4,0,2,3,A,-,12,21453,A,N,D,C,A,B,H,-,A,A,0,,,,,Y,,A,01,0,0,2,0,0,0,0,0,0,"- ","- ",,,"SAN JOAQUIN",LODI,-121.26097869873047,38.138378143310547
8635755,2018,2018-06-25,3903,2018-05-25,2147,3558,,5,5,4,3903,0,0,0,,0,,"E LATHROP RD","NORTH AIRPORT WY",1200.00,W,N,A,-,N,,,,,,,,,,Y,4,0,1,4,A,-,01,23152,A,F,C,C,A,A,H,-,D,D,0,,,,,Y,Y,A,01,0,0,1,0,0,0,0,0,0,"- ","- ",,,"SAN JOAQUIN",MANTECA,-121.2579345703125,37.826457977294922
8635758,2018,2018-08-15,3903,2018-05-27,1224,3302,,7,5,4,3903,0,0,0,,0,,"COTTAGE AV","NORTH ST",0.00,,Y,A,-,N,,,,,,,,,,Y,4,0,1,2,A,-,17,21451,A,N,D,C,A,A,H,-,B,A,0,,,,,Y,,A,01,0,0,1,0,0,0,0,0,0,"- ","- ",37.801101684570312,-121.19844818115234,"SAN JOAQUIN",MANTECA,-121.19833374023438,37.801059722900391
8638153,2018,2018-06-27,3905,2018-06-12,0731,1312,CIV,2,5,6,3905,0,0,0,,0,,"HARDING WY","WEST LN",40.00,E,N,A,-,N,,,,,,,,,,N,4,0,1,2,A,-,03,22350,,N,C,C,A,A,H,-,A,D,0,,,,,Y,,D,22,0,0,1,0,0,0,0,0,0,"- ","- ",37.970100402832031,-121.27799224853516,"SAN JOAQUIN",STOCKTON,-121.278076171875,37.970203399658203
8638492,2018,2018-06-20,3900,2018-03-20,0604,0966,LATHR,2,5,2,3920,0,0,0,,0,009,"MCKINLEY AV","LATHROP RD",1800.00,S,N,B,-,N,,,,,,,,,,Y,4,0,1,2,A,-,03,22350,,N,B,C,A,A,H,-,D,D,0,,,,,Y,,A,01,0,0,1,0,0,0,0,0,0,"- ","- ",,,"SAN JOAQUIN",LATHROP,-121.27192687988281,37.821651458740234
8638677,2018,2018-06-26,3900,2018-05-26,1909,152605,,6,5,2,3920,0,0,0,,0,009,"E LATHROP RD","5TH ST",0.00,W,N,A,-,N,,,,,,,,,,Y,4,0,1,3,A,-,01,23152,A,N,B,C,A,A,H,-,A,A,0,,,,,Y,Y,A,01,0,0,1,0,0,0,0,0,0,"- ","- ",,,"SAN JOAQUIN",LATHROP,-121.27823638916016,37.826450347900391
8639275,2018,2018-08-22,3902,2018-04-16,0806,67,,1,5,5,3902,0,0,0,,0,,"RT 12","LEE AV",75.00,E,N,B,-,Y,SJ,10,12,-,-,17.010,H,-,W,N,4,0,1,2,A,-,05,21650,1,N,H,G,A,A,H,-,A,D,0,,Y,,,Y,,L,04,0,0,1,0,0,0,1,0,0,"- ","- ",,,"SAN JOAQUIN",LODI,-121.27753448486328,38.115543365478516
8639384,2018,2018-08-02,3905,2018-04-28,0450,2656,BEA,6,5,6,3905,0,0,0,,0,,"LOWER SACRAMENTO RD","ROYAL OAKS DR",731.00,N,N,A,-,N,,,,,,,,,,Y,2,0,1,1,A,-,01,23152,A,N,E,I,A,A,H,-,C,D,0,,,,,Y,Y,A,01,1,0,0,0,0,0,0,0,0,"- ","- ",38.037078857421875,-121.32288360595703,"SAN JOAQUIN",STOCKTON,-121.32275390625,38.038887023925781
8639682,2018,2018-07-02,3905,2018-04-27,0555,7010,SEA,5,5,6,3905,0,0,0,,0,,"EL DORADO ST","CLAYTON AV",878.00,S,N,A,-,N,,,,,,,,,,Y,4,0,1,2,A,-,09,21804,A,N,B,C,A,A,H,-,B,D,0,,,,Y,Y,,G,27,0,0,1,0,0,0,0,0,0,"- ","- ",37.911190032958984,-121.27572631835938,"SAN JOAQUIN",STOCKTON,-121.27568817138672,37.908740997314453
8639719,2018,2018-06-26,3905,2018-05-03,1408,2715,VAL,4,5,6,3905,0,0,0,,0,,"SAMPSON RD","HAMMER LN",0.00,,Y,A,-,N,,,,,,,,,,N,4,0,1,2,A,-,09,21801,A,N,D,C,A,A,H,-,A,A,0,,,,,Y,,D,22,0,0,1,0,0,0,0,0,0,"- ","- ",38.020980834960938,-121.26808166503906,"SAN JOAQUIN",STOCKTON,-121.26779937744141,38.021270751953125
8639940,2018,2018-06-22,3905,2018-05-15,0732,2676,CIV,2,5,6,3905,0,0,0,,0,,"HARDING WY","GRANT ST",0.00,,Y,A,-,N,,,,,,,,,,Y,4,0,2,2,A,-,12,21453,A,N,D,C,A,A,H,-,A,A,0,,,,,Y,,A,01,0,0,2,0,0,0,0,0,0,"- ","- ",37.969028472900391,-121.28466033935547,"SAN JOAQUIN",STOCKTON,-121.28485870361328,37.969051361083984
8639948,2018,2018-06-22,3905,2018-05-14,1657,7010,PAR,1,5,6,3905,0,0,0,,0,,"QANTAS LN","BOEING WY",0.00,,Y,A,-,N,,,,,,,,,,Y,4,0,4,2,A,-,09,21802,A,N,A,C,A,A,H,-,A,A,0,,,,,Y,,A,01,0,0,4,0,0,0,0,0,0,"- ","- ",37.911140441894531,-121.22885894775391,"SAN JOAQUIN",STOCKTON,-121.22898864746094,37.910999298095703
8639960,2018,2018-06-22,3905,2018-05-08,1558,1393,LAK,2,5,6,3905,0,0,0,,0,,"QUAIL LAKES DR","MARCH LN",355.00,N,N,A,-,N,,,,,,,,,,Y,4,0,1,2,A,-,09,21804,A,N,D,C,A,A,H,-,A,A,0,,,,,Y,,A,01,0,0,1,0,0,0,0,0,0,"- ","- ",37.98516845703125,-121.33952331542969,"SAN JOAQUIN",STOCKTON,-121.34009552001953,37.985862731933594
8639968,2018,2018-06-22,3905,2018-05-01,1350,1312,SEA,2,5,6,3905,0,0,0,,0,,"CENTER ST","1ST ST",0.00,,Y,B,-,N,,,,,,,,,,Y,4,0,3,2,A,-,00,22108,B,N,B,C,A,A,H,-,A,D,0,,,,,Y,,A,07,0,0,3,0,0,0,0,0,0,"- ","- ",37.937461853027344,-121.28688049316406,"SAN JOAQUIN",STOCKTON,-121.28675079345703,37.937469482421875
8639984,2018,2018-06-26,3905,2018-05-04,1145,3410,LAK,5,5,6,3905,0,0,0,,0,,"MARCH LN","QUAIL LAKES DR",300.00,W,N,A,-,N,,,,,,,,,,N,4,0,1,2,A,-,03,22350,,M,C,C,A,A,H,-,A,A,0,,,,,Y,,A,01,0,0,1,0,0,0,0,0,0,"- ","- ",37.98516845703125,-121.33952331542969,"SAN JOAQUIN",STOCKTON,-121.34102630615234,37.984821319580078
8639996,2018,2018-06-26,3905,2018-05-16,1829,2566,VAL,3,5,6,3905,0,0,0,,0,,"WEST LN","MARCH LN",0.00,,Y,A,-,N,,,,,,,,,,N,4,0,2,2,A,-,09,21453,C,N,D,C,A,A,H,-,A,A,0,,,,,Y,,A,01,0,0,2,0,0,0,0,0,0,"- ","- ",38.002071380615234,-121.29015350341797,"SAN JOAQUIN",STOCKTON,-121.29084777832031,38.002140045166016
8640013,2018,2018-06-26,3905,2018-05-04,0800,7010,LAK,5,5,6,3905,0,0,0,,0,,"PACIFIC AV","LONGVIEW AV",73.00,S,N,A,-,N,,,,,,,,,,Y,4,0,1,2,A,-,03,22350,,N,C,C,A,A,H,-,A,D,0,,,,,Y,,A,01,0,0,1,0,0,0,0,0,0,"- ","- ",38.003658294677734,-121.31697082519531,"SAN JOAQUIN",STOCKTON,-121.31751251220703,38.003238677978516
8640021,2018,2018-06-26,3905,2018-05-22,0802,3452,CIV,2,5,6,3905,0,0,0,,0,,"CALIFORNIA ST","PINE ST",0.00,,Y,A,-,N,,,,,,,,,,Y,4,0,2,2,A,-,09,21801,A,N,D,C,A,A,H,-,A,D,0,,,,,Y,,A,07,0,0,2,0,0,0,0,0,0,"- ","- ",37.974239349365234,-121.29025268554688,"SAN JOAQUIN",STOCKTON,-121.29051208496094,37.974220275878906
8640058,2018,2018-06-26,3905,2018-05-13,1550,2895,CIV,7,5,6,3905,0,0,0,,0,,"PACIFIC AV","KNOLES WY",0.00,,Y,A,-,N,,,,,,,,,,Y,4,0,1,2,A,-,09,21801,A,N,D,C,A,A,H,-,A,A,0,,,,,Y,,A,01,0,0,1,0,0,0,0,0,0,"- ","- ",37.980728149414062,-121.30696105957031,"SAN JOAQUIN",STOCKTON,-121.30729675292969,37.980659484863281
8640077,2018,2018-06-26,3905,2018-05-25,1146,3409,CIV,5,5,6,3905,0,0,0,,0,,"MADISON ST","PARK ST",0.00,,Y,B,-,N,,,,,,,,,,N,4,0,1,3,A,-,12,21453,A,N,D,C,A,B,H,-,A,A,0,,,,,Y,,A,01,0,0,1,0,0,0,0,0,0,"- ","- ",37.959060668945312,-121.29550933837891,"SAN JOAQUIN",STOCKTON,-121.29560852050781,37.959030151367188
8641259,2018,2018-07-09,3906,2018-06-15,1803,1566,,5,5,5,3906,0,0,0,,0,007,"W SCHULTE RD","BUD LYONS WY",0.00,,Y,A,-,N,,,,,,,,,,Y,4,0,3,4,A,-,03,22350,,N,C,C,A,A,H,-,B,A,0,,,,,Y,,A,07,0,0,3,0,0,0,0,0,0,"- ","- ",,,"SAN JOAQUIN",TRACY,-121.508274,37.721758999999999
8641921,2018,2018-06-22,3905,2018-06-02,1601,7009,BEA,6,5,6,3905,0,0,0,,0,,"MONTGOMERY AV","WENTWORTH DR",85.00,S,N,A,-,N,,,,,,,,,,N,4,0,2,2,A,-,03,22350,,N,A,E,A,A,H,-,A,D,0,,,,,Y,,A,01,0,0,2,0,0,0,0,0,0,"- ","- ",38.023918151855469,-121.35504913330078,"SAN JOAQUIN",STOCKTON,-121.35459899902344,38.023792266845703
8641922,2018,2018-06-25,3905,2018-06-02,2217,2680,PA,6,5,6,3905,0,0,0,,0,,"ARCH AIRPORT RD","B ST",0.00,,Y,A,-,N,,,,,,,,,,Y,4,0,1,2,A,-,12,22450,A,N,D,C,A,A,H,-,C,A,0,,,,,Y,,A,01,0,0,1,0,0,0,0,0,0,"- ","- ",37.905769348144531,-121.24401092529297,"SAN JOAQUIN",STOCKTON,-121.24407196044922,37.905521392822266
8641929,2018,2018-06-22,3905,2018-06-02,1232,7009,PAR,6,5,6,3905,0,0,0,,0,,"MARTIN LUTHER KING BL","AIRPORT WY",282.00,W,N,A,-,N,,,,,,,,,,N,4,0,1,2,A,-,03,22350,,M,C,C,A,A,H,-,A,A,0,,,,,Y,,A,07,0,0,1,0,0,0,0,0,0,"- ","- ",37.941478729248047,-121.27059173583984,"SAN JOAQUIN",STOCKTON,-121.27153778076172,37.941417694091797
8641933,2018,2018-06-22,3905,2018-06-06,1228,3452,CIV,3,5,6,3905,0,0,0,,0,,"MADISON ST","PARK ST",12.00,N,N,B,-,N,,,,,,,,,,N,4,0,1,2,A,-,08,22100,A,F,B,C,A,A,H,-,A,D,0,,,,,Y,,A,01,0,0,1,0,0,0,0,0,0,"- ","- ",37.959060668945312,-121.29550933837891,"SAN JOAQUIN",STOCKTON,-121.29561614990234,37.959060668945312
8641945,2018,2018-06-22,3905,2018-06-05,2329,2681,LAK,2,5,6,3905,0,0,0,,0,,"PACIFIC AV","PORTER AV",263.00,N,N,A,-,N,,,,,,,,,,N,3,0,1,2,A,-,11,21950,B,F,G,B,D,A,H,-,C,D,0,Y,,,,Y,Y,N,60,0,1,0,0,1,0,0,0,0,"- ","- ",38.0064697265625,-121.31916046142578,"SAN JOAQUIN",STOCKTON,-121.31905364990234,38.006988525390625
8641954,2018,2018-06-25,3905,2018-06-10,1307,2525,PAR,7,5,6,3905,0,0,0,,0,,"MARTIN LUTHER KING BL","MARIPOSA RD E",80.00,W,N,A,-,N,,,,,,,,,,Y,4,0,1,3,A,-,03,22350,,F,C,C,A,A,H,-,A,A,0,,,,,Y,,A,01,0,0,1,0,0,0,0,0,0,"- ","- ",37.944721221923828,-121.25579833984375,"SAN JOAQUIN",STOCKTON,-121.25590515136719,37.944751739501953
8641985,2018,2018-06-27,3905,2018-06-08,1830,3410,LAK,5,5,6,3905,0,0,0,,0,,"LINCOLN RD","EL DORADO ST",0.00,,Y,A,-,N,,,,,,,,,,Y,3,0,1,2,A,-,09,21801,A,N,D,C,A,A,H,-,A,A,0,,,Y,,Y,,A,07,0,1,0,0,0,0,0,0,1,"- ","- ",38.016811370849609,-121.31282806396484,"SAN JOAQUIN",STOCKTON,-121.3126220703125,38.016338348388672
8641994,2018,2018-06-25,3905,2018-06-15,1428,7011,PAR,5,5,6,3905,0,0,0,,0,,"B ST","ZEPHYR ST",0.00,,Y,A,-,N,,,,,,,,,,Y,2,0,2,2,A,-,09,21802,A,N,D,C,A,A,H,-,A,A,0,,,,,Y,,A,07,1,0,1,0,0,0,0,0,0,"- ","- ",37.9168701171875,-121.24848937988281,"SAN JOAQUIN",STOCKTON,-121.24859619140625,37.917030334472656
8642085,2018,2018-06-27,3905,2018-05-29,1500,2590,BEA,2,5,6,3905,0,0,0,,0,,"KELLEY DR","WENTWORTH DR",0.00,,Y,A,-,N,,,,,,,,,,N,4,0,1,2,A,-,03,22350,,F,G,B,D,A,H,-,A,D,0,Y,,,,Y,,-,99,0,0,1,0,1,0,0,0,0,"- ","- ",38.023441314697266,-121.35749053955078,"SAN JOAQUIN",STOCKTON,-121.35708618164062,38.023521423339844
8642141,2018,2018-06-28,3905,2018-05-30,1738,2466,CIV,3,5,6,3905,0,0,0,,0,,"FREMONT ST","VAN BUREN ST",33.00,W,N,A,G,N,,,,,,,,,,N,4,0,2,2,A,-,03,22350,,F,C,C,A,A,H,-,A,A,0,,,,,Y,,A,01,0,0,2,0,0,0,0,0,0,"- ","- ",37.956680297851562,-121.29759979248047,"SAN JOAQUIN",STOCKTON,-121.29777526855469,37.956600189208984