CASE_ID,ACCIDENT_YEAR,PROC_DATE,JURIS,COLLISION_DATE,COLLISION_TIME,OFFICER_ID,REPORTING_DISTRICT,DAY_OF_WEEK,CHP_SHIFT,POPULATION,CNTY_CITY_LOC,SPECIAL_COND,BEAT_TYPE,CHP_BEAT_TYPE,CITY_DIVISION_LAPD,CHP_BEAT_CLASS,BEAT_NUMBER,PRIMARY_RD,SECONDARY_RD,DISTANCE,DIRECTION,INTERSECTION,WEATHER_1,WEATHER_2,STATE_HWY_IND,CALTRANS_COUNTY,CALTRANS_DISTRICT,STATE_ROUTE,ROUTE_SUFFIX,POSTMILE_PREFIX,POSTMILE,LOCATION_TYPE,RAMP_INTERSECTION,SIDE_OF_HWY,TOW_AWAY,COLLISION_SEVERITY,NUMBER_KILLED,NUMBER_INJURED,PARTY_COUNT,PRIMARY_COLL_FACTOR,PCF_CODE_OF_VIOL,PCF_VIOL_CATEGORY,PCF_VIOLATION,PCF_VIOL_SUBSECTION,HIT_AND_RUN,TYPE_OF_COLLISION,MVIW,PED_ACTION,ROAD_SURFACE,ROAD_COND_1,ROAD_COND_2,LIGHTING,CONTROL_DEVICE,CHP_ROAD_TYPE,PEDESTRIAN_ACCIDENT,BICYCLE_ACCIDENT,MOTORCYCLE_ACCIDENT,TRUCK_ACCIDENT,NOT_PRIVATE_PROPERTY,ALCOHOL_INVOLVED,STWD_VEHTYPE_AT_FAULT,CHP_VEHTYPE_AT_FAULT,COUNT_SEVERE_INJ,COUNT_VISIBLE_INJ,COUNT_COMPLAINT_PAIN,COUNT_PED_KILLED,COUNT_PED_INJURED,COUNT_BICYCLIST_KILLED,COUNT_BICYCLIST_INJURED,COUNT_MC_KILLED,COUNT_MC_INJURED,PRIMARY_RAMP,SECONDARY_RAMP,LATITUDE,LONGITUDE,COUNTY,CITY,POINT_X,POINT_Y
8644030,2018,2018-06-25,3903,2018-05-18,2009,3769,,5,5,4,3903,0,0,0,,0,,"LOUISE AV","MAIN ST",534.00,W,N,A,-,N,,,,,,,,,,N,4,0,1,2,A,-,05,21650,,N,H,G,A,A,H,-,B,A,0,,Y,,,Y,,L,04,0,0,1,0,0,0,1,0,0,"- ","- ",37.811969757080078,-121.21700286865234,"SAN JOAQUIN",MANTECA,-121.21888732910156,37.811939239501953
8644034,2018,2018-06-25,3903,2018-05-24,2129,3615,,4,5,4,3903,0,0,0,,0,,"S POWERS AV","HUTCHINGS ST",0.00,,Y,G,-,N,,,,,,,,,,Y,4,0,1,2,A,-,03,22350,,N,C,C,A,A,H,-,C,D,0,,,,,Y,,A,01,0,0,1,0,0,0,0,0,0,"- ","- ",,,"SAN JOAQUIN",MANTECA,-121.20482635498047,37.795619964599609
8645243,2018,2018-08-07,3906,2018-06-15,1349,9820,,5,5,5,3906,0,0,0,,0,,"MT HOUSE PKWY","RT 205",1056.00,S,N,A,-,N,,,,,,,,,,Y,3,0,1,2,A,-,09,21804,A,N,E,I,A,A,D,-,A,D,0,,,,,Y,,D,22,0,1,0,0,0,0,0,0,0,"- ","- ",,,"SAN JOAQUIN",TRACY,-121.53148651123047,37.739662170410156
8648082,2018,2020-05-21,3905,2018-07-08,0240,2855,CIV,7,5,6,3905,0,0,0,,0,,"PERSHING AV","TELEGRAPH AV",60.00,S,N,A,-,N,,,,,,,,,,Y,1,1,1,1,A,-,03,22350,,N,E,I,A,A,H,-,C,D,0,,,,,Y,,A,01,0,1,0,0,0,0,0,0,0,"- ","- ",37.9781494140625,-121.31822967529297,"SAN JOAQUIN",STOCKTON,-121.31855773925781,37.978069305419922
8648361,2018,2020-05-26,3905,2018-08-02,2302,2424,SEA,4,5,6,3905,0,0,0,,0,,"MARTIN LUTHER KING BL","CALIFORNIA ST",0.00,,Y,A,-,N,,,,,,,,,,Y,1,1,0,3,A,-,03,22350,,F,G,B,E,A,H,-,C,A,0,Y,,,,Y,Y,A,01,0,0,0,1,0,0,0,0,0,"- ","- ",37.939781188964844,-121.28095245361328,"SAN JOAQUIN",STOCKTON,-121.28085327148438,37.939891815185547
8648682,2018,2019-03-06,3905,2018-12-20,1930,2021,CIV,4,5,6,3905,0,0,0,,0,,"CALIFORNIA ST","WALNUT ST",11.00,S,N,B,-,N,,,,,,,,,,N,1,1,0,2,A,-,12,21453,A,F,G,B,B,A,H,-,C,A,0,Y,,,,Y,,A,07,0,0,0,1,0,0,0,0,0,"- ","- ",37.970039367675781,-121.28884887695312,"SAN JOAQUIN",STOCKTON,-121.28903961181641,37.970020294189453
8649559,2018,2018-08-28,3906,2018-07-12,1530,1314,,4,5,5,3906,0,0,0,,0,002,"VALPICO RD","SYCAMORE PKWY",5010.00,E,N,A,-,N,,,,,,,,,,Y,3,0,4,2,A,-,03,22350,,N,C,C,A,A,H,-,A,A,0,,,,,Y,,A,01,0,1,3,0,0,0,0,0,0,"- ","- ",,,"SAN JOAQUIN",TRACY,-121.44769287109375,37.710601806640625
8649617,2018,2018-08-20,3904,2018-04-14,2302,P064,2,6,5,3,3904,0,0,0,,0,00A,"MULHOLLAND DR","N MANLEY RD",161.00,W,N,A,-,N,,,,,,,,,,Y,2,0,2,3,A,-,01,23152,A,N,A,E,A,A,H,-,C,D,0,,,,,Y,Y,A,01,2,0,0,0,0,0,0,0,0,"- ","- ",,,"SAN JOAQUIN",RIPON,-121.11521911621094,37.745876312255859
8649700,2018,2018-08-31,3906,2018-07-22,1936,1403,,7,5,5,3906,0,0,0,,0,006,"HOLLY DR",LAGUNA,0.00,,Y,A,-,N,,,,,,,,,,Y,4,0,1,2,A,-,09,21804,,N,D,D,A,A,H,-,A,A,0,,,,,Y,,A,07,0,0,1,0,0,0,0,0,0,"- ","- ",,,"SAN JOAQUIN",TRACY,-121.42600250244141,37.759990692138672
8651869,2018,2018-10-10,3906,2018-09-06,0932,1266,MSC,4,5,5,3906,0,0,0,,0,001,"CENTRAL AV","JACKSON ALY",0.00,,Y,A,-,N,,,,,,,,,,N,4,0,1,2,A,-,00,21230,,N,B,B,F,A,H,-,A,D,0,Y,,,,Y,,N,60,0,0,1,0,1,0,0,0,0,"- ","- ",,,"SAN JOAQUIN",TRACY,-121.42581176757812,37.735988616943359
8657155,2018,2018-09-25,3906,2018-07-28,2235,1094,,6,5,5,3906,0,0,0,,0,003,"11TH ST","CORRAL HOLLOW RD",25.00,W,N,A,-,N,,,,,,,,,,Y,3,0,1,1,A,-,03,22350,,N,E,I,A,A,H,-,C,A,0,,,,,Y,,A,01,0,1,0,0,0,0,0,0,0,"- ","- ",,,"SAN JOAQUIN",TRACY,-121.45330810546875,37.739410400390625
8664207,2018,2018-07-23,3903,2018-06-08,1935,3615,,5,5,4,3903,0,0,0,,0,,"EAST YOSEMITE AV","COMMERCE AV",63.00,W,N,A,-,N,,,,,,,,,,Y,4,0,1,2,A,-,01,23152,A,N,C,C,A,A,H,-,A,D,0,,,,,Y,Y,A,01,0,0,1,0,0,0,0,0,0,"- ","- ",,,"SAN JOAQUIN",MANTECA,-121.19394683837891,37.797470092773438
8664227,2018,2018-07-23,3903,2018-06-26,1418,3931,,2,5,4,3903,0,0,0,,0,002,"COTTAGE AV","YOSEMITE AV",0.00,,Y,A,-,N,,,,,,,,,,N,3,0,1,2,A,-,12,21453,A,N,H,G,A,A,H,-,A,A,0,,Y,,,Y,,L,04,0,1,0,0,0,0,1,0,0,"- ","- ",37.797641754150391,-121.19814300537109,"SAN JOAQUIN",MANTECA,-121.19815826416016,37.797489166259766
8664253,2018,2018-07-30,3903,2018-06-14,1454,2916,,4,5,4,3903,0,0,0,,0,,"LOUISE AV","UNION RD",200.00,E,N,A,-,N,,,,,,,,,,N,4,0,1,2,A,-,09,21804,A,N,H,G,A,A,H,-,A,D,0,,Y,,,Y,,D,22,0,0,1,0,0,0,1,0,0,"- ","- ",37.811798095703125,-121.23541259765625,"SAN JOAQUIN",MANTECA,-121.23458099365234,37.811988830566406
8667506,2018,2018-07-23,3903,2018-06-05,0726,2916,,2,5,4,3903,0,0,0,,0,,"MAIN ST","YOSEMITE AV",0.00,,Y,A,-,N,,,,,,,,,,N,4,0,1,2,A,-,09,21453,C,N,H,G,A,A,H,-,A,A,0,,Y,,,Y,,L,04,0,0,1,0,0,0,1,0,0,"- ","- ",37.797439575195312,-121.21656799316406,"SAN JOAQUIN",MANTECA,-121.21647644042969,37.797409057617188
8671959,2018,2018-10-10,3900,2018-01-23,1540,162733,3900,2,5,2,3920,0,0,0,,0,009,"OPAL ST","GAAR AV",160.00,N,N,A,-,N,,,,,,,,,,Y,4,0,2,1,A,-,03,22350,,N,F,I,A,A,H,-,A,D,0,,,,,Y,,A,01,0,0,2,0,0,0,0,0,0,"- ","- ",,,"SAN JOAQUIN",LATHROP,-121.28223419189453,37.837440490722656
8674663,2018,2018-10-26,3905,2018-07-29,1447,1393,VAL,7,5,6,3905,0,0,0,,0,,"RT 99 W FR RD","WALLER RD",680.00,S,N,B,-,Y,SJ,10,99,-,-,24.670,H,-,S,Y,2,0,2,3,A,-,08,22107,,N,C,E,A,A,H,-,A,D,0,,,,,Y,,D,22,1,0,1,0,0,0,0,0,0,"- ","- ",38.048248291015625,-121.25921630859375,"SAN JOAQUIN",STOCKTON,-121.25883483886719,38.046512603759766
8674667,2018,2018-10-04,3905,2018-07-30,1224,2566,LAK,1,5,6,3905,0,0,0,,0,,"HAMMER LN","AMBER WY",180.00,W,N,A,-,N,,,,,,,,,,N,4,0,1,5,A,-,03,22350,,N,C,C,A,A,D,-,A,D,0,,,,,Y,,D,22,0,0,1,0,0,0,0,0,0,"- ","- ",38.021308898925781,-121.33245849609375,"SAN JOAQUIN",STOCKTON,-121.332763671875,38.021049499511719
8674691,2018,2018-10-04,3905,2018-07-10,1550,2949,CIV,2,5,6,3905,0,0,0,,0,,"PARK ST","EDISON ST",0.00,,Y,A,-,N,,,,,,,,,,Y,4,0,1,5,A,-,09,21802,A,N,D,C,A,A,H,-,A,A,0,,,,,Y,,A,07,0,0,1,0,0,0,0,0,0,"- ","- ",37.958000183105469,-121.30203247070312,"SAN JOAQUIN",STOCKTON,-121.30210876464844,37.957901000976562
8674702,2018,2018-10-03,3905,2018-07-20,0959,1422,VAL,5,5,6,3905,0,0,0,,0,,"LOWER SACRAMENTO RD","EIGHT MILE RD",0.00,,Y,A,-,N,,,,,,,,,,N,4,0,1,3,A,-,03,22350,,N,C,C,A,A,H,-,A,A,0,,,,,Y,,A,01,0,0,1,0,0,0,0,0,0,"- ","- ",38.057701110839844,-121.31050872802734,"SAN JOAQUIN",STOCKTON,-121.31057739257812,38.057609558105469
8674703,2018,2018-10-04,3905,2018-07-17,1354,2277,,2,5,6,3905,0,0,0,,0,,"WEST LN","BIANCHI RD",150.00,S,N,A,-,N,,,,,,,,,,N,4,0,2,5,A,-,03,22350,,N,C,C,A,A,H,-,A,A,0,,,,,Y,,D,22,0,0,2,0,0,0,0,0,0,"- ","- ",37.9976806640625,-121.28845977783203,"SAN JOAQUIN",STOCKTON,-121.28887176513672,37.997257232666016
8674707,2018,2018-10-04,3905,2018-07-18,0010,2909,CIV,3,5,6,3905,0,0,0,,0,,"WEST LN","BERKELEY AV",0.00,,Y,A,-,N,,,,,,,,,,Y,3,0,1,5,A,-,01,23152,A,N,C,E,A,A,H,-,C,A,0,,,,,Y,,A,01,0,1,0,0,0,0,0,0,0,"- ","- ",37.970100402832031,-121.27799224853516,"SAN JOAQUIN",STOCKTON,-121.27825164794922,37.970340728759766
8674718,2018,2018-10-03,3905,2018-07-23,1451,2463,CIV,1,5,6,3905,0,0,0,,0,,"EL DORADO ST","WILLOW ST",154.00,S,N,A,-,N,,,,,,,,,,Y,3,0,1,1,A,-,03,22350,,N,E,I,A,A,H,-,A,D,0,,,,,Y,,D,22,0,1,0,0,0,0,0,0,0,"- ","- ",37.966541290283203,-121.29338073730469,"SAN JOAQUIN",STOCKTON,-121.29344177246094,37.966094970703125
8674890,2018,2018-10-09,3905,2018-08-05,0719,1422,VAL,7,5,6,3905,0,0,0,,0,,"MORADA LN","MARANATHA DR",0.00,,Y,A,-,N,,,,,,,,,,Y,4,0,1,2,A,-,01,23152,B,N,A,C,A,A,H,-,A,A,0,,,,,Y,Y,A,01,0,0,1,0,0,0,0,0,0,"- ","- ",38.036880493164062,-121.26428985595703,"SAN JOAQUIN",STOCKTON,-121.26416015625,38.037078857421875
8674894,2018,2018-10-09,3905,2018-08-01,2230,2749,SEA,3,5,6,3905,0,0,0,,0,,"HOUSTON AV","VERSTL WY",30.00,E,N,A,-,N,,,,,,,,,,N,4,0,1,2,A,-,03,22350,,F,G,B,D,A,H,-,D,D,0,Y,,,,Y,,A,01,0,0,1,0,1,0,0,0,0,"- ","- ",37.921390533447266,-121.313720703125,"SAN JOAQUIN",STOCKTON,-121.31378936767578,37.921142578125
8674910,2018,2018-10-09,3905,2018-08-01,0455,2798,CIV,3,5,6,3905,0,0,0,,0,,"HARDING WY","WILSON WY",0.00,,Y,A,-,N,,,,,,,,,,N,2,0,1,2,A,-,10,21950,A,N,G,B,B,A,H,-,C,A,0,Y,,,,Y,Y,A,01,1,0,0,0,1,0,0,0,0,"- ","- ",37.970531463623047,-121.27538299560547,"SAN JOAQUIN",STOCKTON,-121.27559661865234,37.970619201660156
8674922,2018,2018-10-09,3905,2018-08-03,1831,2466,,5,5,6,3905,0,0,0,,0,,"PONCE DE LEON AV","SANTA MARIA WY",12.00,E,N,A,-,N,,,,,,,,,,N,4,0,2,2,A,-,03,22350,,N,C,C,A,A,H,-,A,D,0,,,,,Y,,A,01,0,0,2,0,0,0,0,0,0,"- ","- ",38.030311584472656,-121.32230377197266,"SAN JOAQUIN",STOCKTON,-121.32205200195312,38.030109405517578
8674975,2018,2018-10-22,3905,2018-07-25,1526,3409,SEA,3,5,6,3905,0,0,0,,0,,"DOWNING AV","RT 5",57.00,W,N,A,-,Y,SJ,10,5,-,R,23.499,R,4,S,Y,4,0,1,2,A,-,03,22350,,N,D,C,A,A,H,-,A,A,0,,,,,Y,,A,01,0,0,1,0,0,0,0,0,0,"- ",SO,37.913078308105469,-121.29012298583984,"SAN JOAQUIN",STOCKTON,-121.28886413574219,37.910659790039062
8675019,2018,2018-10-03,3905,2018-07-24,1754,2566,LAK,2,5,6,3905,0,0,0,,0,,"MARCH LN","PERSHING AV",0.00,,Y,A,-,N,,,,,,,,,,Y,3,0,1,2,A,-,12,21453,A,N,H,G,A,A,H,-,A,A,0,,Y,,,Y,,L,04,0,1,0,0,0,0,1,0,0,"- ","- ",37.989238739013672,-121.32156372070312,"SAN JOAQUIN",STOCKTON,-121.32196807861328,37.989089965820312
8675474,2018,2018-10-04,3905,2018-07-11,1624,7009,SEA,3,5,6,3905,0,0,0,,0,,"TURNPIKE RD","LINCOLN ST",0.00,,Y,A,-,N,,,,,,,,,,Y,4,0,2,2,A,-,12,21453,A,N,D,C,A,A,H,-,A,A,0,,,,,Y,,D,22,0,0,2,0,0,0,0,0,0,"- ","- ",37.934890747070312,-121.29325103759766,"SAN JOAQUIN",STOCKTON,-121.29308989,37.934790020000001
8675479,2018,2018-08-20,3905,2018-06-23,2250,2798,PAR,6,5,6,3905,0,0,0,,0,,"E ST","SONORA ST",0.00,,Y,A,-,N,,,,,,,,,,Y,4,0,1,3,A,-,01,23152,A,F,D,C,A,A,H,-,C,A,0,,,,,Y,Y,A,08,0,0,1,0,0,0,0,0,0,"- ","- ",37.955490112304688,-121.25692749023438,"SAN JOAQUIN",STOCKTON,-121.25699993000001,37.955690050000001
8675765,2018,2018-08-20,3905,2018-06-28,1444,3409,PAR,4,5,6,3905,0,0,0,,0,,"AIRPORT WY","ZEPHYR ST",34.00,N,N,A,-,N,,,,,,,,,,Y,4,0,2,2,A,-,03,22350,,N,C,C,A,A,H,-,A,A,0,,,,,Y,,A,01,0,0,2,0,0,0,0,0,0,"- ","- ",37.914039611816406,-121.25971221923828,"SAN JOAQUIN",STOCKTON,-121.2598876953125,37.914218902587891
8675782,2018,2018-08-20,3905,2018-06-24,0659,1422,BEA,7,5,6,3905,0,0,0,,0,,"HAMMER LN","THORNTON RD",0.00,,Y,A,-,N,,,,,,,,,,Y,4,0,2,2,A,-,12,21453,A,N,D,C,A,A,H,-,A,A,0,,,,,Y,,A,01,0,0,2,0,0,0,0,0,0,"- ","- ",38.0123291015625,-121.3255615234375,"SAN JOAQUIN",STOCKTON,-121.3253173828125,38.021190643310547
8675924,2018,2018-10-04,3905,2018-07-01,1405,2463,PAR,7,5,6,3905,0,0,0,,0,,"CALIFORNIA ST","PARK ST",0.00,,Y,A,-,N,,,,,,,,,,N,4,0,3,2,A,-,12,21453,A,N,D,C,A,A,H,-,A,A,0,,,,,Y,,A,07,0,0,3,0,0,0,0,0,0,"- ","- ",37.960540771484375,-121.28636932373047,"SAN JOAQUIN",STOCKTON,-121.28649139404297,37.960559844970703
8675926,2018,2018-08-31,3905,2018-06-24,1040,2940,CIV,7,5,6,3905,0,0,0,,0,CIV,"PERSHING AV","HARDING WY",0.00,,Y,A,-,N,,,,,,,,,,N,4,0,1,2,A,-,12,21453,A,N,D,C,A,A,H,-,A,A,0,,,,,Y,,-,"- ",0,0,1,0,0,0,0,0,0,"- ","- ",37.964328765869141,-121.31320190429688,"SAN JOAQUIN",STOCKTON,-121.31331634521484,37.964168548583984
8675931,2018,2018-08-20,3905,2018-06-26,1322,1393,VAL,2,5,6,3905,0,0,0,,0,,"WEST LN","SWAIN RD",500.00,S,N,A,-,N,,,,,,,,,,N,3,0,1,2,A,-,03,22350,,N,E,I,A,A,H,-,A,D,0,,,,,Y,,A,07,0,1,0,0,0,0,0,0,0,"- ","- ",38.010890960693359,-121.29457855224609,"SAN JOAQUIN",STOCKTON,-121.29380798339844,38.009559631347656
8675935,2018,2018-08-30,3905,2018-06-24,1322,3410,BEA,7,5,6,3905,0,0,0,,0,,"TRINITY PK","SCOTT CREEK DR",350.00,N,N,A,-,N,,,,,,,,,,N,4,0,1,3,A,-,03,22350,,M,C,C,A,A,H,-,A,A,0,,,,,Y,,A,01,0,0,1,0,0,0,0,0,0,"- ","- ",38.053821563720703,-121.37531280517578,"SAN JOAQUIN",STOCKTON,-121.37565612792969,38.054706573486328
8675967,2018,2018-08-20,3905,2018-06-28,1934,2466,CIV,4,5,6,3905,0,0,0,,0,,"WILSON WY","ORWOOD ST",0.00,,Y,A,-,N,,,,,,,,,,Y,4,0,1,1,A,-,03,22350,,N,E,I,A,A,H,-,A,D,0,,,,,Y,,A,07,0,0,1,0,0,0,0,0,0,"- ","- ",37.977001190185547,-121.27449035644531,"SAN JOAQUIN",STOCKTON,-121.2747802734375,37.97711181640625
8675972,2018,2018-10-03,3905,2018-07-08,1546,2525,PAR,7,5,6,3905,0,0,0,,0,,"B ST","CARPENTER RD",0.00,,Y,A,-,N,,,,,,,,,,N,3,0,2,2,A,-,12,22450,A,M,D,C,A,A,H,-,A,A,0,,,,,Y,,A,07,0,1,1,0,0,0,0,0,0,"- ","- ",37.919670104980469,-121.24958801269531,"SAN JOAQUIN",STOCKTON,-121.24974060058594,37.919841766357422
8675988,2018,2018-10-03,3905,2018-07-06,1022,2525,CIV,5,5,6,3905,0,0,0,,0,,"EL DORADO ST","ROSE ST",3.00,N,N,A,-,N,,,,,,,,,,Y,3,0,2,2,A,-,03,22350,,N,E,I,A,A,H,-,A,D,0,,,,,Y,,A,07,0,1,1,0,0,0,0,0,0,"- ","- ",37.964580535888672,-121.29286956787109,"SAN JOAQUIN",STOCKTON,-121.29302978515625,37.964576721191406
8675990,2018,2018-08-20,3905,2018-06-15,2115,2890,LAK,5,5,6,3905,0,0,0,,0,,"SWAIN RD","KERMIT LN",0.00,,Y,A,-,N,,,,,,,,,,Y,4,0,1,2,A,-,03,22350,,F,C,C,A,A,H,-,C,A,0,,,,,Y,,A,01,0,0,1,0,0,0,0,0,0,"- ","- ",38.008838653564453,-121.30300903320312,"SAN JOAQUIN",STOCKTON,-121.30255889892578,38.008781433105469
8675992,2018,2018-10-03,3905,2018-07-05,2034,2939,CIV,4,5,6,3905,0,0,0,,0,,"WEST LN","BOURBON ST",10.00,S,N,A,-,N,,,,,,,,,,Y,4,0,2,1,A,-,08,22107,,N,E,A,A,A,H,-,A,A,0,,,,,Y,,A,01,0,0,2,0,0,0,0,0,0,"- ","- ",37.987960815429688,-121.28489685058594,"SAN JOAQUIN",STOCKTON,-121.28536224365234,37.987934112548828
8676017,2018,2018-10-03,3905,2018-07-14,0837,1312,LAK,6,5,6,3905,0,0,0,,0,,"BENJAMIN HOLT DR","PLYMOUTH DR",0.00,,Y,A,-,N,,,,,,,,,,Y,4,0,1,3,A,-,12,21453,A,N,A,C,A,A,H,-,A,A,0,,,,,Y,,A,01,0,0,1,0,0,0,0,0,0,"- ","- ",38.004779815673828,-121.35030364990234,"SAN JOAQUIN",STOCKTON,-121.34983062744141,38.004940032958984
8678532,2018,2018-09-06,3906,2018-08-17,1420,1531,,5,5,5,3906,0,0,0,,0,005,"GRANT LINE RD","HOLLY DR",0.00,,Y,A,-,N,,,,,,,,,,Y,4,0,3,3,A,-,03,22350,,N,C,C,A,A,H,-,A,A,0,,,,,Y,,A,08,0,0,3,0,0,0,0,0,0,"- ","- ",,,"SAN JOAQUIN",TRACY,-121.42591857910156,37.754199981689453
8679089,2018,2018-08-30,3906,2018-07-31,1120,1245,3906,2,5,5,3906,0,0,0,,0,005,"GRANT LINE RD",BESSIE,10.00,W,N,A,-,N,,,,,,,,,,N,4,0,1,2,B,-,22,,,N,H,B,D,A,H,-,A,A,0,Y,,,,Y,,N,60,0,0,1,0,1,0,0,0,0,"- ","- ",,,"SAN JOAQUIN",TRACY,-121.43318176269531,37.754169464111328
8680286,2018,2018-08-30,3906,2018-08-06,2140,1530,89,1,5,5,3906,0,0,0,,0,004,"NORTH TRACY BL",EATON,8.00,W,N,A,-,N,,,,,,,,,,N,4,0,1,2,A,-,10,21950,A,N,D,J,A,A,H,-,A,A,0,,,Y,,Y,,C,06,0,0,1,0,0,0,0,0,0,"- ","- ",,,"SAN JOAQUIN",TRACY,-121.43498992919922,37.743309020996094
8685192,2018,2018-09-13,3905,2018-05-21,0327,2928,BEA,1,5,6,3905,0,0,0,,0,,"HAMMER LN","KELLEY DR",20.00,W,N,A,-,N,,,,,,,,,,Y,4,0,2,2,A,-,09,21453,B,N,D,C,A,A,H,-,C,A,0,,,,,Y,,A,01,0,0,2,0,0,0,0,0,0,"- ","- ",38.021228790283203,-121.35652160644531,"SAN JOAQUIN",STOCKTON,-121.35621643066406,38.021270751953125
8685534,2018,2018-10-03,3906,2018-08-11,1050,1475,81,6,5,5,3906,0,0,0,,0,003,"CORRAL HOLLOW RD","11TH ST",14.00,S,N,A,-,N,,,,,,,,,,N,4,0,1,2,A,-,03,22350,,N,C,C,A,A,H,-,A,A,0,,,,,Y,,A,01,0,0,1,0,0,0,0,0,0,"- ","- ",,,"SAN JOAQUIN",TRACY,-121.45321655273438,37.739372253417969
8687071,2018,2018-10-09,3906,2018-08-08,1724,1531,,3,5,5,3906,0,0,0,,0,003,"CORRAL HOLLOW RD","BYRON RD",0.00,,Y,A,-,N,,,,,,,,,,Y,3,0,2,1,A,-,08,22107,,N,E,I,A,A,-,-,A,A,0,,,,,Y,,-,,0,1,1,0,0,0,0,0,0,"- ","- ",,,"SAN JOAQUIN",TRACY,-121.45323181152344,37.741771697998047
8688568,2018,2018-09-12,3903,2018-07-06,1452,2602,,5,5,4,3903,0,0,0,,0,,"BUTTON AV","NEHEMIAH DR",700.00,S,N,A,-,N,,,,,,,,,,N,4,0,1,1,A,-,03,22350,,N,E,J,A,A,H,-,A,D,0,,,,,Y,,A,01,0,0,1,0,0,0,0,0,0,"- ","- ",37.804370880126953,-121.19496154785156,"SAN JOAQUIN",MANTECA,-121.19331359863281,37.802894592285156
8689484,2018,2018-09-17,3903,2018-07-01,1709,3879,MANTE,7,5,4,3903,0,0,0,,0,,"YOSEMITE AV","PESTANA AV",516.00,W,N,A,-,N,,,,,,,,,,Y,4,0,2,2,A,-,08,22107,,N,D,C,A,A,H,-,A,D,0,,,,,Y,,A,01,0,0,2,0,0,0,0,0,0,"- ","- ",37.797618865966797,-121.18672943115234,"SAN JOAQUIN",MANTECA,-121.18850708007812,37.797531127929688
8691653,2018,2018-09-18,3902,2018-08-03,1445,JH6,,5,5,5,3902,0,0,0,,0,,"SCHOOL ST","CHESTNUT ST",0.00,,Y,A,-,N,,,,,,,,,,N,4,0,1,2,A,-,09,21802,A,N,H,G,A,A,H,-,A,A,0,,Y,,,Y,,L,04,0,0,1,0,0,0,1,0,0,"- ","- ",,,"SAN JOAQUIN",LODI,-121.27403259277344,38.129291534423828
8692409,2018,2018-09-24,3906,2018-09-14,1950,1311,,5,5,5,3906,0,0,0,,0,005,"EAST ST",HIGHLAND,2.00,S,N,A,-,N,,,,,,,,,,N,4,0,1,2,A,-,11,21954,A,N,G,B,D,A,H,-,D,D,0,Y,,,,Y,,N,60,0,0,1,0,1,0,0,0,0,"- ","- ",,,"SAN JOAQUIN",TRACY,-121.42115783691406,37.741752624511719
8694070,2018,2018-09-07,3903,2018-07-09,0650,1751,,1,5,4,3903,0,0,0,,0,,"CHIANTI LN","CARRIGANE WY",0.00,,Y,A,-,N,,,,,,,,,,N,4,0,1,2,D,-,00,,,N,D,D,A,A,H,-,A,D,0,,,,,Y,,-,"- ",0,0,1,0,0,0,0,0,0,"- ","- ",37.786460876464844,-121.22341156005859,"SAN JOAQUIN",MANTECA,-121.22353363037109,37.786399841308594
8699283,2018,2018-10-15,3906,2018-09-17,2104,1596,TRACY,1,5,5,3906,0,0,0,,0,,"CORRAL HOLLOW RD","11TH ST",0.00,,Y,A,-,N,,,,,,,,,,Y,4,0,2,2,A,-,12,21453,A,N,D,C,A,A,H,-,C,A,0,,,,,Y,,A,01,0,0,2,0,0,0,0,0,0,"- ","- ",,,"SAN JOAQUIN",TRACY,-121.45321655273438,37.739410400390625
8703536,2018,2018-10-10,3905,2018-08-01,0455,2114,SEA,3,5,6,3905,0,0,0,,0,SEA,"EL DORADO ST","4TH ST",100.00,S,N,A,-,N,,,,,,,,,,Y,4,0,1,2,A,-,03,22350,,N,C,E,A,A,H,-,C,D,0,,,,,Y,,A,07,0,0,1,0,0,0,0,0,0,"- ","- ",37.933841705322266,-121.28491973876953,"SAN JOAQUIN",STOCKTON,-121.28462219238281,37.93353271484375
8703544,2018,2018-10-10,3905,2018-08-03,1611,2715,VAL,5,5,6,3905,0,0,0,,0,,"HOLMAN RD","WAKEMAN DR",0.00,,Y,A,-,N,,,,,,,,,,N,4,0,1,2,A,-,12,21453,A,N,D,D,A,A,H,-,A,A,0,,,,,Y,,D,22,0,0,1,0,0,0,0,0,0,"- ","- ",38.023941040039062,-121.27150726318359,"SAN JOAQUIN",STOCKTON,-121.27134704589844,38.024089813232422
8703903,2018,2018-10-10,3905,2018-09-28,0740,2536,LAK,5,5,6,3905,0,0,0,,0,,"BENJAMIN HOLT DR","INGLEWOOD AV",171.00,W,N,A,-,N,,,,,,,,,,N,4,0,1,2,A,-,09,21804,A,N,D,C,A,A,H,-,A,A,0,,,,,Y,,A,01,0,0,1,0,0,0,0,0,0,"- ","- ",38.011978149414062,-121.31781768798828,"SAN JOAQUIN",STOCKTON,-121.31797027587891,38.011692047119141
8703910,2018,2018-10-10,3905,2018-08-02,1531,1422,CIV,4,5,6,3905,0,0,0,,0,,"EL DORADO ST","MENDOCINO AV",97.00,N,N,A,-,N,,,,,,,,,,Y,4,0,1,3,A,-,03,22350,,N,C,C,A,A,H,-,A,A,0,,,,,Y,,A,01,0,0,1,0,0,0,0,0,0,"- ","- ",37.978778839111328,-121.29844665527344,"SAN JOAQUIN",STOCKTON,-121.29886627197266,37.978981018066406