CASE_ID,ACCIDENT_YEAR,PROC_DATE,JURIS,COLLISION_DATE,COLLISION_TIME,OFFICER_ID,REPORTING_DISTRICT,DAY_OF_WEEK,CHP_SHIFT,POPULATION,CNTY_CITY_LOC,SPECIAL_COND,BEAT_TYPE,CHP_BEAT_TYPE,CITY_DIVISION_LAPD,CHP_BEAT_CLASS,BEAT_NUMBER,PRIMARY_RD,SECONDARY_RD,DISTANCE,DIRECTION,INTERSECTION,WEATHER_1,WEATHER_2,STATE_HWY_IND,CALTRANS_COUNTY,CALTRANS_DISTRICT,STATE_ROUTE,ROUTE_SUFFIX,POSTMILE_PREFIX,POSTMILE,LOCATION_TYPE,RAMP_INTERSECTION,SIDE_OF_HWY,TOW_AWAY,COLLISION_SEVERITY,NUMBER_KILLED,NUMBER_INJURED,PARTY_COUNT,PRIMARY_COLL_FACTOR,PCF_CODE_OF_VIOL,PCF_VIOL_CATEGORY,PCF_VIOLATION,PCF_VIOL_SUBSECTION,HIT_AND_RUN,TYPE_OF_COLLISION,MVIW,PED_ACTION,ROAD_SURFACE,ROAD_COND_1,ROAD_COND_2,LIGHTING,CONTROL_DEVICE,CHP_ROAD_TYPE,PEDESTRIAN_ACCIDENT,BICYCLE_ACCIDENT,MOTORCYCLE_ACCIDENT,TRUCK_ACCIDENT,NOT_PRIVATE_PROPERTY,ALCOHOL_INVOLVED,STWD_VEHTYPE_AT_FAULT,CHP_VEHTYPE_AT_FAULT,COUNT_SEVERE_INJ,COUNT_VISIBLE_INJ,COUNT_COMPLAINT_PAIN,COUNT_PED_KILLED,COUNT_PED_INJURED,COUNT_BICYCLIST_KILLED,COUNT_BICYCLIST_INJURED,COUNT_MC_KILLED,COUNT_MC_INJURED,PRIMARY_RAMP,SECONDARY_RAMP,LATITUDE,LONGITUDE,COUNTY,CITY,POINT_X,POINT_Y
8705929,2018,2018-10-17,3905,2018-09-21,1850,3409,PAR,5,5,6,3905,0,0,0,,0,,"WEBER AV","UNION ST",0.00,,Y,A,-,N,,,,,,,,,,Y,4,0,2,2,A,-,09,21802,A,N,D,C,A,A,H,-,A,A,0,,,,,Y,,A,01,0,0,2,0,0,0,0,0,0,"- ","- ",37.95587158203125,-121.27699279785156,"SAN JOAQUIN",STOCKTON,-121.27704620361328,37.955959320068359
8705941,2018,2018-10-17,3905,2018-09-11,1817,2566,VAL,2,5,6,3905,0,0,0,,0,,"MARCH LN","FRED RUSSO DR",0.00,,Y,A,-,N,,,,,,,,,,N,3,0,1,2,A,-,12,21453,A,N,D,G,A,A,H,-,A,A,0,,Y,,,Y,,L,04,0,1,0,0,0,0,1,0,0,"- ","- ",38.005458831787109,-121.27674102783203,"SAN JOAQUIN",STOCKTON,-121.27629089355469,38.005668640136719
8705946,2018,2018-10-16,3905,2018-09-07,2112,2884,LAK,5,5,6,3905,0,0,0,,0,,"BROOKSIDE RD","PACIFIC AV",50.00,W,N,A,-,N,,,,,,,,,,Y,3,0,1,1,A,-,01,23152,A,N,E,I,A,A,H,-,C,D,0,,,,,Y,Y,A,08,0,1,0,0,0,0,0,0,0,"- ","- ",37.985389709472656,-121.3099365234375,"SAN JOAQUIN",STOCKTON,-121.31082916259766,37.985088348388672
8705977,2018,2018-10-17,3905,2018-09-18,0853,2277,LAK,2,5,6,3905,0,0,0,,0,,"ROSE MARIE LN","PRECISSI LN",5.00,E,N,A,-,N,,,,,,,,,,N,3,0,1,2,A,-,10,21950,A,N,G,B,B,A,H,-,A,A,0,Y,,,,Y,,A,01,0,1,0,0,1,0,0,0,0,"- ","- ",37.988269805908203,-121.31434631347656,"SAN JOAQUIN",STOCKTON,-121.31473541259766,37.988094329833984
8706017,2018,2018-10-11,3905,2018-09-22,1046,1312,CIV,6,5,6,3905,0,0,0,,0,,"CENTER ST","MARKET ST",0.00,,Y,A,-,N,,,,,,,,,,Y,4,0,3,3,A,-,12,21453,A,N,D,C,A,A,H,-,A,A,0,,,,,Y,,A,01,0,0,3,0,0,0,0,0,0,"- ","- ",37.951519012451172,-121.29081726074219,"SAN JOAQUIN",STOCKTON,-121.29084777832031,37.951511383056641
8706101,2018,2018-10-12,3905,2018-09-05,0821,2525,SEA,3,5,6,3905,0,0,0,,0,,"CENTER ST","MARTIN LUTHER KING BL",0.00,,Y,A,-,N,,,,,,,,,,N,3,0,1,3,A,-,12,21453,A,N,D,C,A,A,H,-,A,A,0,,,,,Y,,A,01,0,1,0,0,0,0,0,0,0,"- ","- ",37.938701629638672,-121.28752899169922,"SAN JOAQUIN",STOCKTON,-121.28739166259766,37.93878173828125
8706169,2018,2018-10-11,3905,2018-08-15,2232,2885,VAL,3,5,6,3905,0,0,0,,0,,"EIGHT MILE RD","LOWER SACRAMENTO RD",0.00,,Y,A,-,N,,,,,,,,,,Y,2,0,1,3,A,-,12,21453,A,N,D,C,A,A,H,-,C,A,0,,,,,Y,Y,D,22,1,0,0,0,0,0,0,0,0,"- ","- ",38.057701110839844,-121.31050872802734,"SAN JOAQUIN",STOCKTON,-121.31057739257812,38.057609558105469
8706174,2018,2018-10-29,3905,2018-09-10,1639,2566,SEA,1,5,6,3905,0,0,0,,0,,"MARTIN LUTHER KING BL","EL DORADO ST",0.00,,Y,A,-,N,,,,,,,,,,N,4,0,1,2,A,-,08,22107,,N,D,C,A,A,H,-,A,A,0,,,,Y,Y,,G,25,0,0,1,0,0,0,0,0,0,"- ","- ",37.938930511474609,-121.28616333007812,"SAN JOAQUIN",STOCKTON,-121.28604888916016,37.939010620117188
8706221,2018,2018-10-18,3905,2018-09-04,1708,2810,VAL,2,5,6,3905,0,0,0,,0,,"TOULOUSE WY","BORDEAUX AV",0.00,,Y,A,-,N,,,,,,,,,,Y,2,0,1,3,A,-,08,22107,,N,D,C,A,A,H,-,A,D,0,,,,,Y,,A,01,1,0,0,0,0,0,0,0,0,"- ","- ",38.024021148681641,-121.29193115234375,"SAN JOAQUIN",STOCKTON,-121.29165649414062,38.024028778076172
8706223,2018,2018-10-12,3905,2018-09-11,1739,2463,PAR,2,5,6,3905,0,0,0,,0,,"WEBER AV","E ST",11.00,E,N,A,-,N,,,,,,,,,,N,4,0,2,2,D,-,00,,,N,D,C,A,A,H,-,A,A,0,,,,,Y,,-,"- ",0,0,2,0,0,0,0,0,0,"- ","- ",37.959548950195312,-121.25852203369141,"SAN JOAQUIN",STOCKTON,-121.25862884521484,37.959758758544922
8706980,2018,2018-10-09,3905,2018-08-15,1731,2963,CIV,3,5,6,3905,0,0,0,,0,,"MAIN ST","STANISLAUS ST",7.00,W,N,A,-,N,,,,,,,,,,N,4,0,1,2,A,-,05,21650,1,N,H,G,A,A,H,-,A,A,0,,Y,,,Y,,L,04,0,0,1,0,0,0,1,0,0,"- ","- ",37.9539794921875,-121.28193664550781,"SAN JOAQUIN",STOCKTON,-121.281982421875,37.954036712646484
8707011,2018,2018-11-06,3905,2018-08-27,0653,1312,LAK,1,5,6,3905,0,0,0,,0,,"MARCH LN","RT 5",289.00,W,N,A,-,Y,SJ,10,5,-,-,29.807,R,4,N,Y,2,0,1,2,A,-,11,21955,,N,G,B,D,A,H,-,A,D,0,Y,,,,Y,,N,60,1,0,0,0,1,0,0,0,0,"- ",NO,37.985008239746094,-121.34233856201172,"SAN JOAQUIN",STOCKTON,-121.34220123291016,37.981906890869141
8707023,2018,2018-10-09,3905,2018-08-02,1705,3410,LAK,4,5,6,3905,0,0,0,,0,,"BENJAMIN HOLT DR","PACIFIC AV E FR RD",0.00,,Y,A,-,N,,,,,,,,,,Y,4,0,1,2,A,-,09,21802,A,F,D,C,A,A,H,-,A,A,0,,,,,Y,,A,01,0,0,1,0,0,0,0,0,0,"- ","- ",38.011360168457031,-121.32064056396484,"SAN JOAQUIN",STOCKTON,-121.320555,38.011060999999998
8707038,2018,2018-10-10,3905,2018-08-16,1746,3409,PAR,4,5,6,3905,0,0,0,,0,,"WATERLOO RD","WILSON WY",298.00,E,N,A,-,N,,,,,,,,,,N,4,0,1,2,A,-,03,22350,,F,C,C,A,A,H,-,A,D,0,,,,,Y,,A,07,0,0,1,0,0,0,0,0,0,"- ","- ",37.964820861816406,-121.27388000488281,"SAN JOAQUIN",STOCKTON,-121.27344512939453,37.965801239013672
8707058,2018,2018-10-10,3905,2018-08-24,1014,2525,PAR,5,5,6,3905,0,0,0,,0,,"FREMONT ST","GRATTON AV",0.00,,Y,A,-,N,,,,,,,,,,N,4,0,1,2,A,-,03,22350,,N,C,C,A,A,H,-,A,A,0,,,,,Y,,A,01,0,0,1,0,0,0,0,0,0,"- ","- ",37.962421417236328,-121.26325988769531,"SAN JOAQUIN",STOCKTON,-121.26335906982422,37.962570190429688
8708176,2018,2018-10-15,3905,2018-09-04,1429,1393,LAK,2,5,6,3905,0,0,0,,0,,"ROBINHOOD DR","PACIFIC AV",55.00,W,N,A,-,N,,,,,,,,,,N,4,0,1,2,A,-,03,22350,,N,C,C,A,A,H,-,A,A,0,,,,,Y,,J,48,0,0,1,0,0,0,0,0,0,"- ","- ",38.000778198242188,-121.31584167480469,"SAN JOAQUIN",STOCKTON,-121.316650390625,38.00054931640625
8708768,2018,2018-10-25,3901,2018-09-17,1758,L5,,1,5,2,3901,0,0,0,,0,,"YOSEMITE AV","SACRAMENTO ST",35.00,W,N,A,-,N,,,,,,,,,,N,3,0,1,2,A,-,05,21650,1,N,H,G,A,A,H,-,A,D,0,,Y,,,Y,,L,04,0,1,0,0,0,0,1,0,0,"- ","- ",,,"SAN JOAQUIN",ESCALON,-120.99372863769531,37.798591613769531
8709889,2018,2018-10-05,3905,2018-08-06,1449,2908,CIV,1,5,6,3905,0,0,0,,0,,"PERSHING AV","MENDOCINO AV",0.00,,Y,A,-,N,,,,,,,,,,Y,3,0,3,2,A,-,09,21801,A,N,D,C,A,A,H,-,A,A,0,,,,,Y,,A,07,0,1,2,0,0,0,0,0,0,"- ","- ",37.974418640136719,-121.31675720214844,"SAN JOAQUIN",STOCKTON,-121.31712341308594,37.974441528320312
8709917,2018,2018-10-26,3903,2018-08-26,1130,1961,,7,5,4,3903,0,0,0,,0,,"YOSEMITE AV","PESTANA AV",667.00,W,N,A,-,Y,SJ,10,120,-,-,6.390,H,-,E,N,4,0,1,2,A,-,08,22107,,N,D,C,A,A,H,-,A,D,0,,,,,Y,,A,01,0,0,1,0,0,0,0,0,0,"- ","- ",37.797618865966797,-121.18672943115234,"SAN JOAQUIN",MANTECA,-121.18769073486328,37.797531127929688
8711658,2018,2018-11-21,3906,2018-10-18,2011,1403,,4,5,5,3906,0,0,0,,0,006,MACARTHUR,PESCADERO,0.00,,Y,A,-,N,,,,,,,,,,Y,4,0,3,2,A,-,03,22350,,N,C,C,A,A,H,-,C,A,0,,,,,Y,,A,01,0,0,3,0,0,0,0,0,0,"- ","- ",,,"SAN JOAQUIN",TRACY,-121.41478729248047,37.761520385742188
8711948,2018,2018-10-17,3905,2018-09-01,2154,2869,SEA,6,5,6,3905,0,0,0,,0,,"MARTIN LUTHER KING BL","EL DORADO ST",0.00,,Y,A,-,N,,,,,,,,,,N,3,0,1,2,A,-,01,23152,A,N,D,C,A,A,H,-,E,B,0,,,,,Y,Y,A,01,0,1,0,0,0,0,0,0,0,"- ","- ",37.938930511474609,-121.28616333007812,"SAN JOAQUIN",STOCKTON,-121.28604888916016,37.939010620117188
8711956,2018,2018-10-17,3905,2018-09-06,1438,3410,LAK,4,5,6,3905,0,0,0,,0,,"PACIFIC AV","YOKUTS AV",820.00,S,N,A,-,N,,,,,,,,,,Y,3,0,3,3,A,-,03,22350,,N,C,C,A,A,H,-,A,A,0,,,,,Y,,A,01,0,1,2,0,0,0,0,0,0,"- ","- ",37.996761322021484,-121.31430053710938,"SAN JOAQUIN",STOCKTON,-121.31387329101562,37.994487762451172
8711960,2018,2018-10-17,3905,2018-09-04,1222,7009,PAR,2,5,6,3905,0,0,0,,0,,"WATERLOO RD","ACACIA ST",0.00,,Y,A,-,N,,,,,,,,,,N,4,0,1,2,A,-,09,21801,A,N,D,C,A,A,H,-,A,D,0,,,,,Y,,A,01,0,0,1,0,0,0,0,0,0,"- ","- ",37.966670989990234,-121.27256011962891,"SAN JOAQUIN",STOCKTON,-121.27276611328125,37.966720581054688
8717611,2018,2018-10-17,3903,2018-09-30,1510,3558,,7,5,4,3903,0,0,0,,0,,"WEST LOUISE AV","ZURICH DR",0.00,,Y,A,-,N,,,,,,,,,,Y,4,0,2,2,A,-,09,21804,A,N,D,C,A,A,H,-,A,A,0,,,,,Y,,A,07,0,0,2,0,0,0,0,0,0,"- ","- ",,,"SAN JOAQUIN",MANTECA,-121.24954820000001,37.811775859999997
8717681,2018,2018-10-17,3903,2018-09-08,0650,2160,,6,5,4,3903,0,0,0,,0,,"WAWONA ST","TOKAY LN",40.00,W,N,A,-,N,,,,,,,,,,Y,3,0,1,2,A,-,03,22350,,N,B,E,A,A,H,-,A,D,0,,,Y,,Y,,C,02,0,1,0,0,0,0,0,0,1,"- ","- ",37.789340972900391,-121.22157287597656,"SAN JOAQUIN",MANTECA,-121.22183990478516,37.789299011230469
8717693,2018,2018-10-17,3903,2018-09-07,1808,3878,"SAN J",5,5,4,3903,0,0,0,,0,,"YOSEMITE AV","MAIN ST",0.00,,Y,A,-,N,,,,,,,,,,N,4,0,1,2,A,-,04,21703,,N,C,C,A,A,H,-,A,A,0,,,,,Y,,A,01,0,0,1,0,0,0,0,0,0,"- ","- ",37.797439575195312,-121.21656799316406,"SAN JOAQUIN",MANTECA,-121.21647644042969,37.797409057617188
8717706,2018,2018-10-17,3903,2018-09-20,1718,3540,,4,5,4,3903,0,0,0,,0,,"MAIN ST","RT 120",12.00,S,N,A,-,N,,,,,,,,,,Y,3,0,1,2,A,-,01,23152,A,N,D,C,A,A,H,-,A,A,0,,,,,Y,Y,A,01,0,1,0,0,0,0,0,0,0,"- ",WO,37.78533935546875,-121.21578979492188,"SAN JOAQUIN",MANTECA,-121.21585845947266,37.78350830078125
8717746,2018,2018-10-17,3903,2018-09-20,1530,3540,,4,5,4,3903,0,0,0,,0,,"NORTHGATE DR","LONDON AV",0.00,,Y,A,-,N,,,,,,,,,,N,4,0,1,2,A,-,10,21950,A,N,G,B,E,A,H,-,A,A,0,Y,,,,Y,,A,01,0,0,1,0,1,0,0,0,0,"- ","- ",37.820308685302734,-121.24501800537109,"SAN JOAQUIN",MANTECA,-121.24472808837891,37.820320129394531
8731361,2018,2018-11-02,3905,2018-08-30,1412,3409,SEA,4,5,6,3905,0,0,0,,0,,"MARTIN LUTHER KING BL","TURNPIKE RD",38.00,E,N,A,-,N,,,,,,,,,,N,4,0,1,3,A,-,03,22350,,F,C,C,A,A,H,-,A,D,0,,,,,Y,,A,01,0,0,1,0,0,0,0,0,0,"- ","- ",37.938190460205078,-121.29003143310547,"SAN JOAQUIN",STOCKTON,-121.28990173339844,37.93817138671875
8731369,2018,2018-11-06,3903,2018-08-31,1837,4002,,5,5,4,3903,0,0,0,,0,,"WEST CENTER ST","N WALNUT AV",34.00,E,N,A,-,N,,,,,,,,,,N,4,0,2,2,A,-,03,22350,,N,C,C,A,A,H,-,A,A,0,,,,,Y,,A,01,0,0,2,0,0,0,0,0,0,"- ","- ",,,"SAN JOAQUIN",MANTECA,-121.22877502441406,37.799118041992188
8736120,2018,2019-01-15,3905,2018-11-09,1113,2525,PAR,5,5,6,3905,0,0,0,,0,,"FREMONT ST","GOLDEN GATE AV W",93.00,W,N,A,-,N,,,,,,,,,,Y,4,0,1,2,A,-,03,22350,,N,C,C,A,A,H,-,A,D,0,,,,Y,Y,,A,01,0,0,1,0,0,0,0,0,0,"- ","- ",37.967281341552734,-121.2513427734375,"SAN JOAQUIN",STOCKTON,-121.25187683105469,37.967376708984375
8736194,2018,2018-11-19,3903,2018-10-24,0055,4000,,3,5,4,3903,0,0,0,,0,,"ALAMEDA ST","SYCAMORE AV",0.00,,Y,A,-,N,,,,,,,,,,N,4,0,1,2,A,-,12,22450,A,F,G,G,A,A,H,-,C,D,0,,Y,,,Y,,-,99,0,0,1,0,0,0,1,0,0,"- ","- ",37.804740905761719,-121.21900939941406,"SAN JOAQUIN",MANTECA,-121.21903228759766,37.804660797119141
8736198,2018,2018-11-19,3903,2018-10-20,1315,3558,,6,5,4,3903,0,0,0,,0,,"YOSEMITE AV","SHERMAN AV",0.00,,Y,A,-,N,,,,,,,,,,Y,3,0,5,2,A,-,09,21802,A,N,D,C,A,A,H,-,A,A,0,,,,,Y,,A,01,0,1,4,0,0,0,0,0,0,"- ","- ",37.797451019287109,-121.21285247802734,"SAN JOAQUIN",MANTECA,-121.21275329589844,37.797409057617188
8736202,2018,2018-11-19,3903,2018-10-14,1908,3991,,7,5,4,3903,0,0,0,,0,,"LATHROP RD","CRESTWOOD AV",0.00,,Y,A,-,N,,,,,,,,,,N,4,0,2,2,A,-,12,21453,A,N,D,C,A,A,H,-,C,A,0,,,,,Y,,A,07,0,0,2,0,0,0,0,0,0,"- ","- ",37.826309204101562,-121.22096252441406,"SAN JOAQUIN",MANTECA,-121.22071838378906,37.826591491699219
8736218,2018,2018-11-19,3903,2018-10-04,1400,2160,,4,5,4,3903,0,0,0,,0,,"YOSEMITE AV","LOCUST AV",0.00,,Y,A,-,N,,,,,,,,,,N,4,0,1,2,A,-,05,21650,,N,H,G,A,A,H,-,A,D,0,,Y,,,Y,,L,04,0,0,1,0,0,0,1,0,0,"- ","- ",37.797538757324219,-121.22701263427734,"SAN JOAQUIN",MANTECA,-121.22692108154297,37.797420501708984
8736578,2018,2018-11-26,3905,2018-10-09,1754,2943,CIV,2,5,6,3905,0,0,0,,0,,"ALPINE AV","WEST LN",576.00,W,N,A,-,N,,,,,,,,,,N,4,0,1,3,A,-,03,22350,,M,C,C,A,A,H,-,C,A,0,,,,,Y,,-,99,0,0,1,0,0,0,0,0,0,"- ","- ",37.983940124511719,-121.28349304199219,"SAN JOAQUIN",STOCKTON,-121.28581237792969,37.983478546142578
8736590,2018,2018-11-26,3905,2018-10-29,1423,2851,PAR,1,5,6,3905,0,0,0,,0,,"WILSON WY","WATERLOO RD",0.00,,Y,A,-,N,,,,,,,,,,Y,4,0,1,1,A,-,03,22350,,N,H,J,A,A,H,-,A,A,0,,,,,Y,,A,01,0,0,1,0,0,0,0,0,0,"- ","- ",37.964820861816406,-121.27388000488281,"SAN JOAQUIN",STOCKTON,-121.27410125732422,37.965198516845703
8736594,2018,2018-11-26,3905,2018-10-27,1445,2645,LAK,6,5,6,3905,0,0,0,,0,,"ROSE MARIE LN","PERSHING AV",100.00,W,N,A,-,N,,,,,,,,,,N,3,0,2,2,A,-,03,22350,,F,C,C,A,A,H,-,A,D,0,,,,,Y,,A,01,0,1,1,0,0,0,0,0,0,"- ","- ",37.986820220947266,-121.32038879394531,"SAN JOAQUIN",STOCKTON,-121.32113647460938,37.986534118652344
8736647,2018,2018-11-28,3905,2018-11-08,1402,3410,BEA,4,5,6,3905,0,0,0,,0,,"HAMMER LN","EL DORADO ST",22.00,W,N,A,-,N,,,,,,,,,,N,4,0,1,2,A,-,09,21453,B,N,C,C,A,A,H,-,A,A,0,,,,,Y,,A,01,0,0,1,0,0,0,0,0,0,"- ","- ",38.021160125732422,-121.31549072265625,"SAN JOAQUIN",STOCKTON,-121.31527709960938,38.021011352539062
8736705,2018,2018-11-29,3905,2018-10-28,0933,2525,CIV,7,5,6,3905,0,0,0,,0,,"BRADFORD ST","WILSON WY",0.00,,Y,A,-,N,,,,,,,,,,Y,4,0,1,3,A,-,12,21453,A,N,D,C,A,A,H,-,A,A,0,,,,,Y,,D,22,0,0,1,0,0,0,0,0,0,"- ","- ",37.973808288574219,-121.27607727050781,"SAN JOAQUIN",STOCKTON,-121.27635192871094,37.973888397216797
8736738,2018,2018-11-20,3905,2018-10-27,1207,2466,,6,5,6,3905,0,0,0,,0,,"KELLEY DR","KELLEY CT",88.00,S,N,A,-,N,,,,,,,,,,N,3,0,1,2,A,-,11,21954,A,N,G,B,D,A,H,-,A,D,0,Y,,,,Y,,N,60,0,1,0,0,1,0,0,0,0,"- ","- ",38.015090942382812,-121.35411834716797,"SAN JOAQUIN",STOCKTON,-121.35344696044922,38.015087127685547
8736846,2018,2018-11-21,3905,2018-10-29,0732,2277,LAK,1,5,6,3905,0,0,0,,0,,"FEATHER RIVER DR","DRIFTWOOD PL",2000.00,N,N,A,-,N,,,,,,,,,,N,3,0,1,2,A,-,12,21367,B,N,G,B,E,A,H,-,A,D,0,Y,,,,Y,,A,07,0,1,0,0,1,0,0,0,0,"- ","- ",37.989650726318359,-121.34674835205078,"SAN JOAQUIN",STOCKTON,-121.34811401367188,37.994503021240234
8736854,2018,2018-11-21,3905,2018-10-27,1411,2525,CIV,6,5,6,3905,0,0,0,,0,,"WEBER AV","GRANT ST",0.00,,Y,A,-,N,,,,,,,,,,N,4,0,1,2,A,-,09,21802,A,N,D,C,A,A,H,-,A,A,0,,,,,Y,,A,07,0,0,1,0,0,0,0,0,0,"- ","- ",37.955238342285156,-121.28090667724609,"SAN JOAQUIN",STOCKTON,-121.28095245361328,37.955291748046875
8736878,2018,2018-11-27,3905,2018-10-23,0759,2931,SEA,2,5,6,3905,0,0,0,,0,,"LINCOLN ST","ANDERSON ST",56.00,S,N,A,-,N,,,,,,,,,,N,4,0,1,2,A,-,07,21658,A,N,B,C,A,A,H,-,A,A,0,,,,,Y,,A,01,0,0,1,0,0,0,0,0,0,"- ","- ",37.941520690917969,-121.29501342773438,"SAN JOAQUIN",STOCKTON,-121.29487609863281,37.941318511962891
8736898,2018,2018-11-26,3905,2018-11-07,1737,3409,CIV,3,5,6,3905,0,0,0,,0,,"EL DORADO ST","ROSE ST",0.00,,Y,A,-,N,,,,,,,,,,Y,4,0,1,2,A,-,09,21802,A,N,D,C,A,A,H,-,C,A,0,,,,,Y,,A,01,0,0,1,0,0,0,0,0,0,"- ","- ",37.964580535888672,-121.29286956787109,"SAN JOAQUIN",STOCKTON,-121.29302978515625,37.964569091796875
8736906,2018,2018-11-26,3905,2018-11-06,0748,2277,LAK,2,5,6,3905,0,0,0,,0,,"PERSHING AV","DOWNS ST",100.00,N,N,A,-,N,,,,,,,,,,N,4,0,1,2,A,-,03,22350,,N,C,C,A,A,H,-,A,D,0,,,,,Y,,A,07,0,0,1,0,0,0,0,0,0,"- ","- ",37.983509063720703,-121.31912231445312,"SAN JOAQUIN",STOCKTON,-121.31958770751953,37.983562469482422
8736922,2018,2018-11-26,3905,2018-11-02,1234,2525,CIV,5,5,6,3905,0,0,0,,0,,"WILSON WY","HARDING WY",47.00,N,N,A,-,N,,,,,,,,,,N,4,0,1,2,A,-,11,21456,B,N,G,B,B,A,H,-,A,A,0,Y,,,,Y,,N,60,0,0,1,0,1,0,0,0,0,"- ","- ",37.970531463623047,-121.27538299560547,"SAN JOAQUIN",STOCKTON,-121.275634765625,37.970745086669922
8740005,2018,2018-11-26,3905,2018-09-29,1116,1315,CIV,6,5,6,3905,0,0,0,,0,,"ALPINE AV","SUTTER ST",80.00,W,N,A,-,N,,,,,,,,,,Y,4,0,2,2,A,-,03,22350,,N,C,C,A,A,H,-,A,D,0,,,,,Y,,A,01,0,0,2,0,0,0,0,0,0,"- ","- ",37.981098175048828,-121.29511260986328,"SAN JOAQUIN",STOCKTON,-121.29573822021484,37.980976104736328
8740013,2018,2018-11-26,3905,2018-09-30,0815,3410,LAK,7,5,6,3905,0,0,0,,0,,"OAKCREEK DR","MEADOW AV",6.00,N,N,A,-,N,,,,,,,,,,N,3,0,1,2,A,-,10,21950,A,N,G,B,D,A,H,-,A,D,0,Y,,,,Y,,A,01,0,1,0,0,1,0,0,0,0,"- ","- ",38.017478942871094,-121.34368133544922,"SAN JOAQUIN",STOCKTON,-121.34323883056641,38.017665863037109
8740069,2018,2018-11-26,3905,2018-08-21,2149,2668,SEA,2,5,6,3905,0,0,0,,0,,"HOWARD ST","STOCKTON ST",192.00,E,N,A,-,N,,,,,,,,,,Y,4,0,1,2,A,-,03,22350,,N,B,E,A,A,H,-,C,D,0,,,,,Y,,A,01,0,0,1,0,0,0,0,0,0,"- ","- ",37.92987060546875,-121.30007934570312,"SAN JOAQUIN",STOCKTON,-121.29922485351562,37.929794311523438
8740087,2018,2018-12-21,3905,2018-10-17,0840,2525,CIV,3,5,6,3905,0,0,0,,0,,"ROSE ST","HUNTER ST",0.00,,Y,A,-,N,,,,,,,,,,N,3,0,1,2,A,-,08,22100,B,N,D,G,A,A,H,-,A,A,0,,Y,,,Y,,-,"- ",0,1,0,0,0,0,1,0,0,"- ","- ",37.964801788330078,-121.29155731201172,"SAN JOAQUIN",STOCKTON,-121.29173278808594,37.964801788330078
8740096,2018,2018-11-26,3905,2018-10-10,1956,2854,CIV,3,5,6,3905,0,0,0,,0,,"EL DORADO ST","WYANDOTTE ST",0.00,,Y,A,-,N,,,,,,,,,,Y,2,0,3,2,A,-,01,23153,A,N,D,C,A,A,H,-,C,A,0,,,,,Y,,A,01,1,0,2,0,0,0,0,0,0,"- ","- ",37.971599578857422,-121.29521942138672,"SAN JOAQUIN",STOCKTON,-121.29543304443359,37.971549987792969
8740104,2018,2018-11-26,3905,2018-10-11,1518,3409,CIV,4,5,6,3905,0,0,0,,0,,"COUNTRY CLUB BL","PERSHING AV",0.00,,Y,A,-,N,,,,,,,,,,N,4,0,1,2,A,-,17,21451,A,N,D,G,A,A,H,-,A,A,0,,Y,,,Y,,A,01,0,0,1,0,0,0,1,0,0,"- ","- ",37.969631195068359,-121.31493377685547,"SAN JOAQUIN",STOCKTON,-121.31513977050781,37.969470977783203
8740107,2018,2018-12-21,3905,2018-10-05,1515,3410,VAL,5,5,6,3905,0,0,0,,0,,"COVENTRY DR","HILLSBORO WY",8.00,W,N,A,-,N,,,,,,,,,,N,3,0,1,2,A,-,10,21950,A,N,G,B,D,A,H,-,A,A,0,Y,,,,Y,,A,07,0,1,0,0,1,0,0,0,0,"- ","- ",37.998451232910156,-121.29667663574219,"SAN JOAQUIN",STOCKTON,-121.29725646972656,37.998401641845703
8740111,2018,2018-12-20,3905,2018-10-11,1106,2525,CIV,4,5,6,3905,0,0,0,,0,,"PACIFIC AV","WYANDOTTE ST",65.00,N,N,A,-,N,,,,,,,,,,N,4,0,2,2,A,-,03,22350,,N,C,C,A,A,H,-,A,A,0,,,,,Y,,A,01,0,0,2,0,0,0,0,0,0,"- ","- ",37.970550537109375,-121.29943084716797,"SAN JOAQUIN",STOCKTON,-121.29973602294922,37.970645904541016
8740134,2018,2018-12-12,3905,2018-10-01,1244,2463,CIV,1,5,6,3905,0,0,0,,0,,"CALIFORNIA ST","ARCADE ST",0.00,,Y,A,-,N,,,,,,,,,,Y,3,0,1,2,A,-,09,21802,A,N,D,C,A,A,H,-,A,A,0,,,,,Y,,A,07,0,1,0,0,0,0,0,0,0,"- ","- ",37.978229522705078,-121.29186248779297,"SAN JOAQUIN",STOCKTON,-121.29215240478516,37.978221893310547
8740138,2018,2018-12-12,3905,2018-10-02,1512,2015,CIV,2,5,6,3905,0,0,0,,0,,"OAK ST","YOSEMITE ST",60.00,E,N,B,-,N,,,,,,,,,,Y,4,0,1,2,A,-,22,23123,A,N,C,E,A,A,H,-,A,D,0,,,,,Y,,A,01,0,0,1,0,0,0,0,0,0,"- ","- ",37.956390380859375,-121.30567932128906,"SAN JOAQUIN",STOCKTON,-121.30553436279297,37.956325531005859
8740146,2018,2018-12-12,3905,2018-10-01,1653,2844,SEA,1,5,6,3905,0,0,0,,0,,"EL DORADO ST","3RD ST",202.00,S,N,A,-,N,,,,,,,,,,N,4,0,1,2,A,-,09,21800,,N,D,C,A,A,H,-,A,D,0,,,,,Y,,A,01,0,0,1,0,0,0,0,0,0,"- ","- ",37.935131072998047,-121.28517913818359,"SAN JOAQUIN",STOCKTON,-121.28486633300781,37.934619903564453