CASE_ID,ACCIDENT_YEAR,PROC_DATE,JURIS,COLLISION_DATE,COLLISION_TIME,OFFICER_ID,REPORTING_DISTRICT,DAY_OF_WEEK,CHP_SHIFT,POPULATION,CNTY_CITY_LOC,SPECIAL_COND,BEAT_TYPE,CHP_BEAT_TYPE,CITY_DIVISION_LAPD,CHP_BEAT_CLASS,BEAT_NUMBER,PRIMARY_RD,SECONDARY_RD,DISTANCE,DIRECTION,INTERSECTION,WEATHER_1,WEATHER_2,STATE_HWY_IND,CALTRANS_COUNTY,CALTRANS_DISTRICT,STATE_ROUTE,ROUTE_SUFFIX,POSTMILE_PREFIX,POSTMILE,LOCATION_TYPE,RAMP_INTERSECTION,SIDE_OF_HWY,TOW_AWAY,COLLISION_SEVERITY,NUMBER_KILLED,NUMBER_INJURED,PARTY_COUNT,PRIMARY_COLL_FACTOR,PCF_CODE_OF_VIOL,PCF_VIOL_CATEGORY,PCF_VIOLATION,PCF_VIOL_SUBSECTION,HIT_AND_RUN,TYPE_OF_COLLISION,MVIW,PED_ACTION,ROAD_SURFACE,ROAD_COND_1,ROAD_COND_2,LIGHTING,CONTROL_DEVICE,CHP_ROAD_TYPE,PEDESTRIAN_ACCIDENT,BICYCLE_ACCIDENT,MOTORCYCLE_ACCIDENT,TRUCK_ACCIDENT,NOT_PRIVATE_PROPERTY,ALCOHOL_INVOLVED,STWD_VEHTYPE_AT_FAULT,CHP_VEHTYPE_AT_FAULT,COUNT_SEVERE_INJ,COUNT_VISIBLE_INJ,COUNT_COMPLAINT_PAIN,COUNT_PED_KILLED,COUNT_PED_INJURED,COUNT_BICYCLIST_KILLED,COUNT_BICYCLIST_INJURED,COUNT_MC_KILLED,COUNT_MC_INJURED,PRIMARY_RAMP,SECONDARY_RAMP,LATITUDE,LONGITUDE,COUNTY,CITY,POINT_X,POINT_Y
90075411,2015,2015-12-16,9266,2015-12-15,1807,017940,,2,2,9,3900,0,2,4,,1,016,"GRANT LINE ROAD","BIRD ROAD",300.00,E,N,A,-,N,,,,,,,,,,Y,4,0,1,3,A,-,03,22350,,N,C,C,A,A,H,-,D,A,0,,,,,Y,,A,07,0,0,1,0,0,0,0,0,0,"- ","- ",37.754170000000002,-121.35959,"SAN JOAQUIN",UNINCORPORATED,-121.36080393,37.75427328
90075698,2015,2015-12-16,9265,2015-12-02,1130,018784,,3,1,9,3900,0,3,5,,2,010,"FRENCH CAMP RD","RIPON RD",1056.00,W,N,A,-,N,,,,,,,,,,Y,3,0,1,1,A,-,08,22107,,N,F,A,A,A,H,-,A,D,0,,,,,Y,,A,01,0,1,0,0,0,0,0,0,0,"- ","- ",37.817500000000003,-121.12894,"SAN JOAQUIN",UNINCORPORATED,-121.12892321,37.817447399999999
90076348,2015,2015-12-17,9265,2015-12-11,1440,013465,,5,2,9,3900,0,1,3,,2,003,"SR-99 N/B","GOLDEN GATE AVE",200.00,S,N,A,-,Y,,,,,,,,,,Y,4,0,6,2,A,-,03,22350,,N,C,C,A,A,D,-,A,D,0,,,,,Y,,A,01,0,0,6,0,0,0,0,0,0,"- ","- ",37.563600000000001,-121.14700000000001,"SAN JOAQUIN",UNINCORPORATED,-121.23508344,37.94346737
90080741,2015,2015-12-23,9265,2015-12-17,1500,013325,,4,2,9,3900,0,3,5,,2,060,"KETTLEMAN LANE","TECKLENBERG ROAD",50.00,W,N,A,-,N,,,,,,,,,,N,4,0,1,2,A,-,03,22350,,N,C,C,A,A,H,-,A,D,0,,,,,Y,,A,08,0,0,1,0,0,0,0,0,0,"- ","- ",38.115870000000001,-121.23159,"SAN JOAQUIN",UNINCORPORATED,-121.2315538,38.115859010000001
90081383,2015,2015-12-23,9265,2015-12-07,1659,018661,,1,2,6,3905,0,1,3,,1,042,"SR-4 E/B","FILBERT ST",500.00,E,N,A,-,Y,,,,,,,,,,Y,3,0,2,2,A,-,03,22350,,N,C,C,A,A,H,-,D,D,0,,,,,Y,,A,01,0,1,1,0,0,0,0,0,0,"- ","- ",37.962339999999998,-121.26398,"SAN JOAQUIN",STOCKTON,-121.25198064999999,37.959969479999998
90082012,2015,2015-12-24,9265,2015-12-13,1015,019387,,7,1,9,3900,0,1,1,,2,505,"INTERSTATE 5 SOUTHBOUND","WALNUT GROVE ROAD",200.00,S,N,C,-,Y,,,5,,,,,,S,Y,4,0,1,1,A,-,03,22350,,N,E,I,A,B,H,-,A,D,0,,,,Y,Y,,G,25,0,0,1,0,0,0,0,0,0,"- ","- ",38.2258,-121.4306,"SAN JOAQUIN",UNINCORPORATED,-121.43075167000001,38.225693249999999
90082150,2015,2015-12-24,9265,2015-12-13,1050,019387,,7,1,6,3905,0,1,1,,2,504,"INTERSTATE 5 NORTHBOUND","MARCH LANE",2112.00,S,N,C,-,Y,,,5,,,,,,N,Y,4,0,1,2,A,-,03,22350,,F,C,C,A,B,D,-,A,D,0,,,,,Y,,A,07,0,0,1,0,0,0,0,0,0,"- ","- ",37.978299999999997,-121.3408,"SAN JOAQUIN",STOCKTON,-121.34076935,37.978312119999998
90082994,2015,2015-12-28,9265,2015-12-16,0400,018511,,3,3,9,3900,0,3,5,,2,060,"WOODBRIDGE RD","HILDEBRAND RD",528.00,W,N,A,-,N,,,,,,,,,,Y,3,0,1,1,A,-,01,23152,A,N,E,I,A,A,H,-,D,D,0,,,,,Y,Y,A,01,0,1,0,0,0,0,0,0,0,"- ","- ",,,"SAN JOAQUIN",UNINCORPORATED,-121.25200635,38.160127989999999
90084355,2015,2015-12-29,9266,2015-12-19,1758,018751,9266,6,2,9,3900,0,2,4,,2,020,"KASSON ROAD","LINNE ROAD",1500.00,S,N,A,-,N,,,,,,,,,,Y,3,0,1,1,A,-,03,22350,,N,E,I,A,A,H,-,D,D,0,,,,,Y,,A,01,0,1,0,0,0,0,0,0,0,"- ","- ",37.69276,-121.29492,"SAN JOAQUIN",UNINCORPORATED,-121.29526130000001,37.693047149999998
90084408,2015,2015-12-29,9266,2015-12-19,1010,018888,,6,1,9,3900,0,1,1,,2,014,"I-205 E/B","11TH ST",765.00,W,N,A,-,Y,,,,,,,,,,Y,4,0,1,2,A,-,08,22107,,N,B,C,A,B,H,-,A,D,0,,,,,Y,,A,07,0,0,1,0,0,0,0,0,0,"- ","- ",37.442700000000002,-121.2948,"SAN JOAQUIN",UNINCORPORATED,,
90086090,2015,2015-12-31,9266,2015-12-26,1625,015432,,6,2,5,3906,0,1,1,,1,015,"I-205 W/B","TRACY BLVD",300.00,E,N,A,B,Y,,,205,,,,,,W,N,4,0,2,2,A,-,03,22350,,N,C,C,A,A,H,-,A,D,0,,,,,Y,,A,01,0,0,2,0,0,0,0,0,0,"- ","- ",37.763039999999997,-121.43492000000001,"SAN JOAQUIN",TRACY,-121.43491996,37.76309998
90086237,2015,2015-12-31,9265,2015-12-23,1550,019182,,3,2,4,3903,0,1,3,,2,001,"SR-99 N/B","YOSEMITE AVE",3168.00,N,N,A,C,Y,,,99,,,,,,N,Y,4,0,2,3,A,-,07,21658,A,N,B,C,A,A,H,-,A,D,0,,,,Y,Y,,A,01,0,0,2,0,0,0,0,0,0,"- ","- ",37.797600000000003,-121.19199999999999,"SAN JOAQUIN",MANTECA,-121.19123995,37.797796609999999
9008711,2019,2020-02-11,3900,2019-12-03,1241,151272,MANTE,2,5,2,3920,0,0,0,,0,009,"HARLAN RD","STONEBRIDGE LN",0.00,,Y,A,-,N,,,,,,,,,,Y,4,0,1,2,A,-,03,22350,,M,C,C,A,B,H,-,A,A,0,,,,,Y,,A,01,0,0,1,0,0,0,0,0,0,"- ","- ",,,"SAN JOAQUIN",LATHROP,-121.28614807128906,37.836021423339844
90088719,2015,2016-01-05,9265,2015-12-16,1215,017989,,3,1,6,3905,0,1,1,,2,504,"I-5 S/B FROM MARCH LN","MARCH LN",1584.00,S,N,A,-,Y,,,5,,,,R,,S,N,4,0,1,2,A,-,03,22350,,N,E,I,A,A,D,-,A,D,0,,,,,Y,,D,22,0,0,1,0,0,0,0,0,0,"- ","- ",37.98021,-121.34191,"SAN JOAQUIN",STOCKTON,-121.34191,37.98021
90089115,2016,2016-01-06,9265,2016-01-03,0225,019246,,7,3,9,3900,0,3,5,,2,050,"FREMONT ST","BROADWAY AVE",220.00,E,N,B,-,N,,,,,,,,,,Y,3,0,1,1,A,-,01,23152,A,N,E,I,A,A,H,-,D,D,0,,,,,Y,Y,A,01,0,1,0,0,0,0,0,0,0,"- ","- ",37.593539999999997,-121.15243,"SAN JOAQUIN",UNINCORPORATED,-121.24836136,37.968836439999997
90089532,2016,2016-01-06,9266,2016-01-04,1355,016540,,1,1,5,3906,1,4,S,,2,901,"HOLLY DRIVE","E MANZANITA LANE",230.00,N,N,A,-,N,,,,,,,,,,N,4,0,2,1,C,-,18,,,N,H,A,A,A,H,-,A,D,0,,,,,Y,,-,"- ",0,0,2,0,0,0,0,0,0,"- ","- ",37.756610000000002,-121.426,"SAN JOAQUIN",TRACY,-121.42598409999999,37.756891709999998
90091078,2015,2016-01-08,9265,2015-11-12,1325,018784,,4,1,6,3905,0,1,3,,1,042,"SR-4 W/B","CENTER ST",1562.00,W,N,A,-,Y,,,4,,,,,,W,N,1,1,0,2,A,-,09,21804,A,N,D,G,A,A,H,-,A,D,0,,Y,,,Y,,L,04,0,0,0,0,0,1,0,0,0,"- ","- ",37.949629999999999,-121.29572,"SAN JOAQUIN",STOCKTON,-121.29565764,37.949273779999999
90092596,2015,2016-01-11,9265,2015-12-27,1730,019996,,7,2,9,3900,0,2,4,,1,074,"BENJAMIN HOLT DR","GETTYSBURG PL",100.00,E,N,B,C,N,,,,,,,,,,N,4,0,1,2,A,-,09,21804,A,N,D,C,A,B,H,-,C,A,0,,,,,Y,,A,01,0,0,1,0,0,0,0,0,0,"- ","- ",38.003729999999997,-121.19226999999999,"SAN JOAQUIN",UNINCORPORATED,-121.32363419000001,38.010204739999999
90093586,2015,2016-01-12,9265,2015-11-10,0650,018661,,2,1,9,3900,0,1,3,,1,063,SR-12,"FOX RD",0.00,,Y,B,C,Y,,,,,,,,,,Y,2,0,1,2,A,-,09,21802,A,N,A,C,A,B,H,-,B,A,0,,,,,Y,,E,22,1,0,0,0,0,0,0,0,0,"- ","- ",38.139139999999998,-121.1771,"SAN JOAQUIN",UNINCORPORATED,,
90093710,2015,2016-01-12,9265,2015-12-07,0030,015174,,1,3,9,3900,0,2,4,,1,052,"CHEROKEE RD","SIERRA LN",148.00,W,N,A,-,N,,,,,,,,,,Y,2,0,1,3,A,-,01,23152,A,N,A,E,E,A,H,-,C,D,0,Y,,,,Y,Y,A,01,1,0,0,0,1,0,0,0,0,"- ","- ",37.583599999999997,-121.1554,"SAN JOAQUIN",UNINCORPORATED,-121.26541879,37.976718929999997
90094062,2015,2016-01-13,9265,2015-12-28,1325,019246,,1,1,9,3900,0,1,1,,2,505,"I-5 N/B FROM EIGHT MILE RD","EIGHT MILE RD",480.00,N,N,A,-,Y,,,,,,,,,,Y,4,0,1,1,A,-,08,22107,,N,E,I,A,A,H,-,A,D,0,,,,,Y,,A,01,0,0,1,0,0,0,0,0,0,"- ","- ",38.335430000000002,-121.22284999999999,"SAN JOAQUIN",UNINCORPORATED,,
90095491,2016,2016-01-14,9266,2016-01-13,0420,013668,,3,3,9,3900,0,2,4,,2,020,"KASSON ROAD","LINNE ROAD",1584.00,E,N,B,C,N,,,,,,,,,,Y,4,0,1,2,A,-,03,22350,,N,D,C,A,B,H,-,D,D,0,,,,Y,Y,,A,01,0,0,1,0,0,0,0,0,0,"- ","- ",37.692790000000002,-121.29492,"SAN JOAQUIN",UNINCORPORATED,-121.29510304999999,37.692853730000003
90095758,2015,2016-01-14,9265,2015-12-30,1343,018452,,3,1,9,3900,0,1,1,,2,504,"I-5 N/B","MARCH LN",1584.00,S,N,A,-,Y,,,5,,,,,,N,Y,4,0,1,1,A,-,08,22107,,N,E,I,A,A,D,-,A,A,0,,,,,Y,,A,01,0,0,1,0,0,0,0,0,0,"- ","- ",37.980499999999999,-121.3417,"SAN JOAQUIN",UNINCORPORATED,-121.34164471,37.980521420000002
90096175,2015,2016-01-15,9265,2015-12-28,1135,016479,,1,1,6,3905,0,1,3,,1,042,"I-5 TO SR-4 E/B","MADISON ST",350.00,W,N,B,-,Y,,,,,,,,,,Y,3,0,2,2,A,-,07,21658,A,N,B,C,A,A,H,-,A,D,0,,,,,Y,,A,01,0,1,1,0,0,0,0,0,0,"- ","- ",37.94905,-121.29357,"SAN JOAQUIN",STOCKTON,-121.28916150000001,37.93196897
90096960,2015,2016-01-18,9265,2015-12-29,1006,019413,,2,1,9,3900,0,1,1,,2,502,"I-5 S/B FROM FRENCH CAMP RD","FRENCH CAMP RD",1002.00,S,N,B,-,Y,,,5,,,,R,,S,Y,3,0,3,3,A,-,03,22350,,N,C,C,A,A,H,-,A,D,0,,,,,Y,,A,07,0,1,2,0,0,0,0,0,0,"- ","- ",37.894350000000003,-121.28299,"SAN JOAQUIN",UNINCORPORATED,-121.28299,37.894350000000003
90096974,2015,2016-01-18,9265,2015-12-26,1442,018784,,6,2,5,3902,0,1,3,,2,004,"SR-99 N/B","KETTLEMAN LN",2112.00,N,N,A,-,Y,,,99,,,,,,N,Y,3,0,1,3,A,-,03,22350,,N,B,C,A,A,H,-,A,D,0,,,Y,,Y,,C,02,0,1,0,0,0,0,0,0,1,"- ","- ",38.127249999999997,-121.25727999999999,"SAN JOAQUIN",LODI,-121.25729871999999,38.127249720000002
90097071,2016,2016-01-18,9265,2016-01-03,2320,019178,,7,3,6,3905,0,1,1,,2,503,"I-5 N/B","MONTE DIABLO AVE",1300.00,S,N,B,-,Y,,,5,,,,,,N,Y,4,0,1,1,A,-,08,22107,,N,E,I,A,A,D,-,C,D,0,,,,,Y,,A,01,0,0,1,0,0,0,0,0,0,"- ","- ",37.956009999999999,-121.31619000000001,"SAN JOAQUIN",STOCKTON,-121.31619515,37.955970530000002
90098032,2016,2016-01-19,9265,2016-01-06,0750,013444,,3,1,9,3900,0,3,5,,2,060,"TULLY ROAD","HARNEY LN",1584.00,N,N,C,-,N,,,,,,,,,,Y,3,0,1,1,A,-,08,22107,,N,E,I,A,B,H,-,A,D,0,,,,,Y,,A,01,0,1,0,0,0,0,0,0,0,"- ","- ",38.10689,-121.13324,"SAN JOAQUIN",UNINCORPORATED,-121.13332001000001,38.107019940000001
90098137,2015,2016-01-19,9265,2015-12-22,1045,018661,,2,1,9,3900,0,2,4,,1,051,"ORO AVE","SR-26 (FREMONT ST.)",60.00,S,N,B,-,Y,,,,,,,,,,N,4,0,1,2,A,-,21,22106,,M,C,C,A,B,H,-,A,D,0,,,,,Y,,A,01,0,0,1,0,0,0,0,0,0,"- ","- ",37.97148,-121.24099,"SAN JOAQUIN",UNINCORPORATED,,
90098207,2016,2016-01-19,9265,2016-01-04,2345,019774,,1,3,9,3900,0,3,5,,2,050,"ARDELLE AVE","CARDINAL AVE",120.00,W,N,C,-,N,,,,,,,,,,N,3,0,1,2,A,-,03,22350,,F,G,B,E,B,H,-,C,D,0,Y,,,,Y,,-,99,0,1,0,0,1,0,0,0,0,"- ","- ",37.962850000000003,-121.2221,"SAN JOAQUIN",UNINCORPORATED,-121.22174326,37.962981970000001
90098215,2015,2016-01-19,9265,2015-12-19,0350,019752,,6,3,5,3902,0,1,3,,2,006,"SR-99 N/B","KETTLEMAN LN",1056.00,N,N,C,-,Y,,,,,,,,,,Y,2,0,1,1,A,-,03,22350,,N,E,I,A,B,H,-,D,D,0,,,,,Y,,A,01,1,0,0,0,0,0,0,0,0,"- ","- ",38.071820000000002,-121.15431,"SAN JOAQUIN",LODI,-121.2572152,38.119157280000003
90099001,2016,2016-01-20,9265,2016-01-19,0630,016479,,2,1,5,3902,0,1,3,,2,004,"SR-99 N/B","KETTLEMAN LN",2800.00,S,N,C,-,Y,,,99,,,,,,N,Y,3,0,1,1,A,-,03,22350,,N,E,I,A,B,H,-,D,D,0,,,,,Y,,A,01,0,1,0,0,0,0,0,0,0,"- ","- ",38.109940000000002,-121.25915000000001,"SAN JOAQUIN",LODI,-121.25917251,38.1099447
90099008,2016,2016-01-20,9265,2016-01-13,0640,018590,,3,1,4,3903,0,1,3,,2,025,"SR-120 W/B","UNION RD",1584.00,W,N,B,C,Y,,,120,,,,,,W,Y,4,0,1,2,A,-,08,22107,,N,D,C,A,B,H,-,C,D,0,,,,,Y,,A,01,0,0,1,0,0,0,0,0,0,"- ","- ",37.783320000000003,-121.23887999999999,"SAN JOAQUIN",MANTECA,-121.2388806,37.783462139999997
90100498,2016,2016-01-22,9265,2016-01-07,1713,017856,,4,2,6,3905,0,1,3,,1,042,"SR-4 W/B","EL DORADO ST",50.00,W,N,A,-,Y,,,,,,,,,,Y,4,0,1,3,A,-,03,22350,,F,C,C,A,A,H,-,C,D,0,,,,,Y,,A,01,0,0,1,0,0,0,0,0,0,"- ","- ",37.946069999999999,-121.28574999999999,"SAN JOAQUIN",STOCKTON,-121.28931842999999,37.950407319999997
90100847,2016,2016-01-22,9265,2016-01-20,1125,018590,,3,1,6,3905,0,1,1,,2,503,"I-5 S/B","ALPINE AVE",2640.00,S,N,B,-,Y,,,5,,,,,,S,Y,4,0,1,3,A,-,07,21658,A,M,B,C,A,A,D,-,A,D,0,,,,Y,Y,,F,25,0,0,1,0,0,0,0,0,0,"- ","- ",37.966340000000002,-121.33646,"SAN JOAQUIN",STOCKTON,-121.3364352,37.966349540000003
90100860,2015,2016-01-22,9265,2015-12-16,1745,013515,,3,2,9,3900,0,1,3,,1,013,"STATE ROUTE 4","BUCKMAN ROAD",3168.00,E,N,A,-,Y,,,4,,,,,,,Y,1,1,0,1,A,-,08,22107,,N,E,I,A,A,H,-,D,D,0,,,,,Y,,A,01,0,0,0,0,0,0,0,0,0,"- ","- ",37.930309999999999,-120.96572999999999,"SAN JOAQUIN",UNINCORPORATED,-120.96572985,37.93027755
9010223,2019,2020-01-02,3900,2019-11-23,1424,152780,MANTE,6,5,2,3920,0,0,0,,0,009,"HARLAN RD","J ST",0.00,,Y,A,-,N,,,,,,,,,,N,4,0,1,2,A,-,12,21453,A,N,D,C,A,A,H,-,A,A,0,,,,,Y,,A,01,0,0,1,0,0,0,0,0,0,"- ","- ",,,"SAN JOAQUIN",LATHROP,-121.29106903076172,37.822338104248047
90102392,2016,2016-01-26,9265,2016-01-19,0940,018488,,2,1,9,3900,0,1,1,,2,502,"I-5 N/B","MATHEWS RD",350.00,S,N,C,-,Y,,,5,,,,,,N,Y,3,0,1,1,A,-,03,22350,,N,E,I,A,B,H,-,A,D,0,,,,,Y,,A,01,0,1,0,0,0,0,0,0,0,"- ","- ",37.88129,-121.2783,"SAN JOAQUIN",UNINCORPORATED,-121.27856365,37.881250199999997
90103363,2015,2016-01-27,9265,2015-10-13,2242,019774,,2,3,9,3900,0,3,5,,2,010,"SANTA FE ROAD","ORANGE AVENUE",2112.00,S,N,A,-,N,,,,,,,,,,Y,1,1,2,2,A,-,01,23152,E,N,A,C,A,A,H,-,D,D,0,,,,,Y,,A,01,1,1,0,0,0,0,0,0,0,"- ","- ",37.769799999999996,-120.96004000000001,"SAN JOAQUIN",UNINCORPORATED,-120.95923069,37.768812879999999
90103685,2016,2016-01-27,9265,2016-01-16,1405,019387,,6,2,9,3900,0,3,5,,2,030,"ROBERTS ROAD",SR-4,2112.00,S,N,B,-,N,,,,,,,,,,Y,3,0,1,1,A,-,08,22107,,N,E,I,A,A,H,-,A,D,0,,,,,Y,,A,01,0,1,0,0,0,0,0,0,0,"- ","- ",37.919499999999999,-121.3323,"SAN JOAQUIN",UNINCORPORATED,-121.33241268,37.92169955
90104701,2016,2016-01-28,9265,2016-01-14,1610,016639,,4,2,9,3900,0,2,4,,1,024,"AIRPORT WAY","FISK RD",1080.00,S,N,C,-,N,,,,,,,,,,Y,4,0,1,2,A,-,08,22107,,N,D,C,A,B,H,-,A,D,0,,,,,Y,,A,07,0,0,1,0,0,0,0,0,0,"- ","- ",37.862279999999998,-121.25588,"SAN JOAQUIN",UNINCORPORATED,-121.25584497,37.862326359999997
90104712,2016,2016-01-28,9265,2016-01-20,2000,015490,,3,2,9,3900,0,1,3,,2,004,"SR-99 S/B TO HAMMER LANE","HAMMER LANE",0.00,,Y,B,-,Y,,,99,,,,R,,S,N,4,0,1,2,A,-,05,21650,,F,D,G,A,A,H,-,C,A,0,,Y,,,Y,,L,04,0,0,1,0,0,0,1,0,0,"- ","- ",38.021059999999999,-121.25969000000001,"SAN JOAQUIN",UNINCORPORATED,-121.25969000000001,38.021059999999999
90107182,2016,2016-02-02,9266,2016-02-01,0420,018217,,1,3,9,3900,0,1,1,,2,024,"I-5 S/B","STEWART ROAD U/C",100.00,S,N,A,-,Y,,,5,,,,,,S,Y,4,0,1,3,A,-,03,22350,,N,C,C,A,A,H,-,D,D,0,,,,,Y,,D,22,0,0,1,0,0,0,0,0,0,"- ","- ",37.771680000000003,-121.32608,"SAN JOAQUIN",UNINCORPORATED,-121.32601362,37.771589820000003
9010735,2019,2020-02-08,3906,2019-12-16,1323,1311,,1,5,5,3906,0,0,0,,0,005,"WHITTIER AV","HOLLY DR",5.00,E,N,A,-,N,,,,,,,,,,N,3,0,1,1,A,-,03,22350,,N,F,-,A,A,H,-,A,-,0,,,Y,,Y,,C,02,0,1,0,0,0,0,0,0,1,"- ","- ",,,"SAN JOAQUIN",TRACY,-121.42581939697266,37.749641418457031
90107388,2016,2016-02-02,9265,2016-01-25,0005,019178,,1,3,9,3900,0,1,3,,1,042,"SR-4 E/B TO FILBERT OFF RAMP","FILBERT ST",700.00,W,N,B,-,Y,,,,,,,,,,Y,3,0,1,1,A,-,08,22107,,N,F,A,A,A,H,-,C,D,0,,,,Y,Y,,G,26,0,1,0,0,0,0,0,0,0,"- ","- ",37.958660000000002,-121.25635,"SAN JOAQUIN",UNINCORPORATED,-121.25595091,37.958979980000002
90108237,2016,2016-02-03,9265,2016-01-27,0920,013465,,3,1,9,3900,0,3,5,,2,030,"8TH ST","BIEGHLE ST",0.00,,N,A,-,N,,,,,,,,,,Y,4,0,2,2,A,-,08,22107,,N,D,C,A,A,H,-,A,D,0,,,,,Y,Y,D,22,0,0,2,0,0,0,0,0,0,"- ","- ",37.560940000000002,-121.15313999999999,"SAN JOAQUIN",UNINCORPORATED,-121.25926986,37.93287995
90108932,2016,2016-02-04,9265,2016-01-17,1819,015174,,7,2,9,3900,0,2,4,,1,053,"WATERLOO RD","SIERRA LN",7.00,W,N,B,-,N,,,,,,,,,,N,2,0,1,2,A,-,10,21950,A,N,G,B,B,B,H,-,C,D,0,Y,,,,Y,,A,01,1,0,0,0,1,0,0,0,0,"- ","- ",37.975369999999998,-121.26434999999999,"SAN JOAQUIN",UNINCORPORATED,-121.26432880999999,37.975397839999999
90110319,2016,2016-02-05,9265,2016-01-23,0635,015756,,6,1,9,3900,0,3,5,,2,030,"CARPENTER RD","MARIPOSA RD",250.00,S,N,B,-,N,,,,,,,,,,Y,3,0,1,1,A,-,01,23152,E,M,E,I,A,B,H,-,A,D,0,,,,,Y,,A,01,0,1,0,0,0,0,0,0,0,"- ","- ",37.927889999999998,-121.21765000000001,"SAN JOAQUIN",UNINCORPORATED,-121.21753305,37.927934630000003
90110362,2016,2016-02-05,9265,2016-01-09,1614,015756,,6,2,6,3905,0,1,1,,2,503,"I-5 S/B","PERSHING AVE",500.00,N,N,B,C,Y,,,5,,,,,,S,Y,4,0,4,1,A,-,08,22107,,N,E,I,A,B,D,-,A,D,0,,,,,Y,,A,07,0,0,4,0,0,0,0,0,0,"- ","- ",37.954009999999997,-121.31104000000001,"SAN JOAQUIN",STOCKTON,-121.31102986,37.954030600000003
90115460,2016,2016-02-29,9266,2016-02-07,1655,017920,,7,2,9,3900,0,1,1,,2,014,"I-205 W/B","MOUNTAIN HOUSE PKWY",1000.00,E,N,A,-,Y,,,205,,,,,,W,Y,4,0,2,2,A,-,01,23152,A,M,B,C,A,A,H,-,A,D,0,,,,,Y,Y,A,07,0,0,2,0,0,0,0,0,0,"- ","- ",37.742159999999998,-121.52348000000001,"SAN JOAQUIN",UNINCORPORATED,-121.52348546,37.742074580000001
90116258,2016,2016-02-16,9265,2016-01-18,0740,019657,,1,1,9,3900,0,2,4,,1,014,"JACK TONE RD",SR-26,12.00,S,N,B,-,Y,,,,,,,,,,Y,4,0,1,1,A,-,08,22107,,N,E,I,A,B,H,-,A,A,0,,,,,Y,,A,01,0,0,1,0,0,0,0,0,0,"- ","- ",38.000979999999998,-121.14972,"SAN JOAQUIN",UNINCORPORATED,-121.14949686999999,38.000717139999999
90120483,2015,2016-02-22,9265,2015-10-27,1915,019996,,2,2,9,3900,0,2,4,,1,053,"WILSON WAY","SANGUINETTI LN",5.00,S,N,A,-,N,,,,,,,,,,N,1,1,0,2,A,-,11,21456,B,F,G,B,B,A,H,-,C,A,0,Y,,,,Y,,N,60,0,0,0,1,0,0,0,0,0,"- ","- ",37.585979999999999,-121.16171,"SAN JOAQUIN",UNINCORPORATED,-121.27127709,37.983337470000002
90120788,2016,2016-02-22,9265,2016-01-31,1430,019991,,7,2,9,3900,0,3,5,,2,020,"SEDAN AVE","MANTECA ROAD",0.00,,Y,A,-,N,,,,,,,,,,Y,4,0,2,2,A,-,09,21802,A,N,D,C,A,A,H,-,A,A,0,,,,,Y,,A,01,0,0,2,0,0,0,0,0,0,"- ","- ",37.75752,-121.21559000000001,"SAN JOAQUIN",UNINCORPORATED,-121.21561987,37.757529900000002
90120879,2016,2016-02-22,9265,2016-02-02,0805,016479,,2,1,9,3900,0,1,3,,2,006,"SR-99 S/B","LIBERTY RD",2742.00,N,N,C,-,Y,,,,,,,,,,Y,4,0,1,2,A,-,03,22350,,N,C,C,A,B,H,-,A,D,0,,,,,Y,,A,08,0,0,1,0,0,0,0,0,0,"- ","- ",38.280200000000001,-121.2847,"SAN JOAQUIN",UNINCORPORATED,,
90122543,2016,2016-02-24,9265,2016-02-12,1525,018590,,5,2,6,3905,0,1,1,,2,504,"I-5 S/B FROM MARCH LN","MARCH LN",200.00,S,N,B,-,Y,,,5,,,,R,,S,N,4,0,1,2,A,-,03,22350,,M,C,C,A,A,D,-,A,D,0,,,,,Y,,A,01,0,0,1,0,0,0,0,0,0,"- ","- ",37.984070000000003,-121.34390999999999,"SAN JOAQUIN",STOCKTON,-121.34390999999999,37.984070000000003
90122747,2016,2016-02-24,9265,2016-02-11,1030,013539,,4,1,9,3900,0,2,4,,1,031,"AIRPORT WAY","FRENCH CAMP ROAD",0.00,,Y,A,-,N,,,,,,,,,,N,4,0,1,2,A,-,09,21800,D,N,D,C,A,A,H,-,A,B,0,,,,,Y,,-,"- ",0,0,1,0,0,0,0,0,0,"- ","- ",37.522500000000001,-121.151,"SAN JOAQUIN",UNINCORPORATED,-121.25356994000001,37.873689990000003
90126057,2016,2016-02-29,9266,2016-02-29,0750,014807,,1,1,9,3900,0,1,1,,2,014,"I-205 W/B","MOUNTAIN HOUSE PKWY",100.00,E,N,A,-,Y,,,205,,,,,,W,N,4,0,1,3,A,-,03,22350,,N,C,C,A,A,H,-,A,D,0,,,,,Y,,A,01,0,0,1,0,0,0,0,0,0,"- ","- ",37.742800000000003,-121.53009,"SAN JOAQUIN",UNINCORPORATED,-121.53011035,37.742499700000003
90127502,2016,2016-03-02,9265,2016-01-27,1739,019882,,3,2,9,3900,0,3,5,,2,090,"WOODBRIDGE RD","THORNTON RD",0.00,,Y,A,-,N,,,,,,,,,,Y,4,0,3,2,A,-,12,22450,A,N,D,C,A,A,H,-,D,A,0,,,,,Y,,A,08,0,0,3,0,0,0,0,0,0,"- ","- ",38.16057,-121.39908,"SAN JOAQUIN",UNINCORPORATED,-121.39904989,38.16056991
90127578,2016,2016-03-02,9265,2016-02-17,0945,015490,,3,1,9,3900,0,1,3,,1,061,SR-26,"MILL ST.",0.00,,Y,B,-,Y,,,26,,,,,,,Y,3,0,1,2,A,-,09,21802,A,N,D,C,A,A,H,-,A,A,0,,,,Y,Y,,A,01,0,1,0,0,0,0,0,0,0,"- ","- ",38.021090000000001,-121.08383000000001,"SAN JOAQUIN",UNINCORPORATED,-121.08383585999999,38.02110854