CASE_ID,ACCIDENT_YEAR,PROC_DATE,JURIS,COLLISION_DATE,COLLISION_TIME,OFFICER_ID,REPORTING_DISTRICT,DAY_OF_WEEK,CHP_SHIFT,POPULATION,CNTY_CITY_LOC,SPECIAL_COND,BEAT_TYPE,CHP_BEAT_TYPE,CITY_DIVISION_LAPD,CHP_BEAT_CLASS,BEAT_NUMBER,PRIMARY_RD,SECONDARY_RD,DISTANCE,DIRECTION,INTERSECTION,WEATHER_1,WEATHER_2,STATE_HWY_IND,CALTRANS_COUNTY,CALTRANS_DISTRICT,STATE_ROUTE,ROUTE_SUFFIX,POSTMILE_PREFIX,POSTMILE,LOCATION_TYPE,RAMP_INTERSECTION,SIDE_OF_HWY,TOW_AWAY,COLLISION_SEVERITY,NUMBER_KILLED,NUMBER_INJURED,PARTY_COUNT,PRIMARY_COLL_FACTOR,PCF_CODE_OF_VIOL,PCF_VIOL_CATEGORY,PCF_VIOLATION,PCF_VIOL_SUBSECTION,HIT_AND_RUN,TYPE_OF_COLLISION,MVIW,PED_ACTION,ROAD_SURFACE,ROAD_COND_1,ROAD_COND_2,LIGHTING,CONTROL_DEVICE,CHP_ROAD_TYPE,PEDESTRIAN_ACCIDENT,BICYCLE_ACCIDENT,MOTORCYCLE_ACCIDENT,TRUCK_ACCIDENT,NOT_PRIVATE_PROPERTY,ALCOHOL_INVOLVED,STWD_VEHTYPE_AT_FAULT,CHP_VEHTYPE_AT_FAULT,COUNT_SEVERE_INJ,COUNT_VISIBLE_INJ,COUNT_COMPLAINT_PAIN,COUNT_PED_KILLED,COUNT_PED_INJURED,COUNT_BICYCLIST_KILLED,COUNT_BICYCLIST_INJURED,COUNT_MC_KILLED,COUNT_MC_INJURED,PRIMARY_RAMP,SECONDARY_RAMP,LATITUDE,LONGITUDE,COUNTY,CITY,POINT_X,POINT_Y
90127733,2016,2016-03-02,9265,2016-02-27,2338,019307,,6,3,4,3903,0,1,3,,2,025,"SR-120 W/B TO AIRPORT WAY","AIRPORT WAY",875.00,E,N,A,-,Y,,,120,,,,R,,W,Y,4,0,1,1,A,-,01,23152,A,N,E,I,A,A,H,-,D,D,0,,,,,Y,Y,A,01,0,0,1,0,0,0,0,0,0,"- ","- ",37.784030000000001,-121.24947,"SAN JOAQUIN",MANTECA,-121.24947,37.784030000000001
90128306,2016,2016-03-03,9265,2016-02-27,0125,017021,,6,3,6,3905,0,1,1,,2,503,"I-5 N/B","MOUNT DIABLO AVE",300.00,S,N,A,-,Y,,,,,,,,,,Y,3,0,1,2,A,-,03,22350,,M,C,C,A,A,D,-,C,D,0,,,,,Y,,A,01,0,1,0,0,0,0,0,0,0,"- ","- ",37.572400000000002,-121.19410000000001,"SAN JOAQUIN",STOCKTON,,
90129051,2016,2016-03-03,9265,2016-02-26,0305,019803,,5,3,6,3905,0,1,3,,1,042,"SR-4 W/B TO I-5 S/B","CHURCH STREET",1000.00,N,N,A,-,Y,,,4,,,,R,,W,Y,2,0,1,1,A,-,01,23152,A,N,E,I,A,A,H,-,D,D,0,,,,,Y,Y,D,22,1,0,0,0,0,0,0,0,0,"- ","- ",37.946300000000001,-121.29850999999999,"SAN JOAQUIN",STOCKTON,-121.29850999999999,37.946300000000001
90130525,2016,2016-03-07,9265,2016-02-11,1535,013465,,4,2,6,3905,0,1,3,,1,042,"SR-4 E/B","FILBERT ST",100.00,W,N,A,-,Y,,,,,,,,,,Y,4,0,2,3,A,-,03,22350,,N,C,C,A,A,H,-,A,D,0,,,,Y,Y,,G,25,0,0,2,0,0,0,0,0,0,"- ","- ",37.573360000000001,-121.15149,"SAN JOAQUIN",STOCKTON,-121.25397013,37.959485710000003
90131476,2016,2016-03-08,9266,2016-03-04,1555,015969,,5,2,9,3900,0,1,1,,2,024,"I-5 S/B",5SJ14.41,100.00,S,N,B,C,Y,,,5,,,,,,S,Y,4,0,1,1,A,-,08,22107,,N,E,I,A,B,H,-,A,D,0,,,,,Y,,A,01,0,0,1,0,0,0,0,0,0,"- ","- ",37.778730000000003,-121.31738,"SAN JOAQUIN",UNINCORPORATED,-121.31696724,37.778189089999998
90131796,2016,2016-03-08,9265,2016-02-16,1935,019307,,2,2,9,3900,0,1,3,,1,063,SR-12,"BRUELLA RD",0.00,,Y,A,-,N,,,12,,,,,,,Y,4,0,1,2,A,-,09,21801,A,F,B,C,A,A,H,-,C,D,0,,,,,Y,,A,01,0,0,1,0,0,0,0,0,0,"- ","- ",38.13796,-121.20601000000001,"SAN JOAQUIN",UNINCORPORATED,-121.20601597,38.137946599999999
90133686,2016,2016-05-05,9265,2016-03-02,1340,018590,,3,1,9,3900,0,1,1,,2,502,"I-5 S/B","FRENCH CAMP RD",1584.00,S,N,B,-,Y,,,5,,,,,,S,N,4,0,1,2,A,-,07,21658,A,M,B,C,A,A,H,-,A,D,0,,,,,Y,,-,99,0,0,1,0,0,0,0,0,0,"- ","- ",37.890889999999999,-121.28153,"SAN JOAQUIN",UNINCORPORATED,-121.28170871,37.890825489999997
90136107,2016,2016-03-14,9265,2016-03-01,1320,019413,,2,1,9,3900,0,2,4,,1,064,"JACK TONE RD","COPPEROPOLIS RD",580.00,N,N,A,-,N,,,,,,,,,,N,4,0,1,2,A,-,09,21801,A,N,D,C,A,A,H,-,A,D,0,,,,,Y,,A,07,0,0,1,0,0,0,0,0,0,"- ","- ",37.972250000000003,-121.14869,"SAN JOAQUIN",UNINCORPORATED,-121.14873590000001,37.972052410000003
90138175,2016,2016-03-16,9265,2016-03-04,1539,013444,,5,2,9,3900,0,2,4,,1,091,"WEST LN","EIGHT MILE RD",1056.00,S,N,C,-,N,,,,,,,,,,N,4,0,1,3,A,-,03,22350,,N,C,C,A,B,H,-,A,D,0,,,,,Y,,A,07,0,0,1,0,0,0,0,0,0,"- ","- ",38.055190000000003,-121.29589,"SAN JOAQUIN",UNINCORPORATED,-121.29612088,38.054565089999997
90140568,2016,2016-03-21,9265,2016-03-03,1800,019136,,4,2,9,3900,0,3,5,,2,010,"COUNTRY RD","OAKWOOD RD",50.00,S,N,B,-,N,,,,,,,,,,Y,4,0,1,1,A,-,08,22107,,N,E,I,A,A,H,-,D,D,0,,,,,Y,,A,01,0,0,1,0,0,0,0,0,0,"- ","- ",37.546999999999997,-121.42641999999999,"SAN JOAQUIN",UNINCORPORATED,-121.07410502,37.901902749999998
90141427,2016,2016-03-22,9266,2016-03-18,0900,017920,,5,1,9,3900,0,1,1,,2,021,"I-580 W/B",SR-132,2000.00,W,N,A,-,Y,,,580,,,,,,W,Y,4,0,1,1,A,-,08,22107,,N,F,A,A,A,H,-,A,D,0,,,,,Y,,A,01,0,0,1,0,0,0,0,0,0,"- ","- ",37.65034,-121.42048,"SAN JOAQUIN",UNINCORPORATED,-121.42056448,37.650200920000003
90142980,2016,2016-03-24,9265,2016-03-02,1630,015490,,3,2,9,3900,0,1,3,,1,062,SR-88,"OVERHISER RD",0.00,,Y,A,-,Y,,,88,,,,,,,Y,4,0,2,3,A,-,09,21801,A,N,D,C,A,A,H,-,A,A,0,,,,,Y,,A,01,0,0,2,0,0,0,0,0,0,"- ","- ",37.996259999999999,-121.23228,"SAN JOAQUIN",UNINCORPORATED,-121.23226464,37.996236469999999
90144823,2016,2016-06-10,9265,2016-03-05,2046,018784,,6,2,6,3905,0,1,1,,2,503,"I-5 S/B","FREMONT ST",2640.00,N,N,C,G,Y,,,5,,,,,,S,Y,4,0,1,2,A,-,03,22350,,N,D,C,A,B,D,-,D,D,0,,,,,Y,,A,08,0,0,1,0,0,0,0,0,0,"- ","- ",37.955979999999997,-121.32044,"SAN JOAQUIN",STOCKTON,-121.32044114999999,37.95594578
90145294,2016,2016-03-28,9265,2016-03-11,1535,013444,,5,2,9,3900,0,1,3,,2,006,"SR-99 S/B","PELTIER ROAD",600.00,N,N,A,-,Y,,,99,,,,,,S,Y,4,0,3,3,A,-,03,22350,,N,C,C,A,A,H,-,A,D,0,,,,,Y,,A,01,0,0,3,0,0,0,0,0,0,"- ","- ",38.193309999999997,-121.26275,"SAN JOAQUIN",UNINCORPORATED,-121.26292017,38.19330574
9014573,2019,2020-01-22,3903,2019-10-31,2342,2186,,4,5,4,3903,0,0,0,,0,,"YOSEMITE AV","UNION RD",0.00,,Y,A,-,N,,,,,,,,,,Y,4,0,2,2,A,-,12,21453,A,N,D,C,A,A,H,-,C,A,0,,,,,Y,,-,"- ",0,0,2,0,0,0,0,0,0,"- ","- ",37.797210693359375,-121.23503112792969,"SAN JOAQUIN",MANTECA,-121.23490905761719,37.797409057617188
9014690,2019,2019-12-26,3903,2019-11-28,0058,2419,,4,5,4,3903,0,0,0,,0,,"YOSEMITE AV","FREMONT ST",35.00,E,N,C,-,N,,,,,,,,,,Y,2,0,1,2,A,-,03,22350,,N,C,C,A,B,H,-,C,A,0,,,,,Y,,A,01,1,0,0,0,0,0,0,0,0,"- ","- ",37.797439575195312,-121.20973205566406,"SAN JOAQUIN",MANTECA,-121.20948028564453,37.797431945800781
9014705,2019,2020-01-06,3903,2019-10-24,1653,3540,,4,5,4,3903,0,0,0,,0,,"NORTHGATE DR","LONDON AV",240.00,E,N,A,-,N,,,,,,,,,,N,3,0,1,2,A,-,11,21950,B,N,G,B,D,A,H,-,A,D,0,Y,,,,Y,,N,60,0,1,0,0,1,0,0,0,0,"- ","- ",37.820308685302734,-121.24501800537109,"SAN JOAQUIN",MANTECA,-121.243896484375,37.820320129394531
9014709,2019,2020-01-06,3903,2019-10-25,1149,2469,,5,5,4,3903,0,0,0,,0,,"MAIN ST","JASON ST",32.00,N,N,A,-,N,,,,,,,,,,Y,4,0,1,2,A,-,08,22107,,N,D,C,A,A,H,-,A,D,0,,,Y,,Y,,A,01,0,0,1,0,0,0,0,0,1,"- ","- ",37.810138702392578,-121.21694946289062,"SAN JOAQUIN",MANTECA,-121.21697235107422,37.810169219970703
90147576,2016,2016-03-30,9265,2016-03-07,0835,015604,,1,1,3,3904,0,1,3,,2,001,"SR-99 S/B","JACK TONE RD",100.00,N,N,B,C,Y,,,99,,,,,,S,Y,4,0,1,2,A,-,07,21658,A,N,C,C,A,B,H,-,A,D,0,,,,,Y,,D,22,0,0,1,0,0,0,0,0,0,"- ","- ",37.752229999999997,-121.14147,"SAN JOAQUIN",RIPON,-121.14142631,37.752299720000003
90147772,2016,2016-03-30,9265,2016-03-05,1430,018836,,6,2,4,3903,0,1,3,,2,025,"SR-120 E/B","MOFFAT BLVD",2112.00,W,N,B,-,Y,,,120,,,,,,E,N,3,0,1,2,A,-,03,22350,,N,C,C,A,B,H,-,A,D,0,,,,,Y,,A,01,0,1,0,0,0,0,0,0,0,"- ","- ",37.783209999999997,-121.20346000000001,"SAN JOAQUIN",MANTECA,-121.20346001,37.78320351
90148138,2016,2016-03-30,9265,2016-03-18,1635,013444,,5,2,9,3900,0,1,3,,2,006,"SR-99 N/B","ACAMPO RD",355.00,S,N,A,-,Y,,,99,,,,,,N,Y,3,0,2,4,A,-,03,22350,,N,C,C,A,A,H,-,A,D,0,,,,,Y,,D,22,0,1,1,0,0,0,0,0,0,"- ","- ",38.173589999999997,-121.26220000000001,"SAN JOAQUIN",UNINCORPORATED,-121.26214963,38.173592220000003
90148527,2016,2016-03-31,9265,2016-03-08,0650,019193,,2,1,9,3900,0,1,3,,2,006,"SR-99 S/B","COLLIER RD",1056.00,S,N,A,-,Y,,,99,,,,,,S,Y,4,0,2,2,A,-,03,22350,,N,C,C,A,A,H,-,A,D,0,,,,,Y,,A,01,0,0,2,0,0,0,0,0,0,"- ","- ",38.217219999999998,-121.27003999999999,"SAN JOAQUIN",UNINCORPORATED,-121.27005078000001,38.217213180000002
90148584,2016,2016-03-31,9265,2016-03-15,1700,019558,,2,2,9,3900,0,2,4,,1,091,"LOWER SACRAMENTO RD","EIGHT MILE RD",2112.00,N,N,A,-,N,,,,,,,,,,Y,4,0,2,2,A,-,03,22350,,N,C,C,A,A,H,-,A,D,0,,,,,Y,,A,01,0,0,2,0,0,0,0,0,0,"- ","- ",38.062690000000003,-121.31043,"SAN JOAQUIN",UNINCORPORATED,-121.31058,38.057609999999997
90150585,2016,2016-04-05,9265,2016-03-19,1615,015490,,6,2,9,3900,0,1,3,,1,061,SR-26,"SHELLY RD",4224.00,E,N,A,-,Y,,,,,,,,,,Y,4,0,1,2,A,-,03,22350,,N,C,C,A,A,H,-,A,D,0,,,Y,,Y,,C,02,0,0,1,0,0,0,0,0,1,"- ","- ",38.087530000000001,-121.95544,"SAN JOAQUIN",UNINCORPORATED,-120.95131703,38.090060270000002
90150658,2016,2016-04-05,9265,2016-03-20,1830,019906,,7,2,9,3900,0,2,4,,1,022,"UNION RD","FIG RD",0.00,,Y,A,-,N,,,,,,,,,,N,3,0,1,2,A,-,03,22350,,N,C,C,A,A,H,-,A,D,0,,,Y,,Y,,A,01,0,1,0,0,0,0,0,0,1,"- ","- ",37.762210000000003,-121.23392,"SAN JOAQUIN",UNINCORPORATED,-121.23388991,37.762209910000003
9015068,2019,2020-02-12,3906,2019-12-19,1951,1619,3906,4,5,5,3906,0,0,0,,0,006,"GRANT LINE RD","LINCOLN BL",0.00,,Y,A,-,N,,,,,,,,,,N,3,0,1,2,A,-,11,21950,B,N,G,B,B,A,H,-,C,A,0,Y,,,,Y,Y,N,60,0,1,0,0,1,0,0,0,0,"- ","- ",,,"SAN JOAQUIN",TRACY,-121.44354248046875,37.754138946533203
90151186,2016,2016-04-05,9265,2016-03-27,2250,018511,,7,3,9,3900,0,3,5,,2,090,"ARMSTRONG RD","LOWER SACRAMENTO RD",1320.00,E,N,A,-,N,,,,,,,,,,Y,2,0,2,1,A,-,01,23152,A,N,E,I,A,A,H,-,D,D,0,,,,,Y,Y,A,01,1,1,0,0,0,0,0,0,0,"- ","- ",38.086489999999998,-121.30526,"SAN JOAQUIN",UNINCORPORATED,-121.30586332,38.086520999999998
9015146,2019,2020-02-13,3906,2019-12-20,1400,10492,,5,5,5,3906,0,0,0,,0,003,"CORRAL HOLLOW RD","11TH ST",410.00,N,N,A,-,N,,,,,,,,,,Y,4,0,1,2,A,-,09,21801,A,N,D,C,A,A,H,-,A,A,0,,,,,Y,,D,22,0,0,1,0,0,0,0,0,0,"- ","- ",,,"SAN JOAQUIN",TRACY,-121.45323944091797,37.740535736083984
90152044,2016,2016-04-06,9265,2016-03-23,1245,013444,,3,1,9,3900,0,1,3,,2,004,"SR-99 N/B","CHEROKEE LN",120.00,N,N,A,-,Y,,,,,,,,,,Y,4,0,1,2,A,-,07,21658,A,N,B,C,A,A,H,-,A,D,0,,,,Y,Y,,G,25,0,0,1,0,0,0,0,0,0,"- ","- ",38.6342,-121.15331,"SAN JOAQUIN",UNINCORPORATED,-121.25277344,37.992522110000003
90152058,2016,2016-04-06,9265,2016-03-30,1610,015490,,3,2,9,3900,0,3,5,,2,060,"HARNEY LN.","BECKMAN RD",0.00,,Y,A,-,N,,,,,,,,,,Y,3,0,1,2,A,-,09,21801,A,N,B,C,A,A,H,-,A,D,0,,,,,Y,,A,01,0,1,0,0,0,0,0,0,0,"- ","- ",38.101590000000002,-121.25718000000001,"SAN JOAQUIN",UNINCORPORATED,-121.25699985999999,38.10154996
90152060,2016,2016-04-06,9265,2016-03-30,1641,013444,,3,2,9,3900,0,1,3,,2,006,"SR-99 N/B","PELTIER RD",793.00,N,N,A,-,Y,,,99,,,,,,N,N,4,0,1,2,A,-,03,22350,,N,C,C,A,A,H,-,A,D,0,,,,,Y,,D,22,0,0,1,0,0,0,0,0,0,"- ","- ",38.192250000000001,-121.26262,"SAN JOAQUIN",UNINCORPORATED,-121.26264697000001,38.192249179999997
90152070,2016,2016-04-06,9265,2016-03-25,0630,013515,,5,1,9,3900,0,3,5,,2,030,"B STREET","OLD OAK DRIVE",50.00,S,N,A,-,N,,,,,,,,,,Y,3,0,1,2,A,-,21,22106,,N,D,C,A,A,H,-,C,D,0,,,Y,,Y,,A,01,0,1,0,0,0,0,0,0,1,"- ","- ",37.925789999999999,-121.25216,"SAN JOAQUIN",UNINCORPORATED,-121.25213897,37.925848770000002
90152105,2016,2016-04-06,9265,2016-03-25,1005,17405,,5,1,9,3900,0,1,3,,1,092,SR-12,"MOKELUMNE RIVER",6283.00,E,N,A,-,Y,,,12,,,,,,,Y,4,0,1,1,A,-,08,22107,,N,E,I,A,A,D,-,A,D,0,,,,,Y,,A,07,0,0,1,0,0,0,0,0,0,"- ","- ",38.117100000000001,-121.55965,"SAN JOAQUIN",UNINCORPORATED,-121.55966166,38.117073570000002
90152351,2016,2016-04-06,9265,2016-04-01,1610,017286,,5,2,9,3900,0,3,5,,2,060,"DUNCAN RD","COMSTOCK RD",0.00,,Y,A,-,N,,,,,,,,,,Y,4,0,1,2,A,-,09,21802,A,N,D,C,A,A,H,-,A,A,0,,,,,Y,,A,07,0,0,1,0,0,0,0,0,0,"- ","- ",38.044890000000002,-121.09634,"SAN JOAQUIN",UNINCORPORATED,-121.09614994,38.044849900000003
90154995,2016,2016-04-11,9265,2016-03-21,0631,019795,,1,1,6,3905,0,1,3,,1,042,"SR-4 W/B","STANISLAUS ST",2640.00,E,N,A,-,Y,,,4,,,,,,W,Y,4,0,1,2,A,-,07,21658,A,N,C,C,A,A,H,-,C,D,0,,,,,Y,,J,41,0,0,1,0,0,0,0,0,0,"- ","- ",37.95279,-121.27106999999999,"SAN JOAQUIN",STOCKTON,-121.27117933,37.95345536
90155716,2016,2016-04-12,9265,2016-04-06,1620,013465,,3,2,9,3900,0,3,5,,2,010,"DUNCAN RD","TOBACCO RD",18.00,N,N,A,-,N,,,,,,,,,,Y,3,0,2,2,A,-,03,22350,,N,C,C,A,A,H,-,A,D,0,,,,,Y,,A,07,0,1,1,0,0,0,0,0,0,"- ","- ",37.595190000000002,-121.54266,"SAN JOAQUIN",UNINCORPORATED,-121.09515093,37.997649430000003
90155775,2016,2016-04-12,9265,2016-03-21,0630,019657,,1,1,6,3905,0,1,3,,1,042,"SR-4 W/B","AIRPORT WAY",75.00,E,N,A,-,Y,,,4,,,,,,W,Y,3,0,1,1,A,-,01,23152,A,N,E,I,A,A,H,-,A,D,0,,,,,Y,Y,D,22,0,1,0,0,0,0,0,0,0,"- ","- ",37.95308,-121.27325999999999,"SAN JOAQUIN",STOCKTON,-121.27326535,37.953112580000003
90155900,2016,2016-04-12,9265,2016-04-06,2315,019752,,3,3,2,3920,0,1,1,,2,502,"I-5 N/B","LOUISE AVE",1056.00,S,N,A,-,Y,,,,,,,,,,Y,4,0,1,1,A,-,08,22107,,N,F,A,A,A,H,-,D,D,0,,,,,Y,,A,01,0,0,1,0,0,0,0,0,0,"- ","- ",37.485790000000001,-121.17771,"SAN JOAQUIN",LATHROP,-121.29639045,37.809033800000002
90159344,2016,2016-04-18,9265,2016-03-31,1750,019336,,4,2,9,3900,0,3,5,,2,030,"CLOVER LANE","BIEGHLE ST",225.00,E,N,A,-,N,,,,,,,,,,N,3,0,1,2,A,-,06,21755,,N,D,C,A,A,H,-,A,D,0,,,Y,,Y,,C,02,0,1,0,0,0,0,0,0,1,"- ","- ",37.929139999999997,-121.25698,"SAN JOAQUIN",UNINCORPORATED,-121.25689257000001,37.929091649999997
90159734,2016,2016-04-18,9265,2016-04-10,1004,019387,,7,1,6,3905,0,1,1,,2,503,"I-5 S/B FROM FREMONT ST","PERSHING AVENUE",528.00,N,N,B,-,Y,,,5,,,,R,,S,Y,4,0,1,1,A,-,03,22350,,N,F,A,A,B,D,H,A,D,0,,,,,Y,,D,22,0,0,1,0,0,0,0,0,0,"- ","- ",37.955129999999997,-121.31455,"SAN JOAQUIN",STOCKTON,-121.31455,37.955129999999997
90160438,2016,2016-04-19,9265,2016-04-04,0715,019666,,1,1,9,3900,0,1,3,,1,013,SR-4,"WAVERLY RD",5280.00,W,N,A,-,Y,,,4,,,,,,,Y,3,0,2,1,A,-,08,22107,,N,F,A,A,A,H,-,A,D,0,,,,,Y,,A,07,0,1,1,0,0,0,0,0,0,"- ","- ",37.930390000000003,-120.95162999999999,"SAN JOAQUIN",UNINCORPORATED,-120.95162999999999,37.930335020000001
9016108,2020,2020-06-15,3905,2020-02-07,1957,2536,CIV,5,5,6,3905,0,0,0,,0,,"EL DORADO ST","CASTLE ST",0.00,,Y,A,-,N,,,,,,,,,,N,4,0,1,2,A,-,09,21804,,N,D,C,A,A,H,-,C,D,0,,,Y,,Y,,C,02,0,0,1,0,0,0,0,0,1,"- ","- ",37.973758697509766,-121.29773712158203,"SAN JOAQUIN",STOCKTON,-121.29672241210938,37.974170684814453
90161680,2015,2016-04-20,9265,2015-09-20,2338,016661,,7,3,9,3900,0,3,5,,2,020,"MCKINLEY AVENUE","WYMAN ROAD",1584.00,N,N,A,-,N,,,,,,,,,,Y,1,4,0,1,A,-,01,23152,,N,F,A,A,A,H,-,D,D,0,,,,,Y,Y,A,07,0,0,0,0,0,0,0,0,0,"- ","- ",37.874670000000002,-121.27422,"SAN JOAQUIN",UNINCORPORATED,-121.27416628,37.876860229999998
9016189,2019,2020-01-23,3905,2019-11-02,1951,7035,CIV,6,5,6,3905,0,0,0,,0,,"EL DORADO ST","ALPINE AV",20.00,S,N,A,-,N,,,,,,,,,,Y,4,0,3,2,A,-,01,23152,A,N,B,C,A,A,H,-,C,A,0,,,,,Y,Y,A,07,0,0,3,0,0,0,0,0,0,"- ","- ",,,"SAN JOAQUIN",STOCKTON,-121.29928588867188,37.979969024658203
90162742,2016,2016-04-21,9265,2016-03-28,0823,015604,,1,1,3,3904,0,1,3,,2,001,"SR-99 S/B","JACK TONE RD.",1390.00,S,N,A,-,Y,,,99,,,,,,S,Y,4,0,1,3,A,-,07,21658,A,N,C,C,A,A,H,-,A,D,0,,,,,Y,,A,01,0,0,1,0,0,0,0,0,0,"- ","- ",37.749809999999997,-121.13858,"SAN JOAQUIN",RIPON,-121.13853517,37.749858860000003
90164681,2016,2016-04-25,9265,2016-04-12,1650,016661,,2,2,9,3900,0,1,3,,1,041,"SR-4 E/B","TRACY BLVD",5280.00,E,N,A,-,Y,,,4,,,,,,E,Y,3,0,2,1,A,-,08,22107,,N,F,A,A,A,H,-,A,D,0,,,,,Y,,A,07,0,1,1,0,0,0,0,0,0,"- ","- ",37.910530000000001,-121.45179,"SAN JOAQUIN",UNINCORPORATED,-121.45182855,37.910582009999999
90165089,2016,2016-04-25,9265,2016-04-19,0750,016661,,2,1,6,3905,0,1,1,,2,503,"I-5 N/B","DOWNING AVE",500.00,S,N,A,-,Y,,,5,,,,,,N,Y,3,0,2,2,A,-,03,22350,,N,C,C,A,A,H,-,D,D,0,,,,,Y,,A,01,0,1,1,0,0,0,0,0,0,"- ","- ",37.912109999999998,-121.28928000000001,"SAN JOAQUIN",STOCKTON,-121.28907349000001,37.912184430000003
90166216,2016,2016-04-26,9266,2016-04-26,0825,012723,,2,1,2,3920,0,1,1,,2,024,"I-5 S/B","STEWART RD U/C",300.00,S,N,A,-,Y,,,,,,,,,,Y,3,0,1,2,A,-,03,22350,,N,B,C,A,A,H,-,A,D,0,,,,,Y,,A,01,0,1,0,0,0,0,0,0,0,"- ","- ",37.25685,-121.45784999999999,"SAN JOAQUIN",LATHROP,,
90170586,2016,2016-05-02,9265,2016-04-21,0730,17405,,4,1,9,3900,0,3,5,,2,090,"WOODBRIDGE RD.","DAVIS RD.",578.00,E,N,A,-,N,,,,,,,,,,Y,3,0,2,1,A,-,21,22106,,N,F,A,A,A,H,-,A,D,0,,,,,Y,,D,22,0,2,0,0,0,0,0,0,0,"- ","- ",38.160170000000001,-121.33271000000001,"SAN JOAQUIN",UNINCORPORATED,-121.33270958999999,38.160150000000002
90170619,2016,2016-05-02,9265,2016-04-22,1455,013325,,5,2,9,3900,0,3,5,,2,060,"FINE RD.","FLOOD RD. (SOUTH)",2112.00,N,N,A,B,N,,,,,,,,,,Y,3,0,1,1,A,-,08,22107,,N,F,A,A,A,H,-,A,D,0,,,,Y,Y,,F,25,0,1,0,0,0,0,0,0,0,"- ","- ",38.014989999999997,-121.0498,"SAN JOAQUIN",UNINCORPORATED,-121.04998117,38.022548520000001
90170627,2016,2016-05-02,9265,2016-04-20,1720,013465,,3,2,9,3900,0,1,3,,2,003,"SR-99 N/B","FARMINGTON RD",380.00,S,N,A,-,Y,,,,,,,,,,Y,4,0,1,3,A,-,07,21658,A,N,B,A,A,A,D,-,A,D,0,,,,Y,Y,,A,01,0,0,1,0,0,0,0,0,0,"- ","- ",37.562480000000001,-121.14561999999999,"SAN JOAQUIN",UNINCORPORATED,-121.2346739,37.940201199999997
90175512,2016,2016-05-09,9265,2016-04-22,1945,#13193,,5,2,9,3900,0,3,5,,2,090,"DEVRIES RD","ARMSTRONG RD",43.00,N,N,A,-,N,,,,,,,,,,N,3,0,1,2,A,-,03,22350,,N,C,C,A,A,H,-,D,D,0,,,Y,,Y,,C,02,0,1,0,0,0,0,0,0,1,"- ","- ",,,"SAN JOAQUIN",UNINCORPORATED,-121.35215088,38.086848089999997
90175653,2016,2016-05-09,9265,2016-04-25,1427,019413,,1,2,9,3900,0,3,5,,2,010,"LONE TREE RD","GREEN ESTATES LN",1710.00,E,N,A,-,N,,,,,,,,,,Y,4,0,1,2,A,-,08,22107,,N,B,C,A,A,H,-,A,D,0,,,,Y,Y,,A,01,0,0,1,0,0,0,0,0,0,"- ","- ",37.827579999999998,-120.93422,"SAN JOAQUIN",UNINCORPORATED,-120.93422,37.827579999999998
90175666,2016,2016-05-09,9265,2016-04-29,2105,019073,,5,2,9,3900,0,3,5,,2,030,"SR-99 W FRONTAGE RD","LOOMIS RD",0.00,,Y,A,-,Y,,,99,,,,,,,Y,4,0,1,2,A,-,03,22350,,N,D,C,A,A,H,-,C,D,0,,,,Y,Y,,A,01,0,0,1,0,0,0,0,0,0,"- ","- ",37.9315,-121.23398,"SAN JOAQUIN",UNINCORPORATED,-121.23375383,37.931561629999997
9017691,2019,2020-02-12,3903,2019-12-27,2212,4002,,5,5,4,3903,0,0,0,,0,,"INDUSTRIAL PARK DR","MOFFAT BL",20.00,S,N,A,-,N,,,,,,,,,,Y,3,0,4,1,A,-,03,22350,,N,E,I,A,A,H,-,C,D,0,,,,,Y,,A,01,0,1,3,0,0,0,0,0,0,"- ","- ",37.785911560058594,-121.20014953613281,"SAN JOAQUIN",MANTECA,-121.20036315917969,37.786003112792969
9017695,2019,2020-02-26,3903,2019-12-19,1307,1751,,4,5,4,3903,0,0,0,,0,,"MAIN ST","ALAMEDA ST",0.00,,Y,A,-,N,,,,,,,,,,Y,4,0,2,2,D,-,00,,,N,D,D,A,A,H,-,A,A,0,,,,,Y,Y,-,"- ",0,0,2,0,0,0,0,0,0,"- ","- ",37.804729461669922,-121.21678924560547,"SAN JOAQUIN",MANTECA,-121.21675872802734,37.804649353027344
9017741,2019,2020-02-11,3900,2019-12-27,1755,165886,LATHR,5,5,2,3920,0,0,0,,0,009,"S HARLAN RD","ROTH RD",2112.00,S,N,A,-,N,,,,,,,,,,N,4,0,1,2,A,-,03,22350,,N,C,C,A,A,H,-,C,D,0,,,,,Y,,A,01,0,0,1,0,0,0,0,0,0,"- ","- ",,,"SAN JOAQUIN",LATHROP,-121.28288269042969,37.850208282470703
90178729,2016,2016-05-13,9266,2016-04-30,1025,015432,,6,1,9,3900,0,1,1,,2,024,"I-5 N/B","STEWART RD. U/C",205.00,N,N,A,-,Y,,,5,,,,,,N,Y,2,0,1,2,A,-,07,21658,A,N,B,C,A,A,H,-,A,D,0,,,Y,,Y,,A,01,1,0,0,0,0,0,0,0,1,"- ","- ",37.77955,-121.31421,"SAN JOAQUIN",UNINCORPORATED,-121.31431236,37.77968912
90179425,2016,2016-05-25,9265,2016-05-04,1635,013515,,3,2,9,3900,0,1,3,,1,061,"STATE ROUTE 26","CARDINAL AVENUE",85.00,E,N,A,-,Y,,,26,,,,,,,Y,4,0,2,3,A,-,03,22350,,N,C,C,A,A,H,-,A,A,0,,,,,Y,,D,22,0,0,2,0,0,0,0,0,0,"- ","- ",37.974020000000003,-121.23213,"SAN JOAQUIN",UNINCORPORATED,-121.2321197,37.97398827