CASE_ID,ACCIDENT_YEAR,PROC_DATE,JURIS,COLLISION_DATE,COLLISION_TIME,OFFICER_ID,REPORTING_DISTRICT,DAY_OF_WEEK,CHP_SHIFT,POPULATION,CNTY_CITY_LOC,SPECIAL_COND,BEAT_TYPE,CHP_BEAT_TYPE,CITY_DIVISION_LAPD,CHP_BEAT_CLASS,BEAT_NUMBER,PRIMARY_RD,SECONDARY_RD,DISTANCE,DIRECTION,INTERSECTION,WEATHER_1,WEATHER_2,STATE_HWY_IND,CALTRANS_COUNTY,CALTRANS_DISTRICT,STATE_ROUTE,ROUTE_SUFFIX,POSTMILE_PREFIX,POSTMILE,LOCATION_TYPE,RAMP_INTERSECTION,SIDE_OF_HWY,TOW_AWAY,COLLISION_SEVERITY,NUMBER_KILLED,NUMBER_INJURED,PARTY_COUNT,PRIMARY_COLL_FACTOR,PCF_CODE_OF_VIOL,PCF_VIOL_CATEGORY,PCF_VIOLATION,PCF_VIOL_SUBSECTION,HIT_AND_RUN,TYPE_OF_COLLISION,MVIW,PED_ACTION,ROAD_SURFACE,ROAD_COND_1,ROAD_COND_2,LIGHTING,CONTROL_DEVICE,CHP_ROAD_TYPE,PEDESTRIAN_ACCIDENT,BICYCLE_ACCIDENT,MOTORCYCLE_ACCIDENT,TRUCK_ACCIDENT,NOT_PRIVATE_PROPERTY,ALCOHOL_INVOLVED,STWD_VEHTYPE_AT_FAULT,CHP_VEHTYPE_AT_FAULT,COUNT_SEVERE_INJ,COUNT_VISIBLE_INJ,COUNT_COMPLAINT_PAIN,COUNT_PED_KILLED,COUNT_PED_INJURED,COUNT_BICYCLIST_KILLED,COUNT_BICYCLIST_INJURED,COUNT_MC_KILLED,COUNT_MC_INJURED,PRIMARY_RAMP,SECONDARY_RAMP,LATITUDE,LONGITUDE,COUNTY,CITY,POINT_X,POINT_Y
90458805,2017,2017-11-17,9265,2017-05-12,1245,020785,,5,1,6,3905,0,1,3,,1,042,"SR-4 E/B (CROSSTOWN FREEWAY)","MAIN ST.",100.00,W,N,A,-,Y,,,4,,,,,,E,Y,4,0,1,2,A,-,03,22350,,N,C,C,A,A,H,-,A,D,0,,,,,Y,,A,07,0,0,1,0,0,0,0,0,0,"- ","- ",37.955860000000001,-121.26387,"SAN JOAQUIN",STOCKTON,-121.26419541999999,37.95626352
90458899,2017,2017-05-18,9265,2017-05-06,0235,019341,,6,3,9,3900,0,2,4,,1,014,"MARIPOSA RD","WAGNER AVE",2166.00,E,N,B,-,N,,,,,,,,,,Y,3,0,1,1,A,-,01,23152,A,N,F,A,A,A,H,-,D,D,0,,,,,Y,Y,D,22,0,1,0,0,0,0,0,0,0,"- ","- ",37.877560000000003,-121.08517999999999,"SAN JOAQUIN",UNINCORPORATED,-121.08519738,37.877578669999998
90459757,2017,2017-05-19,9266,2017-05-14,1616,014717,,7,2,9,3900,0,1,1,,1,015,"I-205 E/B","PARADISE ROAD",3168.00,W,N,A,-,Y,,,205,,,,,,E,Y,4,0,1,2,A,-,03,22350,,N,C,C,A,A,H,-,A,D,0,,,,,Y,,A,01,0,0,1,0,0,0,0,0,0,"- ","- ",37.764830000000003,-121.39394,"SAN JOAQUIN",UNINCORPORATED,-121.39393975,37.764733790000001
90461210,2017,2017-05-23,9265,2017-05-12,2245,019888,,5,3,9,3900,0,1,3,,2,001,"SR-99 N/B","LATHROP RD",6811.00,N,N,A,-,Y,,,99,,,,,,N,Y,4,0,1,1,A,-,01,23152,A,N,E,I,A,A,H,-,C,D,0,,,,,Y,Y,A,01,0,0,1,0,0,0,0,0,0,"- ","- ",37.845439999999996,-121.21789,"SAN JOAQUIN",UNINCORPORATED,-121.21801856,37.845433669999998
90461572,2017,2017-05-23,9265,2017-05-15,1648,018289,,1,2,9,3900,0,2,4,,1,052,"ALPINE AVENUE","E STREET",0.00,,Y,A,-,N,,,,,,,,,,Y,3,0,1,3,A,-,09,21802,A,N,D,C,A,A,H,-,A,A,0,,,,,Y,,A,01,0,1,0,0,0,0,0,0,0,"- ","- ",37.987099999999998,-121.271,"SAN JOAQUIN",UNINCORPORATED,-121.27114993000001,37.987230060000002
90461849,2017,2017-05-23,9265,2017-05-16,0715,018694,,2,1,4,3903,0,1,3,,2,025,"SR-120 W/B","MAIN STREET O/C",1056.00,W,N,B,-,Y,,,120,,,,,,W,Y,4,0,1,2,A,-,03,22350,,N,C,C,A,A,H,-,A,D,0,,,,,Y,,A,01,0,0,1,0,0,0,0,0,0,"- ","- ",37.783499999999997,-121.22066,"SAN JOAQUIN",MANTECA,-121.22066021000001,37.783550779999999
90462554,2017,2017-05-24,9266,2017-05-23,0740,013652,,2,1,9,3900,0,2,4,,1,022,"CORRAL HOLLOW ROAD E/B","I-580 E/B",7920.00,W,N,A,-,N,,,,,,,,,,Y,3,0,1,1,A,-,08,22107,,N,E,I,A,A,H,-,A,D,0,,,,,Y,,A,01,0,1,0,0,0,0,0,0,0,"- ","- ",37.656689999999998,-121.48241,"SAN JOAQUIN",UNINCORPORATED,-121.48241,37.656689999999998
90463306,2017,2017-05-25,9265,2017-05-19,2010,019666,,5,2,9,3900,0,2,4,,1,024,"AIRPORT WAY","MC MULLIN ROAD",0.00,,Y,A,-,N,,,,,,,,,,Y,4,0,1,2,A,-,05,21752,D,N,B,C,A,A,H,-,D,D,0,,,,,Y,,A,01,0,0,1,0,0,0,0,0,0,"- ","- ",37.735869999999998,-121.25212999999999,"SAN JOAQUIN",UNINCORPORATED,-121.25212992,37.735759960000003
90463843,2017,2017-05-25,9265,2017-05-10,0600,018836,,3,1,9,3900,0,3,5,,2,040,"HOWARD RD","CROCKER RD",20.00,E,N,A,-,N,,,,,,,,,,Y,4,0,1,2,A,-,05,21460,A,N,B,C,A,A,H,-,A,D,0,,,,,Y,,A,01,0,0,1,0,0,0,0,0,0,"- ","- ",37.877380000000002,-121.36712,"SAN JOAQUIN",UNINCORPORATED,-121.3671207,37.877400100000003
90466687,2017,2017-05-30,9266,2017-05-29,1535,013668,,1,2,9,3900,0,3,5,,2,001,"MACARTHUR DRIVE","CANAL BLVD",0.00,,Y,B,-,N,,,,,,,,,,Y,3,0,3,2,A,-,09,21801,A,N,A,C,A,A,H,-,A,D,0,,,,,Y,,A,01,0,3,0,0,0,0,0,0,0,"- ","- ",37.785330000000002,-121.41433000000001,"SAN JOAQUIN",UNINCORPORATED,-121.41432995,37.785299889999997
90466859,2017,2017-05-30,9266,2017-05-24,1710,013668,,3,2,9,3900,0,1,1,,2,021,"I-580 W/B","PATTERSON PASS ROAD",7920.00,E,N,B,-,Y,,,580,,,,,,W,Y,4,0,1,2,A,-,03,22350,,N,C,C,A,A,D,-,A,D,0,,,,,Y,,D,22,0,0,1,0,0,0,0,0,0,"- ","- ",37.705280000000002,-121.51138,"SAN JOAQUIN",UNINCORPORATED,-121.51140238000001,37.705242759999997
90467094,2017,2017-05-30,9265,2017-05-18,1708,015490,,4,2,9,3900,0,3,5,,2,060,"FAIRCHILD RD","VIGNOLO RD",1584.00,E,N,A,-,N,,,,,,,,,,Y,3,0,2,2,A,-,08,22107,,N,A,C,A,A,H,-,A,D,0,,,,,Y,,A,01,0,2,0,0,0,0,0,0,0,"- ","- ",38.014009999999999,-121.18192000000001,"SAN JOAQUIN",UNINCORPORATED,-121.18172975,38.014207890000002
90467222,2017,2017-05-30,9266,2017-05-22,0608,013608,,1,1,9,3900,0,1,1,,2,021,"I-580 W/B","W. VALPICO RD U/C",15.00,E,N,A,-,Y,,,580,,,,,,W,Y,4,0,1,3,A,-,03,22350,,N,C,C,A,A,H,-,A,D,0,,,,,Y,,A,01,0,0,1,0,0,0,0,0,0,"- ","- ",37.712820000000001,-121.52401,"SAN JOAQUIN",UNINCORPORATED,-121.52398187,37.712867320000001
90468272,2017,2017-05-31,9265,2017-05-20,1215,019558,,6,1,9,3900,0,1,3,,1,062,SR-88,"DISCH RD",2430.00,E,N,A,-,Y,,,88,,,,,,,Y,4,0,1,2,A,-,03,22350,,F,C,C,A,A,H,-,A,D,0,,,,,Y,,D,22,0,0,1,0,0,0,0,0,0,"- ","- ",38.181069999999998,-121.10834,"SAN JOAQUIN",UNINCORPORATED,-121.10842684000001,38.181272440000001
90468763,2017,2017-06-01,9265,2017-05-18,1201,013444,,4,1,9,3900,0,1,3,,1,063,SR-12,"ALPINE ROAD",102.00,E,N,A,-,Y,,,12,,,,,,,Y,4,0,1,4,A,-,03,22350,,N,C,C,A,A,H,-,A,D,0,,,,,Y,,A,01,0,0,1,0,0,0,0,0,0,"- ","- ",38.137900000000002,-121.21496999999999,"SAN JOAQUIN",UNINCORPORATED,-121.21497008999999,38.137922709999998
90469849,2017,2017-06-02,9265,2017-05-22,1715,019387,,1,2,6,3905,0,1,3,,1,042,"SR-4 WESTBOUND","STANISLAUS STREET",45.00,E,N,A,-,Y,,,4,,,,,,W,Y,4,0,2,2,A,-,03,22350,,N,C,C,A,A,H,-,A,D,0,,,,,Y,,D,22,0,0,2,0,0,0,0,0,0,"- ","- ",37.951700000000002,-121.2813,"SAN JOAQUIN",STOCKTON,-121.28130272999999,37.951716009999998
90471121,2017,2017-06-05,9266,2017-05-31,1615,013652,,3,2,9,3900,0,1,3,,1,026,"SR-132 E/B",SR-33,120.00,W,N,A,-,Y,,,132,,,,,,E,Y,4,0,2,2,A,-,03,22350,,N,C,C,A,A,H,-,A,D,0,,,,Y,Y,,F,26,0,0,2,0,0,0,0,0,0,"- ","- ",37.638010000000001,-121.29597,"SAN JOAQUIN",UNINCORPORATED,-121.29597012000001,37.637997599999998
90471482,2017,2017-06-06,9265,2017-05-25,1730,013539,,4,2,9,3900,0,3,5,,2,030,"EL DORADO STREET","FRENCH CAMP ROAD",0.00,,Y,A,-,N,,,,,,,,,,Y,4,0,1,2,A,-,12,21453,A,N,D,C,A,A,H,-,A,A,0,,,,,Y,,A,07,0,0,1,0,0,0,0,0,0,"- ","- ",37.890149999999998,-121.27642,"SAN JOAQUIN",UNINCORPORATED,-121.27641995,37.89008991
90471515,2017,2017-06-06,9265,2017-05-25,1635,015490,,4,2,9,3900,0,3,5,,2,050,"BELVEDERE AVE","ALPINE AVE",0.00,,Y,B,-,N,,,,,,,,,,Y,4,0,1,2,A,-,09,21802,A,N,D,C,A,A,H,-,A,A,0,,,,,Y,,D,22,0,0,1,0,0,0,0,0,0,"- ","- ",37.987580000000001,-121.26965,"SAN JOAQUIN",UNINCORPORATED,-121.26963992,37.987609880000001
90472535,2017,2017-06-07,9265,2017-05-26,2020,019666,,5,2,9,3900,0,3,5,,2,010,"MCHENRY AVE","RIVER RD",0.00,,Y,A,-,N,,,,,,,,,,Y,4,0,1,1,A,-,08,22107,,N,E,I,A,A,H,-,D,D,0,,,,,Y,,A,01,0,0,1,0,0,0,0,0,0,"- ","- ",37.760629999999999,-120.99592,"SAN JOAQUIN",UNINCORPORATED,-120.99575994,37.760799939999998
90472726,2017,2017-06-07,9265,2017-05-26,1625,016382,,5,2,2,3920,0,1,3,,2,025,"I-5 N/B TO SR-120 E/B","GUTHMILLER RD",1056.00,W,N,A,-,Y,,,5,,,,R,,N,N,3,0,1,2,D,-,00,,,N,H,A,A,A,H,-,A,D,0,,,Y,,Y,,-,"- ",0,1,0,0,0,0,0,0,1,"- ","- ",37.787010000000002,-121.30274,"SAN JOAQUIN",LATHROP,-121.30274,37.787010000000002
90472894,2017,2017-06-07,9265,2017-05-29,0745,018694,,1,1,9,3900,0,1,3,,2,001,"SR-99 N/B","JACK TONE ROAD",5280.00,N,N,A,-,Y,,,99,,,,,,N,Y,3,0,1,2,A,-,07,21658,A,N,B,C,A,A,H,-,A,D,0,,,,,Y,,A,01,0,1,0,0,0,0,0,0,0,"- ","- ",37.762120000000003,-121.15940999999999,"SAN JOAQUIN",UNINCORPORATED,-121.15941015,37.762119740000003
90474849,2017,2017-06-09,9265,2017-05-31,0800,019128,,3,1,9,3900,0,2,4,,1,014,"MARIPOSA RD","KAISER RD",70.00,E,N,B,-,N,,,,,,,,,,Y,4,0,2,2,A,-,03,22350,,N,C,C,A,B,H,-,A,D,0,,,,,Y,,A,01,0,0,2,0,0,0,0,0,0,"- ","- ",37.543799999999997,-121.95578999999999,"SAN JOAQUIN",UNINCORPORATED,-121.16551207000001,37.910534069999997
90475582,2017,2017-06-12,9266,2017-06-04,0210,019730,,7,3,9,3900,0,1,1,,1,015,"I-205 W/B","CANAL BLVD",300.00,E,N,A,-,Y,,,205,,,,,,W,Y,3,0,1,1,A,-,08,22107,,N,E,I,A,A,H,-,D,D,0,,,,,Y,,A,01,0,1,0,0,0,0,0,0,0,"- ","- ",37.765819999999998,-121.34780000000001,"SAN JOAQUIN",UNINCORPORATED,-121.34779413,37.765761079999997
90475762,2017,2017-06-12,9266,2017-06-10,1455,018888,,6,2,9,3900,0,1,1,,2,021,"I-580 W/B","CORRAL HOLLOW ROAD",6336.00,W,N,A,-,Y,,,,,,,,,,Y,4,0,1,1,A,-,08,22107,,N,F,A,A,A,H,-,A,D,0,,,,,Y,,D,22,0,0,1,0,0,0,0,0,0,"- ","- ",37.684699999999999,-121.47742,"SAN JOAQUIN",UNINCORPORATED,-121.47453765,37.68289618
90476327,2017,2017-06-12,9265,2017-06-02,0855,018590,,5,1,9,3900,0,2,4,,1,072,"HAMMER LN","PERSHING AVE",0.00,,Y,A,-,N,,,,,,,,,,Y,4,0,3,3,A,-,12,21453,A,N,D,C,A,A,H,-,A,A,0,,,,,Y,,A,01,0,0,3,0,0,0,0,0,0,"- ","- ",38.021120000000003,-121.33032,"SAN JOAQUIN",UNINCORPORATED,-121.32996989,38.021029949999999
90476634,2017,2017-06-13,9265,2017-05-30,1855,019774,,2,2,4,3903,0,1,3,,2,025,"SR-99 N/B TO SR-120 W/B","SR-99 N/B",300.00,E,N,B,-,Y,,,99,,,,R,,N,Y,3,0,1,1,A,-,08,22107,,N,F,A,A,A,H,-,A,D,0,,,,,Y,,A,08,0,1,0,0,0,0,0,0,0,"- ","- ",37.781480000000002,-121.18543,"SAN JOAQUIN",MANTECA,-121.18543,37.781480000000002
90477093,2017,2017-06-13,9265,2017-06-03,0115,018784,,6,3,9,3900,0,3,5,,2,090,"WOODBRIDGE RD","RAY RD",2640.00,E,N,A,-,N,,,,,,,,,,Y,2,0,2,2,A,-,03,22350,,N,C,C,A,A,H,-,D,D,0,,,,,Y,,A,01,2,0,0,0,0,0,0,0,0,"- ","- ",38.160319999999999,-121.36564,"SAN JOAQUIN",UNINCORPORATED,-121.36232735,38.160265469999999
90477496,2017,2017-06-14,9265,2017-06-06,0830,015490,,2,1,9,3900,0,3,5,,2,050,"NEWTON RD","CHEROKEE RD",400.00,N,N,A,-,N,,,,,,,,,,N,3,0,1,2,A,-,08,22107,,N,D,G,A,A,H,-,A,D,0,,Y,,,Y,,L,04,0,1,0,0,0,0,1,0,0,"- ","- ",37.989939999999997,-121.25588,"SAN JOAQUIN",UNINCORPORATED,-121.25589929,37.989964190000002
90477764,2017,2017-06-14,9265,2017-05-30,1635,013515,,2,2,9,3900,0,1,3,,1,061,"STATE ROUTE 26","CARDINAL AVENUE",528.00,W,N,B,-,Y,,,26,,,,,,,N,4,0,1,2,A,-,03,22350,,N,C,C,A,A,H,-,A,A,0,,,,,Y,,A,01,0,0,1,0,0,0,0,0,0,"- ","- ",37.973370000000003,-121.23438,"SAN JOAQUIN",UNINCORPORATED,-121.2343881,37.973407539999997
90477982,2017,2017-06-14,9265,2017-06-06,1915,017039,,2,2,6,3905,0,1,3,,1,042,"SR-4 W/B","CENTER ST",85.00,W,N,A,-,Y,,,4,,,,,,W,Y,4,0,1,2,A,-,07,21658,A,N,B,C,A,A,H,-,A,D,0,,,,,Y,,A,07,0,0,1,0,0,0,0,0,0,"- ","- ",37.950049999999997,-121.29210999999999,"SAN JOAQUIN",STOCKTON,-121.29208178,37.949880100000001
90477994,2017,2017-06-14,9265,2017-06-06,2345,015174,,2,3,9,3900,0,1,3,,1,066,SR-26,"FLOOD RD.",3696.00,E,N,A,-,Y,,,,,,,,,,Y,3,0,1,2,A,-,05,21650,,N,B,C,A,A,H,-,D,D,0,,,,,Y,,D,22,0,1,0,0,0,0,0,0,0,"- ","- ",38.134999999999998,-121.40000000000001,"SAN JOAQUIN",UNINCORPORATED,-121.06534262,38.027050250000002
90479843,2017,2017-06-16,9265,2017-06-10,1955,019888,,6,2,6,3905,0,1,3,,1,042,SR-4,"CHURCH ST",50.00,N,N,A,-,Y,,,,,,,,,,Y,3,0,1,1,A,-,01,23152,A,M,B,I,A,A,H,-,A,B,0,,,,,Y,Y,A,07,0,1,0,0,0,0,0,0,0,"- ","- ",37.946060000000003,-121.3,"SAN JOAQUIN",STOCKTON,,
90482987,2017,2017-06-21,9265,2017-06-09,2059,019795,,5,2,9,3900,0,3,5,,2,060,"KETTEMAN LN","CURRY AVE",1000.00,W,N,A,-,Y,,,,,,,,,,Y,4,0,2,2,A,-,09,21804,A,N,C,C,A,A,H,-,C,D,0,,,,,Y,,A,01,0,0,2,0,0,0,0,0,0,"- ","- ",38.115819999999999,-121.24189,"SAN JOAQUIN",UNINCORPORATED,-121.24180607,38.11581236
90483148,2017,2017-06-21,9265,2017-06-10,1655,020550,,6,2,9,3900,0,1,3,,2,004,"SR-99 S/B","HAMMER LN",1500.00,S,N,A,-,Y,,,99,,,,,,S,N,4,0,1,2,A,-,07,21658,A,N,B,C,A,A,H,-,A,D,0,,,,,Y,,A,07,0,0,1,0,0,0,0,0,0,"- ","- ",38.016950000000001,-121.25833,"SAN JOAQUIN",UNINCORPORATED,-121.25825186,38.01695041
90483432,2017,2017-06-22,9266,2017-06-14,0255,015432,,3,3,9,3900,0,2,4,,2,013,"BYRON ROAD W/B","WICKLUND ROAD",109.00,E,N,A,-,N,,,,,,,,,,Y,3,0,1,1,A,-,08,22107,,N,E,I,A,A,H,-,D,D,0,,,,,Y,,A,01,0,1,0,0,0,0,0,0,0,"- ","- ",37.774549999999998,-121.51788000000001,"SAN JOAQUIN",UNINCORPORATED,-121.51782274,37.774433479999999
90483690,2017,2017-06-22,9265,2017-06-02,0806,019128,,5,1,9,3900,0,1,3,,1,011,SR-120,"N. RIPON RD.",2482.00,W,N,A,-,N,,,,,,,,,,Y,2,0,2,2,A,-,08,22107,,N,A,C,A,A,H,-,A,D,0,,,,Y,Y,,A,01,1,1,0,0,0,0,0,0,0,"- ","- ",37.475239999999999,-121.7025,"SAN JOAQUIN",UNINCORPORATED,-121.13390928,37.79768181
90486272,2017,2017-06-23,9265,2017-06-03,1225,019657,,6,1,9,3900,0,3,5,,2,060,"ALPINE ROAD","CHEROKEE RD",0.00,,Y,A,-,N,,,,,,,,,,Y,4,0,1,3,A,-,09,21802,A,N,D,C,A,A,H,-,A,D,0,,,,,Y,,A,07,0,0,1,0,0,0,0,0,0,"- ","- ",38.025840000000002,-121.21133,"SAN JOAQUIN",UNINCORPORATED,-121.21133987,38.025879889999999
90486336,2017,2017-06-23,9265,2017-06-05,2250,019307,,1,3,4,3903,0,1,3,,2,025,"SR-120 W/B","AIRPORT WAY",1320.00,W,N,A,-,Y,,,120,,,,,,W,Y,4,0,5,4,A,-,08,22107,,N,B,C,A,A,H,-,D,D,0,,,,,Y,,A,01,0,0,5,0,0,0,0,0,0,"- ","- ",37.78584,-121.27497,"SAN JOAQUIN",MANTECA,-121.27486184999999,37.78624327
90486418,2017,2017-06-23,9265,2017-06-07,0434,020071,,3,3,9,3900,0,1,3,,2,001,"SR-99 N/B","AUSTIN RD",1056.00,S,N,A,-,Y,,,99,,,,,,N,Y,4,0,1,3,A,-,03,22350,,N,C,C,A,A,H,-,B,D,0,,,,,Y,,D,22,0,0,1,0,0,0,0,0,0,"- ","- ",37.77402,-121.17871,"SAN JOAQUIN",UNINCORPORATED,-121.17856329999999,37.774209229999997
90487508,2017,2017-06-26,9265,2017-06-09,1525,019128,,5,2,9,3900,0,3,5,,2,010,"SANTA FE ROAD","HARROLD AVE",0.00,,Y,A,-,N,,,,,,,,,,Y,4,0,2,2,A,-,12,22450,A,N,A,C,A,A,H,-,A,D,0,,,,,Y,,A,01,0,0,2,0,0,0,0,0,0,"- ","- ",37.463340000000002,-120.58741999999999,"SAN JOAQUIN",UNINCORPORATED,-120.96872999,37.775949939999997
90487522,2017,2017-06-26,9266,2017-06-25,0945,019730,,7,1,9,3900,0,1,1,,2,014,"I-205 W/B","HANSEN ROAD",100.00,E,N,A,-,Y,,,205,,,,,,W,Y,4,0,1,2,A,-,03,22350,,N,C,C,A,A,H,-,A,D,0,,,,,Y,,A,01,0,0,1,0,0,0,0,0,0,"- ","- ",37.741309999999999,-121.51261,"SAN JOAQUIN",UNINCORPORATED,-121.51260512,37.741386239999997
90487562,2017,2017-06-26,9265,2017-06-14,0822,018452,,3,1,9,3900,0,3,5,,2,060,"DUNCAN RD","COMSTOCK RD",0.00,,Y,A,-,N,,,,,,,,,,Y,4,0,4,2,A,-,09,21802,A,N,D,C,A,A,H,-,A,A,0,,,,,Y,,D,22,0,0,4,0,0,0,0,0,0,"- ","- ",38.045000000000002,-121.0962,"SAN JOAQUIN",UNINCORPORATED,-121.09614994,38.044849900000003
90488797,2017,2017-06-27,9265,2017-06-19,2250,017021,,1,3,9,3900,0,1,3,,2,006,"SR-99 N/B","ACAMPO RD",1584.00,N,N,A,-,Y,,,,,,,,,,Y,3,0,1,2,A,-,01,23152,A,N,B,C,A,A,H,-,D,D,0,,,,,Y,Y,A,01,0,1,0,0,0,0,0,0,0,"- ","- ",38.723700000000001,-121.2379,"SAN JOAQUIN",UNINCORPORATED,-121.26229154000001,38.179069519999999
90488852,2017,2017-06-27,9265,2017-06-20,1415,018694,,2,2,9,3900,0,3,5,,2,020,"DIVISION ROAD","MANTECA ROAD",127.00,W,N,A,-,N,,,,,,,,,,Y,3,0,1,1,A,-,01,23152,A,N,E,I,A,A,H,-,A,D,0,,,,,Y,Y,A,01,0,1,0,0,0,0,0,0,0,"- ","- ",37.692149999999998,-121.21518,"SAN JOAQUIN",UNINCORPORATED,-121.21756025000001,37.691330350000001
90490797,2017,2017-06-29,9265,2017-06-21,0940,020513,,3,1,9,3900,0,1,3,,1,062,"WATERLOO RD","BUDISELICH RD",680.00,E,N,A,-,N,,,,,,,,,,Y,3,0,1,1,A,-,08,22107,,N,E,I,A,A,H,-,A,D,0,,,,,Y,,D,22,0,1,0,0,0,0,0,0,0,"- ","- ",37.993189999999998,-121.23708000000001,"SAN JOAQUIN",UNINCORPORATED,-121.23705418,37.9930831
90490939,2017,2017-09-15,9265,2017-06-21,0728,016639,,3,1,9,3900,0,1,3,,2,006,"SR-99 N/B","PELTIER RD",1000.00,S,N,A,-,Y,,,99,,,,,,N,Y,4,0,3,2,A,-,03,22350,,N,C,C,A,A,H,-,A,D,0,,,,,Y,,A,01,0,0,3,0,0,0,0,0,0,"- ","- ",38.183959999999999,-121.26255999999999,"SAN JOAQUIN",UNINCORPORATED,-121.26243594,38.183963149999997
90491563,2017,2017-08-25,9265,2017-06-11,2300,020071,,7,3,9,3900,0,2,4,,1,024,"AIRPORT WAY","FISK RD",1056.00,N,N,A,-,N,,,,,,,,,,Y,3,0,1,1,A,-,01,23152,A,N,E,I,A,A,H,-,D,D,0,,,,,Y,Y,A,01,0,1,0,0,0,0,0,0,0,"- ","- ",37.869070000000001,-121.25597,"SAN JOAQUIN",UNINCORPORATED,-121.25612742,37.86818633
9049465,2020,2020-03-04,3903,2020-01-17,1831,3213,,5,5,4,3903,0,0,0,,0,,"AIRPORT WY","NORTHGATE DR",968.00,S,N,A,-,N,,,,,,,,,,N,4,0,1,3,A,-,00,22450,B,N,C,C,A,A,D,-,C,A,0,,,,,Y,,A,01,0,0,1,0,0,0,0,0,0,"- ","- ",37.819381713867188,-121.25347137451172,"SAN JOAQUIN",MANTECA,-121.25328063964844,37.816791534423828
90496113,2017,2017-07-07,9266,2017-06-24,1300,015969,,6,1,9,3900,0,1,1,,2,024,"I-5 N/B","SAN JOAQUIN BRIDGE",100.00,S,N,A,-,Y,,,5,,,,,,N,Y,4,0,3,2,A,-,03,22350,,N,C,C,A,A,H,-,A,D,0,,,,,Y,,A,07,0,0,3,0,0,0,0,0,0,"- ","- ",37.783949999999997,-121.30795999999999,"SAN JOAQUIN",UNINCORPORATED,-121.30801879000001,37.784044829999999
90496940,2017,2017-07-10,9265,2017-06-27,1545,018289,,2,2,9,3900,0,3,5,,2,090,"EIGHT MILE ROAD","WEST LANE",0.00,,N,A,-,N,,,,,,,,,,N,4,0,1,2,A,-,03,22350,,N,C,C,A,A,H,-,A,D,0,,,,,Y,,A,01,0,0,1,0,0,0,0,0,0,"- ","- ",38.057499999999997,-121.29940000000001,"SAN JOAQUIN",UNINCORPORATED,-121.29633990000001,38.05745993
90497828,2017,2017-07-11,9266,2017-07-05,0010,015432,,3,3,9,3900,0,1,1,,2,021,"E/B I-580","CHRISMAN ROAD",5808.00,E,N,A,-,Y,,,580,,,,,,,Y,3,0,1,2,A,-,03,22350,,N,C,C,A,A,H,-,D,D,0,,,,,Y,,A,01,0,1,0,0,0,0,0,0,0,"- ","- ",37.626689999999996,-121.3826,"SAN JOAQUIN",UNINCORPORATED,-121.38253795999999,37.626791109999999
90497983,2017,2017-07-11,9265,2017-07-09,1945,019991,,7,2,9,3900,0,3,5,,2,010,"MILTON RD","HOLDEN RD",2700.00,W,N,A,-,N,,,,,,,,,,Y,4,0,1,1,A,-,01,23152,A,N,E,I,A,A,H,-,A,D,0,,,,,Y,Y,D,22,0,0,1,0,0,0,0,0,0,"- ","- ",37.979959999999998,-121.11474,"SAN JOAQUIN",UNINCORPORATED,-121.11475043999999,37.979989410000002
90499247,2017,2017-07-12,9265,2017-05-27,1633,17405,,6,2,9,3900,0,3,5,,2,070,"DOUGLAS RD","PACIFIC AVE.",260.00,W,N,A,-,N,,,,,,,,,,N,3,0,1,2,A,-,11,21954,A,N,G,B,D,A,H,-,A,D,0,Y,,,,Y,Y,N,60,0,1,0,0,1,0,0,0,0,"- ","- ",38.008069999999996,-121.32053000000001,"SAN JOAQUIN",UNINCORPORATED,-121.32043775,38.008043809999997
90501941,2017,2017-07-17,9265,2017-06-18,2120,019774,,7,2,9,3900,0,1,3,,1,092,"LIBERTY RD","SR-99 S/B OFF-RAMP TO LIBERTY ROAD",0.00,,Y,A,-,N,,,,,,,,,,Y,4,0,2,2,A,-,09,21802,A,N,D,C,A,A,H,-,D,A,0,,,,,Y,,A,01,0,0,2,0,0,0,0,0,0,"- ","- ",38.233559999999997,-121.28258,"SAN JOAQUIN",UNINCORPORATED,-121.28174543,38.233444040000002
90502079,2017,2017-07-17,9265,2017-07-04,1040,018289,,2,1,9,3900,0,1,3,,1,062,"STATE ROUTE 88","HARNEY LANE",0.00,,Y,A,-,Y,,,88,,,,,,,Y,3,0,4,2,A,-,12,21453,A,N,E,A,A,A,H,-,A,A,0,,,,,Y,,D,22,0,3,1,0,0,0,0,0,0,"- ","- ",38.10154,-121.17842,"SAN JOAQUIN",UNINCORPORATED,-121.17830865000001,38.101503999999998
90502237,2017,2017-07-17,9266,2017-07-16,1635,015805,,7,2,2,3920,0,1,1,,2,024,"I-5 S/B","I-205 E/B",1000.00,N,N,A,-,Y,,,5,,,,,,S,Y,3,0,2,3,A,-,07,21658,A,N,B,C,A,A,H,-,A,D,0,,,Y,,Y,,A,07,0,2,0,0,0,0,0,0,2,"- ","- ",37.76905,-121.32993,"SAN JOAQUIN",LATHROP,-121.32977922000001,37.768840359999999