CASE_ID,ACCIDENT_YEAR,PROC_DATE,JURIS,COLLISION_DATE,COLLISION_TIME,OFFICER_ID,REPORTING_DISTRICT,DAY_OF_WEEK,CHP_SHIFT,POPULATION,CNTY_CITY_LOC,SPECIAL_COND,BEAT_TYPE,CHP_BEAT_TYPE,CITY_DIVISION_LAPD,CHP_BEAT_CLASS,BEAT_NUMBER,PRIMARY_RD,SECONDARY_RD,DISTANCE,DIRECTION,INTERSECTION,WEATHER_1,WEATHER_2,STATE_HWY_IND,CALTRANS_COUNTY,CALTRANS_DISTRICT,STATE_ROUTE,ROUTE_SUFFIX,POSTMILE_PREFIX,POSTMILE,LOCATION_TYPE,RAMP_INTERSECTION,SIDE_OF_HWY,TOW_AWAY,COLLISION_SEVERITY,NUMBER_KILLED,NUMBER_INJURED,PARTY_COUNT,PRIMARY_COLL_FACTOR,PCF_CODE_OF_VIOL,PCF_VIOL_CATEGORY,PCF_VIOLATION,PCF_VIOL_SUBSECTION,HIT_AND_RUN,TYPE_OF_COLLISION,MVIW,PED_ACTION,ROAD_SURFACE,ROAD_COND_1,ROAD_COND_2,LIGHTING,CONTROL_DEVICE,CHP_ROAD_TYPE,PEDESTRIAN_ACCIDENT,BICYCLE_ACCIDENT,MOTORCYCLE_ACCIDENT,TRUCK_ACCIDENT,NOT_PRIVATE_PROPERTY,ALCOHOL_INVOLVED,STWD_VEHTYPE_AT_FAULT,CHP_VEHTYPE_AT_FAULT,COUNT_SEVERE_INJ,COUNT_VISIBLE_INJ,COUNT_COMPLAINT_PAIN,COUNT_PED_KILLED,COUNT_PED_INJURED,COUNT_BICYCLIST_KILLED,COUNT_BICYCLIST_INJURED,COUNT_MC_KILLED,COUNT_MC_INJURED,PRIMARY_RAMP,SECONDARY_RAMP,LATITUDE,LONGITUDE,COUNTY,CITY,POINT_X,POINT_Y
9100327,2020,2020-12-01,3906,2020-05-11,1345,1245,MSC,1,5,5,3906,0,0,0,,0,004,"GRANT LINE RD",NAGLEE,32.00,W,N,B,-,Y,SJ,10,205,-,R,5.011,R,4,W,Y,4,0,2,2,A,-,12,21453,A,N,H,C,A,A,H,-,A,A,0,,,,Y,Y,,F,26,0,0,2,0,0,0,0,0,0,"- ","- ",,,"SAN JOAQUIN",TRACY,-121.46895599365234,37.751895904541016
9100432,2020,2020-06-26,3905,2020-03-02,1342,2463,CIV,1,5,6,3905,0,0,0,,0,,"WEST LN","UNIVERSITY AV",80.00,N,N,A,-,N,,,,,,,,,,,4,0,1,2,A,-,07,21658,A,N,B,C,A,A,H,-,A,D,0,,,,,Y,,A,01,0,0,1,0,0,0,0,0,0,"- ","- ",37.974651336669922,-121.27973937988281,"SAN JOAQUIN",STOCKTON,-121.28009033203125,37.974891662597656
9100435,2020,2020-06-26,3905,2020-03-02,1215,2566,LAK,1,5,6,3905,0,0,0,,0,,"YOKUTS AV","EL DORADO ST",0.00,,Y,A,-,N,,,,,,,,,,,3,0,1,2,A,-,09,21801,A,N,D,C,A,A,H,-,A,A,0,,,,,Y,,A,01,0,1,0,0,0,0,0,0,0,"- ","- ",37.998859405517578,-121.30525970458984,"SAN JOAQUIN",STOCKTON,-121.30648803710938,37.998611450195312
91004492,2019,2019-06-06,9265,2019-05-28,1240,015756,,2,1,9,3900,0,1,3,,1,013,SR-4,"JACK TONE RD",0.00,,Y,A,-,Y,,,4,,,,,,,Y,4,0,3,2,A,-,12,22450,A,N,D,C,A,A,H,-,A,A,0,,,,,Y,,A,01,0,0,3,0,0,0,0,0,0,"- ","- ",37.942138671875,-121.14801788330078,"SAN JOAQUIN",UNINCORPORATED,-121.14801788330078,37.942119598388672
91004537,2019,2019-06-06,9265,2019-05-22,1720,019139,,3,2,4,3903,0,1,3,,2,001,"SR-99 S/B","YOSEMITE AVE",395.00,N,N,A,-,Y,,,99,,,,,,S,Y,4,0,1,3,A,-,03,22350,,N,C,C,A,A,H,-,A,D,0,,,,,Y,,E,22,0,0,1,0,0,0,0,0,0,"- ","- ",37.797618865966797,-121.19145202636719,"SAN JOAQUIN",MANTECA,-121.19142150878906,37.797626495361328
91004782,2019,2019-06-06,9266,2019-06-04,0520,013650,,2,3,9,3900,0,1,1,,2,021,"I-580 W/B TO PATTERSON PASS ROAD","PATTERSON PASS ROAD",445.00,E,N,A,-,Y,,,580,,,,R,,W,Y,4,0,2,3,A,-,03,22350,,N,C,C,A,A,H,-,A,D,0,,,,,Y,,A,07,0,0,2,0,0,0,0,0,0,"- ","- ",37.719528198242188,-121.53439331054688,"SAN JOAQUIN",UNINCORPORATED,-121.53439331054688,37.719528198242188
9100483,2020,2020-06-12,3905,2020-02-28,1233,7034,PAR,5,5,6,3905,0,0,0,,0,,"WILSON WY","LINDSAY ST",0.00,,Y,A,-,N,,,,,,,,,,N,4,0,1,2,A,-,09,21801,A,F,D,C,A,A,H,-,A,D,0,,,Y,,Y,,A,01,0,0,1,0,0,0,0,0,1,"- ","- ",37.959171295166016,-121.27375793457031,"SAN JOAQUIN",STOCKTON,-121.27265167236328,37.959831237792969
9100499,2020,2020-06-12,3905,2020-02-29,1207,7035,LAK,6,5,6,3905,0,0,0,,0,,"PERSHING AV","MARCO POLO DR",62.00,N,N,A,-,N,,,,,,,,,,N,2,0,1,2,A,-,05,21651,B,N,D,G,A,A,H,-,A,D,0,,Y,,,Y,,L,04,1,0,0,0,0,0,1,0,0,"- ","- ",37.992801666259766,-121.32285308837891,"SAN JOAQUIN",STOCKTON,-121.32334136962891,37.992744445800781
91005347,2019,2019-06-07,9265,2019-05-29,1613,019885,,3,2,9,3900,0,1,3,,1,092,SR-12,"PEATLAND RD",4224.00,W,N,A,-,N,,,12,,,,,,,Y,4,0,2,3,A,-,03,22350,,N,C,C,A,A,H,-,A,D,0,,,,,Y,,A,07,0,0,2,0,0,0,0,0,0,"- ","- ",38.114910125732422,-121.44284057617188,"SAN JOAQUIN",UNINCORPORATED,-121.44284057617188,38.115402221679688
91006410,2019,2019-06-10,9265,2019-05-19,1835,019139,,7,2,9,3900,0,1,3,,1,062,SR-88,"2ND ST",45.00,W,N,A,-,Y,,,88,,,,,,,Y,3,0,1,3,A,-,01,23152,A,N,A,E,A,A,H,-,A,D,0,,,,,Y,Y,D,22,0,1,0,0,0,0,0,0,0,"- ","- ",38.190578460693359,-121.08917236328125,"SAN JOAQUIN",UNINCORPORATED,-121.08913421630859,38.190464019775391
91007125,2019,2019-06-10,9266,2019-06-07,0720,019312,,5,1,9,3900,0,1,3,,1,011,"SR-4 W/B","OLD RIVER BRIDGE",528.00,E,N,A,-,Y,,,4,,,,,,W,N,3,0,1,2,A,-,03,22350,,N,C,C,A,A,H,-,A,D,0,,,,,Y,,D,22,0,1,0,0,0,0,0,0,0,"- ","- ",37.889400482177734,-121.56390380859375,"SAN JOAQUIN",UNINCORPORATED,-121.56390380859375,37.889999389648438
91007614,2019,2019-06-11,9265,2019-05-22,2025,019139,,3,2,9,3900,0,1,3,,2,001,"SR-99 S/B","JACK TONE RD",1745.00,N,N,A,-,Y,,,,,,,,,,Y,2,0,1,2,A,-,07,21658,A,N,B,C,A,A,H,-,D,D,0,,,Y,,Y,,C,02,1,0,0,0,0,0,0,0,1,"- ","- ",37.451900482177734,-121.85211944580078,"SAN JOAQUIN",UNINCORPORATED,-121.14222717285156,37.753009796142578
91007676,2019,2019-06-11,9265,2019-05-31,0930,017123,,5,1,9,3900,0,1,1,,2,505,"I-5 S/B FROM SR-12 W/B",SR-12,225.00,N,N,A,-,Y,,,5,,,,R,,S,Y,3,0,1,1,C,-,18,,,N,F,A,A,D,H,-,A,D,0,,,,,Y,,-,"- ",0,1,0,0,0,0,0,0,0,"- ","- ",38.116779327392578,-121.39871215820312,"SAN JOAQUIN",UNINCORPORATED,-121.39871215820312,38.116779327392578
91007864,2019,2019-06-11,9266,2019-06-07,1300,014808,,5,1,9,3900,0,1,1,,2,014,"I-205 W/B","ALAMEDA COUNTY LINE",25.00,E,N,A,-,Y,,,205,,,,,,W,Y,3,0,1,2,A,-,03,22350,,N,C,C,A,A,H,-,A,D,0,,,,Y,Y,,A,01,0,1,0,0,0,0,0,0,0,"- ","- ",37.743198394775391,-121.55747222900391,"SAN JOAQUIN",UNINCORPORATED,-121.55746459960938,37.743156433105469
91007956,2019,2019-06-11,9266,2019-06-07,1552,018751,,5,2,9,3900,0,1,1,,2,021,"I-580 E/B","HANSEN ROAD",750.00,E,N,A,-,Y,,,580,,,,,,E,Y,3,0,1,2,A,-,03,22350,,N,C,C,A,A,H,-,A,D,0,,,,,Y,,A,01,0,1,0,0,0,0,0,0,0,"- ","- ",37.700939178466797,-121.50476837158203,"SAN JOAQUIN",UNINCORPORATED,-121.50482177734375,37.700859069824219
91008249,2019,2019-06-12,9265,2019-06-02,1040,015756,,7,1,9,3900,0,3,5,,2,030,"MARIPOSA ROAD","POCK LN",122.00,N,N,A,-,N,,,,,,,,,,Y,4,0,1,2,A,-,09,21801,A,N,D,C,A,A,H,-,A,D,0,,,,,Y,,A,01,0,0,1,0,0,0,0,0,0,"- ","- ",37.942031860351562,-121.2503662109375,"SAN JOAQUIN",UNINCORPORATED,-121.25045776367188,37.942138671875
91009851,2019,2019-06-13,9266,2019-06-08,0225,021956,,6,3,9,3900,0,1,1,,1,015,I-205,"PARADISE ROAD",70.00,W,N,A,-,Y,,,205,,,,,,,Y,4,0,1,2,A,-,01,23152,A,N,C,C,A,A,H,-,D,D,0,,,,,Y,Y,A,01,0,0,1,0,0,0,0,0,0,"- ","- ",37.764789581298828,-121.38836669921875,"SAN JOAQUIN",UNINCORPORATED,-121.38836669921875,37.764747619628906
91010094,2019,2019-06-14,9265,2019-06-05,1535,019885,,3,2,6,3905,0,1,1,,2,504,"I-5 N/B TO EIGHT MILE RD","EIGHT MILE RD",690.00,S,N,A,-,Y,,,5,,,,R,,N,Y,4,0,2,7,A,-,03,22350,,N,C,C,A,A,H,-,A,D,0,,,,,Y,,A,07,0,0,2,0,0,0,0,0,0,"- ","- ",38.055938720703125,-121.37167358398438,"SAN JOAQUIN",STOCKTON,-121.37167358398438,38.055938720703125
91010107,2019,2019-06-14,9265,2019-06-05,1515,018850,,3,2,9,3900,0,1,3,,1,042,SR-4,"FILBERT ST",1000.00,E,N,A,-,Y,,,,,,,,,,Y,4,0,1,3,A,-,03,22350,,N,C,C,A,A,H,-,A,D,0,,,,,Y,,A,01,0,0,1,0,0,0,0,0,0,"- ","- ",37.960548400878906,-121.25012969970703,"SAN JOAQUIN",UNINCORPORATED,-121.25041961669922,37.960613250732422
91010141,2019,2019-06-14,9265,2019-06-06,0412,018511,,4,3,9,3900,0,1,3,,2,006,"SR-99 N/B","ACAMPO RD",645.00,N,N,A,-,Y,,,99,,,,,,N,Y,4,0,1,1,A,-,03,22350,,N,E,I,A,A,H,-,C,D,0,,,,,Y,,A,08,0,0,1,0,0,0,0,0,0,"- ","- ",38.176460266113281,-121.26170349121094,"SAN JOAQUIN",UNINCORPORATED,-121.26223754882812,38.17645263671875
9101106,2020,2020-08-27,3905,2020-04-24,0643,3044,SEA,5,5,6,3905,0,0,0,,0,,"FRENCH CAMP RD","MCKINLEY AV",1584.00,E,N,A,-,N,,,,,,,,,,Y,4,0,1,2,A,-,07,21658,A,M,E,I,A,A,H,-,A,D,0,,,,Y,Y,,-,99,0,0,1,0,0,0,0,0,0,"- ","- ",37.886051177978516,-121.27256774902344,"SAN JOAQUIN",STOCKTON,-121.26894378662109,37.882678985595703
91011476,2019,2019-06-17,9266,2019-06-12,1805,018365,,3,2,9,3900,0,3,5,,2,002,"CORRAL HOLLOW ROAD","I-580 E/B",7392.00,S,N,A,-,N,,,,,,,,,,Y,4,0,1,1,A,-,08,22107,,N,F,I,A,A,H,-,A,D,0,,,,,Y,,A,01,0,0,1,0,0,0,0,0,0,"- ","- ",37.656780242919922,-121.48023223876953,"SAN JOAQUIN",UNINCORPORATED,-121.48023223876953,37.656780242919922
91013026,2019,2019-06-19,9265,2019-06-08,1535,020313,,6,2,4,3903,0,1,3,,2,001,"SR-99 N/B","LATHROP RD",1450.00,S,N,A,-,Y,,,99,,,,,,N,Y,4,0,1,3,A,-,07,21658,A,M,B,C,A,A,H,-,A,D,0,,,,,Y,,A,01,0,0,1,0,0,0,0,0,0,"- ","- ",37.822330474853516,-121.21605682373047,"SAN JOAQUIN",MANTECA,-121.21607971191406,37.822322845458984
91013039,2019,2019-06-19,9265,2019-06-04,1805,019139,,2,2,9,3900,0,3,5,,2,060,"PARKDALE DR","LOCKEWOOD LN",19.00,E,N,A,-,N,,,,,,,,,,N,3,0,1,2,A,-,12,22450,A,N,B,G,A,A,H,-,A,A,0,,Y,,,Y,,L,04,0,1,0,0,0,0,1,0,0,"- ","- ",38.156421661376953,-121.14157104492188,"SAN JOAQUIN",UNINCORPORATED,-121.14149475097656,38.156444549560547
91015809,2019,2019-06-24,9265,2019-06-12,1155,018694,,3,1,4,3903,0,1,3,,2,025,"SR-120 E/B","MOFFAT BLVD",560.00,W,N,A,-,Y,,,120,,,,,,E,Y,4,0,3,2,A,-,03,22350,,N,C,C,A,A,H,-,A,D,0,,,,,Y,,A,07,0,0,3,0,0,0,0,0,0,"- ","- ",37.783191680908203,-121.19774627685547,"SAN JOAQUIN",MANTECA,-121.19774627685547,37.783203125
91015851,2019,2019-06-24,9265,2019-06-12,2140,020651,,3,2,9,3900,0,1,3,,2,003,"SR-99 S/B","ARCH RD",8976.00,S,N,A,-,Y,,,99,,,,,,S,N,4,0,4,2,A,-,03,22350,,N,C,C,A,A,H,-,C,D,0,,,,,Y,,A,07,0,0,4,0,0,0,0,0,0,"- ","- ",37.878818511962891,-121.22001647949219,"SAN JOAQUIN",UNINCORPORATED,-121.22002410888672,37.878818511962891
91016523,2019,2019-06-24,9265,2019-06-16,1345,019885,,7,1,9,3900,0,1,3,,1,092,"LOWER SACRAMENTO RD","SPIESS RD",0.00,,Y,A,-,N,,,,,,,,,,Y,4,0,3,2,A,-,03,22350,,N,C,C,A,A,H,-,A,D,0,,,,,Y,,A,01,0,0,3,0,0,0,0,0,0,"- ","- ",38.226650238037109,-121.29064178466797,"SAN JOAQUIN",UNINCORPORATED,-121.29093170166016,38.226669311523438
91017073,2019,2019-06-25,9265,2019-06-13,1430,019657,,4,2,9,3900,0,1,3,,1,011,SR-120,"VAN ALLEN RD",20.00,W,N,A,-,Y,,,120,,,,,,,Y,3,0,1,1,A,-,08,22107,,N,E,I,A,A,H,-,A,D,0,,,,,Y,,D,22,0,1,0,0,0,0,0,0,0,"- ","- ",37.798431396484375,-121.05223846435547,"SAN JOAQUIN",UNINCORPORATED,-121.05223846435547,37.798446655273438
91017103,2019,2019-06-25,9265,2019-06-14,1140,015490,,5,1,9,3900,0,1,3,,2,006,"SR-99 N/B","PELTIER RD",200.00,S,N,A,-,Y,,,99,,,,,,N,Y,4,0,1,3,A,-,04,21703,,N,C,C,A,A,H,-,A,D,0,,,,,Y,,D,22,0,0,1,0,0,0,0,0,0,"- ","- ",38.188621520996094,-121.26260375976562,"SAN JOAQUIN",UNINCORPORATED,-121.26255035400391,38.188621520996094
91017368,2019,2019-06-25,9265,2019-06-08,2222,013193,,6,3,9,3900,0,3,5,,2,060,"COLLIER RD","JACK TONE RD",305.00,E,N,A,-,N,,,,,,,,,,Y,3,0,1,1,A,-,01,23152,A,N,E,I,A,A,H,-,D,D,0,,,,,Y,Y,A,01,0,1,0,0,0,0,0,0,0,"- ","- ",38.220050811767578,-121.15155792236328,"SAN JOAQUIN",UNINCORPORATED,-121.15156555175781,38.220005035400391
9101783,2020,2020-07-31,3903,2020-04-11,1517,3878,"SAN J",6,5,4,3903,0,0,0,,0,,"LOUISE AV","NORTH MAIN ST",0.00,,Y,A,-,N,,,,,,,,,,Y,4,0,1,2,A,-,12,21453,A,N,A,C,A,A,H,-,A,A,0,,,,,Y,,A,01,0,0,1,0,0,0,0,0,0,"- ","- ",,,"SAN JOAQUIN",MANTECA,-121.217041015625,37.811939239501953
91017877,2019,2019-06-26,9265,2019-06-07,2125,019139,,5,2,9,3900,0,1,3,,2,004,"SR-99 S/B","HARNEY LN",2640.00,S,N,A,-,Y,,,99,,,,,,S,Y,4,0,1,2,A,-,03,22350,,N,C,C,A,A,H,-,D,D,0,,,,,Y,,A,01,0,0,1,0,0,0,0,0,0,"- ","- ",38.094451904296875,-121.26020812988281,"SAN JOAQUIN",UNINCORPORATED,-121.26020050048828,38.094451904296875
91018094,2019,2019-06-26,9265,2019-06-14,1720,020248,,5,2,9,3900,0,1,3,,2,006,"COMSTOCK RD","DUNCAN RD",480.00,E,N,A,-,N,,,,,,,,,,Y,3,0,2,2,A,-,09,21801,A,N,D,C,A,A,H,-,A,D,0,,,,,Y,,A,01,0,1,1,0,0,0,0,0,0,"- ","- ",38.044898986816406,-121.09441375732422,"SAN JOAQUIN",UNINCORPORATED,-121.094482421875,38.044879913330078
91019342,2019,2019-06-27,9265,2019-06-19,0036,018511,,3,3,9,3900,0,3,5,,2,060,"LIBERTY RD","MACKVILLE RD",0.00,,Y,A,-,N,,,,,,,,,,Y,4,0,1,2,A,-,09,21802,A,N,A,C,A,A,H,-,D,A,0,,,,,Y,,A,07,0,0,1,0,0,0,0,0,0,"- ","- ",38.235469818115234,-121.08879089355469,"SAN JOAQUIN",UNINCORPORATED,-121.08894348144531,38.235450744628906
91020685,2019,2019-06-28,9266,2019-06-23,0335,020599,,7,3,9,3900,0,1,3,,1,011,"SR-4 E/B","TRACY BLVD",2534.00,W,N,A,-,Y,,,4,,,,,,E,Y,3,0,1,1,A,-,01,23152,A,N,E,I,A,A,H,-,D,D,0,,,,,Y,Y,A,07,0,1,0,0,0,0,0,0,0,"- ","- ",37.899078369140625,-121.47225952148438,"SAN JOAQUIN",UNINCORPORATED,-121.47238922119141,37.899322509765625
91023047,2019,2019-07-02,9265,2019-06-22,0305,019489,,6,3,3,3904,0,1,3,,2,001,"SR-99 S/B","FULTON AVENUE",1136.00,N,N,A,-,Y,,,99,,,,,,S,Y,4,0,1,2,A,-,08,22107,,N,E,E,A,A,H,-,C,D,0,,,,,Y,,A,01,0,0,1,0,0,0,0,0,0,"- ","- ",37.748691558837891,-121.13710784912109,"SAN JOAQUIN",RIPON,-121.13707733154297,37.748744964599609
91024215,2019,2019-07-03,9265,2019-06-14,1730,018836,,5,2,9,3900,0,3,5,,2,060,"ELM ST","HAMMOND ST",0.00,,Y,A,-,N,,,,,,,,,,N,3,0,1,2,A,-,10,21950,A,N,G,B,B,A,H,-,A,D,0,Y,,,,Y,,A,01,0,1,0,0,1,0,0,0,0,"- ","- ",38.163379669189453,-121.14851379394531,"SAN JOAQUIN",UNINCORPORATED,-121.1484375,38.163459777832031
91026589,2019,2019-07-08,9265,2019-06-27,1707,018850,,4,2,9,3900,0,1,3,,2,003,"SR-99 S/B FROM ARCH RD","ARCH RD",800.00,S,N,A,-,Y,,,99,,,,R,,S,Y,4,0,2,2,A,-,03,22350,,N,C,C,A,A,H,-,A,A,0,,,,,Y,,A,07,0,0,2,0,0,0,0,0,0,"- ","- ",37.902408599853516,-121.22270965576172,"SAN JOAQUIN",UNINCORPORATED,-121.22270965576172,37.902408599853516
91027679,2019,2019-07-09,9265,2019-06-30,1825,020313,,7,2,4,3903,0,1,3,,2,025,"SR-120 E/B","MAIN ST",2500.00,W,N,A,-,Y,,,120,,,,,,E,Y,4,0,1,2,A,-,03,22350,,N,C,C,A,A,H,-,A,D,0,,,,,Y,,A,01,0,0,1,0,0,0,0,0,0,"- ","- ",37.783111572265625,-121.22527313232422,"SAN JOAQUIN",MANTECA,-121.22527313232422,37.783161163330078
91028734,2019,2019-07-11,9265,2019-07-01,1428,018955,,1,2,9,3900,0,1,1,,2,505,"I-5 N/B","SACRAMENTO COUNTY LINE",185.00,S,N,A,-,Y,,,5,,,,,,N,Y,3,0,1,1,A,-,08,22107,,N,E,I,A,A,H,-,A,D,0,,,,,Y,,A,01,0,1,0,0,0,0,0,0,0,"- ","- ",38.254280090332031,-121.44783020019531,"SAN JOAQUIN",UNINCORPORATED,-121.44754028320312,38.254390716552734
91029689,2019,2019-07-12,9265,2019-07-03,1727,018955,,3,2,6,3905,0,1,1,,2,503,"I-5 S/B","CHARTER WAY",250.00,S,N,A,-,Y,,,5,,,,,,S,Y,4,0,3,2,A,-,03,22350,,N,C,C,A,A,H,-,A,D,0,,,,,Y,,A,01,0,0,3,0,0,0,0,0,0,"- ","- ",37.936008453369141,-121.29753112792969,"SAN JOAQUIN",STOCKTON,-121.29757690429688,37.936000823974609
91030761,2019,2019-07-24,9265,2019-06-20,1550,017537,,4,2,9,3900,0,2,4,,1,074,"BENJAMIN HOLT DR","HARRISBURG PL",45.00,W,N,A,-,N,,,,,,,,,,Y,4,0,1,2,A,-,03,22350,,N,C,C,A,A,H,-,A,A,0,,,,,Y,,A,01,0,0,1,0,0,0,0,0,0,"- ","- ",38.007961273193359,-121.33435821533203,"SAN JOAQUIN",UNINCORPORATED,-121.33411407470703,38.007175445556641
91030794,2019,2019-07-15,9265,2019-06-24,0455,019666,,1,3,4,3903,0,1,3,,2,025,"SR-120 E/B","MOFFAT BLVD",445.00,W,N,A,-,Y,,,120,,,,,,E,Y,3,0,1,3,A,-,03,22350,,N,C,C,A,A,H,-,B,D,0,,,,,Y,,A,01,0,1,0,0,0,0,0,0,0,"- ","- ",37.783168792724609,-121.19731903076172,"SAN JOAQUIN",MANTECA,-121.19731903076172,37.783203125
91031292,2019,2019-07-16,9265,2019-07-01,1600,019139,,1,2,9,3900,0,3,5,,2,060,"BEECHER RD","BAKER RD",1742.00,N,N,A,-,N,,,,,,,,,,Y,4,0,1,1,A,-,08,22107,,N,E,I,A,A,H,-,A,D,0,,,,,Y,,A,01,0,0,1,0,0,0,0,0,0,"- ","- ",38.034111022949219,-121.16864776611328,"SAN JOAQUIN",UNINCORPORATED,-121.16853332519531,38.033863067626953
91031706,2019,2019-07-16,9266,2019-07-11,2230,021241,,4,3,5,3906,0,1,1,,1,015,"I-205 W/B","TRACY BLVD",400.00,E,N,A,-,Y,,,205,,,,,,W,Y,4,0,1,3,A,-,03,22350,,N,C,C,A,A,D,-,D,D,0,,,,,Y,,A,01,0,0,1,0,0,0,0,0,0,"- ","- ",37.763038635253906,-121.43357849121094,"SAN JOAQUIN",TRACY,-121.43357849121094,37.763099670410156
91032428,2019,2019-07-17,9265,2019-07-09,1015,018047,,2,1,9,3900,0,1,3,,1,011,"SR-120 E/B","JACK TONE RD",30.00,W,N,A,-,Y,,,120,,,,,,E,Y,4,0,1,2,A,-,03,22350,,N,C,C,A,A,H,-,A,A,0,,,,,Y,,D,22,0,0,1,0,0,0,0,0,0,"- ","- ",37.797580718994141,-121.14301300048828,"SAN JOAQUIN",UNINCORPORATED,-121.14301300048828,37.797599792480469
91032473,2019,2019-07-17,9266,2019-07-10,1250,015029,,3,1,9,3900,0,1,1,,2,024,"I-5 N/B","MOSSDALE ROAD U/C",187.00,S,N,A,-,Y,,,5,,,,,,N,Y,4,0,1,2,A,-,03,22350,,N,C,C,A,A,H,-,A,D,0,,,,Y,Y,,G,25,0,0,1,0,0,0,0,0,0,"- ","- ",37.778850555419922,-121.31539154052734,"SAN JOAQUIN",UNINCORPORATED,-121.31541442871094,37.778888702392578
91033329,2019,2019-07-18,9265,2019-07-09,0505,020248,,2,3,3,3904,0,1,3,,2,001,"SR-99 S/B","MAIN ST",1426.00,S,N,A,-,Y,,,99,,,,,,S,Y,4,0,1,3,A,-,07,21658,A,N,C,C,A,A,H,-,A,D,0,,,,,Y,,-,99,0,0,1,0,0,0,0,0,0,"- ","- ",37.736629486083984,-121.11769104003906,"SAN JOAQUIN",RIPON,-121.11766815185547,37.736652374267578
91034239,2019,2019-07-19,9265,2019-07-11,2250,019136,,4,3,9,3900,0,3,5,,2,060,"ACAMPO RD","DUSTIN RD",0.00,,Y,A,-,N,,,,,,,,,,Y,2,0,2,2,A,-,05,21460,C,N,D,C,A,A,H,-,D,D,0,,,,,Y,,A,01,1,0,1,0,0,0,0,0,0,"- ","- ",38.174671173095703,-121.22509765625,"SAN JOAQUIN",UNINCORPORATED,-121.22509765625,38.174640655517578
91035629,2019,2019-07-23,9265,2019-07-14,1922,018955,,7,2,6,3905,0,1,1,,2,503,"I-5 S/B","CARLTON AVE",200.00,N,N,A,-,Y,,,5,,,,,,S,Y,4,0,1,2,A,-,07,21658,A,M,B,C,A,A,D,-,A,D,0,,,,,Y,,-,99,0,0,1,0,0,0,0,0,0,"- ","- ",37.956050872802734,-121.32518005371094,"SAN JOAQUIN",STOCKTON,-121.32517242431641,37.956111907958984
91035658,2019,2019-07-23,9265,2019-07-15,2145,020651,,1,2,9,3900,0,1,1,,2,502,"I-5 S/B","LATHROP RD",3690.00,N,N,A,-,Y,,,,,,,,,,Y,4,0,1,3,A,-,08,22107,,F,B,C,A,A,H,-,C,D,0,,,,,Y,,-,99,0,0,1,0,0,0,0,0,0,"- ","- ",37.836029052734375,-121.28678894042969,"SAN JOAQUIN",UNINCORPORATED,,
91035791,2019,2019-07-23,9266,2019-07-21,0740,019312,,7,1,9,3900,0,1,1,,2,014,"I-205 E/B","ALAMEDA CO. LINE",528.00,E,N,A,-,Y,,,205,,,,,,E,Y,4,0,1,1,A,-,08,22107,,N,F,A,A,A,H,-,A,D,0,,,,,Y,,A,01,0,0,1,0,0,0,0,0,0,"- ","- ",37.743339538574219,-121.55264282226562,"SAN JOAQUIN",UNINCORPORATED,-121.55264282226562,37.743408203125
91036534,2019,2019-07-24,9266,2019-07-23,0500,018324,,2,3,9,3900,0,1,1,,2,021,"I-580 W/B","SR-132 E/B",1584.00,W,N,A,-,Y,,,580,,,,,,W,N,4,0,1,2,A,-,03,22350,,N,C,C,A,A,H,-,B,D,0,,,,,Y,,A,01,0,0,1,0,0,0,0,0,0,"- ","- ",37.641841888427734,-121.40682983398438,"SAN JOAQUIN",UNINCORPORATED,-121.40681457519531,37.641864776611328
91040788,2019,2019-07-29,9265,2019-07-20,0533,019136,,6,3,9,3900,0,3,5,,2,010,"AUSTIN RD","LYNCH RD",128.00,S,N,A,-,N,,,,,,,,,,Y,3,0,1,1,A,-,08,22107,,N,E,I,A,A,H,-,B,D,0,,,,,Y,,A,01,0,1,0,0,0,0,0,0,0,"- ","- ",37.865509033203125,-121.18260955810547,"SAN JOAQUIN",UNINCORPORATED,-121.18266296386719,37.865039825439453
91041072,2019,2019-07-29,9266,2019-07-26,1628,018751,,5,2,9,3900,0,1,3,,1,026,"SR-132 E/B",SR-33,1000.00,W,N,A,-,Y,,,132,,,,,,E,Y,3,0,4,2,A,-,03,22350,,N,C,C,A,A,H,-,A,D,0,,,,,Y,,D,22,0,3,1,0,0,0,0,0,0,"- ","- ",37.638069152832031,-121.30435943603516,"SAN JOAQUIN",UNINCORPORATED,-121.30435943603516,37.637992858886719
91041680,2019,2019-07-30,9266,2019-07-27,0310,021956,,6,3,9,3900,0,1,1,,2,014,I-205,"TRACY BLVD",1674.00,W,N,A,-,Y,,,205,,,,,,,Y,4,0,1,1,A,-,01,23152,A,N,E,I,A,A,H,-,C,D,0,,,,,Y,Y,A,01,0,0,1,0,0,0,0,0,0,"- ","- ",37.762500762939453,-121.44085693359375,"SAN JOAQUIN",UNINCORPORATED,-121.44086456298828,37.762508392333984