CASE_ID,ACCIDENT_YEAR,PROC_DATE,JURIS,COLLISION_DATE,COLLISION_TIME,OFFICER_ID,REPORTING_DISTRICT,DAY_OF_WEEK,CHP_SHIFT,POPULATION,CNTY_CITY_LOC,SPECIAL_COND,BEAT_TYPE,CHP_BEAT_TYPE,CITY_DIVISION_LAPD,CHP_BEAT_CLASS,BEAT_NUMBER,PRIMARY_RD,SECONDARY_RD,DISTANCE,DIRECTION,INTERSECTION,WEATHER_1,WEATHER_2,STATE_HWY_IND,CALTRANS_COUNTY,CALTRANS_DISTRICT,STATE_ROUTE,ROUTE_SUFFIX,POSTMILE_PREFIX,POSTMILE,LOCATION_TYPE,RAMP_INTERSECTION,SIDE_OF_HWY,TOW_AWAY,COLLISION_SEVERITY,NUMBER_KILLED,NUMBER_INJURED,PARTY_COUNT,PRIMARY_COLL_FACTOR,PCF_CODE_OF_VIOL,PCF_VIOL_CATEGORY,PCF_VIOLATION,PCF_VIOL_SUBSECTION,HIT_AND_RUN,TYPE_OF_COLLISION,MVIW,PED_ACTION,ROAD_SURFACE,ROAD_COND_1,ROAD_COND_2,LIGHTING,CONTROL_DEVICE,CHP_ROAD_TYPE,PEDESTRIAN_ACCIDENT,BICYCLE_ACCIDENT,MOTORCYCLE_ACCIDENT,TRUCK_ACCIDENT,NOT_PRIVATE_PROPERTY,ALCOHOL_INVOLVED,STWD_VEHTYPE_AT_FAULT,CHP_VEHTYPE_AT_FAULT,COUNT_SEVERE_INJ,COUNT_VISIBLE_INJ,COUNT_COMPLAINT_PAIN,COUNT_PED_KILLED,COUNT_PED_INJURED,COUNT_BICYCLIST_KILLED,COUNT_BICYCLIST_INJURED,COUNT_MC_KILLED,COUNT_MC_INJURED,PRIMARY_RAMP,SECONDARY_RAMP,LATITUDE,LONGITUDE,COUNTY,CITY,POINT_X,POINT_Y
91216112,2020,2020-03-26,9265,2020-03-19,1859,018289,,4,2,9,3900,0,3,5,,2,060,"BRANDT ROAD","JACK TONE ROAD",1214.00,E,N,A,-,N,,,,,,,,,,Y,3,0,1,1,A,-,01,23152,A,N,F,A,A,A,H,-,A,D,0,,,,,Y,Y,D,22,0,1,0,0,0,0,0,0,0,"- ","- ",38.146991729736328,-121.14634704589844,"SAN JOAQUIN",UNINCORPORATED,-121.14643859863281,38.147075653076172
91216240,2020,2020-03-26,9265,2020-02-29,0515,021781,,6,3,6,3905,0,1,1,,2,503,"I-5 SOUTHBOUND","FRENCH CAMP ROAD",2640.00,N,N,A,-,Y,,,5,,,,,,S,Y,4,0,4,2,A,-,03,22350,,M,C,C,A,A,H,-,D,D,0,,,,,Y,,-,99,0,0,4,0,0,0,0,0,0,"- ","- ",37.9010009765625,-121.28534698486328,"SAN JOAQUIN",STOCKTON,-121.28538513183594,37.900985717773438
91218554,2020,2020-03-30,9265,2020-02-27,0620,015756,,4,1,5,3902,0,1,3,,2,006,"SR-99 N/B","TURNER RD",139.00,S,N,A,-,Y,,,99,,,,,,N,N,4,0,1,4,A,-,03,22350,,N,C,C,A,A,H,-,A,D,0,,,,,Y,,A,01,0,0,1,0,0,0,0,0,0,"- ","- ",38.144241333007812,-121.26085662841797,"SAN JOAQUIN",LODI,-121.26084899902344,38.144241333007812
91218626,2020,2020-04-24,9265,2020-02-23,0950,017405,,7,1,9,3900,0,3,5,,2,020,"HARLAN RD.","HOSPITAL RD.",0.00,,Y,A,-,N,,,,,,,,,,N,2,0,2,3,A,-,09,21802,A,N,B,C,A,A,H,-,A,A,0,,,Y,,Y,,D,22,1,1,0,0,0,0,0,0,2,"- ","- ",37.885730743408203,-121.27484130859375,"SAN JOAQUIN",UNINCORPORATED,-121.27479,37.885759999999998
9121960,2020,2020-09-30,3906,2020-07-14,0430,1659,165,2,5,5,3906,0,0,0,,0,006,"N MACARTHUR DR","E PESCADERO AV",0.00,,Y,A,-,N,,,,,,,,,,Y,3,0,1,2,A,-,09,21801,B,N,-,C,A,A,-,-,C,A,0,,,,Y,Y,,A,01,0,1,0,0,0,0,0,0,0,"- ","- ",,,"SAN JOAQUIN",TRACY,-121.41461944580078,37.761520385742188
91221001,2020,2020-04-06,9265,2020-04-02,1915,018289,,4,2,9,3900,0,1,3,,2,004,"STATE ROUTE 99 NORTHBOUND","STATE ROUTE 26",2904.00,N,N,A,-,Y,,,99,,,,,,N,Y,4,0,2,1,A,-,08,22107,,N,E,I,A,A,H,-,A,D,0,,,,,Y,,A,01,0,0,2,0,0,0,0,0,0,"- ","- ",37.977691650390625,-121.24887847900391,"SAN JOAQUIN",UNINCORPORATED,-121.24894714355469,37.9776611328125
91222493,2020,2020-04-07,9266,2020-04-02,1815,020599,,4,2,9,3900,0,3,5,,2,002,"MACARTHUR DRIVE","LINNE ROAD",102.00,N,N,A,-,N,,,,,,,,,,Y,3,0,1,1,A,-,01,23152,A,N,E,I,A,A,H,-,A,D,0,,,,,Y,Y,A,07,0,1,0,0,0,0,0,0,0,"- ","- ",37.696098327636719,-121.41618347167969,"SAN JOAQUIN",UNINCORPORATED,-121.41638946533203,37.696331024169922
91222988,2020,2020-04-08,9265,2020-04-03,1315,015756,,5,1,9,3900,0,3,5,,2,030,"MARIPOSA RD","POCK LN",0.00,,Y,A,-,N,,,,,,,,,,Y,4,0,2,3,A,-,09,21801,A,N,D,C,A,A,H,-,A,A,0,,,,,Y,,D,22,0,0,2,0,0,0,0,0,0,"- ","- ",37.941848754882812,-121.24993896484375,"SAN JOAQUIN",UNINCORPORATED,-121.25009918212891,37.941959381103516
91223986,2020,2020-04-10,9265,2020-03-28,0030,021163,,6,3,9,3900,0,1,3,,1,062,"BEYER LN",SR-88,854.00,S,N,A,-,N,,,,,,,,,,Y,3,0,1,1,A,-,01,23152,A,N,E,I,A,A,H,-,D,D,0,,,,,Y,Y,A,01,0,1,0,0,0,0,0,0,0,"- ","- ",37.992641448974609,-121.23274230957031,"SAN JOAQUIN",UNINCORPORATED,-121.232924,37.992919999999998
91228504,2020,2020-04-22,9265,2020-04-15,1701,020313,,3,2,9,3900,0,1,1,,2,503,"HOLT RD","WINDMILL COVE RD",1770.00,S,N,A,-,Y,,,,,,,,,,Y,3,0,1,1,A,-,08,22107,,N,F,I,A,A,H,-,A,D,0,,,Y,,Y,,C,02,0,1,0,0,0,0,0,0,1,"- ","- ",37.989879608154297,-121.42360687255859,"SAN JOAQUIN",UNINCORPORATED,-121.42354583740234,37.990283966064453
91228956,2020,2020-04-23,9265,2020-02-02,0108,022123,,7,3,9,3900,0,1,1,,2,502,"I-5 N/B","HOSPITAL RD",1260.00,N,N,B,-,Y,,,5,,,,,,N,Y,1,1,0,2,A,-,03,22350,,F,C,C,A,A,H,-,D,D,0,,,,,Y,Y,A,01,0,0,0,0,0,0,0,0,0,"- ","- ",37.889171600341797,-121.28079986572266,"SAN JOAQUIN",UNINCORPORATED,-121.28077697753906,37.889179229736328
91229313,2020,2020-04-24,9266,2020-04-21,1450,021956,,2,2,5,3906,0,1,1,,1,015,"I-205 E/B","MACARTHUR DRIVE",350.00,E,N,A,-,Y,,,205,,,,,,E,Y,4,0,2,3,A,-,03,22350,,N,C,C,A,A,H,-,A,D,0,,,,,Y,,A,01,0,0,2,0,0,0,0,0,0,"- ","- ",37.764499664306641,-121.41287994384766,"SAN JOAQUIN",TRACY,-121.41286468505859,37.764385223388672
91230166,2020,2020-04-27,9265,2020-04-22,1605,013539,,3,2,2,3920,0,1,1,,2,502,"I-5 N/B","LATHROP ROAD",2591.00,S,N,A,-,Y,,,5,,,,,,N,Y,4,0,1,3,A,-,03,22350,,N,C,C,A,A,H,-,A,D,0,,,,,Y,,A,01,0,0,1,0,0,0,0,0,0,"- ","- ",37.816581726074219,-121.29364013671875,"SAN JOAQUIN",LATHROP,-121.29367065429688,37.816593170166016
91230332,2020,2020-04-28,9266,2020-04-26,1820,013650,,7,2,9,3900,0,2,4,,2,010,"HOWARD ROAD","TRACY BLVD",5808.00,E,N,A,-,N,,,,,,,,,,Y,3,0,1,1,A,-,08,22107,,N,F,A,A,A,H,-,A,D,0,,,,,Y,,A,08,0,1,0,0,0,0,0,0,0,"- ","- ",37.850978851318359,-121.42436981201172,"SAN JOAQUIN",UNINCORPORATED,-121.42922210693359,37.850948333740234
91231046,2020,2020-05-01,9266,2020-04-26,1600,020599,,7,2,9,3900,0,1,1,,2,014,"I-205 E/B","MOUNTAIN HOUSE PKWY",1056.00,E,N,A,-,Y,,,205,,,,,,E,Y,4,0,1,3,A,-,07,21658,A,N,B,C,A,A,H,-,A,D,0,,,,,Y,,A,01,0,0,1,0,0,0,0,0,0,"- ","- ",37.741970062255859,-121.52699279785156,"SAN JOAQUIN",UNINCORPORATED,-121.5269775390625,37.742103576660156
91233388,2020,2020-05-04,9265,2020-04-25,1730,021526,,6,2,9,3900,0,3,5,,2,060,"SR-88 E/B","OVERHISER RD",207.00,W,N,A,-,Y,,,88,,,,,,E,Y,2,0,2,2,A,-,08,22107,,N,E,I,A,A,H,-,A,D,0,,,,,Y,,A,01,2,0,0,0,0,0,0,0,0,"- ","- ",37.995780944824219,-121.23274230957031,"SAN JOAQUIN",UNINCORPORATED,-121.23276519775391,37.995822906494141
91233842,2020,2020-05-05,9266,2020-05-02,2255,018217,,6,3,9,3900,0,1,1,,2,014,"I-205 E/B","HANSEN ROAD",1200.00,W,N,A,-,Y,,,205,,,,,,E,Y,4,0,1,3,A,-,07,21658,A,N,B,C,A,A,H,-,D,D,0,,,,,Y,,A,01,0,0,1,0,0,0,0,0,0,"- ","- ",37.741729736328125,-121.51820373535156,"SAN JOAQUIN",UNINCORPORATED,-121.51821136474609,37.741550445556641
91233877,2020,2020-05-05,9266,2020-05-05,0630,013668,,2,1,9,3900,0,1,1,,1,015,"I-205 W/B","PARADISE ROAD",1056.00,E,N,A,-,Y,,,205,,,,,,W,Y,4,0,1,2,A,-,03,22350,,N,C,C,A,A,H,-,A,D,0,,,,,Y,,A,07,0,0,1,0,0,0,0,0,0,"- ","- ",37.765090942382812,-121.38423156738281,"SAN JOAQUIN",UNINCORPORATED,-121.38423156738281,37.765056610107422
91234539,2020,2020-05-06,9266,2020-05-05,1145,013650,,2,1,9,3900,0,2,4,,1,016,"ELEVENTH STREET E/B TO N/B I-5","ELEVENTH STREET O/C",1056.00,N,N,A,-,Y,,,,,,,,,,Y,4,0,1,1,A,-,08,22107,,N,E,I,A,A,E,-,A,D,0,,,,,Y,,A,01,0,0,1,0,0,0,0,0,0,"- ","- ",37.761928558349609,-121.33821105957031,"SAN JOAQUIN",UNINCORPORATED,-121.42600250244141,37.739700317382812
91235271,2019,2020-05-08,9265,2019-09-17,1440,015408,,2,2,9,3900,0,2,4,,1,053,"WATERLOO ROAD",SR-99,40.00,W,N,A,-,Y,,,,,,,,,,N,4,0,1,2,A,-,03,22350,,N,C,C,A,A,H,-,A,D,0,,,Y,,Y,,C,02,0,0,1,0,0,0,0,0,1,"- ","- ",37.984821319580078,-121.24989318847656,"SAN JOAQUIN",UNINCORPORATED,-121.25034332275391,37.984474182128906
91235927,2020,2020-05-11,9266,2020-04-22,1610,022498,,3,2,5,3906,0,1,1,,1,015,"I-205 E/B","MACARTHUR DRIVE",106.00,E,N,A,-,Y,,,205,,,,,,E,Y,2,0,1,3,A,-,03,22350,,N,C,C,A,A,H,-,A,D,0,,,Y,Y,Y,,C,02,1,0,0,0,0,0,0,0,1,"- ","- ",37.764549255371094,-121.41177368164062,"SAN JOAQUIN",TRACY,-121.41176605224609,37.764537811279297
91236636,2020,2020-05-12,9265,2020-05-04,0100,020651,,1,3,9,3900,0,1,1,,2,502,"I-5 S/B","LATHROP RD",1778.00,N,N,A,-,Y,,,,,,,,,,Y,4,0,1,1,A,-,08,22107,,N,E,I,A,A,H,-,C,D,0,,,,,Y,,A,01,0,0,1,0,0,0,0,0,0,"- ","- ",37.831069946289062,-121.28851318359375,"SAN JOAQUIN",UNINCORPORATED,,
91236801,2020,2020-05-12,9265,2020-05-04,0805,018694,,1,1,3,3904,0,1,3,,2,001,"SR-99 N/B","JACK TONE ROAD",4224.00,N,N,A,-,Y,,,,,,,,,,N,3,0,1,2,A,-,03,22350,,N,C,C,A,A,H,-,A,D,0,,,,,Y,,D,22,0,1,0,0,0,0,0,0,0,"- ","- ",37.759231567382812,-121.15463256835938,"SAN JOAQUIN",RIPON,-121.14290618896484,37.753337860107422
91237416,2020,2020-05-13,9265,2020-05-06,1523,018955,,3,2,9,3900,0,3,5,,2,060,"FOPPIANO LN","SR-99 E FRONTAGE RD",325.00,E,N,A,-,N,,,,,,,,,,Y,4,0,1,1,A,-,01,23152,A,N,E,J,A,A,H,-,A,D,0,,,,,Y,Y,A,01,0,0,1,0,0,0,0,0,0,"- ","- ",38.024078369140625,-121.25636291503906,"SAN JOAQUIN",UNINCORPORATED,-121.25652313232422,38.02410888671875
91237930,2020,2020-05-14,9265,2020-05-03,2244,021537,,7,3,5,3902,0,3,5,,2,090,"LOWER SACRAMENTO RD","LIBERTY RD",795.00,N,N,A,-,Y,,,,,,,,,,Y,2,0,1,1,A,-,01,23152,A,N,E,I,A,A,H,-,D,D,0,,,,,Y,Y,D,22,1,0,0,0,0,0,0,0,0,"- ","- ",38.235210418701172,-121.29109954833984,"SAN JOAQUIN",LODI,-121.29122161865234,38.235675811767578
91238188,2020,2020-05-15,9265,2020-05-08,2351,021537,,5,3,5,3902,0,1,3,,2,004,"SR-99 N/B","PELTIER RD",80.00,S,N,A,-,Y,,,,,,,,,,Y,2,0,1,1,A,-,01,23152,A,N,F,A,A,A,H,-,C,D,0,,,,,Y,Y,A,01,1,0,0,0,0,0,0,0,0,"- ","- ",38.188751220703125,-121.26249694824219,"SAN JOAQUIN",LODI,-121.26256561279297,38.188999176025391
91238779,2020,2020-06-17,9265,2020-05-07,0340,019139,,4,3,9,3900,0,3,5,,2,040,SR-4,"ESCALON BELLOTA RD",2557.00,E,N,A,-,N,,,4,,,,,,,Y,3,0,1,1,A,-,08,22107,,N,E,I,A,A,H,-,D,B,0,,,,,Y,,A,07,0,1,0,0,0,0,0,0,0,"- ","- ",37.930038452148438,-120.99128723144531,"SAN JOAQUIN",UNINCORPORATED,-120.99128723144531,37.930099487304688
91239574,2020,2020-05-19,9265,2020-05-11,1434,017439,,1,2,4,3903,0,1,3,,2,025,"SR-120 E/B","MAIN ST.",1056.00,E,N,A,-,Y,,,,,,,,,,Y,2,0,2,2,A,-,03,22350,,N,C,C,A,A,H,-,A,D,0,,,,,Y,,A,01,1,1,0,0,0,0,0,0,0,"- ","- ",37.753520965576172,-121.138427734375,"SAN JOAQUIN",MANTECA,-121.21220397949219,37.783180236816406
91242022,2020,2020-06-22,9266,2020-05-15,1702,021975,,5,2,9,3900,0,1,1,,2,021,"I-580 E/B","CORRAL HOLLOW ROAD",6600.00,W,N,A,-,Y,,,,,,,,,,Y,3,0,2,1,A,-,08,22107,,N,E,I,A,A,H,-,A,D,0,,,,,Y,,A,01,0,1,1,0,0,0,0,0,0,"- ","- ",37.683250427246094,-121.47583770751953,"SAN JOAQUIN",UNINCORPORATED,-121.47553253173828,37.683124542236328
91242998,2020,2020-05-27,9265,2020-05-23,0630,015756,,6,1,9,3900,0,3,5,,2,060,SR-88,"ALPINE AVE",0.00,,Y,A,-,Y,,,88,,,,,,,N,4,0,1,2,A,-,12,21453,A,N,D,C,A,A,H,-,A,A,0,,,,,Y,,A,07,0,0,1,0,0,0,0,0,0,"- ","- ",38.016208648681641,-121.20733642578125,"SAN JOAQUIN",UNINCORPORATED,-121.20735168457031,38.016220092773438
91243059,2020,2020-05-27,9265,2020-05-24,1029,018511,,7,1,9,3900,0,2,4,,1,053,"WILSON WAY","ALPINE RD",1895.00,N,N,A,-,N,,,,,,,,,,N,4,0,1,2,A,-,05,21651,B,F,D,C,A,A,H,-,A,A,0,,,,,Y,,-,99,0,0,1,0,0,0,0,0,0,"- ","- ",37.992458343505859,-121.26595306396484,"SAN JOAQUIN",UNINCORPORATED,-121.26611328125,37.992568969726562
91243587,2020,2020-05-28,9266,2020-05-27,2205,020599,,3,3,9,3900,0,1,1,,1,015,"I-205 W/B","EL RANCHO",2006.00,W,N,A,-,Y,,,205,,,,,,W,Y,4,0,1,1,A,-,08,22107,,N,E,I,A,A,H,-,D,D,0,,,,,Y,,A,08,0,0,1,0,0,0,0,0,0,"- ","- ",37.764938354492188,-121.37904357910156,"SAN JOAQUIN",UNINCORPORATED,-121.37904357910156,37.765068054199219
91243698,2020,2020-05-28,9265,2020-05-16,0006,022123,,6,3,9,3900,0,2,4,,1,074,"W BEN HOLT DR.","N WILLIAMSBURG PL",0.00,,Y,A,-,N,,,,,,,,,,Y,3,0,3,2,A,-,01,23152,A,N,D,C,A,A,H,-,C,D,0,,,,,Y,Y,A,01,0,1,2,0,0,0,0,0,0,"- ","- ",38.006069183349609,-121.33782958984375,"SAN JOAQUIN",UNINCORPORATED,-121.33775799999999,38.006127999999997
91247311,2020,2020-06-04,9266,2020-05-31,2048,020083,,7,2,9,3900,0,1,1,,1,015,"I-205 E/B","I-5 N/B",1056.00,E,N,B,-,Y,,,205,,,,,,E,Y,3,0,4,1,A,-,08,22107,,N,E,I,A,A,H,-,D,D,0,,,,,Y,,A,01,0,2,2,0,0,0,0,0,0,"- ","- ",37.768100738525391,-121.32821655273438,"SAN JOAQUIN",UNINCORPORATED,-121.32823181152344,37.768123626708984
91248324,2020,2020-06-08,9265,2020-05-28,0845,015490,,4,1,9,3900,0,1,3,,2,004,"SR-99 N/B","SHIPPEE LN",135.00,N,N,A,-,Y,,,99,,,,,,N,Y,3,0,1,2,A,-,07,21658,A,N,B,C,A,A,H,-,A,D,0,,,Y,,Y,,C,02,0,1,0,0,0,0,0,0,1,"- ","- ",38.028781890869141,-121.25827789306641,"SAN JOAQUIN",UNINCORPORATED,-121.25819396972656,38.028781890869141
91248397,2020,2020-06-08,9265,2020-05-31,1405,015490,,7,2,9,3900,0,1,3,,1,062,"STATE ROUTE 88","WHITE LANE",313.00,W,N,A,-,Y,,,88,,,,,,,Y,2,0,1,2,A,-,01,23152,F,N,C,C,A,A,H,-,A,D,0,,,Y,,Y,,C,02,1,0,0,0,0,0,0,0,1,"- ","- ",38.000278472900391,-121.22589874267578,"SAN JOAQUIN",UNINCORPORATED,-121.22589874267578,38.000282287597656
91250138,2020,2020-06-10,9266,2020-06-05,2020,019717,,5,2,9,3900,0,1,1,,1,015,"I-205 W/B","EL RANCHO",450.00,W,N,A,G,Y,,,205,,,,,,W,Y,4,0,1,2,A,-,03,22350,,N,C,C,A,A,H,-,B,D,0,,,,,Y,,A,01,0,0,1,0,0,0,0,0,0,"- ","- ",37.765060424804688,-121.37355041503906,"SAN JOAQUIN",UNINCORPORATED,-121.37355041503906,37.765071868896484
91250274,2020,2020-06-10,9265,2020-05-13,1500,021781,,3,2,9,3900,0,1,3,,1,063,SR-12,SR-88,528.00,E,N,A,-,Y,,,12,,,,,,,N,4,0,1,2,A,-,03,22350,,N,C,C,A,A,H,-,A,D,0,,,,,Y,,A,07,0,0,1,0,0,0,0,0,0,"- ","- ",38.198020935058594,-121.067626953125,"SAN JOAQUIN",UNINCORPORATED,-121.067626953125,38.197994232177734
91250331,2020,2020-06-10,9265,2020-05-08,1507,019885,,5,2,9,3900,0,1,3,,1,092,SR-12,"GUARD RD",1043.00,E,N,A,-,Y,,,12,,,,,,,Y,2,0,3,2,A,-,08,22107,,N,A,C,A,A,H,-,A,D,0,,,,,Y,,A,07,1,2,0,0,0,0,0,0,0,"- ","- ",38.116119384765625,-121.41947937011719,"SAN JOAQUIN",UNINCORPORATED,-121.41947937011719,38.116100311279297
91250418,2020,2020-06-10,9265,2020-05-29,2259,020071,,5,3,4,3903,0,1,3,,2,025,"SR-120 E/B","MAIN ST.",2112.00,W,N,A,-,Y,,,120,,,,,,E,Y,2,0,2,1,A,-,08,22107,,N,E,I,A,A,D,-,D,D,0,,,,,Y,,A,01,1,0,1,0,0,0,0,0,0,"- ","- ",37.783218383789062,-121.22444152832031,"SAN JOAQUIN",MANTECA,-121.22444152832031,37.783172607421875
91251457,2020,2020-06-12,9265,2020-06-04,0628,015408,,4,1,9,3900,0,2,4,,1,091,"WEST LN SOUTHBOUND","ARMSTRONG RD.",0.00,,Y,A,-,N,,,,,,,,,,Y,3,0,3,4,A,-,12,21453,A,N,D,C,A,A,H,-,A,A,0,,,,,Y,,A,07,0,2,1,0,0,0,0,0,0,"- ","- ",38.086441040039062,-121.27857971191406,"SAN JOAQUIN",UNINCORPORATED,-121.27861022949219,38.086460113525391
91252172,2020,2020-06-15,9265,2020-06-02,1410,017123,,2,2,9,3900,0,1,3,,1,041,SR-4,"TRACY BLVD",5808.00,E,N,A,-,Y,,,,,,,,,,Y,3,0,1,2,A,-,05,21460,A,N,B,C,A,A,H,-,A,D,0,,,,,Y,,A,01,0,1,0,0,0,0,0,0,0,"- ","- ",37.31182861328125,-121.45063018798828,"SAN JOAQUIN",UNINCORPORATED,-121.45051574707031,37.911548614501953
91252427,2020,2020-06-16,9266,2020-06-12,1710,021975,,5,2,9,3900,0,1,1,,1,015,"I-205 E/B","PARADISE ROAD",1000.00,E,N,A,-,Y,,,205,,,,,,E,Y,4,0,1,3,A,-,03,22350,,N,C,C,A,A,H,-,A,D,0,,,,,Y,,A,01,0,0,1,0,0,0,0,0,0,"- ","- ",37.76483154296875,-121.38314819335938,"SAN JOAQUIN",UNINCORPORATED,-121.38314819335938,37.764759063720703
91252805,2020,2020-07-20,9266,2020-06-06,1650,019012,,6,2,9,3900,0,2,4,,2,030,"MOUNTAIN HOUSE PKWY","GRANT LINE ROAD",0.00,,Y,A,-,N,,,,,,,,,,Y,3,0,1,2,A,-,09,21453,C,N,D,C,A,A,H,-,A,A,0,,,,,Y,,A,01,0,1,0,0,0,0,0,0,0,"- ","- ",37.757900238037109,-121.53170013427734,"SAN JOAQUIN",UNINCORPORATED,-121.53170776367188,37.757949829101562
91256357,2020,2020-06-23,9265,2020-06-17,1534,018289,,3,2,9,3900,0,1,3,,1,062,"STATE ROUTE 12/88","MACKVILLE RD",0.00,,Y,A,-,Y,,,88,,,,,,,Y,4,0,1,2,A,-,09,21802,A,N,D,C,A,A,H,-,E,A,0,,,,,Y,,A,01,0,0,1,0,0,0,0,0,0,"- ","- ",38.191268920898438,-121.08634185791016,"SAN JOAQUIN",UNINCORPORATED,-121.08634185791016,38.191272735595703
91256565,2020,2020-06-24,9265,2020-06-12,0505,022123,,5,3,9,3900,0,3,5,,2,090,"PELTIER RD","N BENDER RD",1500.00,W,N,A,-,N,,,,,,,,,,Y,3,0,4,2,A,-,03,22350,,N,C,C,A,A,H,-,B,D,0,,,,,Y,,D,22,0,1,3,0,0,0,0,0,0,"- ","- ",38.189159393310547,-121.32244110107422,"SAN JOAQUIN",UNINCORPORATED,-121.32244110107422,38.189159393310547
91257500,2020,2020-06-25,9265,2020-06-21,1200,017989,,7,1,9,3900,0,2,4,,1,091,"EIGHT MILE RD","WEST LN",150.00,W,N,A,-,N,,,,,,,,,,N,3,0,3,2,A,-,07,21658,A,N,B,C,A,A,H,-,A,A,0,,,,,Y,,A,01,0,3,0,0,0,0,0,0,0,"- ","- ",38.057468414306641,-121.29714965820312,"SAN JOAQUIN",UNINCORPORATED,-121.29685974121094,38.057464599609375
91259187,2020,2020-06-26,9265,2020-06-17,1700,022134,,3,2,9,3900,0,1,1,,2,504,"THORNTON RD","I-5 FRONTAGE RD",0.00,,Y,A,-,N,,,,,,,,,,Y,3,0,2,2,A,-,09,21802,B,N,D,C,A,A,H,-,A,A,0,,,,,Y,,A,01,0,1,1,0,0,0,0,0,0,"- ","- ",38.096790313720703,-121.38484954833984,"SAN JOAQUIN",UNINCORPORATED,-121.38491058349609,38.096870422363281
91259943,2020,2020-06-29,9266,2020-06-24,0435,021956,,3,3,9,3900,0,3,5,,2,001,"LAMMERS ROAD","PHILIP MARTIN COURT",238.00,E,N,A,-,N,,,,,,,,,,Y,3,0,1,1,A,-,08,22107,,N,F,A,A,A,H,-,D,D,0,,,,,Y,,A,07,0,1,0,0,0,0,0,0,0,"- ","- ",37.790390014648438,-121.45732116699219,"SAN JOAQUIN",UNINCORPORATED,-121.45717620849609,37.790401458740234
91260042,2020,2020-06-29,9265,2020-06-21,1220,019128,,7,1,9,3900,0,1,3,,2,001,"SR-99 N/B","JACK TONE ROAD",5280.00,N,N,A,-,Y,,,99,,,,,,N,Y,4,0,1,1,A,-,08,22107,,N,E,I,A,A,H,-,A,D,0,,,,,Y,,A,01,0,0,1,0,0,0,0,0,0,"- ","- ",37.760780334472656,-121.15757751464844,"SAN JOAQUIN",UNINCORPORATED,-121.157470703125,37.760967254638672
91260089,2020,2020-06-29,9265,2020-06-05,1205,015756,,5,1,6,3905,0,1,3,,1,042,"SR-4 W/B","B ST.",1320.00,E,N,A,-,Y,,,4,,,,,,W,Y,3,0,4,3,A,-,08,22107,,F,B,C,A,A,H,-,A,D,0,,,,,Y,,-,99,0,4,0,0,0,0,0,0,0,"- ","- ",37.957511901855469,-121.26212310791016,"SAN JOAQUIN",STOCKTON,-121.26212310791016,37.957511901855469
91261052,2020,2020-06-30,9266,2020-05-18,2500,015029,,1,4,9,3900,0,1,3,,1,011,"STATE ROUTE 4","TRACY BOULEVARD",3696.00,W,N,B,-,Y,,,4,,,,,,,Y,1,1,0,1,A,-,01,23152,A,N,F,A,A,A,H,-,D,D,0,,,,,Y,Y,A,01,0,0,0,0,0,0,0,0,0,"- ","- ",37.897258758544922,-121.47757720947266,"SAN JOAQUIN",UNINCORPORATED,-121.47759246826172,37.897312164306641
91262225,2020,2020-07-02,9265,2020-06-24,1710,013539,,3,2,4,3903,0,1,1,,2,502,"I-5 S/B","SAN JOAQUIN RIVER",25.00,N,N,A,-,Y,,,,,,,,,,Y,4,0,3,2,A,-,08,22107,,N,E,I,A,A,H,-,A,D,0,,,,Y,Y,,A,01,0,0,3,0,0,0,0,0,0,"- ","- ",37.785648345947266,-121.30587005615234,"SAN JOAQUIN",MANTECA,,
91264687,2020,2020-07-14,9265,2020-06-28,0108,022364,,7,3,9,3900,0,1,3,,2,003,"SR 99 NB","MARIPOSA RD",0.00,,N,A,-,Y,,,99,,,,,,N,Y,3,0,2,2,A,-,01,23152,A,N,C,C,A,A,H,-,C,D,0,,,,,Y,Y,A,07,0,2,0,0,0,0,0,0,0,"- ","- ",37.914951324462891,-121.22689819335938,"SAN JOAQUIN",UNINCORPORATED,-121.22685241699219,37.914970397949219
91264749,2020,2020-07-07,9265,2020-06-27,1935,021644,,6,2,9,3900,0,3,5,,2,060,"JAHANT RD","JAHANT CT",0.00,,Y,A,-,N,,,,,,,,,,Y,4,0,1,2,A,-,05,21752,D,N,D,C,A,A,H,-,A,D,0,,,,,Y,,A,01,0,0,1,0,0,0,0,0,0,"- ","- ",38.204471588134766,-121.18253326416016,"SAN JOAQUIN",UNINCORPORATED,-121.18251037597656,38.204448699951172
91264989,2020,2020-07-08,9265,2020-06-30,0456,022123,,2,3,9,3900,0,1,3,,1,062,SR-88,"LIVE OAK RD",2640.00,W,N,A,-,Y,,,88,,,,,,,Y,4,0,2,2,A,-,03,22350,,N,C,C,A,A,H,-,D,D,0,,,,,Y,,A,01,0,0,2,0,0,0,0,0,0,"- ","- ",38.07244873046875,-121.18721008300781,"SAN JOAQUIN",UNINCORPORATED,-121.18720245361328,38.07244873046875