CASE_ID,ACCIDENT_YEAR,PROC_DATE,JURIS,COLLISION_DATE,COLLISION_TIME,OFFICER_ID,REPORTING_DISTRICT,DAY_OF_WEEK,CHP_SHIFT,POPULATION,CNTY_CITY_LOC,SPECIAL_COND,BEAT_TYPE,CHP_BEAT_TYPE,CITY_DIVISION_LAPD,CHP_BEAT_CLASS,BEAT_NUMBER,PRIMARY_RD,SECONDARY_RD,DISTANCE,DIRECTION,INTERSECTION,WEATHER_1,WEATHER_2,STATE_HWY_IND,CALTRANS_COUNTY,CALTRANS_DISTRICT,STATE_ROUTE,ROUTE_SUFFIX,POSTMILE_PREFIX,POSTMILE,LOCATION_TYPE,RAMP_INTERSECTION,SIDE_OF_HWY,TOW_AWAY,COLLISION_SEVERITY,NUMBER_KILLED,NUMBER_INJURED,PARTY_COUNT,PRIMARY_COLL_FACTOR,PCF_CODE_OF_VIOL,PCF_VIOL_CATEGORY,PCF_VIOLATION,PCF_VIOL_SUBSECTION,HIT_AND_RUN,TYPE_OF_COLLISION,MVIW,PED_ACTION,ROAD_SURFACE,ROAD_COND_1,ROAD_COND_2,LIGHTING,CONTROL_DEVICE,CHP_ROAD_TYPE,PEDESTRIAN_ACCIDENT,BICYCLE_ACCIDENT,MOTORCYCLE_ACCIDENT,TRUCK_ACCIDENT,NOT_PRIVATE_PROPERTY,ALCOHOL_INVOLVED,STWD_VEHTYPE_AT_FAULT,CHP_VEHTYPE_AT_FAULT,COUNT_SEVERE_INJ,COUNT_VISIBLE_INJ,COUNT_COMPLAINT_PAIN,COUNT_PED_KILLED,COUNT_PED_INJURED,COUNT_BICYCLIST_KILLED,COUNT_BICYCLIST_INJURED,COUNT_MC_KILLED,COUNT_MC_INJURED,PRIMARY_RAMP,SECONDARY_RAMP,LATITUDE,LONGITUDE,COUNTY,CITY,POINT_X,POINT_Y
9390043,2021,2022-02-22,3903,2021-11-22,1330,2295,,1,5,4,3903,0,0,0,,0,,"SOUTH AIRPORT WY","WEST YOSEMITE AV",236.00,S,N,A,-,N,,,,,,,,,,Y,4,0,2,2,A,-,05,21460,A,N,D,C,A,A,H,-,A,D,0,,,,,Y,,A,07,0,0,2,0,0,0,0,0,0,"- ","- ",,,"SAN JOAQUIN",MANTECA,-121.25222015380859,37.796680450439453
9390653,2021,2022-01-21,3904,2021-10-23,0654,P109,3,6,5,3,3904,0,0,0,,0,00B,"W RIPON RD","S JACKTONE",202.00,W,N,A,-,N,,,,,,,,,,Y,2,0,1,1,A,-,08,22107,,N,E,I,A,A,H,-,C,D,0,,,,,Y,,A,01,1,0,0,0,0,0,0,0,0,"- ","- ",37.739509582519531,-121.14219665527344,"SAN JOAQUIN",RIPON,-121.14292144775391,37.739521026611328
9390754,2021,2022-01-24,3903,2021-11-21,1612,5613,,7,5,4,3903,0,0,0,,0,,"PARK AV","W WETMORE ST",15.00,N,N,A,-,N,,,,,,,,,,N,4,0,1,2,A,-,10,21950,A,F,G,B,E,A,H,-,-,D,0,Y,,,,Y,Y,-,,0,0,1,0,1,0,0,0,0,"- ","- ",37.793750762939453,-121.21975708007812,"SAN JOAQUIN",MANTECA,-121.21977233886719,37.793792724609375
9391551,2021,2022-02-17,3902,2021-08-12,0437,CA103,,4,5,5,3902,0,0,0,,0,,"BONNARD WY","LEONARDO WY",18.00,N,N,A,-,N,,,,,,,,,,N,3,0,1,2,A,-,03,22350,,M,G,B,E,A,H,-,C,D,0,Y,,,,Y,,D,22,0,1,0,0,1,0,0,0,0,"- ","- ",,,"SAN JOAQUIN",LODI,-121.30229949951172,38.110908508300781
9392690,2021,2022-01-28,3902,2021-11-11,1831,71,,4,5,5,3902,0,0,0,,0,,"S LOWER SACRAMENTO RD","E KRISTEN CT",26.00,N,N,A,-,N,,,,,,,,,,Y,3,0,1,1,A,-,08,22107,,N,E,I,A,A,H,-,C,D,0,,,,,Y,,A,01,0,1,0,0,0,0,0,0,0,"- ","- ",,,"SAN JOAQUIN",LODI,-121.30641937255859,38.103382110595703
9392710,2021,2022-02-01,3903,2021-12-19,1342,4000,,7,5,4,3903,0,0,0,,0,,"WEST LOUISE AV","N HACIENDA AV",0.00,,Y,A,-,N,,,,,,,,,,Y,3,0,2,2,A,-,08,22107,,N,D,C,A,A,H,-,A,A,0,,,,,Y,,A,01,0,2,0,0,0,0,0,0,0,"- ","- ",37.811908721923828,-121.22786712646484,"SAN JOAQUIN",MANTECA,-121.22787475585938,37.811943054199219
9392711,2021,2022-02-01,3903,2021-12-20,1207,3991,,1,5,4,3903,0,0,0,,0,,"FREMONT ST","YOSEMITE AV",0.00,,Y,B,-,N,,,,,,,,,,,3,0,1,2,A,-,09,21801,A,N,A,C,A,A,H,-,A,A,0,,,,,Y,,A,01,0,1,0,0,0,0,0,0,0,"- ","- ",,,"SAN JOAQUIN",MANTECA,-121.20960235595703,37.79742431640625
9392712,2021,2022-02-01,3903,2021-12-22,1737,3769,,3,5,4,3903,0,0,0,,0,,"STONEWOOD AV","NORTHGATE DR",0.00,,Y,A,-,N,,,,,,,,,,N,4,0,1,2,A,-,05,21650,,N,H,G,A,A,H,-,C,A,0,,Y,,,Y,,L,04,0,0,1,0,0,0,1,0,0,"- ","- ",37.819061279296875,-121.22470092773438,"SAN JOAQUIN",MANTECA,-121.22470855712891,37.819061279296875
94019273,2024,2024-08-09,9265,2024-07-30,1940,023277,,2,2,9,3900,0,3,5,,2,020,"FRENCH CAMP RD","DUDLEY RD",130.00,W,N,A,-,N,,,,,,,,,,N,4,0,1,2,A,-,08,22107,,M,D,C,A,A,H,-,A,D,0,,,,,Y,,-,99,0,0,1,0,0,0,0,0,0,"- ","- ",37.878810882568359,-121.26197814941406,"SAN JOAQUIN",UNINCORPORATED,-121.26290893554688,37.879230499267578
94020626,2024,2024-08-12,9265,2024-07-30,"8   ",023195,,2,3,4,3903,0,1,3,,2,001,"SR-99 N/B TO AUSTIN ROAD","AUSIN ROAD",147.00,S,N,A,-,Y,SJ,,99," "," ",4.865,H,,R,Y,2,0,1,1,A,-,01,23152,G,N,E,I,A,A,H,-,D,D,0,,,,,Y,Y,A,01,1,0,0,0,0,0,0,0,0,"- ","- ",37.774681091308594,-121.17875671386719,"SAN JOAQUIN",MANTECA,-121.17896270751953,37.774517059326172
9408450,2022,2022-03-02,3903,2022-01-19,1122,3540,,3,5,4,3903,0,0,0,,0,,"YVONNE AV","W LOUISE AV W",0.00,,Y,B,-,N,,,,,,,,,,Y,2,0,2,2,A,-,12,21453,A,N,D,C,A,A,H,-,A,A,0,,,,,Y,,A,01,1,1,0,0,0,0,0,0,0,"- ","- ",37.811908721923828,-121.22339630126953,"SAN JOAQUIN",MANTECA,-121.22346496582031,37.81195068359375
9408806,2022,2022-03-09,3906,2022-02-13,2021,1094,,7,5,5,3906,0,0,0,,0,005,"GRANT LINE RD","EAST ST",0.00,,Y,A,-,N,,,,,,,,,,Y,3,0,2,2,A,-,09,21453,C,N,A,C,A,A,H,-,C,A,0,,,,,Y,,A,01,0,2,0,0,0,0,0,0,0,"- ","- ",,,"SAN JOAQUIN",TRACY,-121.42121887207031,37.754207611083984
9409097,2022,2022-03-22,3903,2022-01-27,2131,5019,,4,5,4,3903,0,0,0,,0,,"N UNION","LATHROP RD",338.00,N,N,A,-,Y,,,,,,,,,,,3,0,1,1,A,-,01,23152,A,M,E,I,A,A,H,-,C,D,0,,,,,Y,Y,D,22,0,1,0,0,0,0,0,0,0,"- ","- ",37.826431274414062,-121.23590850830078,"SAN JOAQUIN",MANTECA,-121.23593139648438,37.826431274414062
9409109,2022,2022-03-09,3903,2022-01-13,1838,5686,1,4,5,4,3903,0,0,0,,0,,"NORTHGATE DR","S AIRPORT WY S",0.00,,Y,A,-,N,,,,,,,,,,Y,4,0,1,3,A,-,03,22350,,N,D,C,A,A,H,-,C,D,0,,,,,Y,,A,01,0,0,1,0,0,0,0,0,0,"- ","- ",37.797531127929688,-121.19023895263672,"SAN JOAQUIN",MANTECA,-121.25340270996094,37.819450378417969
9413463,2022,2022-04-06,3906,2022-02-23,1534,1730,,3,5,5,3906,0,0,0,,0,006,"N MACARTHUR DR","PESCADERO AV",716.00,S,N,A,-,N,,,,,,,,,,N,3,0,1,2,A,-,08,22107,,N,D,C,A,A,H,-,A,D,0,,,,,Y,,A,01,0,1,0,0,0,0,0,0,0,"- ","- ",,,"SAN JOAQUIN",TRACY,-121.41471099853516,37.759555816650391
9413464,2022,2022-03-10,3906,2022-02-26,1238,1549,,6,5,5,3906,0,0,0,,0,006,"GRANT LINE RD","TRACY BL",500.00,W,N,B,-,N,,,,,,,,,,N,2,0,1,2,A,-,09,21804,A,N,D,G,A,A,H,-,A,A,0,,Y,,,Y,,A,01,1,0,0,0,0,0,1,0,0,"- ","- ",,,"SAN JOAQUIN",TRACY,-121.43675994873047,37.754169464111328
9420682,2022,2022-04-29,3902,2022-01-03,0823,31,C3,1,5,5,3902,0,0,0,,0,003,"VINE ST","MILLS AV",9.00,E,N,A,-,N,,,,,,,,,,,2,0,1,2,A,-,10,21950,A,N,G,B,B,A,H,-,A,D,0,Y,,,,Y,,A,01,1,0,0,0,1,0,0,0,0,"- ","- ",38.122871398925781,-121.29696655273438,"SAN JOAQUIN",LODI,-121.29693603515625,38.122798919677734
9421105,2022,2022-05-02,3902,2022-01-01,1550,105,CENTR,6,5,5,3902,0,0,0,,0,005,"TURNER RD","PLEASANT AV",0.00,,Y,A,-,N,,,,,,,,,,N,3,0,1,2,A,-,10,21950,A,F,G,B,B,A,H,-,A,D,0,Y,,,,Y,Y,D,82,0,1,0,0,1,0,0,0,0,"- ","- ",38.145660400390625,-121.27635192871094,"SAN JOAQUIN",LODI,-121.27638244628906,38.14569091796875
9421860,2021,2022-05-02,3902,2021-11-28,1232,100,CENTR,7,5,5,3902,0,0,0,,0,005,"GARFIELD ST","EDEN ST",72.00,N,N,A,-,N,,,,,,,,,,N,4,0,1,2,A,-,11,21954,A,M,G,B,D,A,H,-,A,D,0,Y,,,,Y,,N,60,0,0,1,0,1,0,0,0,0,"- ","- ",38.1279296875,-121.26271057128906,"SAN JOAQUIN",LODI,-121.26286315917969,38.128139495849609
9422778,2022,2022-03-29,3906,2022-03-18,1547,1758,,5,5,5,3906,0,0,0,,0,005,"HANSEN RD","PROMONTORY PKWY",0.00,,Y,A,-,N,,,,,,,,,,Y,3,0,2,2,-,-,"- ",,A,N,-,C,A,A,H,-,A,A,0,,,,,Y,,-,"- ",0,2,0,0,0,0,0,0,0,"- ","- ",,,"SAN JOAQUIN",TRACY,-121.51319885253906,37.733039855957031
9426424,2022,2022-03-30,3906,2022-03-03,0733,10492,,4,5,5,3906,0,0,0,,0,007,"W SCHULTE RD","S SCHULTE CT",50.00,E,N,A,-,N,,,,,,,,,,Y,4,0,2,2,A,-,03,22350,,N,C,C,A,A,H,-,A,A,0,,,,,Y,,A,01,0,0,2,0,0,0,0,0,0,"- ","- ",,,"SAN JOAQUIN",TRACY,-121.52632904052734,37.721881866455078
9427097,2022,2022-04-06,3906,2022-03-25,1824,941,TSC,5,5,5,3906,0,0,0,,0,003,"SCHULTE RD","BARCELONA DR",0.00,,Y,A,-,N,,,,,,,,,,Y,3,0,1,2,A,-,09,21804,A,N,-,C,A,A,H,-,A,D,0,,,,,Y,,A,01,0,1,0,0,0,0,0,0,0,"- ","- ",,,"SAN JOAQUIN",TRACY,-121.45669555664062,37.728603363037109
9427907,2022,2022-04-07,3906,2022-03-24,0825,1760,,4,5,5,3906,0,0,0,,0,004,"WEST GRANTLINE RD","ORCHARD CT",0.00,,Y,A,-,N,,,,,,,,,,Y,4,0,1,2,A,-,12,21453,A,N,D,C,A,A,H,-,A,A,0,,,,,Y,,A,01,0,0,1,0,0,0,0,0,0,"- ","- ",37.754070281982422,-121.45659637451172,"SAN JOAQUIN",TRACY,,
9428408,2022,2022-05-23,3900,2022-04-10,1917,162203,3900,7,5,2,3920,0,0,0,,0,009,"EAST LOUISE AV","RT 15",0.00,,Y,A,-,Y,SJ,10,5,-,R,16.709,R,4,S,N,4,0,2,2,A,-,12,21453,A,N,D,C,A,A,H,-,B,A,0,,,,,Y,,A,01,0,0,2,0,0,0,0,0,0,"- ",SF,37.811878204345703,-121.29640197753906,"SAN JOAQUIN",LATHROP,-121.29463195800781,37.814960479736328
94355111,2024,2024-08-15,9265,2024-08-03,1645,020785,,6,2,9,3900,0,1,3,,2,006,"SR-99 N/B","JAHANT RD",530.00,S,N,A,-,Y,SJ,,99," "," ",35.486,H,,R,Y,3,0,1,1,A,-,08,22107,,N,E,I,A,A,H,-,A,D,0,,,,,Y,,A,01,0,1,0,0,0,0,0,0,0,"- ","- ",38.202388763427734,-121.26283264160156,"SAN JOAQUIN",UNINCORPORATED,-121.26290130615234,38.202388763427734
94355910,2024,2024-08-15,9265,2024-08-04,1457,022407,,7,2,9,3900,0,1,3,,1,011,SR-120,"VAN ALLEN RD",1707.00,W,N,A,-,N,,,,,,,,,,N,3,0,1,1,A,-,08,22107,,N,E,I,A,A,H,-,A,D,0,,,,,Y,,A,07,0,1,0,0,0,0,0,0,0,"- ","- ",37.798439025878906,-121.05770111083984,"SAN JOAQUIN",UNINCORPORATED,-121.05799865722656,37.798431396484375
94355932,2024,2024-08-15,9265,2024-08-04,1755,023736,,7,2,4,3903,0,1,3,,2,025,"SR-120 E/B","UNION RD",511.00,E,N,A,-,Y,SJ,,120," ",R,4.414,H,,R,N,4,0,3,4,A,-,03,22350,,N,C,C,A,A,H,-,A,D,0,,,,,Y,,A,01,0,0,3,0,0,0,0,0,0,"- ","- ",37.783130645751953,-121.23223114013672,"SAN JOAQUIN",MANTECA,-121.23223114013672,37.783138275146484
94357265,2024,2024-08-16,9265,2024-08-06,1414,020785,,2,2,9,3900,0,2,4,,1,093,"LOWER SACRAMENTO RD","ACADEMY ST",490.00,S,N,A,-,N,,,,,,,,,,N,4,0,1,2,A,-,08,22107,,N,B,C,A,A,H,-,A,D,0,,,,,Y,,A,01,0,0,1,0,0,0,0,0,0,"- ","- ",38.149181365966797,-121.302001953125,"SAN JOAQUIN",UNINCORPORATED,-121.30204010009766,38.149196624755859
94360276,2024,2024-08-19,9265,2024-08-07,1510,015629,,3,2,9,3900,0,3,5,,2,090,"ARMSTRONG ROAD","LOWER SACRAMENTO ROAD",1584.00,E,N,A,-,N,,,,,,,,,,Y,3,0,1,2,A,-,03,22350,,N,C,C,A,A,H,-,A,D,0,,,,,Y,,A,01,0,1,0,0,0,0,0,0,0,"- ","- ",38.086490631103516,-121.30021667480469,"SAN JOAQUIN",UNINCORPORATED,-121.30508422851562,38.086521148681641
94360297,2024,2024-08-19,9265,2024-08-07,1500,016639,,3,2,9,3900,0,3,5,,2,090,"DEVRIES RD","ARMSTRONG RD",300.00,N,N,A,-,N,,,,,,,,,,N,3,0,1,2,A,-,03,22350,,N,C,C,A,A,H,-,A,D,0,,,,,Y,,A,01,0,1,0,0,0,0,0,0,0,"- ","- ",38.087409973144531,-121.35214996337891,"SAN JOAQUIN",UNINCORPORATED,-121.35215759277344,38.087554931640625
94361991,2024,2024-08-21,9265,2024-08-08,1718,022887,,4,2,9,3900,0,1,1,,2,502,"I-5 N/B","LATHROP ROAD",57.00,N,N,A,-,Y,SJ,,5," ",R,17.547,H,,R,Y,4,0,1,2,A,-,03,22350,,N,C,C,A,A,H,-,A,D,0,,,,,Y,,A,01,0,0,1,0,0,0,0,0,0,"- ","- ",37.826580047607422,-121.28988647460938,"SAN JOAQUIN",UNINCORPORATED,-121.28983306884766,37.826564788818359
94364050,2024,2024-08-21,9265,2024-08-05,2310,023156,,1,3,9,3900,0,3,5,,2,060,"SR-99 E FRONTAGE RD","TUDOR ROSE GLEN",297.00,S,N,A,-,N,,,,,,,,,,N,2,0,1,2,A,-,05,21650,,N,H,G,A,A,H,-,D,D,0,,Y,,,Y,,L,04,1,0,0,0,0,0,1,0,0,"- ","- ",38.051609039306641,-121.25872802734375,"SAN JOAQUIN",UNINCORPORATED,,
94364353,2024,2026-01-29,9265,2024-07-27,"221 ",022042,,6,3,9,3900,0,3,5,,2,060,"FOPPIANO LN","SOLARI RANCH RD",45.00,E,N,A,-,N,,,,,,,,,,Y,4,0,1,1,A,-,03,22350,,N,E,I,A,A,H,-,D,D,0,,,,,Y,,A,01,0,0,1,0,0,0,0,0,0,"- ","- ",38.026168823242188,-121.23226165771484,"SAN JOAQUIN",UNINCORPORATED,-121.23226165771484,38.026294708251953
94364594,2024,2024-08-21,9265,2024-08-14,"740 ",017989,,3,1,9,3900,0,3,5,,2,020,"FRENCH CAMP RD","PRESCOTT RD",250.00,E,N,A,-,N,,,,,,,,,,N,3,0,1,2,A,-,08,22107,,N,F,A,A,A,H,-,A,D,0,,,Y,,Y,,C,02,0,1,0,0,0,0,0,0,1,"- ","- ",37.839241027832031,-121.16671752929688,"SAN JOAQUIN",UNINCORPORATED,-121.16625213623047,37.838993072509766
94365625,2024,2024-08-22,9265,2024-08-02,1830,022798,,5,2,9,3900,0,3,5,,2,090,"N/B LOWER SACRAMENTO RD","ACAMPO RD",860.00,N,N,B,-,N,,,,,,,,,,Y,2,0,1,1,A,-,08,22107,,N,E,8,A,A,H,-,A,D,0,,,,,Y,,A,07,1,0,0,0,0,0,0,0,0,"- ","- ",38.177089691162109,-121.29422760009766,"SAN JOAQUIN",UNINCORPORATED,-121.29413604736328,38.177032470703125
94365887,2024,2024-08-22,9265,2024-08-09,1403,015629,,5,2,9,3900,0,3,5,,2,060,"CHEROKEE LANE","COLLIER ROAD",0.00,,Y,A,-,N,,,,,,,,,,Y,2,0,1,2,A,-,09,21802,A,N,D,C,A,A,H,-,A,A,0,,,Y,,Y,,A,01,1,0,0,0,0,0,0,0,1,"- ","- ",38.218330383300781,-121.26316070556641,"SAN JOAQUIN",UNINCORPORATED,-121.26319122314453,38.218338012695312
94366550,2024,2024-08-22,9266,2024-08-10,"940 ",021677,,6,1,9,3900,0,1,1,,2,024,"I-5 N/B","ELEVENTH STREET",2376.00,N,N,A,-,N,,,,,,,,,,N,3,0,1,1,A,-,07,21658,A,N,E,I,A,A,H,-,A,D,0,,,,,Y,,A,01,0,1,0,0,0,0,0,0,0,"- ","- ",37.763679504394531,-121.33612823486328,"SAN JOAQUIN",UNINCORPORATED,-121.3414306640625,37.760540008544922
94368214,2024,2024-08-23,9265,2024-07-08,1825,023223,,1,2,9,3900,0,3,5,,2,060,"KETTLEMAN LN","CURRY AVE",0.00,,Y,A,-,N,,,,,,,,,,N,3,0,1,2,A,-,12,22450,A,N,D,C,A,A,H,-,A,A,0,,,,,Y,Y,A,01,0,1,0,0,0,0,0,0,0,"- ","- ",38.115810394287109,-121.23831176757812,"SAN JOAQUIN",UNINCORPORATED,-121.23832702636719,38.115818023681641
94372259,2024,2024-08-27,9266,2024-08-19,1330,018628,,1,1,2,3920,0,1,1,,2,024,"I-5 S/B","STEWART ROAD",600.00,S,N,A,-,Y,SJ,,5," ",R,13.701,H,,L,N,4,0,1,3,A,-,08,22107,,N,B,C,A,A,H,-,A,A,0,,,,,Y,,A,01,0,0,1,0,0,0,0,0,0,"- ","- ",37.777729034423828,-121.31752777099609,"SAN JOAQUIN",LATHROP,-121.31755065917969,37.777744293212891
94373553,2024,2024-08-28,9265,2024-08-13,"435 ",022282,,2,3,9,3900,0,1,3,,1,092,SR-12,"JOHNSON WAY",250.00,W,N,A,-,Y,SJ,,12," ",M,4.906,H,,R,Y,2,0,5,3,A,-,05,21460,A,N,B,2,A,A,H,-,C,D,0,,,,,Y,,A,01,2,1,2,0,0,0,0,0,0,"- ","- ",38.115211486816406,-121.49443054199219,"SAN JOAQUIN",UNINCORPORATED,-121.49443054199219,38.115238189697266
94374541,2024,2024-08-29,9265,2024-08-16,"840 ",019182,,5,1,9,3900,0,3,5,,2,010,"LONE TREE RD","STEINEGUL RD",0.00,,Y,A,-,N,,,,,,,,,,Y,4,0,2,2,A,-,09,21802,A,N,D,2,A,A,H,-,A,A,0,,,,,Y,,A,08,0,0,2,0,0,0,0,0,0,"- ","- ",37.827610015869141,-120.9609375,"SAN JOAQUIN",UNINCORPORATED,-120.96090698242188,37.827613830566406
94375529,2024,2024-08-29,9265,2024-08-19,2335,023174,,1,3,6,3905,0,1,3,,2,004,"SR-99 S/B","SOUTH 99 FRONTAGE RD",588.00,N,N,A,-,Y,SJ,,99," "," ",22.019,H,,L,Y,4,0,1,1,A,-,08,22107,,N,E,I,A,A,H,-,D,D,0,,,,,Y,,A,01,0,0,1,0,0,0,0,0,0,"- ","- ",38.008098602294922,-121.25798797607422,"SAN JOAQUIN",STOCKTON,-121.25807189941406,38.008098602294922
94375825,2024,2024-08-29,9265,2024-08-20,"800 ",023185,,2,1,9,3900,0,1,3,,1,042,"SR-4 E/B TO I-5 N/B","LINCOLN ST",20.00,W,N,A,-,Y,,,,,,,,,,N,4,0,1,2,A,-,03,22350,,N,C,C,A,A,H,-,A,D,0,,,,,Y,,A,07,0,0,1,0,0,0,0,0,0,"- ","- ",37.949459075927734,-121.29730224609375,"SAN JOAQUIN",UNINCORPORATED,-121.29696655273438,37.948799133300781
94375946,2024,2024-08-29,9265,2024-08-12,1839,023277,,1,2,9,3900,0,1,3,,1,041,"SR-4 E/B","TRACY BLVD",6072.00,E,N,A,-,Y,SJ,,4," "," ",7.206,H,,R,N,2,0,1,1,A,-,01,23152,A,N,H,J,A,A,H,-,A,D,0,,,,,Y,Y,A,01,1,0,0,0,0,0,0,0,0,"- ","- ",37.912528991699219,-121.44967651367188,"SAN JOAQUIN",UNINCORPORATED,-121.44961547851562,37.912498474121094
94377313,2024,2024-08-30,9265,2024-08-21,1605,015629,,3,2,9,3900,0,3,5,,2,090,"ARMSTRONG ROAD","PEARSON ROAD",50.00,W,N,A,-,N,,,,,,,,,,Y,4,0,1,3,A,-,03,22350,,N,C,C,A,A,H,-,A,A,0,,,,,Y,,D,22,0,0,1,0,0,0,0,0,0,"- ","- ",38.086559295654297,-121.27562713623047,"SAN JOAQUIN",UNINCORPORATED,-121.27542114257812,38.086544036865234
94378879,2024,2024-09-03,9265,2024-08-19,"450 ",023612,,1,3,9,3900,0,1,3,,2,003,"SR-99 N/B TO SR-26","MYRTLE ST O/C",200.00,S,N,A,-,Y,,,,,,,,,,Y,4,0,1,2,A,-,08,22107,,N,D,C,A,A,H,-,D,D,0,,,,Y,Y,,A,01,0,0,1,0,0,0,0,0,0,"- ","- ",37.964248657226562,-121.24249267578125,"SAN JOAQUIN",UNINCORPORATED,-121.24280548095703,37.964111328125
94378917,2024,2024-09-03,9265,2024-08-21,"406 ",023277,,3,3,9,3900,0,3,5,,2,090,"THORNTON RD","TURNER RD",2850.00,S,N,A,-,N,,,,,,,,,,Y,4,0,1,2,A,-,09,21804,A,N,D,C,A,A,H,-,D,D,0,,,,Y,Y,,G,25,0,0,1,0,0,0,0,0,0,"- ","- ",38.13800048828125,-121.3985595703125,"SAN JOAQUIN",UNINCORPORATED,-121.39871215820312,38.138221740722656
94379879,2024,2024-09-03,9265,2024-08-22,"540 ",019182,,4,3,9,3900,0,2,4,,1,031,"FRENCH CAMP RD","AUSTIN RD",0.00,,Y,A,-,N,,,,,,,,,,Y,4,0,1,2,A,-,09,21800,A,N,D,C,A,A,H,-,D,A,0,,,,,Y,,A,01,0,0,1,0,0,0,0,0,0,"- ","- ",37.847549438476562,-121.18630981445312,"SAN JOAQUIN",UNINCORPORATED,-121.18634033203125,37.847602844238281
94380291,2024,2024-09-04,9265,2024-08-23,"735 ",015629,,5,1,9,3900,0,3,5,,2,060,"LIBERTY ROAD","DUSTIN ROAD",0.00,,Y,A,-,N,,,,,,,,,,Y,4,0,2,2,A,-,12,22450,A,N,D,C,A,A,H,-,A,A,0,,,,,Y,,A,01,0,0,2,0,0,0,0,0,0,"- ","- ",38.234058380126953,-121.22679138183594,"SAN JOAQUIN",UNINCORPORATED,-121.22674560546875,38.234043121337891
9438293,2022,2022-05-24,3900,2022-04-26,1716,162733,3900,2,5,2,3920,0,0,0,,0,009,"MANTHEY RD","LATHROP RD",0.00,,Y,A,-,N,,,,,,,,,,N,4,0,1,2,A,-,11,21950,B,N,G,B,B,A,H,-,A,D,0,Y,,,,Y,,N,60,0,0,1,0,1,0,0,0,0,"- ","- ",,,"SAN JOAQUIN",LATHROP,-121.2918701171875,37.826351165771484
94383135,2024,2024-09-05,9266,2024-08-23,1830,022029,,5,2,9,3900,0,1,1,,1,015,"I-205 E/B","STEWART RD",2137.00,W,N,B,-,Y,SJ,,5," ",R,13.470,H,,R,N,4,0,1,2,A,-,03,22350,,N,C,C,A,A,H,-,A,D,0,,,,,Y,,A,01,0,0,1,0,0,0,0,0,0,"- ","- ",37.775241851806641,-121.32035827636719,"SAN JOAQUIN",UNINCORPORATED,-121.3204345703125,37.775302886962891
94383719,2024,2024-09-06,9265,2024-08-23,1649,018836,,5,2,9,3900,0,2,4,,1,014,"MARIPOSA RD","KAISER RD",0.00,,Y,A,-,N,,,,,,,,,,Y,4,0,2,2,A,-,05,21752,D,N,B,C,A,A,H,-,A,D,0,,,,,Y,,D,22,0,0,2,0,0,0,0,0,0,"- ","- ",37.910629272460938,-121.16574096679688,"SAN JOAQUIN",UNINCORPORATED,-121.16574096679688,37.910602569580078
94385314,2024,2024-09-09,9265,2024-08-27,"625 ",023096,,2,1,9,3900,0,3,5,,2,080,"RIVER DRIVE","RAINIER AVE",528.00,W,N,A,-,N,,,,,,,,,,Y,4,0,1,1,C,-,18,,,N,E,I,A,A,H,-,B,D,0,,,,,Y,,-,"- ",0,0,1,0,0,0,0,0,0,"- ","- ",37.967670440673828,-121.35685729980469,"SAN JOAQUIN",UNINCORPORATED,-121.35700225830078,37.967395782470703
94385315,2024,2024-09-09,9265,2024-08-27,"810 ",016510,,2,1,9,3900,0,1,1,,2,504,"I-5 S/B","MARCH LN",2640.00,N,N,A,-,Y,SJ,,5," "," ",30.639,H,,L,N,3,0,2,2,A,-,07,21658,A,N,D,C,A,A,H,-,A,D,0,,,,,Y,,A,01,0,2,0,0,0,0,0,0,0,"- ","- ",37.993309020996094,-121.34699249267578,"SAN JOAQUIN",UNINCORPORATED,-121.3470458984375,37.993297576904297
94385318,2024,2024-09-09,9265,2024-08-27,"911 ",017439,,2,1,4,3903,0,1,3,,2,025,"STATE ROUTE 120 E/B","MAIN ST.",1480.00,W,N,A,-,Y,SJ,,120," ",R,5.026,H,,R,N,3,0,1,2,A,-,03,22350,,N,C,C,A,A,H,-,A,D,0,,,,Y,Y,,G,25,0,1,0,0,0,0,0,0,0,"- ","- ",37.783168792724609,-121.22106170654297,"SAN JOAQUIN",MANTECA,-121.22106170654297,37.783180236816406
9438769,2022,2022-05-11,3906,2022-05-03,1018,1768,COUNT,2,5,5,3906,0,0,0,,0,006,"NORTH TRACY BL","CLOVER RD",67.00,N,N,A,-,N,,,,,,,,,,N,3,0,2,2,A,-,03,22350,,N,-,-,A,A,H,-,A,-,0,,,,,Y,,A,01,0,1,1,0,0,0,0,0,0,"- ","- ",37.761409759521484,-121.43499755859375,"SAN JOAQUIN",TRACY,-121.43499755859375,37.7615966796875
94387980,2024,2024-09-10,9265,2024-09-01,1610,016510,,7,2,9,3900,0,1,1,,2,504,"I-5 N/B","MARCH LN",2640.00,N,N,A,-,Y,SJ,,5," "," ",30.430,H,,R,N,3,0,1,2,A,-,07,21658,A,F,B,C,A,A,H,-,A,D,0,,,,,Y,,A,01,0,1,0,0,0,0,0,0,0,"- ","- ",37.990558624267578,-121.34555816650391,"SAN JOAQUIN",UNINCORPORATED,-121.34562683105469,37.990543365478516