CASE_ID,ACCIDENT_YEAR,PROC_DATE,JURIS,COLLISION_DATE,COLLISION_TIME,OFFICER_ID,REPORTING_DISTRICT,DAY_OF_WEEK,CHP_SHIFT,POPULATION,CNTY_CITY_LOC,SPECIAL_COND,BEAT_TYPE,CHP_BEAT_TYPE,CITY_DIVISION_LAPD,CHP_BEAT_CLASS,BEAT_NUMBER,PRIMARY_RD,SECONDARY_RD,DISTANCE,DIRECTION,INTERSECTION,WEATHER_1,WEATHER_2,STATE_HWY_IND,CALTRANS_COUNTY,CALTRANS_DISTRICT,STATE_ROUTE,ROUTE_SUFFIX,POSTMILE_PREFIX,POSTMILE,LOCATION_TYPE,RAMP_INTERSECTION,SIDE_OF_HWY,TOW_AWAY,COLLISION_SEVERITY,NUMBER_KILLED,NUMBER_INJURED,PARTY_COUNT,PRIMARY_COLL_FACTOR,PCF_CODE_OF_VIOL,PCF_VIOL_CATEGORY,PCF_VIOLATION,PCF_VIOL_SUBSECTION,HIT_AND_RUN,TYPE_OF_COLLISION,MVIW,PED_ACTION,ROAD_SURFACE,ROAD_COND_1,ROAD_COND_2,LIGHTING,CONTROL_DEVICE,CHP_ROAD_TYPE,PEDESTRIAN_ACCIDENT,BICYCLE_ACCIDENT,MOTORCYCLE_ACCIDENT,TRUCK_ACCIDENT,NOT_PRIVATE_PROPERTY,ALCOHOL_INVOLVED,STWD_VEHTYPE_AT_FAULT,CHP_VEHTYPE_AT_FAULT,COUNT_SEVERE_INJ,COUNT_VISIBLE_INJ,COUNT_COMPLAINT_PAIN,COUNT_PED_KILLED,COUNT_PED_INJURED,COUNT_BICYCLIST_KILLED,COUNT_BICYCLIST_INJURED,COUNT_MC_KILLED,COUNT_MC_INJURED,PRIMARY_RAMP,SECONDARY_RAMP,LATITUDE,LONGITUDE,COUNTY,CITY,POINT_X,POINT_Y
94388814,2024,2024-09-10,9266,2024-08-28,1428,022752,,3,2,9,3900,0,2,4,,1,016,"ELEVENTH ST","GRANT LINE ROAD",0.00,,Y,A,-,N,,,,,,,,,,Y,3,0,1,3,A,-,05,21651,B,N,B,C,A,A,D,-,A,D,0,,,Y,,Y,,C,02,0,1,0,0,0,0,0,0,1,"- ","- ",37.753089904785156,-121.35150909423828,"SAN JOAQUIN",UNINCORPORATED,-121.35210418701172,37.753135681152344
94389860,2024,2024-09-11,9265,2024-08-27,2005,022366,,2,2,4,3903,0,1,3,,2,025,"SR-120 EASTBOUND","AIRPORT WAY",528.00,W,N,A,-,Y,SJ,,120," ",R,2.920,H,,R,N,4,0,1,2,A,-,01,23152,A,M,C,C,A,A,H,-,D,D,0,,,,,Y,Y,A,01,0,0,1,0,0,0,0,0,0,"- ","- ",37.783000946044922,-121.25955963134766,"SAN JOAQUIN",MANTECA,-121.25955963134766,37.783027648925781
94391299,2024,2024-09-12,9265,2024-05-04,1450,015629,,6,2,9,3900,0,1,3,,2,006,"STATE ROUTE 99 NORTHBOUND","KETTLEMAN LANE",528.00,S,N,B,C,Y,SJ,,99," "," ",29.368,H,,R,N,4,0,1,2,A,-,03,22350,,M,C,C,A,B,H,-,A,D,0,,,,,Y,Y,-,99,0,0,1,0,0,0,0,0,0,"- ","- ",38.114349365234375,-121.25816345214844,"SAN JOAQUIN",UNINCORPORATED,-121.25823211669922,38.114360809326172
94392375,2024,2024-09-12,9265,2024-08-27,1140,016382,,2,1,4,3903,0,1,3,,2,001,"SR-99 N/B","AUSTIN ROAD",350.00,N,N,A,-,Y,SJ,,99," "," ",4.967,H,,R,Y,4,0,1,3,A,-,03,22350,,N,C,C,A,A,H,-,A,D,0,,,,,Y,,D,22,0,0,1,0,0,0,0,0,0,"- ","- ",37.775489807128906,-121.1802978515625,"SAN JOAQUIN",MANTECA,-121.18025970458984,37.775520324707031
94393062,2024,2024-09-13,9265,2024-08-31,"149 ",022798,,6,3,6,3905,0,1,3,,2,004,"SR-99 S/B","WILSON WAY",720.00,N,N,A,-,Y,SJ,,99," "," ",21.816,H,,L,Y,2,0,1,2,A,-,01,23152,A,N,C,C,A,A,H,-,C,D,0,,,Y,,Y,Y,C,02,1,0,0,0,0,0,0,0,1,"- ","- ",38.005031585693359,-121.25801849365234,"SAN JOAQUIN",STOCKTON,-121.25799560546875,38.005031585693359
94393464,2024,2024-09-13,9266,2024-09-02,"245 ",019091,,1,3,9,3900,0,1,1,,2,024,"I-5 N/B N/ LINNE RD","LINNE RD.",5280.00,N,N,A,-,Y,SJ,,5," "," ",8.501,H,,R,N,4,0,1,2,A,-,03,22350,,N,C,C,A,A,H,-,D,D,0,,,,Y,Y,,A,07,0,0,1,0,0,0,0,0,0,"- ","- ",37.711078643798828,-121.34323883056641,"SAN JOAQUIN",UNINCORPORATED,-121.34326934814453,37.711078643798828
94395108,2024,2024-09-23,9266,2024-09-05,1820,021822,,4,2,9,3900,0,2,4,,2,020,"KASSON ROAD","LINNE ROAD",1637.00,E,N,A,-,N,,,,,,,,,,Y,4,0,1,1,A,-,08,22107,,N,E,I,A,A,H,-,A,D,0,,,,,Y,,A,07,0,0,1,0,0,0,0,0,0,"- ","- ",37.69219970703125,-121.29447174072266,"SAN JOAQUIN",UNINCORPORATED,-121.29502105712891,37.692733764648438
94396208,2024,2024-09-17,9265,2024-09-09,1435,017439,,1,2,9,3900,0,2,4,,1,023,"UNION RD","LOVELACE RD",0.00,,Y,A,-,N,,,,,,,,,,N,3,0,1,2,A,-,09,21802,A,N,D,C,A,A,H,-,A,A,0,,,,,Y,,A,01,0,1,0,0,0,0,0,0,0,"- ","- ",37.848258972167969,-121.23690032958984,"SAN JOAQUIN",UNINCORPORATED,-121.23689270019531,37.848239898681641
94397594,2024,2024-09-17,9265,2024-09-10,"440 ",022282,,2,3,4,3903,0,1,3,,2,025,"SR-120 W/B","AIRPORT WAY",2000.00,W,N,A,-,Y,SJ,,120," ",R,2.899,H,,L,N,4,0,1,4,A,-,03,22350,,M,C,C,A,A,H,-,A,D,0,,,,,Y,,A,01,0,0,1,0,0,0,0,0,0,"- ","- ",37.783329010009766,-121.25990295410156,"SAN JOAQUIN",MANTECA,-121.25990295410156,37.783359527587891
94400576,2024,2024-09-19,9265,2024-08-24,2030,022499,,6,2,2,3920,0,1,1,,2,502,"I-5 S/B","LOUISE AVE",580.00,S,N,A,-,Y,SJ,,5," ",R,16.424,H,,L,Y,3,0,2,1,A,-,08,22107,,N,E,I,A,A,H,-,C,D,0,,,,,Y,,A,01,0,2,0,0,0,0,0,0,0,"- ","- ",37.811000823974609,-121.296142578125,"SAN JOAQUIN",LATHROP,-121.29608917236328,37.810989379882812
94401019,2024,2024-09-19,9266,2024-09-09,"120 ",023629,,1,3,5,3906,0,1,1,,1,015,"I-205 E/B","MACARTHUR DRIVE",1901.00,E,N,A,-,Y,SJ,,205," ",R,8.509,H,,R,Y,4,0,1,1,A,-,08,22107,,N,E,I,A,A,H,-,D,D,0,,,,,Y,,A,01,0,0,1,0,0,0,0,0,0,"- ","- ",37.764678955078125,-121.40802001953125,"SAN JOAQUIN",TRACY,-121.40802001953125,37.764698028564453
94401062,2024,2024-09-20,9265,2024-09-11,"530 ",019182,,3,3,9,3900,0,1,3,,2,004,"SR-99 S/B",SR-88,2640.00,S,N,A,-,Y,SJ,,99," "," ",19.857,H,,L,N,4,0,1,2,A,-,04,21703,,M,C,C,A,A,H,-,B,D,0,,,,,Y,,A,01,0,0,1,0,0,0,0,0,0,"- ","- ",37.977741241455078,-121.24913787841797,"SAN JOAQUIN",UNINCORPORATED,-121.24917602539062,37.977729797363281
94401069,2024,2024-09-20,9265,2024-09-11,1135,020313,,3,1,4,3903,0,1,3,,2,025,"SR-120 E/B","VAN RYN AVENUE U/C",628.00,E,N,A,-,Y,SJ,,120," ",R,6.274,H,,R,N,4,0,5,2,A,-,03,22350,,N,C,2,A,A,H,-,A,D,0,,,,,Y,,A,07,0,0,5,0,0,0,0,0,0,"- ","- ",37.783168792724609,-121.19822692871094,"SAN JOAQUIN",MANTECA,-121.19822692871094,37.783203125
94402234,2024,2024-09-20,9265,2024-09-11,"825 ",021781,,3,1,9,3900,0,2,4,,1,091,"THORNTON RD","EIGHT MILE RD",200.00,N,N,A,-,N,,,,,,,,,,N,4,0,2,3,A,-,03,22350,,N,C,C,A,A,H,-,A,A,0,,,,,Y,,A,01,0,0,2,0,0,0,0,0,0,"- ","- ",38.058540344238281,-121.35192108154297,"SAN JOAQUIN",UNINCORPORATED,-121.35182952880859,38.057659149169922
9440261,2022,2022-09-27,3902,2022-03-31,1518,110,HERIT,4,5,5,3902,0,0,0,,0,004,"CHURCH ST","LAMBERT CT",0.00,,Y,A,-,N,,,,,,,,,,Y,4,0,2,2,A,-,09,21801,A,N,A,C,A,A,H,-,A,D,0,,,,,Y,,A,07,0,0,2,0,0,0,0,0,0,"- ","- ",38.110851287841797,-121.27619171142578,"SAN JOAQUIN",LODI,-121.27616119384766,38.110858917236328
94403676,2024,2024-09-23,9265,2024-09-05,1607,023736,,4,2,6,3905,0,1,3,,1,042,"SR-4 E/B","STANISLAUS ST",1073.00,W,N,A,-,Y,SJ,,4," ",R,16.931,H,,R,N,4,0,1,2,A,-,03,22350,,F,C,C,A,A,H,-,A,D,0,,,,,Y,,-,99,0,0,1,0,0,0,0,0,0,"- ","- ",37.950889587402344,-121.28505706787109,"SAN JOAQUIN",STOCKTON,-121.28504943847656,37.950855255126953
94403712,2024,2024-09-23,9265,2024-09-11,"530 ",015629,,3,3,9,3900,0,1,3,,2,004,"STATE ROUTE 99 SOUTHBOUND (SR-99 S/B)","STATE ROUTE 26 (SR-26)",2640.00,N,N,A,-,Y,SJ,,99," "," ",19.414,H,,L,Y,4,0,1,3,A,-,03,22350,,N,C,C,A,A,H,-,A,D,0,,,,,Y,,D,22,0,0,1,0,0,0,0,0,0,"- ","- ",37.97161865234375,-121.24655151367188,"SAN JOAQUIN",UNINCORPORATED,-121.24661254882812,37.971603393554688
94404906,2024,2024-09-23,9265,2024-09-14,1615,022407,,6,2,9,3900,0,2,4,,1,053,"WILSON WAY","NEWTON RD",140.00,E,N,A,-,N,,,,,,,,,,Y,4,0,1,2,A,-,03,22350,,N,C,C,A,A,H,-,A,D,0,,,,,Y,,A,01,0,0,1,0,0,0,0,0,0,"- ","- ",38.000728607177734,-121.25988006591797,"SAN JOAQUIN",UNINCORPORATED,-121.25997161865234,38.000633239746094
94406028,2024,2024-09-24,9265,2024-09-15,"958 ",023096,,7,1,9,3900,0,1,1,,2,503,"I-5 S/B","FRENCH CAMP RD",1056.00,N,N,A,-,Y,SJ,,5," ",R,22.865,H,,L,Y,4,0,1,2,A,-,08,22107,,M,E,2,A,A,H,-,A,D,0,,,,,Y,,A,01,0,0,1,0,0,0,0,0,0,"- ","- ",37.901859283447266,-121.28569030761719,"SAN JOAQUIN",UNINCORPORATED,-121.28569793701172,37.901859283447266
94406409,2024,2024-09-24,9265,2024-09-15,1700,017439,,7,2,4,3903,0,1,3,,2,025,"STATE ROUTE 120 E/B","VAN RYN AVE.",200.00,W,N,B,-,Y,SJ,,120," ",R,6.104,H,,R,N,3,0,1,2,A,-,03,22350,,N,C,C,A,A,H,-,A,D,0,,,,,Y,,A,01,0,1,0,0,0,0,0,0,0,"- ","- ",37.783161163330078,-121.20136260986328,"SAN JOAQUIN",MANTECA,-121.20136260986328,37.783203125
94406465,2024,2024-09-24,9265,2024-09-17,1530,022365,,2,2,4,3903,0,1,3,,2,025,"SR-120 E/B","SR-99 S/B",0.48,W,N,A,-,Y,SJ,,120," ",R,6.346,H,,R,N,4,0,1,3,A,-,03,22350,,N,C,C,A,A,H,-,A,D,0,,,,,Y,,A,01,0,0,1,0,0,0,0,0,0,"- ","- ",37.783180236816406,-121.1968994140625,"SAN JOAQUIN",MANTECA,-121.1968994140625,37.783199310302734
94406650,2024,2024-09-24,9266,2024-09-13,"352 ",022792,,5,3,5,3906,0,1,1,,2,014,"I -205 E/B","GRANT LINE ROAD",1584.00,W,N,A,-,Y,SJ,,205," ",R,4.976,H,,R,N,3,0,1,2,A,-,03,22350,,M,C,C,A,A,H,-,D,D,0,,,,,Y,,-,99,0,1,0,0,0,0,0,0,0,"- ","- ",37.751598358154297,-121.46903228759766,"SAN JOAQUIN",TRACY,-121.468994140625,37.751544952392578
94406846,2024,2024-09-24,9265,2024-09-17,1250,023096,,2,1,6,3905,0,1,1,,2,503,"I-5 S/B","PERSHING AVE",898.00,N,N,A,-,Y,SJ,,5," "," ",27.149,H,,L,Y,2,0,1,2,A,-,07,21658,A,N,B,C,A,A,H,-,A,D,0,,,,Y,Y,,A,01,1,0,0,0,0,0,0,0,0,"- ","- ",37.955619812011719,-121.31549072265625,"SAN JOAQUIN",STOCKTON,-121.31548309326172,37.955650329589844
94407911,2024,2024-09-25,9266,2024-09-24,"715 ",018308,,2,1,9,3900,0,3,5,,2,002,"MACARTHUR DRIVE","LINNE ROAD",0.00,,Y,A,-,N,,,,,,,,,,N,3,0,2,2,A,-,12,22450,A,N,D,C,A,A,H,-,A,A,0,,,,,Y,,A,01,0,1,1,0,0,0,0,0,0,"- ","- ",37.696060180664062,-121.41642761230469,"SAN JOAQUIN",UNINCORPORATED,-121.41638946533203,37.696048736572266
94409914,2024,2024-09-26,9265,2024-09-20,1035,015629,,5,1,9,3900,0,3,5,,2,060,"EAST 99 FRONTAGE ROAD","HAMMER LANE",75.00,S,N,A,-,N,,,,,,,,,,N,3,0,1,2,A,-,08,22107,,N,D,G,A,A,H,-,A,D,0,,Y,,,Y,,A,07,0,1,0,0,0,0,1,0,0,"- ","- ",38.020771026611328,-121.25656890869141,"SAN JOAQUIN",UNINCORPORATED,-121.25640869140625,38.021221160888672
94412202,2024,2024-09-30,9265,2024-09-13,1925,022476,,5,2,6,3905,0,1,1,,2,504,"I-5 S/B","HAMMER LN",1300.00,N,N,A,-,Y,SJ,,5," "," ",32.938,H,,L,Y,4,0,2,2,A,-,07,21658,A,N,B,C,A,A,H,-,B,D,0,,,,Y,Y,,A,01,0,0,2,0,0,0,0,0,0,"- ","- ",38.02484130859375,-121.36077117919922,"SAN JOAQUIN",STOCKTON,-121.36071014404297,38.024856567382812
94412628,2024,2024-09-30,9265,2024-09-19,"900 ",021781,,4,1,9,3900,0,1,3,,2,006,"SR-99 N/B","VICTOR RD",350.00,S,N,A,-,Y,,,,,,,,,,N,4,0,1,1,C,-,18,,,N,E,I,A,A,H,-,A,D,0,,,,,Y,,-,"- ",0,0,1,0,0,0,0,0,0,"- ","- ",38.136558532714844,-121.25691986083984,"SAN JOAQUIN",UNINCORPORATED,-121.25746154785156,38.136692047119141
94413711,2024,2024-09-30,9266,2024-09-19,"630 ",022792,,4,1,9,3900,0,1,1,,2,014,"I-205 W/B","MOUNTAIN HOUSE PKWY",210.00,W,N,A,-,Y,SJ,,205," "," ",1.331,H,,L,N,3,0,1,2,A,-,03,22350,,N,C,C,A,A,H,-,A,D,0,,,,,Y,,B,07,0,1,0,0,0,0,0,0,0,"- ","- ",37.742641448974609,-121.53250885009766,"SAN JOAQUIN",UNINCORPORATED,-121.53250885009766,37.742652893066406
94414267,2024,2024-10-01,9265,2024-09-21,"455 ",021519,,6,3,9,3900,0,3,5,,2,020,"MCKINLEY AVENUE","EAST KRELL LANE",10.00,N,N,A,-,N,,,,,,,,,,N,4,0,1,1,A,-,08,22107,,N,E,I,A,A,H,-,D,D,0,,,,,Y,,A,01,0,0,1,0,0,0,0,0,0,"- ","- ",37.862438201904297,-121.27424621582031,"SAN JOAQUIN",UNINCORPORATED,-121.27432250976562,37.862339019775391
94414393,2024,2024-10-01,9265,2024-09-23,"455 ",023195,,1,3,9,3900,0,3,5,,2,010,"MARIPOSA RD","MURPHY RD",1845.00,E,N,A,-,N,,,,,,,,,,N,3,0,1,1,A,-,08,22107,,N,E,I,A,A,H,-,D,D,0,,,,,Y,,D,22,0,1,0,0,0,0,0,0,0,"- ","- ",37.887821197509766,-121.10501861572266,"SAN JOAQUIN",UNINCORPORATED,-121.10517883300781,37.887851715087891
94414700,2024,2024-10-01,9265,2024-09-23,"958 ",017439,,1,1,9,3900,0,1,3,,2,025,"STATE ROUTE 120 W/B TO GUTHMILLER RD.","GUTHMILLER RD.",85.00,W,N,A,-,Y,,,,,,,,,,N,3,0,1,1,A,-,12,22450,A,N,E,I,A,A,H,-,A,D,0,,,,,Y,,A,01,0,1,0,0,0,0,0,0,0,"- ","- ",37.789909362792969,-121.28713226318359,"SAN JOAQUIN",UNINCORPORATED,,
94416420,2024,2024-10-02,9265,2024-09-14,1955,020071,,6,2,9,3900,0,1,3,,2,001,"SR-99 S/B",SR-120,1255.00,N,N,A,-,Y,SJ,,99," "," ",6.061,H,,L,N,4,0,3,2,A,-,01,23152,A,N,C,C,A,A,H,-,D,D,0,,,,,Y,Y,D,22,0,0,3,0,0,0,0,0,0,"- ","- ",37.788780212402344,-121.18910980224609,"SAN JOAQUIN",UNINCORPORATED,-121.18914794921875,37.788772583007812
94418613,2024,2024-10-03,9266,2024-09-22,1325,020599,,7,1,9,3900,0,1,3,,1,011,SR-4,"TRACY BLVD",4752.00,W,N,A,-,Y,SJ,,4," "," ",5.380,H,,R,Y,3,0,2,1,A,-,08,22107,,N,E,I,A,A,H,-,A,D,0,,,,,Y,,A,01,0,2,0,0,0,0,0,0,0,"- ","- ",37.897571563720703,-121.47676849365234,"SAN JOAQUIN",UNINCORPORATED,-121.47681427001953,37.897632598876953
9441900,2022,2022-05-18,3901,2022-04-03,2158,L12,,7,5,2,3901,0,0,0,,0,,"CHENIN BLANC AV","CARIGNANE WY",192.00,E,N,A,-,N,,,,,,,,,,N,3,0,1,3,A,-,01,23152,A,M,A,E,A,A,H,-,D,D,0,,,,,Y,Y,D,22,0,1,0,0,0,0,0,0,0,"- ","- ",,,"SAN JOAQUIN",ESCALON,-121.00624847412109,37.793663024902344
94419180,2024,2024-10-04,9265,2024-09-21,1700,022849,,6,2,9,3900,0,2,4,,1,074,"BENJAMIN HOLT","PACIFIC AVE",315.00,W,N,A,-,N,,,,,,,,,,N,4,0,4,3,A,-,01,23152,F,N,D,C,A,A,H,-,A,D,0,,,,,Y,,A,07,0,0,4,0,0,0,0,0,0,"- ","- ",38.010738372802734,-121.32185363769531,"SAN JOAQUIN",UNINCORPORATED,-121.32171630859375,38.010757446289062
94419251,2024,2024-10-04,9265,2024-09-25,1430,015629,,3,2,9,3900,0,1,3,,2,004,"STATE ROUTE 99 NORTHBOUND (SR-99 N/B)","ARMSTRONG ROAD",10560.00,S,N,A,-,Y,SJ,,99," "," ",27.355,H,,R,Y,3,0,2,3,A,-,07,21658,A,N,A,C,A,A,H,-,A,D,0,,,,,Y,,D,22,0,2,0,0,0,0,0,0,0,"- ","- ",38.085300445556641,-121.25994873046875,"SAN JOAQUIN",UNINCORPORATED,-121.25989532470703,38.085300445556641
94419549,2024,2024-10-04,9265,2024-09-27,1535,018836,,5,2,9,3900,0,2,4,,1,052,"CHEROKEE RD","ASHLEY LN",0.00,,Y,A,-,N,,,,,,,,,,Y,4,0,2,3,A,-,09,21801,A,N,D,C,A,A,H,-,A,D,0,,,,,Y,,A,07,0,0,2,0,0,0,0,0,0,"- ","- ",38.019180297851562,-121.22100830078125,"SAN JOAQUIN",UNINCORPORATED,-121.22099304199219,38.019096374511719
94419927,2024,2024-10-04,9265,2024-07-12,1238,021519,,5,1,9,3900,0,1,3,,1,013,"STATE ROUTE 4 (FARMINGTON ROAD)","S. GILLIS ROAD",65.00,W,N,A,-,Y,SJ,,4," "," ",21.616,H,,R,Y,1,1,2,5,A,-,03,22350,,N,C,C,A,A,H,-,A,D,0,,,,,Y,,D,22,0,0,2,0,0,0,0,0,0,"- ","- ",37.949089050292969,-121.2021484375,"SAN JOAQUIN",UNINCORPORATED,-121.20215606689453,37.949100494384766
94420072,2024,2024-10-04,9266,2024-09-24,"950 ",022752,,2,1,5,3906,0,1,1,,1,015,"I-205 W/B","MACARTHUR DRIVE",401.00,W,N,A,-,Y,SJ,,205," ",R,8.062,H,,L,N,4,0,1,2,A,-,03,22350,,N,C,C,A,A,H,-,A,D,0,,,,,Y,,A,07,0,0,1,0,0,0,0,0,0,"- ","- ",37.76416015625,-121.41625213623047,"SAN JOAQUIN",TRACY,-121.41625213623047,37.764175415039062
9442593,2022,2022-05-16,3900,2022-04-01,0926,162203,3900,5,5,2,3920,0,0,0,,0,009,"HARLAN RD","HARLAN RD 11857",0.00,,-,A,-,N,,,,,,,,,,N,4,0,2,2,A,-,09,21804,A,N,D,G,A,A,H,-,A,D,0,,,,,Y,,A,01,0,0,2,0,0,0,0,0,0,"- ","- ",37.850719451904297,-121.28269195556641,"SAN JOAQUIN",LATHROP,,
94426451,2024,2024-10-10,9266,2024-09-28,2015,019091,,6,2,9,3900,0,1,1,,2,014,"I-205 E/B","HANSEN RD",528.00,W,N,A,-,Y,SJ,,205," "," ",2.514,H,,R,Y,3,0,1,2,A,-,08,22107,,N,B,2,A,A,H,-,D,D,0,,,,,Y,,A,07,0,1,0,0,0,0,0,0,0,"- ","- ",37.741050720214844,-121.51078796386719,"SAN JOAQUIN",UNINCORPORATED,-121.51078796386719,37.741069793701172
94426827,2024,2024-10-10,9266,2024-09-29,"615 ",021677,,7,1,9,3900,0,1,3,,1,026,"SR-132 E/B","I-5 N/B",1584.00,E,N,A,-,Y,SJ,,132," "," ",3.587,H,,R,Y,3,0,1,2,A,-,03,22350,,N,C,C,A,A,H,-,B,D,0,,,,,Y,,A,01,0,1,0,0,0,0,0,0,0,"- ","- ",37.637729644775391,-121.33670806884766,"SAN JOAQUIN",UNINCORPORATED,-121.33670806884766,37.637702941894531
94428424,2023,2024-10-11,9266,2023-10-10,1327,018365,,2,1,9,3900,0,3,5,,2,002,"AIRPORT WAY","KASSON RD",1056.00,E,N,A,-,N,,,,,,,,,,Y,4,0,2,1,A,-,08,22107,,N,E,I,A,A,H,-,A,D,0,,,,,Y,,A,07,0,0,2,0,0,0,0,0,0,"- ","- ",37.675251007080078,-121.26637268066406,"SAN JOAQUIN",UNINCORPORATED,-121.26698303222656,37.675075531005859
94433059,2024,2024-10-16,9265,2024-09-30,1745,023174,,1,2,9,3900,0,2,4,,1,014,"MARIPOSA RD","VAN ALLEN RD",0.00,,Y,A,-,N,,,,,,,,,,N,3,0,2,2,A,-,09,21802,A,N,D,C,A,A,H,-,A,A,0,,,,,Y,,D,22,0,1,1,0,0,0,0,0,0,"- ","- ",37.8614501953125,-121.05422210693359,"SAN JOAQUIN",UNINCORPORATED,-121.05419921875,37.862434387207031
94433177,2024,2024-10-21,9265,2024-10-01,1600,016510,,2,2,9,3900,0,1,1,,2,505,"I-5 S/B","TURNER RD",1320.00,N,N,A,-,Y,SJ,,5," "," ",42.113,H,,L,N,3,0,1,2,A,-,03,22350,,N,C,C,A,A,H,-,A,D,0,,,Y,,Y,,C,02,0,1,0,0,0,0,0,0,1,"- ","- ",38.152420043945312,-121.39954376220703,"SAN JOAQUIN",UNINCORPORATED,-121.39957427978516,38.152420043945312
94436812,2024,2024-10-18,9265,2024-10-09,"825 ",015629,,3,1,9,3900,0,2,4,,1,064,"HARNEY LANE","STATE ROUTE 88 (SR-88)",500.00,W,N,A,-,N,,,,,,,,,,Y,4,0,3,3,A,-,04,21703,,N,C,C,A,A,H,-,A,D,0,,,,,Y,,D,22,0,0,3,0,0,0,0,0,0,"- ","- ",38.101730346679688,-121.18029022216797,"SAN JOAQUIN",UNINCORPORATED,-121.18001556396484,38.101707458496094
94436863,2024,2024-10-18,9265,2024-10-09,2050,022849,,3,2,9,3900,0,2,4,,1,093,"THORNTON ROAD","DEVRIES ROAD",3343.00,N,N,A,-,N,,,,,,,,,,N,4,0,1,1,A,-,08,22107,,N,E,I,A,A,H,-,D,D,0,,,,,Y,,A,01,0,0,1,0,0,0,0,0,0,"- ","- ",38.081150054931641,-121.36141204833984,"SAN JOAQUIN",UNINCORPORATED,-121.36125946044922,38.081039428710938
94438124,2024,2024-11-01,9265,2024-10-03,2030,022887,,4,2,9,3900,0,3,5,,2,010,"E RIVER RD","BRENNAN RD",1346.00,E,N,A,-,N,,,,,,,,,,Y,4,0,1,1,A,-,01,23152,A,N,E,I,A,A,H,-,D,D,0,,,,,Y,Y,A,01,0,0,1,0,0,0,0,0,0,"- ","- ",37.757968902587891,-121.0093994140625,"SAN JOAQUIN",UNINCORPORATED,-121.00955200195312,37.757976531982422
94438128,2024,2024-10-21,9265,2024-10-08,1803,023174,,2,2,6,3905,0,1,3,,1,042,"SR-4 E/B","FILBERT ST",523.00,W,N,A,-,Y,SJ,,4," ",R,18.664,H,,R,Y,3,0,2,2,A,-,03,22350,,N,C,2,A,A,H,-,A,D,0,,,,Y,Y,,G,25,0,1,1,0,0,0,0,0,0,"- ","- ",37.959068298339844,-121.25550079345703,"SAN JOAQUIN",STOCKTON,-121.25553131103516,37.959152221679688
94438870,2024,2024-10-21,9265,2024-10-03,"110 ",022887,,4,3,9,3900,0,1,1,,2,503,"I-5 N/B","MATHEWS RD",3592.00,S,N,A,-,Y,SJ,,5," ",R,20.752,H,,R,Y,4,0,1,2,A,-,01,23152,A,N,C,C,A,A,H,-,C,D,0,,,,,Y,Y,A,01,0,0,1,0,0,0,0,0,0,"- ","- ",37.8720703125,-121.27754974365234,"SAN JOAQUIN",UNINCORPORATED,-121.27751922607422,37.8720703125
94439236,2024,2024-10-21,9265,2024-10-05,"540 ",022072,,6,3,9,3900,0,3,5,,2,010,"E. RIVER RD","MCHENRY AVE",0.00,,Y,B,-,N,,,,,,,,,,Y,2,0,2,2,A,-,12,21453,A,N,A,C,A,A,H,-,C,A,0,,,,,Y,,-,"- ",1,1,0,0,0,0,0,0,0,"- ","- ",37.760879516601562,-120.99565124511719,"SAN JOAQUIN",UNINCORPORATED,-120.99567413330078,37.760868072509766
94442496,2024,2024-10-23,9265,2024-10-14,"600 ",022407,,1,1,6,3905,0,1,3,,2,003,"SR-99 N/B","MYRTLE ST",1088.00,S,N,A,-,Y,SJ,,99," "," ",18.674,H,,R,N,4,0,1,2,A,-,03,22350,,N,C,C,A,A,H,-,A,D,0,,,,,Y,,D,22,0,0,1,0,0,0,0,0,0,"- ","- ",37.961700439453125,-121.24188995361328,"SAN JOAQUIN",STOCKTON,-121.24184417724609,37.961711883544922
94442534,2024,2024-10-23,9265,2024-10-14,"820 ",017439,,1,1,9,3900,0,3,5,,2,020,"W. RIPON RD.","ALICE RD.",0.00,,Y,A,-,N,,,,,,,,,,N,3,0,2,2,A,-,09,21802,A,N,D,2,A,A,H,-,A,A,0,,,,,Y,,D,22,0,2,0,0,0,0,0,0,0,"- ","- ",37.739459991455078,-121.19703674316406,"SAN JOAQUIN",UNINCORPORATED,-121.19701385498047,37.739429473876953
94442783,2024,2024-10-23,9265,2024-10-14,1306,017439,,1,1,4,3903,0,1,3,,2,001,"STATE ROUTE 99 S/B TO YOSEMITE AVE.","YOSEMITE AVE.",30.00,N,N,A,-,Y,,,,,,,,,,N,3,0,1,2,A,-,03,22350,,N,C,C,A,A,A,-,A,D,0,,,,,Y,,A,01,0,1,0,0,0,0,0,0,0,"- ","- ",37.797691345214844,-121.19197845458984,"SAN JOAQUIN",MANTECA,-121.19107055664062,37.796291351318359