CASE_ID,ACCIDENT_YEAR,PROC_DATE,JURIS,COLLISION_DATE,COLLISION_TIME,OFFICER_ID,REPORTING_DISTRICT,DAY_OF_WEEK,CHP_SHIFT,POPULATION,CNTY_CITY_LOC,SPECIAL_COND,BEAT_TYPE,CHP_BEAT_TYPE,CITY_DIVISION_LAPD,CHP_BEAT_CLASS,BEAT_NUMBER,PRIMARY_RD,SECONDARY_RD,DISTANCE,DIRECTION,INTERSECTION,WEATHER_1,WEATHER_2,STATE_HWY_IND,CALTRANS_COUNTY,CALTRANS_DISTRICT,STATE_ROUTE,ROUTE_SUFFIX,POSTMILE_PREFIX,POSTMILE,LOCATION_TYPE,RAMP_INTERSECTION,SIDE_OF_HWY,TOW_AWAY,COLLISION_SEVERITY,NUMBER_KILLED,NUMBER_INJURED,PARTY_COUNT,PRIMARY_COLL_FACTOR,PCF_CODE_OF_VIOL,PCF_VIOL_CATEGORY,PCF_VIOLATION,PCF_VIOL_SUBSECTION,HIT_AND_RUN,TYPE_OF_COLLISION,MVIW,PED_ACTION,ROAD_SURFACE,ROAD_COND_1,ROAD_COND_2,LIGHTING,CONTROL_DEVICE,CHP_ROAD_TYPE,PEDESTRIAN_ACCIDENT,BICYCLE_ACCIDENT,MOTORCYCLE_ACCIDENT,TRUCK_ACCIDENT,NOT_PRIVATE_PROPERTY,ALCOHOL_INVOLVED,STWD_VEHTYPE_AT_FAULT,CHP_VEHTYPE_AT_FAULT,COUNT_SEVERE_INJ,COUNT_VISIBLE_INJ,COUNT_COMPLAINT_PAIN,COUNT_PED_KILLED,COUNT_PED_INJURED,COUNT_BICYCLIST_KILLED,COUNT_BICYCLIST_INJURED,COUNT_MC_KILLED,COUNT_MC_INJURED,PRIMARY_RAMP,SECONDARY_RAMP,LATITUDE,LONGITUDE,COUNTY,CITY,POINT_X,POINT_Y
9485100,2022,2022-08-26,3906,2022-08-09,1426,9820,,2,5,5,3906,0,0,0,,0,006,"BUTHMAN RD","CARDOZA DR",0.00,,Y,A,-,N,,,,,,,,,,N,4,0,1,2,A,-,09,21802,,N,D,C,A,A,H,-,A,A,0,,,,,Y,,A,01,0,0,1,0,0,0,0,0,0,"- ","- ",,,"SAN JOAQUIN",TRACY,-121.43228912353516,37.755889892578125
9485116,2022,2022-08-26,3906,2022-08-05,1017,1549,,5,5,5,3906,0,0,0,,0,003,"11TH ST","CORRAL HOLLOW RD",562.00,E,N,A,-,N,,,,,,,,,,Y,2,0,3,2,D,-,00,,,N,D,C,A,A,H,-,A,A,0,,,,,Y,,-,"- ",1,2,0,0,0,0,0,0,0,"- ","- ",,,"SAN JOAQUIN",TRACY,-121.45127868652344,37.739418029785156
9485452,2022,2022-09-06,3906,2022-08-03,1639,1697,,3,5,5,3906,0,0,0,,0,008,"NAGLEE RD","ROBRTSON DR",0.00,,Y,A,-,N,,,,,,,,,,Y,3,0,4,2,A,-,12,21453,,N,D,C,A,A,H,-,A,A,0,,,,,Y,,-,"- ",0,1,3,0,0,0,0,0,0,"- ","- ",,,"SAN JOAQUIN",TRACY,-121.46233367919922,37.760482788085938
9485454,2022,2022-08-30,3906,2022-08-21,0542,1803,3906,7,5,5,3906,0,0,0,,0,001,"WEST 11TH ST","BESSIE AV",0.00,,Y,A,-,N,,,,,,,,,,Y,2,0,2,2,B,-,22,,,F,A,C,A,A,H,-,C,D,0,,,,,Y,Y,A,07,1,1,0,0,0,0,0,0,0,"- ","- ",,,"SAN JOAQUIN",TRACY,-121.43305206298828,37.739692687988281
94855031,2025,2025-09-22,9265,2025-09-13,"850 ",022476,,6,1,6,3905,0,1,3,,1,042,"SR-4 E/B TO CENTER ST","CENTER ST",100.00,W,N,A,-,Y,,,,,,,,,,Y,4,0,1,1,A,-,03,22350,,N,F,A,A,A,H,-,A,D,0,,,Y,,Y,,C,02,0,0,1,0,0,0,0,0,1,"- ","- ",37.949501037597656,-121.29091644287109,"SAN JOAQUIN",STOCKTON,-121.29070281982422,37.949783325195312
94855048,2025,2025-09-22,9266,2025-09-10,"435 ",022123,,3,3,9,3900,0,2,4,,1,016,"GRANT LINE RD","EL RANCHO RD",175.00,W,N,A,-,N,,,,,,,,,,Y,4,0,2,3,A,-,03,22350,,N,C,C,A,A,H,-,D,A,0,,,,,Y,,A,01,0,0,2,0,0,0,0,0,0,"- ","- ",37.754730224609375,-121.37371826171875,"SAN JOAQUIN",UNINCORPORATED,-121.37354278564453,37.754753112792969
94855306,2025,2025-09-23,9266,2025-09-10,1532,019865,,3,2,9,3900,0,1,1,,1,015,"I-205 E/B","EL RANCHO RD.",1320.00,E,N,B,-,Y,SJ,,205," ",R,10.751,H,,R,Y,3,0,1,3,A,-,03,22350,,N,C,C,A,A,H,-,A,D,0,,,,,Y,,A,07,0,1,0,0,0,0,0,0,0,"- ","- ",37.764839172363281,-121.36717987060547,"SAN JOAQUIN",UNINCORPORATED,-121.36717987060547,37.764781951904297
94856742,2025,2025-09-23,9265,2025-09-15,1635,016510,,1,2,9,3900,0,1,1,,2,504,"I-5 N/B","EIGHT MILE RD",792.00,S,N,A,-,Y,SJ,,5," "," ",34.950,H,,R,N,3,0,1,2,A,-,08,22107,,N,B,2,A,A,D,-,A,D,0,,,,,Y,,A,01,0,1,0,0,0,0,0,0,0,"- ","- ",38.052829742431641,-121.37087249755859,"SAN JOAQUIN",UNINCORPORATED,-121.37090301513672,38.052822113037109
94857104,2025,2025-09-24,9265,2025-09-17,"745 ",024320,,3,1,9,3900,0,1,3,,2,006,"SR-99 S/B","LIBERTY RD",10.00,S,N,A,-,Y,SJ,,99," "," ",37.822,H,,L,N,4,0,2,2,A,-,03,22350,,N,C,C,A,A,H,-,A,D,0,,,,,Y,,A,07,0,0,2,0,0,0,0,0,0,"- ","- ",38.233299255371094,-121.28028106689453,"SAN JOAQUIN",UNINCORPORATED,-121.2802734375,38.233303070068359
94858781,2025,2025-09-24,9265,2025-09-17,1710,016639,,3,2,9,3900,0,2,4,,1,014,"MARIPOSA RD","KAISER ROAD",500.00,E,N,A,-,N,,,,,,,,,,Y,3,0,2,2,A,-,03,22350,,N,C,C,A,A,H,-,A,D,0,,,,,Y,,D,22,0,2,0,0,0,0,0,0,0,"- ","- ",37.909969329833984,-121.16361999511719,"SAN JOAQUIN",UNINCORPORATED,-121.16411590576172,37.910125732421875
9485977,2022,2022-09-12,3906,2022-08-17,1845,1094,,3,5,5,3906,0,0,0,,0,006,"NAGLEE RD","WEST VALLEY MALL DR",210.00,S,N,A,-,N,,,,,,,,,,N,3,0,1,2,B,-,22,,,N,G,B,D,A,H,-,A,A,0,Y,,,,Y,,A,07,0,1,0,0,1,0,0,0,0,"- ","- ",,,"SAN JOAQUIN",TRACY,-121.46233367919922,37.757705688476562
94860002,2025,2025-09-25,9265,2025-09-18,"730 ",024417,,4,1,9,3900,0,1,3,,2,006,"SR-99 S/B","JAHANT RD",1093.00,S,N,B,-,Y,SJ,,99," "," ",35.387,H,,L,N,4,0,1,2,A,-,03,22350,,N,C,C,A,A,H,-,A,D,0,,,,,Y,,A,01,0,0,1,0,0,0,0,0,0,"- ","- ",38.201011657714844,-121.26310729980469,"SAN JOAQUIN",UNINCORPORATED,-121.26310729980469,38.201011657714844
94860421,2025,2025-09-25,9265,2025-09-20,1830,023572,,6,2,9,3900,0,3,5,,2,090,"ARMSTRONG RD","DEVRIES RD",0.00,,Y,A,-,N,,,,,,,,,,N,4,0,3,1,A,-,12,22450,A,N,E,8,A,A,H,-,B,D,0,,,,,Y,,A,07,0,0,3,0,0,0,0,0,0,"- ","- ",38.086669921875,-121.35218811035156,"SAN JOAQUIN",UNINCORPORATED,-121.35214996337891,38.08673095703125
94860456,2025,2025-09-25,9265,2025-09-04,1555,016382,,4,2,9,3900,0,2,4,,1,052,"VAIL AVE","F ST.",0.00,,Y,A,-,N,,,,,,,,,,N,3,0,3,2,A,-,12,22450,A,N,D,C,A,A,H,-,A,A,0,,,,,Y,,A,01,0,1,2,0,0,0,0,0,0,"- ","- ",37.985061645507812,-121.26699829101562,"SAN JOAQUIN",UNINCORPORATED,-121.26702880859375,37.985038757324219
94860543,2025,2025-09-26,9265,2025-07-16,2113,023572,,3,2,2,3920,0,1,1,,2,502,"I-5 N/B","LOUISE AVE",1584.00,N,N,A,-,Y,SJ,,5," ",R,16.855,H,,R,N,4,0,1,2,A,-,03,22350,,F,C,C,A,A,H,-,C,D,0,,,,,Y,,-,99,0,0,1,0,0,0,0,0,0,"- ","- ",37.816970825195312,-121.29354858398438,"SAN JOAQUIN",LATHROP,-121.29353332519531,37.816967010498047
9486135,2022,2022-12-21,3903,2022-07-30,1400,5169,,6,5,4,3903,0,0,0,,0,,"S VEACH AV","WEST YOSEMITE AV",0.00,,Y,A,-,N,,,,,,,,,,Y,4,0,1,2,A,-,09,21801,A,N,D,C,A,A,H,-,A,A,0,,,,,Y,,A,01,0,0,1,0,0,0,0,0,0,"- ","- ",37.797420501708984,-121.22463226318359,"SAN JOAQUIN",MANTECA,-121.22463226318359,37.797409057617188
9486136,2022,2022-10-06,3903,2022-07-31,1519,2823,,7,5,4,3903,0,0,0,,0,,"SOUTH UNION RD","RT 120",0.00,,Y,A,-,Y,SJ,10,120,-,R,4.087,R,4,E,,2,0,1,1,A,-,03,22350,A,N,B,-,A,A,H,-,A,A,0,,,Y,,Y,,C,02,1,0,0,0,0,0,0,0,1,"- ","- ",37.781570434570312,-121.2342529296875,"SAN JOAQUIN",MANTECA,-121.23820495605469,37.783115386962891
94862213,2025,2025-09-26,9266,2025-09-07,"320 ",022773,,7,3,9,3900,0,2,4,,1,016,"ELEVENTH STREET","GRANT LINE ROAD",227.00,E,N,A,-,N,,,,,,,,,,Y,2,0,1,1,A,-,08,22107,,N,E,I,A,A,H,-,C,D,0,,,,,Y,,D,22,1,0,0,0,0,0,0,0,0,"- ","- ",37.753818511962891,-121.35117340087891,"SAN JOAQUIN",UNINCORPORATED,-121.35210418701172,37.753135681152344
9486227,2022,2022-09-22,3906,2022-09-01,1400,1760,,4,5,5,3906,0,0,0,,0,004,"W GRANT LINE RD","NAGLE RD",1543.00,W,N,A,-,N,,,,,,,,,,N,3,0,1,2,A,-,10,21950,A,N,G,B,B,A,H,-,A,A,0,Y,,,,Y,,A,01,0,1,0,0,1,0,0,0,0,"- ","- ",37.753849029541016,-121.47216033935547,"SAN JOAQUIN",TRACY,-121.47203826904297,37.754043579101562
94865844,2025,2025-09-30,9265,2025-09-19,"645 ",024417,,5,1,9,3900,0,1,1,,2,502,"I-5 S/B","ROTH RD",1740.00,N,N,A,-,Y,SJ,,5," ",R,19.937,H,,L,Y,4,0,2,2,A,-,03,22350,,N,C,C,A,A,H,-,B,D,0,,,,,Y,,A,01,0,0,2,0,0,0,0,0,0,"- ","- ",37.860370635986328,-121.28093719482422,"SAN JOAQUIN",UNINCORPORATED,-121.28093719482422,37.860370635986328
94866287,2025,2025-09-30,9265,2025-09-02,1110,022365,,2,1,9,3900,0,1,3,,2,004,"SR-99 N/B","WATERLOO ROAD",300.00,N,N,A,-,Y,SJ,,99," "," ",20.371,H,,R,Y,4,0,1,2,A,-,08,22107,,N,B,2,A,A,H,-,A,D,0,,,,,Y,,A,01,0,0,1,0,0,0,0,0,0,"- ","- ",37.985210418701172,-121.25009155273438,"SAN JOAQUIN",UNINCORPORATED,-121.25009155273438,37.985210418701172
9486799,2022,2022-10-20,3906,2022-09-09,1048,1802,,5,5,5,3906,0,0,0,,0,002,"CORRAL HOLLOW RD","TRACY HILLS DR",1080.00,N,N,A,-,N,,,,,,,,,,Y,4,0,1,2,A,-,09,21801,A,N,A,C,A,A,H,-,A,D,0,,,,,Y,,A,01,0,0,1,0,0,0,0,0,0,"- ","- ",,,"SAN JOAQUIN",TRACY,-121.4527587890625,37.678752899169922
9486851,2022,2022-09-21,3906,2022-09-07,1912,1678,1,3,5,5,3906,0,0,0,,0,001,"W 6TH ST","WEST ST",55.00,W,N,A,-,N,,,,,,,,,,Y,3,0,3,2,A,-,07,21658,,N,C,E,A,A,H,-,A,A,0,,,,,Y,,A,01,0,3,0,0,0,0,0,0,0,"- ","- ",,,"SAN JOAQUIN",TRACY,-121.43035125732422,37.73577880859375
94868521,2025,2025-10-01,9266,2025-09-22,"620 ",019182,,1,1,9,3900,0,1,1,,2,014,"I-205 W/B","BYRON RD",2640.00,W,N,A,-,Y,SJ,,205," ",R,4.048,H,,L,N,4,0,1,2,A,-,08,22107,,N,B,C,A,A,H,-,D,D,0,,,Y,,Y,,C,02,0,0,1,0,0,0,0,0,1,"- ","- ",37.745590209960938,-121.48432159423828,"SAN JOAQUIN",UNINCORPORATED,-121.48432922363281,37.745609283447266
94874748,2025,2025-10-06,9266,2025-09-26,1630,022752,,5,2,9,3900,0,3,5,,2,002,"BIRD ROAD","W LEHMAN ROAD",0.00,,Y,A,-,N,,,,,,,,,,Y,4,0,2,2,A,-,09,21804,A,N,C,C,A,A,H,-,A,D,0,,,,,Y,,D,22,0,0,2,0,0,0,0,0,0,"- ","- ",37.681789398193359,-121.36147308349609,"SAN JOAQUIN",UNINCORPORATED,-121.36141967773438,37.681758880615234
94875078,2025,2025-10-06,9265,2025-09-25,1620,024252,,4,2,6,3905,0,1,3,,2,003,"SR-99 N/B","ARCH RD",2640.00,S,N,A,-,Y,SJ,,99," "," ",14.115,H,,R,N,4,0,1,2,A,-,03,22350,,N,C,C,A,A,H,-,A,D,0,,,,,Y,,D,22,0,0,1,0,0,0,0,0,0,"- ","- ",37.897930145263672,-121.22038269042969,"SAN JOAQUIN",STOCKTON,-121.22030639648438,37.897933959960938
94878583,2025,2025-10-08,9265,2025-09-27,1920,023612,,6,2,9,3900,0,1,3,,2,006,"SR-99 S/B","ACAMPO RD",600.00,S,N,A,-,Y,SJ,,99," "," ",33.530,H,,L,Y,4,0,2,1,A,-,08,22107,,N,E,8,A,A,H,-,D,D,0,,,,,Y,,A,01,0,0,2,0,0,0,0,0,0,"- ","- ",38.174068450927734,-121.26246643066406,"SAN JOAQUIN",UNINCORPORATED,-121.26240539550781,38.174072265625
94878604,2025,2025-10-08,9265,2025-09-28,2245,023612,,7,3,4,3903,0,1,3,,2,001,"SR-99 S/B",SR-120,320.00,S,N,A,-,Y,SJ,,99," "," ",5.757,H,,L,N,4,0,1,2,A,-,03,22350,,N,C,C,A,A,D,-,D,A,0,,,,,Y,,A,01,0,0,1,0,0,0,0,0,0,"- ","- ",37.784439086914062,-121.18798828125,"SAN JOAQUIN",MANTECA,-121.18803405761719,37.784431457519531
94880098,2025,2025-11-12,9266,2025-09-28,"630 ",020279,,7,1,9,3900,0,1,1,,1,015,"I-205 E/B","I-5 S/B UNDERCROSSING",163.00,W,N,A,-,Y,SJ,,205," ",R,12.632,H,,R,Y,4,0,3,2,A,-,07,21658,A,N,E,8,A,A,H,-,B,D,0,,,,,Y,,A,07,0,0,3,0,0,0,0,0,0,"- ","- ",37.767021179199219,-121.33289337158203,"SAN JOAQUIN",UNINCORPORATED,-121.33287811279297,37.766914367675781
94880210,2025,2025-10-09,9266,2025-10-01,"429 ",018628,,3,3,9,3900,0,3,5,,2,002,"CORRAL HOLLOW RD","ALAMEDA COUNTY LINE",2640.00,E,N,A,-,N,,,,,,,,,,N,3,0,1,1,C,-,18,,,N,H,H,A,A,H,-,D,A,0,,,,,Y,,-,"- ",0,1,0,0,0,0,0,0,0,"- ","- ",37.635501861572266,-121.555419921875,"SAN JOAQUIN",UNINCORPORATED,,
94881623,2025,2025-10-10,9265,2025-09-20,2049,024539,,6,2,9,3900,0,3,5,,2,050,"NEWTON RD","STEVENSON AVE",110.00,S,N,A,-,N,,,,,,,,,,N,4,0,1,2,A,-,08,22107,,F,B,G,A,A,H,-,C,D,0,,Y,,,Y,,-,99,0,0,1,0,0,0,1,0,0,"- ","- ",37.997001647949219,-121.25865936279297,"SAN JOAQUIN",UNINCORPORATED,-121.25869750976562,37.997013092041016
94881869,2025,2025-10-10,9265,2025-10-01,1002,022798,,3,1,9,3900,0,3,5,,2,010,"SR-26 W/B","ESCALON BELLOTA RD",3060.00,W,N,B,-,Y,SJ,,26," "," ",14.459,H,,L,Y,4,0,1,2,A,-,09,21801,A,N,D,C,A,A,H,-,A,D,0,,,,,Y,,D,22,0,0,1,0,0,0,0,0,0,"- ","- ",38.045631408691406,-121.02398681640625,"SAN JOAQUIN",UNINCORPORATED,-121.02398681640625,38.045627593994141
94890079,2025,2025-10-16,9266,2025-10-07,"510 ",018628,,2,3,9,3900,0,1,1,,2,014,"I-205 W/B TO MOUNTAIN HOUSE PKWY","MOUNTAIN HOUSE PKWY",100.00,E,N,A,-,Y,,,,,,,,,,Y,4,0,2,4,A,-,03,22350,,N,C,C,A,A,H,-,C,A,0,,,,Y,Y,,G,25,0,0,2,0,0,0,0,0,0,"- ","- ",37.742969512939453,-121.53102111816406,"SAN JOAQUIN",UNINCORPORATED,-121.53164672851562,37.742809295654297
94890496,2025,2025-10-17,9265,2025-09-07,1830,023223,,7,2,4,3903,0,1,3,,2,025,"SR-120 E/B","UNION RD",1584.00,E,N,A,-,Y,SJ,,120," ",R,4.595,H,,R,N,3,0,4,4,A,-,03,22350,,F,C,C,A,A,H,-,A,D,0,,,,,Y,,A,01,0,4,0,0,0,0,0,0,0,"- ","- ",37.783149719238281,-121.22892761230469,"SAN JOAQUIN",MANTECA,-121.22892761230469,37.783153533935547
94890584,2025,2025-10-17,9265,2025-09-15,1830,023156,,1,2,9,3900,0,3,5,,2,010,"DODDS RD","MARIPOSA RD",5597.00,E,N,A,-,N,,,,,,,,,,N,3,0,2,2,A,-,08,22107,,N,B,2,A,A,H,-,A,D,0,,,,Y,Y,,G,25,0,1,1,0,0,0,0,0,0,"- ","- ",37.856639862060547,-121.02259063720703,"SAN JOAQUIN",UNINCORPORATED,-121.02297973632812,37.856632232666016
94890612,2025,2025-10-17,9265,2025-09-15,1959,024504,,1,2,9,3900,0,2,4,,1,091,"EIGHT MILE ROAD","WEST LANE",68.00,W,N,A,-,N,,,,,,,,,,N,4,0,1,2,A,-,03,22350,,N,C,C,A,A,H,-,C,A,0,,,,,Y,,D,22,0,0,1,0,0,0,0,0,0,"- ","- ",38.057441711425781,-121.29667663574219,"SAN JOAQUIN",UNINCORPORATED,-121.29657745361328,38.057460784912109
94891807,2025,2025-10-20,9266,2025-10-07,1635,016382,,2,2,9,3900,0,2,4,,2,027,"DURHAM FERRY ROAD","KOSTER ROAD",3043.00,E,N,A,-,N,,,,,,,,,,Y,3,0,1,2,A,-,03,22350,,N,B,C,A,A,H,-,A,D,0,,,,,Y,,A,01,0,1,0,0,0,0,0,0,0,"- ","- ",37.667388916015625,-121.31397247314453,"SAN JOAQUIN",UNINCORPORATED,-121.31400299072266,37.667366027832031
94895636,2025,2025-10-21,9266,2025-10-10,1700,024017,,5,2,9,3900,0,1,1,,2,021,"I-580 E/B","I-5 S/B",50.00,W,N,A,-,Y,SJ,,580," "," ",0.004,H,,R,Y,3,0,1,1,A,-,03,22350,,N,F,A,A,A,H,-,A,D,0,,,,Y,Y,,F,26,0,1,0,0,0,0,0,0,0,"- ","- ",37.597759246826172,-121.34272003173828,"SAN JOAQUIN",UNINCORPORATED,-121.34249877929688,37.597942352294922
94896394,2025,2025-10-21,9266,2025-10-11,"530 ",019182,,6,3,9,3900,0,1,1,,2,024,"I-5 S/B","GAFFERY RD",425.00,S,N,A,-,Y,SJ,,5," "," ",0.228,H,,L,Y,4,0,1,1,A,-,03,22350,,N,E,J,A,A,H,-,D,D,0,,,,,Y,,A,01,0,0,1,0,0,0,0,0,0,"- ","- ",37.592838287353516,-121.33737182617188,"SAN JOAQUIN",UNINCORPORATED,-121.33736419677734,37.592842102050781
94896803,2025,2025-10-22,9265,2025-10-10,1442,021644,,5,2,9,3900,0,1,3,,2,006,"SR-99 S/B","KETTLEMAN LN",1056.00,S,N,A,-,Y,SJ,,99," "," ",29.287,H,,L,N,4,0,3,2,B,-,22,,,N,B,C,A,A,H,-,A,D,0,,,,Y,Y,,A,01,0,0,3,0,0,0,0,0,0,"- ","- ",38.113288879394531,-121.25869750976562,"SAN JOAQUIN",UNINCORPORATED,-121.2586669921875,38.113285064697266
94899894,2025,2025-10-24,9265,2025-10-14,"835 ",016510,,2,1,9,3900,0,2,4,,1,091,"LOWER SACRAMENTO RD","MARLETTE RD",1214.00,S,N,C,-,N,,,,,,,,,,N,3,0,1,3,A,-,03,22350,,N,C,C,A,B,H,-,A,D,0,,,,,Y,,A,01,0,1,0,0,0,0,0,0,0,"- ","- ",38.047378540039062,-121.31815338134766,"SAN JOAQUIN",UNINCORPORATED,-121.31796264648438,38.047321319580078
94903643,2025,2025-10-27,9265,2025-09-17,"414 ",023156,,3,3,9,3900,0,1,3,,2,003,"SR-99 N/B","MAIN ST",19.00,S,N,A,-,Y,SJ,,99," "," ",18.135,H,,R,Y,3,0,1,2,A,-,03,22350,,N,B,E,A,A,H,-,D,D,0,,,,,Y,,D,22,0,1,0,0,0,0,0,0,0,"- ","- ",37.954048156738281,-121.23905944824219,"SAN JOAQUIN",UNINCORPORATED,-121.23895263671875,37.954074859619141
94904498,2025,2025-10-28,9265,2025-10-05,"8   ",024252,,7,3,9,3900,0,3,5,,2,050,"FREMONT ST","SHASTA AVE",0.00,,Y,A,-,N,,,,,,,,,,Y,4,0,2,2,A,-,01,23152,A,N,D,C,A,A,H,-,C,A,0,,,,,Y,Y,A,01,0,0,2,0,0,0,0,0,0,"- ","- ",37.966911315917969,-121.25287628173828,"SAN JOAQUIN",UNINCORPORATED,-121.25286865234375,37.966949462890625
94905741,2025,2025-11-13,9266,2025-10-23,1750,020657,,4,2,9,3900,0,1,1,,1,015,"I-205 E/B","CANAL BLVD",1790.00,E,N,A,-,Y,SJ,,205," ",R,12.151,H,,R,N,4,0,1,3,A,-,03,22350,,N,C,C,A,A,H,-,A,D,0,,,,,Y,,D,22,0,0,1,0,0,0,0,0,0,"- ","- ",37.766139984130859,-121.34158325195312,"SAN JOAQUIN",UNINCORPORATED,-121.34156799316406,37.766082763671875
94907368,2025,2025-10-29,9266,2025-10-05,1740,021822,,7,2,9,3900,0,3,5,,2,001,"NAGLEE ROAD","BETHANY ROAD",420.00,S,N,A,-,N,,,,,,,,,,Y,4,0,1,1,A,-,01,23152,A,N,E,I,A,A,H,-,A,D,0,,,,,Y,Y,A,01,0,0,1,0,0,0,0,0,0,"- ","- ",37.779838562011719,-121.46272277832031,"SAN JOAQUIN",UNINCORPORATED,-121.46275329589844,37.779834747314453
94909292,2025,2025-10-31,9265,2025-05-12,"312 ",022849,,1,3,9,3900,0,1,1,,2,503,"INTERSTATE 5 NORTHBOUND FROM FRENCH CAMP ROAD","FRENCH CAMP ROAD",251.00,W,N,A,-,Y,,,,,,,,,,Y,1,1,0,1,A,-,03,22350,,N,E,I,A,A,H,-,C,D,0,,,,,Y,,A,01,0,0,0,0,0,0,0,0,0,"- ","- ",37.897220611572266,-121.28153991699219,"SAN JOAQUIN",UNINCORPORATED,-121.28388977050781,37.897823333740234
94909863,2025,2025-10-31,9265,2025-10-20,1335,020513,,1,1,9,3900,0,1,3,,1,062,SR-12,"JACK TONE BYPASS",0.00,,Y,A,-,Y,SJ,,88," "," ",13.612,H,,L,Y,4,0,1,2,A,-,03,22350,,N,C,C,A,A,H,-,A,D,0,,,,,Y,,A,07,0,0,1,0,0,0,0,0,0,"- ","- ",38.157451629638672,-121.15431213378906,"SAN JOAQUIN",UNINCORPORATED,-121.15435791015625,38.157463073730469
94913606,2025,2025-11-06,9265,2025-10-19,1435,016510,,7,2,9,3900,0,1,1,,2,504,"I-5 N/B","BENJAMIN HOLT DR",750.00,S,N,A,-,Y,SJ,,5," "," ",31.292,H,,R,N,2,0,1,3,A,-,03,22350,,N,C,C,A,A,D,-,A,A,0,,,,Y,Y,,A,07,1,0,0,0,0,0,0,0,0,"- ","- ",38.002479553222656,-121.35030364990234,"SAN JOAQUIN",UNINCORPORATED,-121.35030364990234,38.002479553222656
94913883,2025,2025-11-06,9265,2025-10-22,1636,022798,,3,2,4,3903,0,1,3,,2,025,"SR-120 E/B","MOFFAT BLVD",370.00,W,N,B,-,Y,SJ,,120," ",R,6.299,H,,R,Y,4,0,1,2,A,-,03,22350,,N,C,C,A,A,H,-,A,D,0,,,,,Y,,A,07,0,0,1,0,0,0,0,0,0,"- ","- ",37.783210754394531,-121.19777679443359,"SAN JOAQUIN",MANTECA,-121.19777679443359,37.783203125
94913951,2025,2025-11-06,9266,2025-10-25,"226 ",024051,,6,3,4,3903,0,2,S,,2,904,"UNION ROAD","SR-120 E/B",94.00,S,N,A,-,N,,,,,,,,,,Y,3,0,2,1,A,-,01,23152,A,N,E,8,A,A,H,-,C,A,0,,,,,Y,Y,A,01,0,1,1,0,0,0,0,0,0,"- ","- ",37.782798767089844,-121.23429870605469,"SAN JOAQUIN",MANTECA,-121.23426055908203,37.782680511474609
94917541,2025,2025-11-10,9265,2025-10-24,1350,023844,,5,1,9,3900,0,1,3,,2,001,"SR-99 S/B","LATHROP RD",750.00,S,N,A,-,Y,SJ,,99," "," ",8.652,H,,L,Y,4,0,1,2,A,-,08,22107,,N,C,C,A,A,H,-,A,D,0,,,,,Y,,D,22,0,0,1,0,0,0,0,0,0,"- ","- ",37.819530487060547,-121.21405792236328,"SAN JOAQUIN",UNINCORPORATED,-121.21405792236328,37.819530487060547
94918900,2025,2025-11-11,9265,2025-10-27,1453,021519,,1,2,9,3900,0,1,3,,1,016,SR-120,"SOUTH HARROLD AVENUE",0.00,,Y,A,-,Y,SJ,,120," "," ",18.687,H,,R,Y,4,0,1,2,A,-,09,21802,A,N,D,C,A,A,H,-,A,D,0,,,,,Y,,D,22,0,0,1,0,0,0,0,0,0,"- ","- ",37.794078826904297,-120.96916961669922,"SAN JOAQUIN",UNINCORPORATED,-120.96916961669922,37.794101715087891
94919627,2025,2025-11-11,9265,2025-10-27,2058,023277,,1,2,4,3903,0,1,3,,2,025,"SR-120 E/B","MCKINLEY AVENUE",50.00,E,N,A,-,Y,SJ,,120," ",R,2.303,H,,R,Y,4,0,1,2,A,-,08,22107,,F,B,2,A,A,H,-,D,D,0,,,,,Y,,A,01,0,0,1,0,0,0,0,0,0,"- ","- ",37.784770965576172,-121.27057647705078,"SAN JOAQUIN",MANTECA,-121.27057647705078,37.784770965576172
94922699,2025,2025-11-12,9265,2025-10-19,2146,020071,,7,2,9,3900,0,2,4,,1,023,"MANTECA RD","BRADY RD",240.00,S,N,A,-,N,,,,,,,,,,N,4,0,1,2,A,-,01,23152,A,N,D,E,A,A,H,-,D,D,0,,,,,Y,Y,A,01,0,0,1,0,0,0,0,0,0,"- ","- ",37.727809906005859,-121.21524810791016,"SAN JOAQUIN",UNINCORPORATED,-121.21529388427734,37.727840423583984
94923946,2025,2025-11-12,9266,2025-10-20,1840,022029,,1,2,9,3900,0,2,4,,1,016,"GRANT LINE RD","BIRD RD",10.00,E,N,A,-,N,,,,,,,,,,N,2,0,1,2,B,-,22,,,N,C,C,A,A,H,-,D,A,0,,,Y,,Y,,C,06,1,0,0,0,0,0,0,0,1,"- ","- ",37.754238128662109,-121.36176300048828,"SAN JOAQUIN",UNINCORPORATED,-121.36180877685547,37.754318237304688