CASE_ID,ACCIDENT_YEAR,PROC_DATE,JURIS,COLLISION_DATE,COLLISION_TIME,OFFICER_ID,REPORTING_DISTRICT,DAY_OF_WEEK,CHP_SHIFT,POPULATION,CNTY_CITY_LOC,SPECIAL_COND,BEAT_TYPE,CHP_BEAT_TYPE,CITY_DIVISION_LAPD,CHP_BEAT_CLASS,BEAT_NUMBER,PRIMARY_RD,SECONDARY_RD,DISTANCE,DIRECTION,INTERSECTION,WEATHER_1,WEATHER_2,STATE_HWY_IND,CALTRANS_COUNTY,CALTRANS_DISTRICT,STATE_ROUTE,ROUTE_SUFFIX,POSTMILE_PREFIX,POSTMILE,LOCATION_TYPE,RAMP_INTERSECTION,SIDE_OF_HWY,TOW_AWAY,COLLISION_SEVERITY,NUMBER_KILLED,NUMBER_INJURED,PARTY_COUNT,PRIMARY_COLL_FACTOR,PCF_CODE_OF_VIOL,PCF_VIOL_CATEGORY,PCF_VIOLATION,PCF_VIOL_SUBSECTION,HIT_AND_RUN,TYPE_OF_COLLISION,MVIW,PED_ACTION,ROAD_SURFACE,ROAD_COND_1,ROAD_COND_2,LIGHTING,CONTROL_DEVICE,CHP_ROAD_TYPE,PEDESTRIAN_ACCIDENT,BICYCLE_ACCIDENT,MOTORCYCLE_ACCIDENT,TRUCK_ACCIDENT,NOT_PRIVATE_PROPERTY,ALCOHOL_INVOLVED,STWD_VEHTYPE_AT_FAULT,CHP_VEHTYPE_AT_FAULT,COUNT_SEVERE_INJ,COUNT_VISIBLE_INJ,COUNT_COMPLAINT_PAIN,COUNT_PED_KILLED,COUNT_PED_INJURED,COUNT_BICYCLIST_KILLED,COUNT_BICYCLIST_INJURED,COUNT_MC_KILLED,COUNT_MC_INJURED,PRIMARY_RAMP,SECONDARY_RAMP,LATITUDE,LONGITUDE,COUNTY,CITY,POINT_X,POINT_Y
9596272,2023,2023-07-19,3906,2023-06-19,2105,1831,,1,5,5,3906,0,0,0,,0,003,"S CORRAL HOLLOW RD","W SCHULTE RD",0.00,,Y,A,-,N,,,,,,,,,,N,3,0,1,2,A,-,00,23153,C,N,D,C,A,A,H,-,C,A,0,,,,,Y,,A,01,0,1,0,0,0,0,0,0,0,"- ","- ",37.728569030761719,-121.45298004150391,"SAN JOAQUIN",TRACY,-121.45323944091797,37.72857666015625
9596375,2023,2023-07-19,3904,2023-06-27,2500,P106,4,2,5,3,3904,0,0,0,,0,00B,"S STOCKTON AV","MAIN ST",58.00,S,N,A,-,N,,,,,,,,,,N,4,0,1,2,A,-,08,22107,,M,B,E,A,A,H,-,C,D,0,,,,,Y,,A,07,0,0,1,0,0,0,0,0,0,"- ","- ",37.739109039306641,-121.12326049804688,"SAN JOAQUIN",RIPON,-121.12397003173828,37.739219665527344
9596733,2023,2023-07-31,3903,2023-05-16,"830 ",3991,,2,5,4,3903,0,0,0,,0,,"LATHROP RD","UNION RD",502.00,E,N,A,-,N,,,,,,,,,,N,4,0,1,2,A,-,09,21801,A,N,D,C,A,A,H,-,A,D,0,,,,,Y,,A,01,0,0,1,0,0,0,0,0,0,"- ","- ",37.826438903808594,-121.23590850830078,"SAN JOAQUIN",MANTECA,-121.23593139648438,37.826431274414062
9596738,2023,2023-07-31,3903,2023-05-10,1342,3197,,3,5,4,3903,0,0,0,,0,,"AIRPORT WY","WAWONA ST",630.00,N,N,A,-,N,,,,,,,,,,Y,3,0,2,2,A,-,09,21801,A,N,D,C,A,A,H,-,A,D,0,,,,,Y,,A,01,0,2,0,0,0,0,0,0,0,"- ","- ",,,"SAN JOAQUIN",MANTECA,-121.25221252441406,37.791839599609375
9596739,2023,2023-07-31,3903,2023-05-06,1047,5820,,6,5,4,3903,0,0,0,,0,,"COTTAGE AV","BROOKDALE WY",0.00,,Y,B,-,N,,,,,,,,,,Y,2,0,1,2,A,-,09,21800,A,N,D,C,A,A,H,-,A,D,0,,,,,Y,,A,01,1,0,0,0,0,0,0,0,0,"- ","- ",,,"SAN JOAQUIN",MANTECA,-121.19873809814453,37.810493469238281
9596743,2023,2023-07-25,3903,2023-04-29,"951 ",5916,,6,5,4,3903,0,0,0,,0,,"NORTH MAIN ST","LANCASTER DR",234.00,S,N,A,-,N,,,,,,,,,,Y,2,0,1,2,A,-,09,21804,B,N,D,C,A,A,H,-,A,D,0,,,Y,,Y,,A,01,1,0,0,0,0,0,0,0,1,"- ","- ",,,"SAN JOAQUIN",MANTECA,-121.21710205078125,37.813507080078125
9596744,2023,2023-07-27,3903,2023-04-27,1444,2295,,4,5,4,3903,0,0,0,,0,,"MAIN ST","YOSEMITE AV",262.00,N,N,A,-,N,,,,,,,,,,N,2,0,1,1,C,-,18,,,N,E,I,A,A,H,-,A,D,0,,,,,Y,,-,"- ",1,0,0,0,0,0,0,0,0,"- ","- ",37.797489166259766,-121.21649169921875,"SAN JOAQUIN",MANTECA,-121.21650695800781,37.797409057617188
9596745,2023,2023-07-25,3903,2023-04-22,"934 ",5820,,6,5,4,3903,0,0,0,,0,,"LOUISE AV","MAIN ST",508.00,W,N,-,-,N,,,,,,,,,,Y,3,0,1,2,A,-,09,21804,A,N,D,C,A,A,H,-,A,D,0,,,,,Y,,A,01,0,1,0,0,0,0,0,0,0,"- ","- ",37.811920166015625,-121.27104949951172,"SAN JOAQUIN",MANTECA,-121.21879577636719,37.811939239501953
9596748,2023,2023-07-25,3903,2023-04-10,"918 ",3615,,1,5,4,3903,0,0,0,,0,,"MAIN ST","CENTER ST",0.00,,Y,A,-,N,,,,,,,,,,Y,4,0,1,2,A,-,06,21755,A,N,D,C,A,A,H,-,A,A,0,,,Y,,Y,,C,02,0,0,1,0,0,0,0,0,1,"- ","- ",37.799060821533203,-121.21662902832031,"SAN JOAQUIN",MANTECA,-121.216552734375,37.799125671386719
9597163,2023,2023-08-02,3902,2023-06-11,1806,116,SUNSE,7,5,5,3902,0,0,0,,0,001,"TURNER RD","LOWER SACRAMENTO RD E",87.00,E,N,A,-,N,,,,,,,,,,Y,4,0,1,4,A,-,01,23152,,N,B,E,A,A,H,-,A,D,0,,,,,Y,Y,A,01,0,0,1,0,0,0,0,0,0,"- ","- ",38.145591735839844,-121.30258178710938,"SAN JOAQUIN",LODI,-121.30635833740234,38.145618438720703
9597733,2023,2023-07-27,3903,2023-04-27,"444 ",5820,,4,5,4,3903,0,0,0,,0,,"NORMAN DR","SPRECKELS AV",301.00,W,N,A,-,N,,,,,,,,,,Y,3,0,1,1,A,-,03,22350,,N,E,J,A,A,H,-,C,D,0,,,,,Y,,D,22,0,1,0,0,0,0,0,0,0,"- ","- ",37.79473876953125,-121.19799041748047,"SAN JOAQUIN",MANTECA,-121.19895935058594,37.794582366943359
9600136,2023,2023-08-07,3902,2023-05-18,1210,67,SUNSE,4,5,5,3902,0,0,0,,0,001,"HAM LN","ELM ST",4.00,S,N,A,-,N,,,,,,,,,,N,4,0,1,2,A,-,08,22107,,M,B,G,A,A,H,-,A,A,0,,Y,,,Y,,D,22,0,0,1,0,0,0,1,0,0,"- ","- ",38.135978698730469,-121.28832244873047,"SAN JOAQUIN",LODI,-121.28836822509766,38.13604736328125
9601601,2023,2023-09-11,3901,2023-07-14,1604,S2,,5,5,2,3901,0,0,0,,0,,"RT 120","IRWIN AV",944.00,E,N,A,-,Y,SJ,10,120,-,-,16.630,H,-,E,Y,4,0,1,2,A,-,03,22350,,N,C,C,A,A,H,-,A,A,0,,,,,Y,,A,01,0,0,1,0,0,0,0,0,0,"- ","- ",37.798530578613281,-121.00405883789062,"SAN JOAQUIN",ESCALON,-121.00054168701172,37.798511505126953
9604613,2023,2023-11-09,3901,2023-08-28,1650,L43,,1,5,2,3901,0,0,0,,0,,"RT 120","BRENNAN RD",0.00,,Y,A,-,Y,SJ,10,120,-,-,15.860,I,5,E,N,3,0,1,2,A,-,09,21802,A,N,D,C,A,A,H,-,A,A,0,,,,,Y,,A,01,0,1,0,0,0,0,0,0,0,"- ","- ",,,"SAN JOAQUIN",ESCALON,-121.01502990722656,37.798538208007812
9608655,2023,2023-09-22,3902,2023-08-02,"811 ",113,HERIT,3,5,5,3902,0,0,0,,0,004,"CENTRAL AV","POPLAR ST",0.00,,Y,A,-,N,,,,,,,,,,Y,4,0,1,2,A,-,09,21802,A,N,D,C,A,A,H,-,A,A,0,,,,,Y,,A,01,0,0,1,0,0,0,0,0,0,"- ","- ",38.119289398193359,-121.26519012451172,"SAN JOAQUIN",LODI,-121.26506042480469,38.119510650634766
9610286,2023,2023-09-12,3903,2023-06-28,1542,4002,,3,5,4,3903,0,0,0,,0,,"YOSEMITE AV","COMMERCE AV",295.00,E,N,A,-,N,,,,,,,,,,Y,4,0,1,2,A,-,03,22350,,N,C,C,A,A,H,-,A,D,0,,,,,Y,,A,01,0,0,1,0,0,0,0,0,0,"- ","- ",37.797470092773438,-121.19371032714844,"SAN JOAQUIN",MANTECA,-121.19271087646484,37.797481536865234
9612254,2023,2023-09-19,3902,2023-08-19,1730,117,CENTR,6,5,5,3902,0,0,0,,0,005,"LOCUST ST","WASHINGTON ST",60.00,W,N,A,-,N,,,,,,,,,,Y,3,0,1,2,A,-,08,22107,,F,A,C,A,A,H,-,A,D,0,,,Y,,Y,,C,02,0,1,0,0,0,0,0,0,1,"- ","- ",38.136348724365234,-121.26788330078125,"SAN JOAQUIN",LODI,-121.26805114746094,38.136379241943359
9612258,2023,2023-09-20,3902,2023-08-07,"642 ",104,SUNSE,1,5,5,3902,0,0,0,,0,003,"ARUNDEL CT","HAM LN",10.00,W,N,A,-,N,,,,,,,,,,N,3,0,1,2,A,-,10,21950,A,N,G,B,B,A,H,-,A,A,0,Y,,,Y,Y,,F,26,0,1,0,0,1,0,0,0,0,"- ","- ",38.105670928955078,-121.28739166259766,"SAN JOAQUIN",LODI,-121.2874755859375,38.105709075927734
9613539,2023,2023-09-26,3901,2023-07-05,1232,L44,,3,5,2,3901,0,0,0,,0,,"CALIFORNIA ST","RT 120",0.00,,Y,A,-,Y,SJ,10,120,-,-,17.360,I,5,E,Y,4,0,1,2,A,-,09,21802,,N,D,C,A,A,H,-,A,D,0,,,,,Y,Y,D,22,0,0,1,0,0,0,0,0,0,"- ","- ",,,"SAN JOAQUIN",ESCALON,-120.99227142333984,37.796440124511719
9617367,2023,2023-10-31,3902,2023-08-23,1435,42,S4,3,5,5,3902,0,0,0,,0,004,"AUTO CENTER DR","PIXLEY PK",0.00,,Y,A,-,N,,,,,,,,,,Y,2,0,1,2,A,-,09,21801,A,N,D,C,A,A,H,-,A,D,0,,,Y,,Y,,D,22,1,0,0,0,0,0,0,0,1,"- ","- ",38.119388580322266,-121.25241851806641,"SAN JOAQUIN",LODI,-121.25232696533203,38.119705200195312
9617403,2023,2023-11-08,3902,2023-06-30,1123,44,SUNSE,5,5,5,3902,0,0,0,,0,001,"HUTCHINGS ST","PINE ST",52.00,N,N,A,-,N,,,,,,,,,,Y,4,0,2,2,A,-,08,22107,,N,C,E,A,A,H,-,A,D,0,,,,,Y,,A,01,0,0,2,0,0,0,0,0,0,"- ","- ",38.134330749511719,-121.27916717529297,"SAN JOAQUIN",LODI,-121.27919006347656,38.13446044921875
9619881,2023,2023-12-27,3902,2023-09-05,1120,93,HERIT,2,5,5,3902,0,0,0,,0,002,"LOCKEFORD ST","SCHOOL ST",32.00,E,N,A,-,N,,,,,,,,,,,3,0,1,1,C,-,18,,,N,F,A,A,A,G,-,A,D,0,,Y,,,Y,,-,"- ",0,1,0,0,0,0,1,0,0,"- ","- ",38.137840270996094,-121.27342224121094,"SAN JOAQUIN",LODI,-121.27329254150391,38.137825012207031
9628552,2023,2023-10-23,3902,2023-06-27,1806,59,HERIT,2,5,5,3902,0,0,0,,0,004,"POPLAR AV","CENTRAL AV",0.00,,Y,A,-,N,,,,,,,,,,N,3,0,1,2,A,-,10,21950,A,N,G,B,D,A,H,-,A,A,0,Y,,,,Y,,A,01,0,1,0,0,1,0,0,0,0,"- ","- ",38.119289398193359,-121.26519012451172,"SAN JOAQUIN",LODI,-121.26506042480469,38.119510650634766
9628873,2023,2023-11-04,3901,2023-09-19,1538,L15,,2,5,2,3901,0,0,0,,0,,"MCHENRY AV","ULLREY AV",0.00,,Y,A,-,N,,,,,,,,,,N,4,0,1,2,A,-,09,21804,A,N,D,C,A,A,H,-,A,D,0,,,,,Y,,A,01,0,0,1,0,0,0,0,0,0,"- ","- ",37.787479400634766,-120.99640655517578,"SAN JOAQUIN",ESCALON,-120.99642944335938,37.787437438964844
9631641,2023,2023-12-05,3902,2023-08-23,"501 ",31,HERIT,3,5,5,3902,0,0,0,,0,002,"LOCKEFORD ST","CHURCH ST",125.00,E,N,A,-,N,,,,,,,,,,N,2,0,1,2,A,-,04,21703,,F,C,G,A,A,H,-,C,D,0,,Y,,,Y,,D,22,1,0,0,0,0,0,1,0,0,"- ","- ",38.137710571289062,-121.27474212646484,"SAN JOAQUIN",LODI,-121.27433013916016,38.137886047363281
9632529,2023,2024-01-19,3903,2023-09-14,1059,3768,,4,5,4,3903,0,0,0,,0,,"SYCAMORE AV","NORTH ST",0.00,,Y,A,-,N,,,,,,,,,,N,4,0,1,2,A,-,09,21802,A,N,B,D,A,A,H,-,A,D,0,,,,,Y,,-,,0,0,1,0,0,0,0,0,0,"- ","- ",37.800960540771484,-121.21903228759766,"SAN JOAQUIN",MANTECA,-121.21900177001953,37.801006317138672
9634921,2023,2023-12-14,3904,2023-11-23,"315 ",P106,1,4,5,3,3904,0,0,0,,0,00A,"N RIPON RD","RIVER RD",0.00,,Y,A,-,N,,,,,,,,,,Y,4,0,1,1,A,-,08,22107,,M,E,I,A,A,H,-,C,A,0,,,,,Y,,A,01,0,0,1,0,0,0,0,0,0,"- ","- ",37.761341094970703,-121.1380615234375,"SAN JOAQUIN",RIPON,-121.12465667724609,37.761085510253906
9635248,2023,2023-12-06,3902,2023-10-06,"826 ",7,HERIT,5,5,5,3902,0,0,0,,0,001,"CHURCH ST","LODI AV",0.00,,Y,A,-,N,,,,,,,,,,Y,4,0,1,2,D,-,00,,,N,D,C,A,A,H,-,A,A,0,,,,,Y,,-,"- ",0,0,1,0,0,0,0,0,0,"- ","- ",38.130229949951172,-121.27546691894531,"SAN JOAQUIN",LODI,-121.27532958984375,38.130199432373047
9635250,2023,2023-12-06,3902,2023-10-05,1837,112,HERIT,4,5,5,3902,0,0,0,,0,004,"CHEROKEE LN","ALMOND DR",0.00,,Y,A,-,N,,,,,,,,,,Y,3,0,2,2,A,-,01,23152,G,N,D,C,A,A,H,-,B,A,0,,,,,Y,Y,A,08,0,1,1,0,0,0,0,0,0,"- ","- ",38.1114501953125,-121.26032257080078,"SAN JOAQUIN",LODI,-121.26041412353516,38.111454010009766
9635259,2023,2023-12-04,3902,2023-09-17,"24  ",109,CENTR,7,5,5,3902,0,0,0,,0,002,"CHEROKEE LN","ELM ST",6.00,N,N,A,-,N,,,,,,,,,,N,2,0,2,3,A,-,10,21950,A,F,G,B,B,A,H,-,C,D,0,Y,,,,Y,,A,01,1,1,0,0,2,0,0,0,0,"- ","- ",38.134960174560547,-121.26071166992188,"SAN JOAQUIN",LODI,-121.26083374023438,38.135215759277344
9635261,2023,2023-12-04,3902,2023-09-22,1537,77,SUNSE,5,5,5,3902,0,0,0,,0,001,"HAM LN","LOCUST ST",234.00,N,N,A,-,N,,,,,,,,,,N,4,0,2,2,A,-,21,22106,,N,H,C,A,A,H,-,A,D,0,,,,,Y,,A,07,0,0,2,0,0,0,0,0,0,"- ","- ",38.13677978515625,-121.28829956054688,"SAN JOAQUIN",LODI,-121.28838348388672,38.137481689453125
9636899,2023,2023-11-20,3903,2023-09-26,"755 ",3540,,2,5,4,3903,0,0,0,,0,,"NOTTINGHAM DR","MANCHESTER LN",0.00,,Y,A,-,N,,,,,,,,,,N,4,0,1,2,A,-,03,22350,,N,D,C,A,A,H,-,A,D,0,,,Y,,Y,,C,02,0,0,1,0,0,0,0,0,1,"- ","- ",37.825950622558594,-121.22833251953125,"SAN JOAQUIN",MANTECA,-121.22834777832031,37.825981140136719
9637238,2023,2023-12-22,3903,2023-09-22,2050,6006,,5,5,4,3903,0,0,0,,0,,"YOSEMITE AV","SWANSON RD",325.00,E,N,A,-,N,,,,,,,,,,,4,0,1,2,A,-,05,21202,A,N,C,G,A,A,H,-,C,D,0,,Y,,,Y,,-,"- ",0,0,1,0,0,0,1,0,0,"- ","- ",37.797378540039062,-121.25907897949219,"SAN JOAQUIN",MANTECA,-121.25797271728516,37.797309875488281
9637488,2023,2024-01-26,3902,2023-09-24,2004,111,,7,5,5,3902,0,0,0,,0,002,"VICTOR RD","GUILD AV",0.00,,Y,A,-,Y,SJ,10,12,-,-,18.610,I,5,E,Y,2,0,2,2,A,-,12,22450,,N,D,C,A,A,H,-,C,A,0,,,,,Y,,A,01,1,0,1,0,0,0,0,0,0,"- ","- ",38.137519836425781,-121.24794006347656,"SAN JOAQUIN",LODI,-121.24794769287109,38.137683868408203
9638700,2023,2023-11-20,3903,2023-09-07,1215,6005,1,4,5,4,3903,0,0,0,,0,001,"UNION RD","NORTHGATE DR",524.00,N,N,A,-,N,,,,,,,,,,N,3,0,1,2,A,-,08,22107,,N,D,G,A,A,H,-,A,A,0,,Y,,,Y,,L,04,0,1,0,0,0,0,1,0,0,"- ","- ",37.819881439208984,-121.23568725585938,"SAN JOAQUIN",MANTECA,-121.23572540283203,37.821338653564453
9638715,2023,2023-11-30,3903,2023-09-22,2218,3930,,5,5,4,3903,0,0,0,,0,,"YOSEMITE AV","RT 99",0.00,,Y,A,-,Y,SJ,10,120,-,-,6.250,I,5,W,N,4,0,1,2,A,-,12,21453,A,N,D,C,A,A,H,-,C,A,0,,,Y,,Y,,C,02,0,0,1,0,0,0,0,0,0,"- ",NO,37.797470092773438,-121.19062805175781,"SAN JOAQUIN",MANTECA,-121.19039916992188,37.797626495361328
9640653,2023,2024-07-03,3905,2023-10-29,1830,2785,CIV,7,5,6,3905,0,0,0,,0,,"PARK ST","BAKER ST",0.00,,Y,A,-,N,,,,,,,,,,Y,1,1,1,2,A,-,12,22450,,N,D,C,A,A,H,-,C,A,0,,,,,Y,,A,01,0,0,1,0,0,0,0,0,0,"- ","- ",37.957790374755859,-121.30332946777344,"SAN JOAQUIN",STOCKTON,-121.30342102050781,37.957687377929688
9640974,2024,2024-10-01,3903,2024-08-04,2220,3540,,7,5,4,3903,0,0,0,,0,,"YOSEMITE AV","SAINT DOMINICS DR",149.00,W,N,A,-,N,,,,,,,,,,Y,1,1,0,2,A,-,00,23153,F,N,G,B,D,A,H,-,C,D,0,Y,,,,Y,,A,01,0,0,0,1,0,0,0,0,0,"- ","- ",37.797309875488281,-121.24471282958984,"SAN JOAQUIN",MANTECA,-121.24524688720703,37.797328948974609
9647802,2023,2023-12-28,3903,2023-10-16,"618 ",3540,,1,5,4,3903,0,0,0,,0,,"MAIN ST","NORTHGATE DR",0.00,,Y,A,-,N,,,,,,,,,,Y,4,0,1,2,A,-,12,21453,A,N,D,C,A,A,H,-,C,A,0,,,,,Y,,D,22,0,0,1,0,0,0,0,0,0,"- ","- ",37.818408966064453,-121.21723937988281,"SAN JOAQUIN",MANTECA,-121.21726989746094,37.818397521972656
9648481,2023,2023-12-30,3902,2023-09-07,1627,112,SUNSE,4,5,5,3902,0,0,0,,0,002,"CHEROKEE LN","LODI AV",38.00,N,N,A,-,N,,,,,,,,,,,4,0,1,2,C,-,18,,,N,C,C,A,A,H,-,A,D,0,,,,,Y,,-,"- ",0,0,1,0,0,0,0,0,0,"- ","- ",38.130950927734375,-121.26064300537109,"SAN JOAQUIN",LODI,-121.26064300537109,38.131122589111328
9648879,2023,2024-01-02,3902,2023-10-21,1141,35,HERIT,6,5,5,3902,0,0,0,,0,002,"CHEROKEE LN","VICTOR RD",0.00,,Y,A,-,N,,,,,,,,,,N,3,0,1,2,A,-,10,21950,A,F,G,B,B,A,H,-,A,A,0,Y,,,,Y,,A,01,0,1,0,0,1,0,0,0,0,"- ","- ",38.137008666992188,-121.26078033447266,"SAN JOAQUIN",LODI,-121.26092529296875,38.137283325195312
9649539,2023,2023-12-28,3903,2023-10-04,"946 ",3879,,3,5,4,3903,0,0,0,,0,,"UNION RD","MISSION RIDGE DR",134.00,N,N,A,-,N,,,,,,,,,,N,3,0,1,1,A,-,07,21658,A,N,E,I,A,A,H,-,A,A,0,,,,,Y,,A,01,0,1,0,0,0,0,0,0,0,"- ","- ",37.787960052490234,-121.23432159423828,"SAN JOAQUIN",MANTECA,-121.23432922363281,37.788318634033203
9650683,2023,2024-01-23,3903,2023-11-27,"719 ",6005,,1,5,4,3903,0,0,0,,0,,"NEHEMIAH DR","BUTTON AV",672.00,E,N,A,-,N,,,,,,,,,,Y,3,0,1,2,A,-,09,21804,A,N,A,C,A,A,H,-,A,A,0,,,Y,,Y,,A,01,0,1,0,0,0,0,0,0,1,"- ","- ",,,"SAN JOAQUIN",MANTECA,-121.19268798828125,37.804752349853516
9650712,2023,2024-02-07,3903,2023-12-26,1955,4002,,2,5,4,3903,0,0,0,,0,,"UNION RD","SHADY PINES ST",0.00,,Y,B,-,N,,,,,,,,,,Y,2,0,2,2,A,-,01,23152,A,N,A,C,A,A,H,-,C,A,0,,,,,Y,Y,A,07,1,1,0,0,0,0,0,0,0,"- ","- ",,,"SAN JOAQUIN",MANTECA,-121.23638153076172,37.837646484375
9650713,2023,2024-02-07,3903,2023-12-09,1350,5542,,6,5,4,3903,0,0,0,,0,,"SPRECKELS AV","HISTORICAL PLAZA WY",0.00,,Y,A,-,N,,,,,,,,,,N,4,0,2,2,A,-,09,21804,A,N,D,C,A,A,H,-,A,D,0,,,,,Y,,A,01,0,0,2,0,0,0,0,0,0,"- ","- ",37.796329498291016,-121.19805908203125,"SAN JOAQUIN",MANTECA,-121.19806671142578,37.796344757080078
9664827,2024,2024-03-06,3903,2024-01-26,1840,5820,,5,5,4,3903,0,0,0,,0,,"MAIN ST","WOODWARD AV",0.00,,Y,B,-,N,,,,,,,,,,Y,4,0,2,2,A,-,12,22450,A,N,D,D,A,A,H,-,D,D,0,,,,,Y,,A,01,0,0,2,0,0,0,0,0,0,"- ","- ",37.775711059570312,-121.21569061279297,"SAN JOAQUIN",MANTECA,-121.21572875976562,37.775699615478516
9664851,2024,2024-03-07,3903,2024-01-13,1358,3558,,6,5,4,3903,0,0,0,,0,,"YOSEMITE AV","VEACH AV",0.00,,Y,B,-,N,,,,,,,,,,Y,4,0,1,2,A,-,09,21802,A,N,D,C,A,B,H,-,A,A,0,,,,,Y,,A,01,0,0,1,0,0,0,0,0,0,"- ","- ",37.797340393066406,-121.22502899169922,"SAN JOAQUIN",MANTECA,-121.22506713867188,37.79742431640625
9664913,2024,2024-05-01,3902,2024-02-07,"759 ",127,CENTR,3,5,5,3902,0,0,0,,0,005,"HUTCHINS ST","OAK ST",0.00,,Y,A,-,N,,,,,,,,,,N,2,0,1,2,A,-,09,21802,A,N,D,C,A,A,H,-,A,A,0,,,,,Y,,A,07,1,0,0,0,0,0,0,0,0,"- ","- ",38.133228302001953,-121.27925872802734,"SAN JOAQUIN",LODI,-121.2791748046875,38.133232116699219
9665429,2024,2024-03-20,3903,2024-01-03,1413,3615,,3,5,4,3903,0,0,0,,0,,"MOFFAT BL","WOODWARD AV",0.00,,Y,B,-,N,,,,,,,,,,Y,4,0,2,2,A,-,09,21801,A,N,A,C,A,B,H,-,A,D,0,,,,,Y,,A,01,0,0,2,0,0,0,0,0,0,"- ","- ",,,"SAN JOAQUIN",MANTECA,-121.18328857421875,37.77587890625
9665433,2024,2024-03-07,3903,2024-01-09,"638 ",3768,,2,5,4,3903,0,0,0,,0,,"LOUISE AV","AIRPORT WY",870.00,W,N,A,-,N,,,,,,,,,,N,4,0,1,2,A,-,03,22350,,N,C,D,A,A,H,-,A,D,0,,,,Y,Y,,D,22,0,0,1,0,0,0,0,0,0,"- ","- ",37.811740875244141,-121.25298309326172,"SAN JOAQUIN",MANTECA,-121.25602722167969,37.811908721923828
9665489,2024,2024-06-25,3902,2024-01-01,1713,103,SUNSE,1,5,5,3902,0,0,0,,0,001,"LODI AV","HUTCHINS ST",52.00,W,N,A,-,N,,,,,,,,,,Y,4,0,1,2,A,-,"- ",,,N,C,C,A,A,H,-,C,D,0,,,,,Y,,-,"- ",0,0,1,0,0,0,0,0,0,"- ","- ",38.129951477050781,-121.27903747558594,"SAN JOAQUIN",LODI,-121.27925872802734,38.130008697509766
9668738,2024,2024-04-10,3903,2024-02-15,"823 ",3991,,4,5,4,3903,0,0,0,,0,,"YOSEMITE AV","SHIDELER PK",740.00,E,N,A,-,N,,,,,,,,,,,4,0,1,2,A,-,06,21750,,N,D,C,A,B,H,-,A,A,0,,,,,Y,,A,01,0,0,1,0,0,0,0,0,0,"- ","- ",37.797420501708984,-121.26644897460938,"SAN JOAQUIN",MANTECA,-121.26388549804688,37.797309875488281
9669730,2024,2024-04-24,3904,2024-02-24,1509,P095,3,6,5,3,3904,0,0,0,,0,00B,"VERA AV","GABRIELLE PL",10.00,S,N,A,-,N,,,,,,,,,,N,3,0,1,2,A,-,03,22350,,N,H,G,A,A,H,-,A,A,0,,Y,,,Y,,D,72,0,1,0,0,0,0,1,0,0,"- ","- ",37.728118896484375,-121.13343811035156,"SAN JOAQUIN",RIPON,,
9676248,2024,2024-03-08,3902,2024-01-17,2342,105,HERIT,3,5,5,3902,0,0,0,,0,004,"CHURCH ST","LAYLAND DR",103.00,N,N,A,-,N,,,,,,,,,,Y,3,0,1,2,A,-,01,23152,G,N,C,E,A,A,H,-,C,D,0,,,,,Y,,A,01,0,1,0,0,0,0,0,0,0,"- ","- ",38.113468170166016,-121.27607727050781,"SAN JOAQUIN",LODI,-121.27605438232422,38.113754272460938
9676249,2024,2024-03-08,3902,2024-01-23,1812,124,SUNSE,2,5,5,3902,0,0,0,,0,003,"LOWER SACRAMENTO","KETTLEMAN LN",580.00,N,N,A,-,N,,,,,,,,,,N,3,0,1,2,A,-,03,22350,,N,C,C,A,A,H,-,C,A,0,,,Y,,Y,,A,01,0,1,0,0,0,0,0,0,1,"- ","- ",38.115501403808594,-121.30655670166016,"SAN JOAQUIN",LODI,-121.30662536621094,38.117172241210938
9684602,2024,2024-05-14,3901,2024-03-12,"815 ",L13,,2,5,2,3901,0,0,0,,0,,"ESCALON AV","LILLIAN AV",30.00,N,N,C,-,N,,,,,,,,,,N,3,0,1,2,A,-,11,21954,A,N,G,B,D,B,H,-,A,D,0,Y,,,Y,Y,,N,60,0,1,0,0,1,0,0,0,0,"- ","- ",37.799110412597656,-120.99669647216797,"SAN JOAQUIN",ESCALON,-120.99668884277344,37.799213409423828
9685162,2024,2024-06-05,3904,2024-04-08,1713,P098,1,1,5,3,3904,0,0,0,,0,00A,"ARC WY","MILGEO AV",0.00,,Y,A,-,N,,,,,,,,,,N,3,0,1,2,A,-,09,21800,A,N,H,G,A,A,H,-,A,A,0,,Y,,,Y,,A,01,0,1,0,0,0,0,1,0,0,"- ","- ",37.746479034423828,-121.13065338134766,"SAN JOAQUIN",RIPON,-121.13066864013672,37.746505737304688
9685802,2024,2024-06-10,3903,2024-04-02,"939 ",6093,,2,5,4,3903,0,0,0,,0,,"MISSION RIDGE DR","BURGUNDY LN",578.00,E,N,A,-,N,,,,,,,,,,N,4,0,2,2,A,-,03,22350,,N,D,C,A,A,H,-,A,D,0,,,,,Y,,A,01,0,0,2,0,0,0,0,0,0,"- ","- ",37.784088134765625,-121.22431945800781,"SAN JOAQUIN",MANTECA,-121.2222900390625,37.784130096435547
9694255,2024,2024-07-01,3901,2024-05-14,"819 ",L15,,2,5,2,3901,0,0,0,,0,,"RT 120","PLAZA AV",0.00,,Y,A,-,Y,SJ,10,120,-,-,16.700,H,-,W,N,3,0,1,3,A,-,03,22350,,N,C,D,A,A,H,-,A,A,0,,,,,Y,,A,01,0,1,0,0,0,0,0,0,0,"- ","- ",37.797340393066406,-120.99672698974609,"SAN JOAQUIN",ESCALON,-120.99906921386719,37.798587799072266