CASE_ID,ACCIDENT_YEAR,PROC_DATE,JURIS,COLLISION_DATE,COLLISION_TIME,OFFICER_ID,REPORTING_DISTRICT,DAY_OF_WEEK,CHP_SHIFT,POPULATION,CNTY_CITY_LOC,SPECIAL_COND,BEAT_TYPE,CHP_BEAT_TYPE,CITY_DIVISION_LAPD,CHP_BEAT_CLASS,BEAT_NUMBER,PRIMARY_RD,SECONDARY_RD,DISTANCE,DIRECTION,INTERSECTION,WEATHER_1,WEATHER_2,STATE_HWY_IND,CALTRANS_COUNTY,CALTRANS_DISTRICT,STATE_ROUTE,ROUTE_SUFFIX,POSTMILE_PREFIX,POSTMILE,LOCATION_TYPE,RAMP_INTERSECTION,SIDE_OF_HWY,TOW_AWAY,COLLISION_SEVERITY,NUMBER_KILLED,NUMBER_INJURED,PARTY_COUNT,PRIMARY_COLL_FACTOR,PCF_CODE_OF_VIOL,PCF_VIOL_CATEGORY,PCF_VIOLATION,PCF_VIOL_SUBSECTION,HIT_AND_RUN,TYPE_OF_COLLISION,MVIW,PED_ACTION,ROAD_SURFACE,ROAD_COND_1,ROAD_COND_2,LIGHTING,CONTROL_DEVICE,CHP_ROAD_TYPE,PEDESTRIAN_ACCIDENT,BICYCLE_ACCIDENT,MOTORCYCLE_ACCIDENT,TRUCK_ACCIDENT,NOT_PRIVATE_PROPERTY,ALCOHOL_INVOLVED,STWD_VEHTYPE_AT_FAULT,CHP_VEHTYPE_AT_FAULT,COUNT_SEVERE_INJ,COUNT_VISIBLE_INJ,COUNT_COMPLAINT_PAIN,COUNT_PED_KILLED,COUNT_PED_INJURED,COUNT_BICYCLIST_KILLED,COUNT_BICYCLIST_INJURED,COUNT_MC_KILLED,COUNT_MC_INJURED,PRIMARY_RAMP,SECONDARY_RAMP,LATITUDE,LONGITUDE,COUNTY,CITY,POINT_X,POINT_Y
9697315,2024,2024-05-16,3903,2024-03-13,1305,6077,,3,5,4,3903,0,0,0,,0,,"LOUISE AV","EMPIRE AV",290.00,W,N,A,-,N,,,,,,,,,,Y,3,0,3,1,A,-,03,22350,,N,E,I,A,A,H,-,A,D,0,,,,,Y,,A,01,0,3,0,0,0,0,0,0,0,"- ","- ",37.811969757080078,-121.19335174560547,"SAN JOAQUIN",MANTECA,-121.19435119628906,37.81201171875
9697524,2024,2024-05-15,3903,2024-03-05,"710 ",3991,,2,5,4,3903,0,0,0,,0,,"MAIN ST","CENTER ST",65.00,N,N,B,-,N,,,,,,,,,,N,4,0,1,2,A,-,03,22350,,N,C,C,A,A,H,-,A,A,0,,,,,Y,,A,01,0,0,1,0,0,0,0,0,0,"- ","- ",37.799060821533203,-121.21662902832031,"SAN JOAQUIN",MANTECA,-121.21656036376953,37.799308776855469
9700188,2024,2024-06-28,3904,2024-05-10,1918,P112,4,5,5,3,3904,0,0,0,,0,00B,"2ND ST","LOCUST AV",0.00,,Y,A,-,N,,,,,,,,,,N,3,0,1,2,A,-,09,21801,,N,A,C,A,A,H,-,A,D,0,,,,,Y,,A,01,0,1,0,0,0,0,0,0,0,"- ","- ",37.737529754638672,-121.12626647949219,"SAN JOAQUIN",RIPON,-121.12628173828125,37.737541198730469
9710013,2024,2024-07-08,3903,2024-05-21,1054,3768,,2,5,4,3903,0,0,0,,0,,"LOUISE AV","MAIN ST",323.00,E,N,A,-,N,,,,,,,,,,N,4,0,2,2,A,-,09,21802,A,N,D,D,A,A,H,-,A,A,0,,,,,Y,,A,07,0,0,2,0,0,0,0,0,0,"- ","- ",37.811920166015625,-121.21704864501953,"SAN JOAQUIN",MANTECA,-121.217041015625,37.811939239501953
9711121,2024,2024-08-19,3901,2024-07-23,2131,L45,,2,5,2,3901,0,0,0,,0,,"1ST ST","MAIN ST",0.00,,Y,A,-,N,,,,,,,,,,Y,3,0,2,2,A,-,09,21804,A,N,D,C,A,A,H,-,C,A,0,,,,,Y,,A,01,0,1,1,0,0,0,0,0,0,"- ","- ",37.795219421386719,-120.99372100830078,"SAN JOAQUIN",ESCALON,-120.99372863769531,37.795211791992188
9714434,2024,2024-07-12,3902,2024-03-26,"941 ",32,HERIT,2,5,5,3902,0,0,0,,0,002,"LODI AV","HANSEN DR",13.00,E,N,A,-,N,,,,,,,,,,Y,3,0,1,2,A,-,01,23152,A,N,D,C,A,A,H,-,A,D,0,,,,,Y,Y,A,01,0,1,0,0,0,0,0,0,0,"- ","- ",,,"SAN JOAQUIN",LODI,-121.25880432128906,38.131069183349609
9716955,2024,2024-09-10,3905,2024-07-18,2353,174012,MOUNT,4,5,6,3905,0,0,0,,0,010,"MOUNTAIN HOUSE PKWY","GRANT LINE RD",0.00,,Y,A,-,N,,,,,,,,,,Y,2,0,2,3,A,-,09,21453,C,N,D,C,A,A,H,-,C,A,0,,,,,Y,,A,08,1,1,0,0,0,0,0,0,0,"- ","- ",,,"SAN JOAQUIN",STOCKTON,-121.57505035400391,37.75433349609375
9722150,2024,2024-09-13,3904,2024-08-11,"200 ",P098,4,7,5,3,3904,0,0,0,,0,00B,"S STOCKTON AV","DOAK BL",1432.00,S,N,A,-,N,,,,,,,,,,N,4,0,1,1,A,-,03,22350,,M,E,I,A,A,H,-,D,D,0,,,,,Y,,A,01,0,0,1,0,0,0,0,0,0,"- ","- ",37.730518341064453,-121.23919677734375,"SAN JOAQUIN",RIPON,-121.12415313720703,37.730178833007812
9724878,2024,2024-08-27,3904,2024-07-16,"617 ",P114,1,2,5,3,3904,0,0,0,,0,00A,"N RIPON RD","W RIVER RD",0.00,,Y,A,-,N,,,,,,,,,,Y,4,0,1,1,A,-,03,22350,A,N,E,I,A,A,H,-,A,A,0,,,,,Y,,A,07,0,0,1,0,0,0,0,0,0,"- ","- ",37.761341094970703,-121.1380615234375,"SAN JOAQUIN",RIPON,-121.12465667724609,37.761085510253906
9727889,2024,2024-09-06,3903,2024-06-12,2143,6077,,3,5,4,3903,0,0,0,,0,,"LOUISE AV","MAIN ST",0.00,,Y,A,-,N,,,,,,,,,,N,2,0,1,2,A,-,10,21950,,F,G,B,B,A,H,-,C,A,0,Y,,,,Y,,A,07,1,0,0,0,1,0,0,0,0,"- ","- ",37.811920166015625,-121.21704864501953,"SAN JOAQUIN",MANTECA,-121.217041015625,37.811943054199219
9729255,2024,2024-09-06,3903,2024-07-04,1206,3540,,4,5,4,3903,0,0,0,,0,,"CROM ST","UNION RD",420.00,W,N,A,-,N,,,,,,,,,,N,3,0,3,2,A,-,09,21804,A,N,D,C,A,A,H,-,A,D,0,,,,,Y,,A,01,0,2,1,0,0,0,0,0,0,"- ","- ",37.804729461669922,-121.23509979248047,"SAN JOAQUIN",MANTECA,-121.23656463623047,37.804679870605469
9730728,2024,2024-09-26,3903,2024-07-29,"930 ",6100,,1,5,4,3903,0,0,0,,0,,"MAIN ST","YOSEMITE AV",0.00,,Y,A,-,N,,,,,,,,,,N,4,0,1,2,A,-,12,21457,A,F,D,G,A,A,D,-,A,A,0,,Y,,,Y,,A,01,0,0,1,0,0,0,1,0,0,"- ","- ",,,"SAN JOAQUIN",MANTECA,-121.21650695800781,37.797409057617188
9747021,2024,2024-12-30,3903,2024-09-12,1648,6100,,4,5,4,3903,0,0,0,,0,,"AIRPORT WY","YOSEMITE AV",0.00,,Y,A,-,N,,,,,,,,,,Y,4,0,1,2,A,-,12,21453,A,N,D,C,A,A,H,-,A,A,0,,,,Y,Y,,G,25,0,0,1,0,0,0,0,0,0,"- ","- ",,,"SAN JOAQUIN",MANTECA,-121.25222015380859,37.797325134277344
9747022,2024,2024-11-12,3903,2024-09-13,1748,3929,,5,5,4,3903,0,0,0,,0,,"UNION RD","CENTER ST",140.00,S,N,A,-,N,,,,,,,,,,N,3,0,2,2,A,-,03,22350,,N,C,C,A,A,H,-,A,D,0,,,,,Y,Y,A,01,0,1,1,0,0,0,0,0,0,"- ","- ",37.799129486083984,-121.23490905761719,"SAN JOAQUIN",MANTECA,-121.23493194580078,37.798805236816406
9747110,2024,2024-11-05,3903,2024-09-30,2005,4000,,1,5,4,3903,0,0,0,,0,,"CENTER ST","SYCAMORE AV",0.00,,Y,A,-,N,,,,,,,,,,N,3,0,1,2,A,-,11,21954,A,N,G,B,D,A,H,-,C,D,0,Y,,,,Y,,N,60,0,1,0,0,1,0,0,0,0,"- ","- ",37.799068450927734,-121.21906280517578,"SAN JOAQUIN",MANTECA,-121.21900939941406,37.799118041992188
9747112,2024,2024-11-05,3903,2024-09-28,1840,5686,,6,5,4,3903,0,0,0,,0,,"POWERS AV","MOFFAT BL",14.00,N,N,A,-,N,,,,,,,,,,N,4,0,1,2,A,-,01,23153,B,N,A,C,A,A,H,-,A,A,0,,,,,Y,Y,A,01,0,0,1,0,0,0,0,0,0,"- ","- ",,,"SAN JOAQUIN",MANTECA,-121.20563507080078,37.789283752441406
9749675,2024,2024-11-07,3903,2024-09-01,1039,5546,3903,7,5,4,3903,0,0,0,,0,,"EAST YOSEMITE AV","S AUSTIN RD",0.00,,Y,A,-,N,,,,,,,,,,N,4,0,1,2,A,-,12,21453,A,F,D,D,A,A,H,-,A,D,0,,,,,Y,,-,,0,0,1,0,0,0,0,0,0,"- ","- ",,,"SAN JOAQUIN",MANTECA,-121.17988586425781,37.797569274902344
9753474,2024,2024-12-17,3901,2024-11-21,1711,L33,,4,5,2,3901,0,0,0,,0,,"ESCALON AV","LA MESA ST",0.00,,Y,A,-,N,,,,,,,,,,Y,3,0,1,2,A,-,09,21801,A,N,D,C,A,A,H,-,B,D,0,,,,,Y,,A,01,0,1,0,0,0,0,0,0,0,"- ","- ",,,"SAN JOAQUIN",ESCALON,-120.99671936035156,37.800296783447266
9755008,2024,2024-12-05,3903,2024-10-06,1955,5829,,7,5,4,3903,0,0,0,,0,,"COMMERCE AV","YOSEMITE AV",0.00,,Y,B,-,N,,,,,,,,,,N,4,0,1,2,A,-,10,21950,A,F,G,B,B,A,H,-,C,A,0,Y,,Y,,Y,,C,06,0,0,1,0,1,0,0,0,0,"- ","- ",,,"SAN JOAQUIN",MANTECA,-121.19373321533203,37.797470092773438
9755031,2024,2024-12-12,3903,2024-10-29,"807 ",3540,,2,5,4,3903,0,0,0,,0,,"YOSEMITE AV","RT 99",80.00,W,N,B,-,Y,SJ,10,99,-,-,6.494,R,4,S,N,4,0,2,3,A,-,03,22350,,F,C,C,A,A,H,-,A,A,0,,,,,Y,,A,08,0,0,2,0,0,0,0,0,0,"- ",SO,37.797470092773438,-121.19197845458984,"SAN JOAQUIN",MANTECA,-121.19074249267578,37.794963836669922
9755037,2024,2024-12-05,3903,2024-10-18,1645,5820,,5,5,4,3903,0,0,0,,0,,"CENTER ST","FREMONT ST",0.00,,Y,A,-,N,,,,,,,,,,N,4,0,1,2,A,-,09,21800,A,N,G,B,D,A,H,-,A,D,0,Y,,,,Y,,A,01,0,0,1,0,1,0,0,0,0,"- ","- ",37.799148559570312,-121.20964050292969,"SAN JOAQUIN",MANTECA,-121.20964050292969,37.799083709716797
9759872,2024,2025-01-21,3904,2024-12-11,1944,P105,1,3,5,3,3904,0,0,0,,0,00A,"N JACKTONE RD","W SANTOS AV",0.00,,Y,A,-,N,,,,,,,,,,Y,3,0,1,2,A,-,12,21457,A,N,D,C,A,A,H,-,C,A,0,,,,,Y,,A,01,0,1,0,0,0,0,0,0,0,"- ","- ",37.756671905517578,-121.14260864257812,"SAN JOAQUIN",RIPON,-121.14253234863281,37.756881713867188
9763835,2024,2025-01-22,3903,2024-12-14,"38  ",6023,3903,6,5,4,3903,0,0,0,,0,,"CROM ST","ZURICH DR",119.00,W,N,C,-,N,,,,,,,,,,Y,4,0,1,2,A,-,07,21658,A,N,C,E,A,B,H,-,C,D,0,,,,,Y,,A,07,0,0,1,0,0,0,0,0,0,"- ","- ",,,"SAN JOAQUIN",MANTECA,-121.24892425537109,37.804634094238281
9763836,2024,2025-01-22,3903,2024-12-16,1412,3540,,1,5,4,3903,0,0,0,,0,,"UNION RD","CENTER ST",40.00,S,N,B,C,N,,,,,,,,,,N,4,0,1,2,A,-,03,22350,,N,C,C,A,B,H,-,A,A,0,,,,,Y,,A,01,0,0,1,0,0,0,0,0,0,"- ","- ",,,"SAN JOAQUIN",MANTECA,-121.23493194580078,37.799079895019531
9763921,2024,2025-01-22,3903,2024-12-29,1824,6123,,7,5,4,3903,0,0,0,,0,,"MAIN ST","YOSEMITE AV",22.00,N,N,A,-,N,,,,,,,,,,N,4,0,1,2,A,-,21,22106,,N,C,C,A,A,H,-,C,A,0,,,,,Y,,A,01,0,0,1,0,0,0,0,0,0,"- ","- ",37.797489166259766,-121.21649169921875,"SAN JOAQUIN",MANTECA,-121.21650695800781,37.797409057617188
9767135,2025,2025-04-15,3901,2025-03-29,1335,L46,,6,5,2,3901,0,0,0,,0,,"MCHENRY AV","ROOSEVELT AV",420.00,S,N,A,-,N,,,,,,,,,,Y,4,0,2,2,A,-,08,22107,,N,D,C,A,A,H,-,A,D,0,,,,,Y,,A,01,0,0,2,0,0,0,0,0,0,"- ","- ",,,"SAN JOAQUIN",ESCALON,-120.99655914306641,37.792327880859375
9768007,2024,2024-12-18,3904,2024-11-21,1014,P118,3,4,5,3,3904,0,0,0,,0,00B,"N JACK TONE RD","CANAL BL",1601.00,N,N,A,-,N,,,,,,,,,,Y,3,0,1,2,A,-,00,23103,A,N,C,C,A,A,H,-,A,D,0,,,,,Y,,A,01,0,1,0,0,0,0,0,0,0,"- ","- ",37.752590179443359,-121.14217376708984,"SAN JOAQUIN",RIPON,-121.1419677734375,37.751155853271484
9770544,2024,2025-01-08,3921,2024-12-16,1346,169241,MTNHO,1,5,3,3921,0,0,0,,0,010,"MTN HOUSE PKWY","GRANT LINE RD",0.00,,Y,C,-,N,,,,,,,,,,Y,4,0,2,2,A,-,12,21453,A,N,D,C,A,B,H,-,A,A,0,,,,,Y,,A,01,0,0,2,0,0,0,0,0,0,"- ","- ",,,"SAN JOAQUIN","MOUNTAIN HOUSE",-121.53170776367188,37.757953643798828
9771769,2024,2025-01-02,3903,2024-11-14,1747,6194,3903,4,5,4,3903,0,0,0,,0,,"ATHERTON DR","AIRPORT WY",0.00,,Y,A,-,N,,,,,,,,,,N,4,0,1,2,A,-,09,21802,A,N,D,C,A,A,D,-,C,A,0,,,,,Y,,A,01,0,0,1,0,0,0,0,0,0,"- ","- ",,,"SAN JOAQUIN",MANTECA,-121.25215148925781,37.779201507568359
9775928,2025,2025-02-06,3921,2025-01-10,1804,173695,MOUNT,5,5,3,3921,0,0,0,,0,010,"CENTRAL PKWY","E RAMSEY DR",0.00,,Y,A,-,N,,,,,,,,,,N,3,0,1,2,A,-,11,21950,B,M,H,G,A,A,H,-,C,D,0,,Y,,,Y,,L,04,0,1,0,0,0,0,1,0,0,"- ","- ",,,"SAN JOAQUIN","MOUNTAIN HOUSE",-121.54752349853516,37.760616302490234
9776163,2025,2025-02-06,3921,2025-01-15,"408 ",168705,MOUNT,3,5,3,3921,0,0,0,,0,010,GRANTLINE,"GREAT VALLEY PKWY",150.00,E,N,A,-,N,,,,,,,,,,Y,3,0,2,1,A,-,01,23153,A,N,E,I,A,A,H,-,C,D,0,,,,,Y,Y,A,01,0,1,1,0,0,0,0,0,0,"- ","- ",,,"SAN JOAQUIN","MOUNTAIN HOUSE",-121.55672454833984,37.756206512451172
9778232,2023,2025-01-23,3905,2023-11-13,2340,022123,,1,5,6,3905,0,0,0,,0,,"CHARTER WY","CENTER ST",0.00,,Y,A,-,N,,,,,,,,,,Y,3,0,1,2,A,-,08,22100,5,N,B,C,A,A,H,-,C,D,0,,,,,Y,,J,48,0,1,0,0,0,0,0,0,0,"- ","- ",37.938671112060547,-121.28746032714844,"SAN JOAQUIN",STOCKTON,,
9778357,2023,2025-01-22,3905,2023-10-24,"26  ",,,2,5,6,3905,0,0,0,,0,,"DAVID AV","MAIN ST",275.00,N,N,B,-,N,,,,,,,,,,Y,4,0,1,2,A,-,01,23152,F,M,B,E,A,A,H,-,C,D,0,,,,,Y,,A,01,0,0,1,0,0,0,0,0,0,"- ","- ",37.955421447753906,-121.24716949462891,"SAN JOAQUIN",STOCKTON,-121.2470703125,37.955303192138672
9784872,2025,2025-03-04,3903,2025-01-30,1742,3930,,4,5,4,3903,0,0,0,,0,,"UNION RD","DANIELS ST",0.00,,Y,A,-,N,,,,,,,,,,Y,4,0,2,2,A,-,09,21804,A,N,D,C,A,A,H,-,B,D,0,,,,,Y,,A,01,0,0,2,0,0,0,0,0,0,"- ","- ",37.785858154296875,-121.23422241210938,"SAN JOAQUIN",MANTECA,-121.23418426513672,37.785797119140625
9786241,2024,2025-05-03,3902,2024-11-14,"913 ",31,HERIT,4,5,5,3902,0,0,0,,0,002,"CHEROKEE LN","LOCUST ST",0.00,,Y,A,-,N,,,,,,,,,,Y,1,1,0,1,A,-,03,22350,,N,E,J,A,A,H,-,A,A,0,,,,,Y,,E,22,0,0,0,0,0,0,0,0,0,"- ","- ",,,"SAN JOAQUIN",LODI,-121.26087951660156,38.136394500732422
9786369,2024,2025-08-20,3905,2024-11-10,1541,2785,PAR,7,5,6,3905,0,0,0,,0,,"EL DORADO ST FR W RD","CLAYTON AV",2057.00,S,N,A,-,N,,,,,,,,,,N,1,2,0,2,A,-,05,21460,A,N,A,C,A,A,H,-,A,D,0,,,,Y,Y,,A,01,0,0,0,0,0,0,0,0,0,"- ","- ",,,"SAN JOAQUIN",STOCKTON,-121.27571868896484,37.905506134033203
9786371,2024,2025-07-14,3905,2024-09-10,1845,2660,LAK,2,5,6,3905,0,0,0,,0,,"MARCH LN","VENETIAN DR",16.00,W,N,A,-,N,,,,,,,,,,Y,1,1,0,2,A,-,12,21453,A,F,G,B,B,A,H,-,A,A,0,Y,,,,Y,,A,01,0,0,0,1,0,0,0,0,0,"- ","- ",37.988300323486328,-121.32553100585938,"SAN JOAQUIN",STOCKTON,-121.32603454589844,37.98809814453125
9789064,2025,2025-05-16,3904,2025-04-14,1804,P111,4,1,5,3,3904,0,0,0,,0,00B,"MAPLE AV","WEST MAIN ST",1347.00,N,N,A,-,N,,,,,,,,,,Y,3,0,1,2,A,-,01,23152,A,N,C,E,A,A,H,-,A,D,0,,,,,Y,Y,A,01,0,1,0,0,0,0,0,0,0,"- ","- ",37.742950439453125,-121.13163757324219,"SAN JOAQUIN",RIPON,-121.13191223144531,37.743137359619141
9797768,2025,2025-05-19,3904,2025-04-02,"757 ",P114,3,3,5,3,3904,0,0,0,,0,00B,"HARVEST DR","ALMOND CT",0.00,,Y,A,-,N,,,,,,,,,,N,3,0,2,2,A,-,09,21802,A,N,D,C,A,A,H,-,A,A,0,,,,,Y,,A,07,0,2,0,0,0,0,0,0,0,"- ","- ",37.742771148681641,-121.14028930664062,"SAN JOAQUIN",RIPON,-121.14030456542969,37.742740631103516
9809484,2025,2026-01-13,3906,2025-12-20,1215,21677,,6,5,5,3906,0,0,0,,0,,"PROSPERITY ST","MUSTANG WY",0.00,,Y,B,C,N,,,,,,,,,,Y,4,0,1,2,A,-,09,21800,A,N,D,C,A,D,H,-,A,D,0,,,,,Y,,A,01,0,0,1,0,0,0,0,0,0,"- ","- ",37.766849517822266,-121.53884124755859,"SAN JOAQUIN",TRACY,,
9887120,2025,2025-11-12,3904,2025-09-18,2115,P120,3,4,5,3,3904,0,0,0,,0,00B,"DOAK BL","S JACK TONE RD",0.00,,Y,A,-,N,,,,,,,,,,Y,2,0,1,1,A,-,01,23152,B,N,E,I,A,A,H,-,C,A,0,,,Y,,Y,Y,C,02,1,0,0,0,0,0,0,0,1,"- ","- ",37.775810241699219,-121.14280700683594,"SAN JOAQUIN",RIPON,-121.14205169677734,37.728855133056641
9895496,2025,2026-01-26,3921,2025-12-19,"36  ",173695,MTNHO,5,5,3,3921,0,0,0,,0,010,"MOUNTAIN HOUSE PKWY","VON SOSTEN RD",0.00,,Y,B,-,N,,,,,,,,,,Y,3,0,1,1,A,-,08,22107,,N,E,I,A,A,H,-,C,D,0,,,,,Y,,A,01,0,1,0,0,0,0,0,0,0,"- ","- ",37.745491027832031,-121.53163909912109,"SAN JOAQUIN","MOUNTAIN HOUSE",-121.53170776367188,37.751003265380859
9900397,2025,2026-01-13,3921,2025-12-10,"500 ",168705,3900,3,5,3,3921,0,0,0,,0,010,"BYRON RD","KELSO RD",550.49,S,N,A,-,N,,,,,,,,,,N,4,0,1,2,A,-,12,21453,A,N,D,C,A,A,H,-,C,A,0,,,,,Y,,A,01,0,0,1,0,0,0,0,0,0,"- ","- ",37.795009613037109,-121.55130767822266,"SAN JOAQUIN","MOUNTAIN HOUSE",-121.54854583740234,37.793571472167969
9901650,2025,2026-01-09,3921,2025-12-14,1049,177908,MTNHO,7,5,3,3921,0,0,0,,0,010,"HOLT AV","WILSHIRE AV",220.00,N,N,B,-,N,,,,,,,,,,N,2,0,1,3,A,-,03,22350,,N,G,B,E,A,H,-,A,D,0,Y,,,,Y,,-,"- ",1,0,0,0,1,0,0,0,0,"- ","- ",,,"SAN JOAQUIN","MOUNTAIN HOUSE",-121.32887268066406,37.961528778076172
6291075,2014,2014-08-15,9265,2014-04-28,1638,18289,,1,2,9,3900,0,3,5,,2,010,"RT 99","CLARK DR",579.00,S,N,A,-,N,,,99,,,,,,,Y,1,1,0,1,A,-,01,23152,E,N,E,I,A,A,H,-,A,D,0,,,Y,,Y,,C,02,0,0,0,0,0,0,0,1,0,"- ","- ",37.917900000000003,-121.22786000000001,"SAN JOAQUIN",UNINCORPORATED,-121.22802531000001,37.917834450000001
6291389,2014,2014-10-29,9265,2014-08-15,1400,015756,,5,2,9,3900,0,1,3,,1,066,"RT 26","FINE RD",0.00,,Y,A,-,Y,SJ,10,26,-,-,12.670,I,5,E,Y,1,1,2,2,A,-,09,21802,A,N,D,C,A,A,H,-,A,A,0,,,,,Y,,A,01,0,0,2,0,0,0,0,0,0,"- ","- ",38.031970000000001,-121.04998000000001,"SAN JOAQUIN",UNINCORPORATED,-121.05014703000001,38.031841069999999
6291509,2014,2014-11-03,9265,2014-09-13,1510,19182,,6,2,4,3903,0,1,3,,2,025,"RT 120","VAN RYN AV",1267.00,W,N,A,-,Y,SJ,10,120,-,R,5.630,H,-,E,Y,1,1,3,3,A,-,03,22350,,N,C,C,A,A,H,-,A,D,1,,,,,Y,,A,08,2,0,1,0,0,0,0,0,0,"- ","- ",37.783099999999997,-121.2011,"SAN JOAQUIN",MANTECA,-121.21005495,37.783200739999998
6291862,2014,2015-01-28,9265,2014-09-03,1615,19657,,3,2,9,3900,0,1,3,,1,013,"RT 4","HOLLENBECK RD",4752.00,E,N,A,-,Y,SJ,10,4,-,-,27.460,H,-,E,Y,1,1,0,2,A,-,08,22107,,N,A,C,A,A,H,-,A,D,0,,,,Y,Y,,A,01,0,0,0,0,0,0,0,0,0,"- ","- ",37.939770000000003,-121.10242,"SAN JOAQUIN",UNINCORPORATED,-121.10098116,37.939385059999999
6291963,2014,2015-02-27,9266,2014-01-30,1520,14807,,4,2,9,3900,0,1,3,,1,025,"RT 33","DURHAM FERRY RD",0.00,,Y,A,-,Y,SJ,10,33,-,-,3.510,I,5,N,Y,1,1,1,2,A,-,09,21801,A,N,A,C,A,A,H,-,A,D,0,,,,,Y,,D,22,0,1,0,0,0,0,0,0,0,"- ","- ",37.667279999999998,-121.32756999999999,"SAN JOAQUIN",UNINCORPORATED,-121.32748703999999,37.667307010000002
6292001,2014,2015-03-07,3905,2014-01-09,1503,1295,PAR,4,5,6,3905,0,0,0,,0,,"AIRPORT WY","INDUSTRIAL DR",100.00,N,N,A,-,N,,,,,,,,,,N,1,1,0,1,C,-,18,,,N,E,I,A,A,H,-,A,D,0,,,,,Y,,-,"- ",0,0,0,0,0,0,0,0,0,"- ","- ",37.911119999999997,-121.25855,"SAN JOAQUIN",STOCKTON,-121.25867004,37.911240429999999
6292037,2014,2016-01-14,3905,2014-05-05,2128,2133,LAK,1,5,6,3905,0,0,0,,0,,"PACIFIC AV","BENJAMIN HOLT DR",96.00,N,N,A,-,N,,,,,,,,,,Y,1,1,1,3,A,-,11,21954,A,N,G,B,D,A,H,-,C,A,0,Y,,,,Y,,N,60,0,1,0,1,1,0,0,0,0,"- ","- ",,,"SAN JOAQUIN",STOCKTON,-121.32078813,38.011301959999997
6292080,2014,2015-04-13,9265,2014-12-24,1730,19906,,3,2,2,3920,0,1,1,,2,502,"RT 5","LOUISE AV",1056.00,N,N,A,-,Y,SJ,10,5,-,R,16.660,H,-,N,Y,1,1,2,2,A,-,03,22350,,N,C,C,A,A,H,-,C,D,1,,,,,Y,,A,01,0,1,1,0,0,0,0,0,0,"- ","- ",37.815440000000002,-121.29407999999999,"SAN JOAQUIN",LATHROP,-121.29458215,37.814217110000001
6340852,2014,2014-06-04,3902,2014-01-03,1138,RAMIREZ,,5,5,5,3902,0,0,0,,0,,"CHURCH ST","VINE ST",82.00,S,N,A,-,N,,,,,,,,,,Y,4,0,2,2,A,-,08,22107,,F,C,E,A,A,H,-,A,D,0,,,,,Y,,A,01,0,0,2,0,0,0,0,0,0,"- ","- ",,,"SAN JOAQUIN",LODI,-121.27573801,38.122374809999997
6347900,2016,2016-03-22,3906,2016-03-13,0632,1232,151,7,5,5,3906,0,0,0,,0,005,"N MACARTHUR DR","E GRANT LINE RD",528.00,S,N,C,-,N,,,,,,,,,,Y,3,0,1,1,A,-,03,22350,,N,E,I,A,B,H,-,C,D,0,,,,,Y,Y,A,01,0,1,0,0,0,0,0,0,0,"- ","- ",,,"SAN JOAQUIN",TRACY,-121.41471,37.752780680000001
6347908,2016,2016-03-23,3906,2016-03-20,2108,1138,,7,5,5,3906,0,0,0,,0,004,"VIVIAN LN",FIELDVIEW,63.00,S,N,A,-,N,,,,,,,,,,Y,4,0,2,1,A,-,03,22350,,N,E,I,A,A,A,-,C,A,0,,,,,Y,,A,01,0,0,2,0,0,0,0,0,0,"- ","- ",,,"SAN JOAQUIN",TRACY,-121.45579887,37.744637109999999
6348001,2016,2016-03-23,3905,2016-02-19,0725,2714,LAK,5,5,6,3905,0,0,0,,0,,"PACIFIC AV","ROBINHOOD DR",0.00,,Y,B,-,N,,,,,,,,,,N,3,0,1,2,A,-,09,21800,A,N,G,G,A,A,H,-,B,A,0,,Y,,,Y,,L,04,0,1,0,0,0,0,1,0,0,"- ","- ",38.000779999999999,-121.31583999999999,"SAN JOAQUIN",STOCKTON,-121.31646991,38.000599940000001
6348006,2016,2016-03-23,3905,2016-02-09,0750,2525,CIV,2,5,6,3905,0,0,0,,0,,"EL DORADO ST","WEBER AV",206.00,S,N,A,-,N,,,,,,,,,,N,4,0,1,2,A,-,03,22350,,N,C,C,A,A,H,-,A,A,0,,,,,Y,,A,01,0,0,1,0,0,0,0,0,0,"- ","- ",37.953760000000003,-121.29004999999999,"SAN JOAQUIN",STOCKTON,-121.28996484,37.953247859999998
6348009,2016,2016-03-23,3905,2016-02-17,1306,2525,PAR,3,5,6,3905,0,0,0,,0,,"AIRPORT WY","MARKET ST",0.00,,Y,A,-,N,,,,,,,,,,Y,3,0,2,2,A,-,09,21801,A,N,D,C,A,A,H,-,A,A,0,,,,,Y,,A,08,0,1,1,0,0,0,0,0,0,"- ","- ",37.954279999999997,-121.27385,"SAN JOAQUIN",STOCKTON,-121.27392986,37.954389900000002
6348014,2016,2016-03-23,3905,2016-02-10,1833,2463,CIV,3,5,6,3905,0,0,0,,0,,"HARDING WY","EL DORADO ST",0.00,,Y,A,-,N,,,,,,,,,,Y,4,0,2,2,A,-,09,21801,A,N,D,C,A,A,H,-,C,A,0,,,,,Y,,A,01,0,0,2,0,0,0,0,0,0,"- ","- ",37.967559999999999,-121.29364,"SAN JOAQUIN",STOCKTON,-121.29382997,37.967529929999998
6348024,2016,2016-03-23,3905,2016-02-04,0959,2525,SEA,4,5,6,3905,0,0,0,,0,,"CENTER ST","3RD ST",99.00,N,N,A,-,N,,,,,,,,,,Y,3,0,1,2,A,-,03,22350,,N,B,E,A,A,H,-,A,A,0,,,,,Y,,A,01,0,1,0,0,0,0,0,0,0,"- ","- ",37.934669999999997,-121.2854,"SAN JOAQUIN",STOCKTON,-121.28556838,37.935328810000001
6348034,2016,2016-03-23,3905,2016-02-05,2335,2794,SEA,5,5,6,3905,0,0,0,,0,,"CAROLYN WESTON BL","MCDOUGALD BL",0.00,,Y,A,-,N,,,,,,,,,,Y,3,0,1,2,A,-,01,23152,A,F,D,C,A,A,H,-,C,A,0,,,,,Y,Y,A,01,0,1,0,0,0,0,0,0,0,"- ","- ",37.911430000000003,-121.29745,"SAN JOAQUIN",STOCKTON,-121.29750998999999,37.911270000000002