CASE_ID,ACCIDENT_YEAR,PROC_DATE,JURIS,COLLISION_DATE,COLLISION_TIME,OFFICER_ID,REPORTING_DISTRICT,DAY_OF_WEEK,CHP_SHIFT,POPULATION,CNTY_CITY_LOC,SPECIAL_COND,BEAT_TYPE,CHP_BEAT_TYPE,CITY_DIVISION_LAPD,CHP_BEAT_CLASS,BEAT_NUMBER,PRIMARY_RD,SECONDARY_RD,DISTANCE,DIRECTION,INTERSECTION,WEATHER_1,WEATHER_2,STATE_HWY_IND,CALTRANS_COUNTY,CALTRANS_DISTRICT,STATE_ROUTE,ROUTE_SUFFIX,POSTMILE_PREFIX,POSTMILE,LOCATION_TYPE,RAMP_INTERSECTION,SIDE_OF_HWY,TOW_AWAY,COLLISION_SEVERITY,NUMBER_KILLED,NUMBER_INJURED,PARTY_COUNT,PRIMARY_COLL_FACTOR,PCF_CODE_OF_VIOL,PCF_VIOL_CATEGORY,PCF_VIOLATION,PCF_VIOL_SUBSECTION,HIT_AND_RUN,TYPE_OF_COLLISION,MVIW,PED_ACTION,ROAD_SURFACE,ROAD_COND_1,ROAD_COND_2,LIGHTING,CONTROL_DEVICE,CHP_ROAD_TYPE,PEDESTRIAN_ACCIDENT,BICYCLE_ACCIDENT,MOTORCYCLE_ACCIDENT,TRUCK_ACCIDENT,NOT_PRIVATE_PROPERTY,ALCOHOL_INVOLVED,STWD_VEHTYPE_AT_FAULT,CHP_VEHTYPE_AT_FAULT,COUNT_SEVERE_INJ,COUNT_VISIBLE_INJ,COUNT_COMPLAINT_PAIN,COUNT_PED_KILLED,COUNT_PED_INJURED,COUNT_BICYCLIST_KILLED,COUNT_BICYCLIST_INJURED,COUNT_MC_KILLED,COUNT_MC_INJURED,PRIMARY_RAMP,SECONDARY_RAMP,LATITUDE,LONGITUDE,COUNTY,CITY,POINT_X,POINT_Y
6441767,2014,2016-03-02,9265,2014-02-28,1805,19178,,5,2,9,3900,0,1,3,,2,001,"RT 99","RT 120",900.00,S,N,B,-,Y,SJ,10,99,-,-,5.650,H,-,S,Y,4,0,4,2,A,-,03,22350,,N,C,C,A,B,C,D,D,D,1,,,,,Y,,A,01,0,0,4,0,0,0,0,0,0,"- ","- ",37.783279999999998,-121.18761000000001,"SAN JOAQUIN",UNINCORPORATED,-121.18758457,37.782680859999999
6441804,2014,2015-11-25,9265,2014-02-22,0735,15604,,6,1,9,3900,0,1,3,,1,062,"RT 88","COMSTOCK RD",500.00,W,N,A,-,Y,SJ,10,88,-,-,4.810,H,-,W,Y,4,0,2,2,A,-,08,22107,,N,E,I,A,A,H,-,A,D,0,,,,,Y,,A,01,0,0,2,0,0,0,0,0,0,"- ","- ",38.03407,-121.18797000000001,"SAN JOAQUIN",UNINCORPORATED,-121.18808111,38.033835510000003
6441805,2014,2014-07-01,9265,2014-02-22,1052,15408,,6,1,9,3900,0,2,4,,1,053,"WILSON WY","E ST",3.00,E,N,A,-,N,,,,,,,,,,Y,2,0,2,2,A,-,09,21802,A,N,D,C,A,A,H,-,A,A,0,,,Y,,Y,,A,08,1,1,0,0,0,0,0,0,1,"- ","- ",37.984960000000001,-121.27007,"SAN JOAQUIN",UNINCORPORATED,-121.27033,37.985069000000003
6444254,2014,2016-03-01,9265,2014-03-20,1135,13515,,4,1,9,3900,0,1,3,,2,003,"RT 99","RT 4",200.00,S,N,A,-,Y,SJ,10,99,-,-,17.180,H,-,N,Y,3,0,1,1,A,-,08,22107,,N,E,I,A,A,D,E,A,D,1,,,,,Y,,A,01,0,1,0,0,0,0,0,0,0,"- ","- ",37.94023,-121.2346,"SAN JOAQUIN",UNINCORPORATED,-121.2347809,37.94071589
6444258,2014,2016-03-05,9265,2014-03-18,1530,19882,,2,2,9,3900,0,1,3,,1,092,"RT 12","RT 5",2640.00,W,N,A,-,Y,SJ,10,12,-,-,9.670,H,-,W,Y,3,0,3,2,A,-,08,22107,,N,A,C,A,A,H,-,A,D,0,,,,,Y,,A,01,0,1,2,0,0,0,0,0,0,"- ","- ",38.658099999999997,-121.24339999999999,"SAN JOAQUIN",UNINCORPORATED,-121.40711856999999,38.116126100000002
6444262,2014,2014-07-07,9265,2014-03-17,1905,18511,,1,2,9,3900,0,3,5,,2,060,"N MCINTIRE RD","RT 12",600.00,,N,A,-,N,,,,,,,,,,N,2,0,1,1,C,-,18,,,N,H,A,A,A,H,-,A,D,0,,,,,Y,,-,"- ",1,0,0,0,0,0,0,0,0,"- ","- ",38.202979999999997,-121.03719,"SAN JOAQUIN",UNINCORPORATED,-121.03712991,38.201249959999998
6451259,2014,2016-04-11,9265,2014-04-09,1755,019307,9265,3,2,9,3900,0,1,3,,1,067,"RT 88","LIBERTY RD",0.00,,Y,A,-,Y,SJ,10,88,-,-,22.093,I,5,E,Y,4,0,1,2,A,-,09,21802,A,N,D,C,A,A,H,-,A,A,0,,,,,Y,,D,22,0,0,1,0,0,0,0,0,0,"- ","- ",38.235970000000002,-121.05091,"SAN JOAQUIN",UNINCORPORATED,-121.05108006,38.236043080000002
6451280,2014,2014-07-10,9265,2014-04-03,0845,015604,,4,1,9,3900,0,2,4,,1,072,"WEST LN","STADIUM DR",0.00,,Y,A,-,N,,,,,,,,,,Y,3,0,1,2,A,-,09,21801,A,N,D,C,A,A,H,-,A,D,0,,,,,Y,,D,22,0,1,0,0,0,0,0,0,0,"- ","- ",37.985320000000002,-121.28532,"SAN JOAQUIN",UNINCORPORATED,-121.28448989,37.985519949999997
6451838,2014,2016-04-09,9265,2014-04-16,1420,017856,,3,2,6,3905,0,1,3,,1,042,"RT 4","LINCOLN ST",300.00,E,N,A,-,Y,SJ,10,4,-,R,16.270,H,-,W,Y,4,0,2,3,A,-,03,22350,,N,C,C,A,A,H,-,A,D,1,,,,,Y,,D,22,0,0,2,0,0,0,0,0,0,"- ","- ",37.949559999999998,-121.29554,"SAN JOAQUIN",STOCKTON,-121.29703828,37.94904184
6451839,2014,2016-04-15,9265,2014-04-10,1620,13325,,4,2,4,3903,0,1,3,,2,025,"RT 120","MAIN ST",1056.00,E,N,A,-,Y,SJ,10,120,-,-,5.510,H,-,E,Y,3,0,1,3,A,-,03,22350,,N,C,C,A,A,H,-,A,D,1,,,,Y,Y,,A,01,0,1,0,0,0,0,0,0,0,"- ","- ",37.783169999999998,-121.21208,"SAN JOAQUIN",MANTECA,-121.19324007,37.78322301
6453468,2014,2014-07-15,3902,2014-04-30,1447,SLATER,,3,5,5,3902,0,0,0,,0,,"LODI AV","ROSE ST",102.00,W,N,A,-,N,,,,,,,,,,N,3,0,2,2,A,-,09,21804,A,N,D,C,A,A,H,-,A,D,0,,,,,Y,,A,01,0,1,1,0,0,0,0,0,0,"- ","- ",,,"SAN JOAQUIN",LODI,-121.28207464,38.130020000000002
6456826,2014,2014-07-11,9266,2014-04-15,0600,018308,,2,1,9,3900,0,2,4,,2,030,"MOUNTAIN HOUSE PKWY","ARNAUDO BL",0.00,,Y,A,-,N,,,,,,,,,,Y,4,0,1,2,A,-,17,21451,A,N,D,C,A,A,H,-,B,D,0,,,,Y,Y,,A,01,0,0,1,0,0,0,0,0,0,"- ","- ",37.775939999999999,-121.53172000000001,"SAN JOAQUIN",UNINCORPORATED,-121.53167994,37.775869900000004
6459225,2014,2014-07-11,3902,2014-04-23,0042,,,3,5,5,3902,0,0,0,,0,,"CHURCH ST","WEST KETTLEMAN LN",42.00,N,N,A,-,N,,,,,,,,,,Y,4,0,1,2,A,-,03,22350,,M,B,E,A,A,H,-,C,D,0,,,,,Y,,A,01,0,0,1,0,0,0,0,0,0,"- ","- ",,,"SAN JOAQUIN",LODI,-121.27603729,38.115675320000001
6460918,2014,2014-07-21,3900,2014-04-29,2306,1895,MANTE,2,5,2,3920,0,0,0,,0,009,"EAST LOUISE AV","HARLAN RD",0.00,,N,A,-,N,,,,,,,,,,N,4,0,1,2,B,-,22,,,N,C,E,A,A,H,-,C,D,0,,,,,Y,,D,22,0,0,1,0,0,0,0,0,0,"- ","- ",,,"SAN JOAQUIN",LATHROP,-121.29383999,37.811799899999997
6463068,2014,2014-07-07,9265,2014-03-14,1610,013515,,5,2,9,3900,0,2,4,,1,072,"WEST LN","EL PINAL DR",528.00,N,N,A,-,N,,,,,,,,,,N,4,0,2,2,A,-,04,21703,,N,C,C,A,A,H,-,A,D,0,,,,,Y,,D,22,0,0,2,0,0,0,0,0,0,"- ","- ",37.980490000000003,-121.28218,"SAN JOAQUIN",UNINCORPORATED,-121.28194676,37.979270870000001
6463079,2014,2016-03-05,9265,2014-03-21,1600,015604,,5,2,6,3905,0,1,3,,2,003,"RT 99","ARCH RD",1056.00,S,N,A,-,Y,SJ,10,99,-,-,14.410,H,-,N,Y,4,0,1,2,A,-,03,22350,,N,C,C,A,A,H,-,A,D,1,,,,,Y,,D,22,0,0,1,0,0,0,0,0,0,"- ","- ",37.898780000000002,-121.22060999999999,"SAN JOAQUIN",STOCKTON,-121.22145544999999,37.901474989999997
6463122,2014,2014-07-07,9265,2014-03-30,1115,18764,,7,1,9,3900,0,2,4,,1,031,"FRENCH CAMP RD","PRIEST RD",0.00,,Y,B,-,N,,,,,,,,,,N,4,0,1,2,A,-,03,22350,,N,C,C,A,A,H,-,A,D,0,,,,,Y,,D,22,0,0,1,0,0,0,0,0,0,"- ","- ",37.881,-121.26600000000001,"SAN JOAQUIN",UNINCORPORATED,-121.26641988999999,37.881079900000003
6463182,2014,2016-02-24,9265,2014-03-24,0620,018289,,1,1,9,3900,0,1,3,,1,061,"RT 26","DUNCAN RD",50.00,E,N,A,-,Y,SJ,10,26,-,-,10.010,H,-,W,N,4,0,1,3,A,-,03,22350,,N,C,C,A,A,H,-,B,A,0,,,,,Y,,D,22,0,0,1,0,0,0,0,0,0,"- ","- ",38.017440000000001,-121.09571,"SAN JOAQUIN",UNINCORPORATED,-121.09540924,38.017413580000003
6463911,2014,2016-04-09,9266,2014-04-06,1155,15432,,7,1,9,3900,0,1,3,,1,011,"RT 4","MIDDLE RIVER",20.00,E,N,A,-,Y,SJ,10,4,-,-,4.540,H,-,E,N,2,0,2,1,A,-,08,22107,,N,E,I,A,A,H,-,A,D,0,,,Y,,Y,,C,02,1,1,0,0,0,0,0,0,2,"- ","- ",37.890590000000003,-121.48832,"SAN JOAQUIN",UNINCORPORATED,-121.48808327,37.890576009999997
6464279,2014,2016-04-09,9266,2014-04-09,0610,018308,,3,1,9,3900,0,1,1,,2,014,"RT 205","ALAMEDA CO LINE",1056.00,E,N,A,-,Y,SJ,10,205,-,-,0.150,H,-,W,N,4,0,1,2,A,-,04,21703,,N,C,C,A,A,H,-,D,D,1,,,,,Y,,A,01,0,0,1,0,0,0,0,0,0,"- ","- ",37.743519999999997,-121.54036000000001,"SAN JOAQUIN",UNINCORPORATED,-121.55353916,37.743469130000001
6464709,2014,2014-06-13,9265,2014-01-29,1735,17405,,3,2,9,3900,0,2,4,,1,074,"BENJAMIN HOLT DR","PACIFIC AV",258.00,W,N,A,-,N,,,,,,,,,,Y,4,0,1,2,A,-,05,21460,A,N,A,C,A,A,H,-,C,D,0,,,,,Y,,A,01,0,0,1,0,0,0,0,0,0,"- ","- ",38.010820000000002,-121.32155,"SAN JOAQUIN",UNINCORPORATED,-121.32153424000001,38.010813659999997
6467165,2014,2014-07-10,9265,2014-03-05,1445,15604,,3,2,6,3905,0,2,S,,2,901,"ALPINE AV","WEST LN",120.00,W,N,A,-,N,,,,,,,,,,N,4,0,1,2,A,-,09,21804,A,N,D,G,A,A,H,-,A,D,0,,Y,,,Y,,A,01,0,0,1,0,0,0,1,0,0,"- ","- ",37.983989999999999,-121.28429,"SAN JOAQUIN",STOCKTON,-121.28430842,37.983864230000002
6469163,2014,2015-02-26,9265,2014-03-02,2130,19341,,7,2,6,3905,0,3,5,,2,070,"HERNDON PL","CALHOUN WY",31.00,S,N,B,-,N,,,,,,,,,,Y,3,0,1,2,A,-,08,22107,,N,C,E,A,A,H,-,C,D,0,,,,,Y,,D,22,0,1,0,0,0,0,0,0,0,"- ","- ",38.079999999999998,-121.2122,"SAN JOAQUIN",STOCKTON,-121.35639,38.00209486
6470547,2014,2014-07-30,3906,2014-05-01,1739,786,,4,5,5,3906,0,0,0,,0,006,"CLOVER RD","TRACY BL",528.00,W,N,A,-,N,,,,,,,,,,Y,4,0,1,1,A,-,01,23152,A,M,E,I,A,A,H,-,A,D,0,,,,,Y,Y,D,22,0,0,1,0,0,0,0,0,0,"- ","- ",,,"SAN JOAQUIN",TRACY,-121.43688657,37.761403399999999
6471052,2014,2015-03-28,3906,2014-05-08,0439,10118,,4,5,5,3906,0,0,0,,0,002,"DALEHURST LN","CITY LIGHT POLE 4997",34.00,N,N,A,-,N,,,,,,,,,,Y,4,0,2,2,A,-,08,22107,,N,D,E,A,A,H,-,C,D,0,,,,,Y,,A,01,0,0,2,0,0,0,0,0,0,"- ","- ",,,"SAN JOAQUIN",TRACY,,
6472312,2014,2014-07-23,3902,2014-04-26,0852,KAUFMAN,,6,5,5,3902,0,0,0,,0,,"PINE ST","WASHINGTON ST",0.00,,Y,B,-,N,,,,,,,,,,Y,4,0,1,2,A,-,09,21802,A,N,D,C,A,A,H,-,A,A,0,,,,,Y,,A,01,0,0,1,0,0,0,0,0,0,"- ","- ",,,"SAN JOAQUIN",LODI,-121.26800993000001,38.13395989
6482877,2014,2014-07-16,3906,2014-04-23,1210,000916,177,3,5,5,3906,0,0,0,,0,005,"TRACY BL","GRANT LINE RD",0.00,,Y,A,-,N,,,,,,,,,,N,3,0,1,2,A,-,09,21804,A,N,D,G,A,A,H,-,A,A,0,,Y,,,Y,,L,04,0,1,0,0,0,0,1,0,0,"- ","- ",,,"SAN JOAQUIN",TRACY,-121.43513991,37.754169949999998
6486526,2014,2014-07-28,3906,2014-05-26,1933,1395,,1,5,5,3906,0,0,0,,0,002,"TRACY BL","SCHULTE RD",0.00,,Y,A,-,N,,,,,,,,,,Y,2,0,8,3,A,-,12,21453,A,N,D,C,A,A,H,-,B,A,0,,,,,Y,,D,22,1,3,4,0,0,0,0,0,0,"- ","- ",,,"SAN JOAQUIN",TRACY,-121.43485993,37.725209890000002
6495583,2014,2014-07-31,3906,2014-05-29,0828,1379,,4,5,5,3906,0,0,0,,0,002,"SYCAMORE PKWY","VALPICO RD",0.00,,Y,A,-,N,,,,,,,,,,Y,4,0,1,2,A,-,12,22450,A,N,D,C,A,A,H,-,A,A,0,,,,,Y,,D,22,0,0,1,0,0,0,0,0,0,"- ","- ",,,"SAN JOAQUIN",TRACY,-121.43904993,37.710689889999998
6498457,2014,2016-04-14,9265,2014-04-26,1533,018477,,6,2,4,3903,0,1,3,,2,025,"RT 120","MAIN ST",1980.00,E,N,A,-,Y,SJ,10,120,-,R,5.680,H,-,E,N,4,0,1,2,A,-,03,22350,,N,C,C,A,A,H,-,A,D,1,,,,,Y,,A,01,0,0,1,0,0,0,0,0,0,"- ","- ",37.783209999999997,-121.2088,"SAN JOAQUIN",MANTECA,-121.20914182999999,37.783198220000003
6498461,2014,2016-04-11,9265,2014-04-26,0154,13193,,6,3,9,3900,0,1,1,,2,504,"RT 5","HAMMER LN",3696.00,S,N,A,-,Y,SJ,10,5,-,-,31.960,H,-,N,Y,4,0,1,2,A,-,03,22350,,N,C,C,A,B,D,-,C,D,1,,,,,Y,,A,01,0,0,1,0,0,0,0,0,0,"- ","- ",38.011339999999997,-121.35408,"SAN JOAQUIN",UNINCORPORATED,-121.35398168,38.01167581
6498465,2014,2016-04-11,9265,2014-04-25,1035,017856,,5,1,6,3905,0,1,1,,2,504,"RT 5","HAMMER LN",2112.00,S,N,B,C,Y,SJ,10,5,-,-,32.260,H,-,S,N,4,0,2,2,A,-,03,22350,,N,C,C,A,B,H,-,A,D,1,,,,,Y,,A,01,0,0,2,0,0,0,0,0,0,"- ","- ",38.005780000000001,-121.35231,"SAN JOAQUIN",STOCKTON,-121.35624959,38.015734100000003
6498504,2014,2014-07-18,9265,2014-04-19,2336,017989,,6,3,9,3900,0,3,5,,2,060,"JAHANT RD","PEARL RD",408.00,E,N,A,-,N,,,,,,,,,,Y,3,0,1,1,A,-,01,23152,B,N,E,I,A,A,H,-,D,D,0,,,,,Y,Y,A,01,0,1,0,0,0,0,0,0,0,"- ","- ",38.205089999999998,-121.16107,"SAN JOAQUIN",UNINCORPORATED,-121.16023122999999,38.205115489999997
6498508,2014,2016-04-09,9265,2014-04-19,1955,019053,,6,2,3,3904,0,1,3,,2,001,"RT 99","MILGEO AV",528.00,N,N,A,-,Y,SJ,10,99,-,R,1.690,H,-,S,Y,4,0,1,1,A,-,08,22107,,N,E,I,A,A,H,-,A,D,1,,,,,Y,,A,07,0,0,1,0,0,0,0,0,0,"- ","- ",37.747030000000002,-121.13343999999999,"SAN JOAQUIN",RIPON,-121.13343999999999,37.747030000000002
6498520,2014,2016-04-09,9265,2014-04-10,1015,015756,,4,1,9,3900,0,1,3,,1,013,"RT 4","JACK TONE RD",0.00,,Y,A,-,Y,SJ,10,4,-,-,24.860,H,-,W,Y,4,0,1,1,A,-,08,22107,,N,E,J,A,A,H,-,A,A,0,,,,,Y,,A,01,0,0,1,0,0,0,0,0,0,"- ","- ",37.942070000000001,-121.14824,"SAN JOAQUIN",UNINCORPORATED,-121.14818928,37.942118190000002
6498556,2014,2016-04-14,9265,2014-04-29,1542,018477,,2,2,9,3900,0,1,3,,1,011,"RT 120","ARBOREAL WY",1290.00,W,N,A,-,Y,SJ,10,120,-,-,11.190,H,-,W,Y,3,0,1,2,A,-,09,21801,A,N,D,C,A,A,H,-,A,D,0,,,Y,,Y,,A,01,0,1,0,0,0,0,0,0,1,"- ","- ",37.797980000000003,-121.10024,"SAN JOAQUIN",UNINCORPORATED,-121.10028432999999,37.798030560000001
6499914,2014,2016-04-09,9265,2014-05-21,1203,16581,,3,1,9,3900,0,1,3,,1,041,"RT 4","WHISKEY SLOUGH RD",1056.00,E,N,A,-,Y,SJ,10,4,-,R,8.780,H,-,E,Y,2,0,2,5,A,-,04,21703,,N,C,C,A,A,H,-,A,D,0,,,,Y,Y,,A,01,1,0,1,0,0,0,0,0,0,"- ","- ",37.92718,-121.42542,"SAN JOAQUIN",UNINCORPORATED,-121.42692577,37.926899149999997
6500149,2014,2016-04-14,9265,2014-05-23,1300,014248,,5,1,9,3900,0,1,3,,2,004,"RT 99","HAMMER LN",75.00,N,N,A,-,Y,SJ,10,99,-,-,22.930,H,-,S,Y,3,0,1,1,A,-,08,22107,,N,E,I,A,A,H,-,A,D,1,,,,,Y,,D,22,0,1,0,0,0,0,0,0,0,"- ","- ",38.021419999999999,-121.25857999999999,"SAN JOAQUIN",UNINCORPORATED,-121.25829375000001,38.021307700000001
6500154,2014,2016-04-14,9265,2014-05-24,1607,018477,,6,2,4,3903,0,1,3,,2,025,"RT 120","MAIN ST",100.00,E,N,A,-,Y,SJ,10,120,-,R,5.330,H,-,E,Y,4,0,1,3,A,-,03,22350,,N,C,C,A,A,H,-,A,D,1,,,,,Y,,A,01,0,0,1,0,0,0,0,0,0,"- ","- ",37.782899999999998,-121.21532999999999,"SAN JOAQUIN",MANTECA,-121.21553225,37.783209909999997
6500157,2014,2016-04-09,9265,2014-05-24,1655,013539,,6,2,9,3900,0,1,3,,2,001,"RT 99","AUSTIN RD",85.00,S,N,A,-,Y,STA,10,99,-,-,4.795,R,2,N,Y,3,0,1,1,A,-,08,22107,,N,E,I,A,A,H,-,A,D,1,,,,,Y,,A,01,0,1,0,0,0,0,0,0,0,TO,"- ",37.775010000000002,-121.17984,"SAN JOAQUIN",UNINCORPORATED,-120.88110138,37.513753360000003
6502407,2014,2014-07-28,9265,2014-05-11,1110,019387,,7,1,9,3900,0,3,5,,2,080,"PERSHING AV","MEADOW AV",0.00,,Y,A,-,N,,,,,,,,,,Y,3,0,4,3,A,-,09,21801,A,N,A,C,A,A,H,-,A,A,0,,,,,Y,,A,01,0,1,3,0,0,0,0,0,0,"- ","- ",38.015799999999999,-121.32989999999999,"SAN JOAQUIN",UNINCORPORATED,-121.32990992000001,38.016179960000002
6502468,2014,2016-04-09,9265,2014-05-13,0606,019413,,2,1,2,3920,0,1,1,,2,502,"RT 5","LOUISE AV",2112.00,S,N,A,-,Y,SJ,10,5,-,R,16.070,H,-,S,Y,3,0,1,1,A,-,08,22107,,N,E,I,A,A,H,-,A,D,1,,,,,Y,,A,01,0,1,0,0,0,0,0,0,0,"- ","- ",37.80594,-122.298,"SAN JOAQUIN",LATHROP,-121.29781982,37.806081159999998
6503470,2014,2016-04-14,9265,2014-05-04,1239,18836,,7,1,9,3900,0,1,1,,2,502,"RT 120","RT 5",1742.00,E,N,A,-,Y,SJ,10,120,-,R,0.870,H,-,W,Y,3,0,2,2,A,-,07,21658,A,N,B,C,A,A,H,-,A,D,1,,,,,Y,,A,01,0,2,0,0,0,0,0,0,0,"- ","- ",37.790280000000003,-121.29601,"SAN JOAQUIN",UNINCORPORATED,-121.29558127,37.790278299999997
6508666,2014,2016-03-29,9266,2014-05-28,1250,13650,,3,1,9,3900,0,3,5,,2,003,"GREAT VALLEY PKWY","SOMBRA WY",285.00,N,N,A,-,N,,,,,,,,,,Y,4,0,1,2,A,-,01,23152,A,N,E,I,E,A,H,-,A,D,0,Y,,,,Y,Y,A,01,0,0,1,0,0,0,0,0,0,"- ","- ",37.774970000000003,-121.55689,"SAN JOAQUIN",UNINCORPORATED,-121.55709769000001,37.775652800000003
6508705,2014,2014-08-06,3906,2014-05-22,1555,1137,92,4,5,5,3906,0,0,0,,0,005,"HIGHLAND AV","ADAM ST",0.00,,Y,A,-,N,,,,,,,,,,N,4,0,1,2,A,-,09,21800,B,N,D,G,A,A,H,-,A,D,0,,Y,,,Y,,L,04,0,0,1,0,0,0,1,0,0,"- ","- ",,,"SAN JOAQUIN",TRACY,-121.42680991,37.741509960000002
6509169,2014,2014-08-01,3902,2014-05-27,0120,41,,2,5,5,3902,0,0,0,,0,,"EAST PINE ST","E WASHINGTON ST",38.00,E,N,A,-,N,,,,,,,,,,Y,3,0,1,1,A,-,01,23152,A,N,E,I,A,A,H,-,C,D,0,,,,,Y,Y,A,01,0,1,0,0,0,0,0,0,0,"- ","- ",,,"SAN JOAQUIN",LODI,-121.26787788999999,38.133958460000002
6509234,2014,2016-04-09,9266,2014-06-02,0030,18751,,1,3,5,3906,0,1,1,,2,014,"RT 205","CORRAL HOLLOW RD",0.00,E,N,A,-,Y,SJ,10,205,-,R,6.040,H,-,E,Y,4,0,1,2,A,-,01,23152,A,F,C,C,A,A,H,-,D,D,1,,,,,Y,Y,A,01,0,0,1,0,0,0,0,0,0,"- ","- ",37.758800000000001,-121.45117999999999,"SAN JOAQUIN",TRACY,-121.45160930999999,37.758664510000003
6511553,2014,2014-07-31,9265,2014-05-30,1640,018525,,5,2,9,3900,0,3,5,,2,060,"JAHANT RD","BRUELLA RD",0.00,,Y,A,-,N,,,,,,,,,,Y,3,0,2,2,A,-,12,22450,A,N,D,C,A,A,H,-,A,A,0,,,,,Y,,D,22,0,1,1,0,0,0,0,0,0,"- ","- ",38.204070000000002,-121.20784,"SAN JOAQUIN",UNINCORPORATED,-121.20788987,38.204099909999996
6511577,2014,2016-04-14,9265,2014-05-17,1540,017856,,6,2,4,3903,0,1,3,,2,025,"RT 120","SPRECKLES RD",2640.00,W,N,A,-,Y,SJ,10,120,-,R,5.630,H,-,E,Y,3,0,2,2,A,-,03,22350,,N,C,C,A,A,H,-,A,D,1,,,,,Y,,D,22,0,1,1,0,0,0,0,0,0,"- ","- ",37.783299999999997,-121.21417,"SAN JOAQUIN",MANTECA,-121.21005495,37.783200739999998
6511593,2014,2016-04-09,9265,2014-05-16,1400,015408,,5,2,9,3900,0,1,3,,1,061,"RT 26","MURRAY RD",2640.00,W,N,A,-,Y,SJ,10,26,-,-,8.420,H,-,W,N,4,0,1,2,A,-,17,23114,A,N,B,C,A,A,H,-,A,D,0,,,,,Y,,D,22,0,0,1,0,0,0,0,0,0,"- ","- ",38.008330000000001,-121.12334,"SAN JOAQUIN",UNINCORPORATED,-121.12242705,38.008401839999998
6511998,2014,2016-04-11,9265,2014-06-01,1315,019387,,7,1,6,3905,0,1,1,,2,503,"RT 5","MARCH LN",1584.00,S,N,A,-,Y,SJ,10,5,-,-,29.690,H,-,N,Y,3,0,1,2,A,-,03,22350,,N,C,C,A,A,D,-,A,D,1,,,Y,,Y,,C,02,0,1,0,0,0,0,0,0,1,"- ","- ",37.978499999999997,-121.3408,"SAN JOAQUIN",STOCKTON,-121.34155828999999,37.980298349999998
6512171,2014,2016-04-09,9265,2014-05-30,1539,016639,,5,2,9,3900,0,1,3,,2,001,"RT 99","RT 120",1000.00,N,N,A,-,Y,SJ,10,99,-,-,6.010,H,-,S,Y,3,0,3,2,A,-,03,22350,,N,C,C,A,A,H,-,A,D,1,,,,,Y,,A,01,0,3,0,0,0,0,0,0,0,"- ","- ",37.787979999999997,-121.18886000000001,"SAN JOAQUIN",UNINCORPORATED,-121.18898161,37.788081439999999
6513905,2014,2014-07-25,9265,2014-04-13,1500,18661,,7,2,9,3900,0,3,5,,2,030,"LOOMIS RD","D ST",50.00,E,N,A,-,N,,,,,,,,,,Y,3,0,1,1,A,-,08,22107,,N,E,I,A,A,H,-,A,D,0,,,,,Y,,A,07,0,1,0,0,0,0,0,0,0,"- ","- ",37.928100000000001,-121.24818,"SAN JOAQUIN",UNINCORPORATED,-121.24865468,37.92802133
6516743,2014,2016-04-09,9265,2014-06-06,1550,016854,,5,2,9,3900,0,1,3,,2,003,"RT 99","MARIPOSA RD",2640.00,S,N,A,-,Y,SJ,10,99,-,-,16.200,H,-,S,Y,4,0,4,4,A,-,03,22350,,N,C,C,A,A,D,-,A,D,1,,,,Y,Y,,J,41,0,0,4,0,0,0,0,0,0,"- ","- ",37.923349999999999,-121.23032000000001,"SAN JOAQUIN",UNINCORPORATED,-121.23192675999999,37.926939840000003
6516845,2014,2014-08-20,9265,2014-06-09,1345,018621,,1,1,9,3900,0,2,4,,1,052,"NEWTON RD","CALAVERAS AV",150.00,N,N,A,-,N,,,,,,,,,,Y,4,0,1,3,A,-,03,22350,,F,C,C,A,A,H,-,A,D,0,,,,,Y,,A,01,0,0,1,0,0,0,0,0,0,"- ","- ",37.999079999999999,-121.25948,"SAN JOAQUIN",UNINCORPORATED,-121.25955809,37.999192499999999
6516851,2014,2014-08-11,9265,2014-06-04,1625,013444,,3,2,9,3900,0,3,5,,2,090,"WOODBRIDGE RD","HIDDEN LAKES RD",1584.00,W,N,A,-,N,,,,,,,,,,Y,3,0,1,2,A,-,01,23152,A,N,C,C,A,A,H,-,A,D,0,,,,,Y,Y,A,01,0,1,0,0,0,0,0,0,0,"- ","- ",38.160260000000001,-121.58,"SAN JOAQUIN",UNINCORPORATED,-121.2816893,38.160183459999999
6517046,2014,2014-08-08,9265,2014-06-06,0720,013325,,5,1,9,3900,0,3,5,,2,010,"MURPHY RD","MELLO RD",0.00,,Y,A,-,N,,,,,,,,,,Y,4,0,1,2,A,-,05,21752,D,N,B,C,A,A,H,-,A,A,0,,,,,Y,,A,01,0,0,1,0,0,0,0,0,0,"- ","- ",37.772579999999998,-121.10635000000001,"SAN JOAQUIN",UNINCORPORATED,-121.1063599,37.772219929999999
6517070,2014,2016-04-14,9265,2014-06-13,0948,016639,,5,1,9,3900,0,1,3,,2,025,"RT 120","RT 5",300.00,E,N,A,-,Y,SJ,10,5,-,R,15.037,R,2,N,Y,3,0,1,1,A,-,03,22350,,N,F,I,A,A,H,-,A,A,1,,,,Y,Y,,G,25,0,1,0,0,0,0,0,0,0,"- ","- ",37.789729999999999,-121.30016000000001,"SAN JOAQUIN",UNINCORPORATED,-121.30079241,37.791356700000001
6517081,2014,2016-04-14,9265,2014-06-11,1515,013325,,3,2,4,3903,0,1,3,,2,025,"RT 120","MOFFAT BL",500.00,W,N,A,-,Y,SJ,10,120,-,R,6.270,H,-,E,N,4,0,1,2,A,-,04,21703,,N,C,C,A,A,H,-,A,B,1,,,,,Y,,D,22,0,0,1,0,0,0,0,0,0,"- ","- ",37.783230000000003,-121.20028000000001,"SAN JOAQUIN",MANTECA,-121.19796868,37.783202289999998