CASE_ID,ACCIDENT_YEAR,PROC_DATE,JURIS,COLLISION_DATE,COLLISION_TIME,OFFICER_ID,REPORTING_DISTRICT,DAY_OF_WEEK,CHP_SHIFT,POPULATION,CNTY_CITY_LOC,SPECIAL_COND,BEAT_TYPE,CHP_BEAT_TYPE,CITY_DIVISION_LAPD,CHP_BEAT_CLASS,BEAT_NUMBER,PRIMARY_RD,SECONDARY_RD,DISTANCE,DIRECTION,INTERSECTION,WEATHER_1,WEATHER_2,STATE_HWY_IND,CALTRANS_COUNTY,CALTRANS_DISTRICT,STATE_ROUTE,ROUTE_SUFFIX,POSTMILE_PREFIX,POSTMILE,LOCATION_TYPE,RAMP_INTERSECTION,SIDE_OF_HWY,TOW_AWAY,COLLISION_SEVERITY,NUMBER_KILLED,NUMBER_INJURED,PARTY_COUNT,PRIMARY_COLL_FACTOR,PCF_CODE_OF_VIOL,PCF_VIOL_CATEGORY,PCF_VIOLATION,PCF_VIOL_SUBSECTION,HIT_AND_RUN,TYPE_OF_COLLISION,MVIW,PED_ACTION,ROAD_SURFACE,ROAD_COND_1,ROAD_COND_2,LIGHTING,CONTROL_DEVICE,CHP_ROAD_TYPE,PEDESTRIAN_ACCIDENT,BICYCLE_ACCIDENT,MOTORCYCLE_ACCIDENT,TRUCK_ACCIDENT,NOT_PRIVATE_PROPERTY,ALCOHOL_INVOLVED,STWD_VEHTYPE_AT_FAULT,CHP_VEHTYPE_AT_FAULT,COUNT_SEVERE_INJ,COUNT_VISIBLE_INJ,COUNT_COMPLAINT_PAIN,COUNT_PED_KILLED,COUNT_PED_INJURED,COUNT_BICYCLIST_KILLED,COUNT_BICYCLIST_INJURED,COUNT_MC_KILLED,COUNT_MC_INJURED,PRIMARY_RAMP,SECONDARY_RAMP,LATITUDE,LONGITUDE,COUNTY,CITY,POINT_X,POINT_Y
6929757,2015,2016-12-05,9265,2015-04-01,0740,018590,,3,1,6,3905,0,1,1,,2,504,"RT 5","BENJAMIN HOLT DR",2112.00,S,N,A,-,Y,SJ,10,5,-,-,31.050,H,-,S,Y,3,0,4,4,A,-,03,22350,,N,C,C,A,A,D,-,A,D,1,,,,,Y,,A,07,0,1,3,0,0,0,0,0,0,"- ","- ",38.002229999999997,-121.35065,"SAN JOAQUIN",STOCKTON,-121.34929532,37.998986770000002
6932603,2015,2015-06-01,9265,2015-04-05,0935,018047,,7,1,9,3900,0,3,5,,2,030,"BOWMAN RD","WOLFE RD",1110.00,E,N,B,-,N,,,,,,,,,,Y,3,0,1,1,A,-,08,22107,,N,F,A,A,A,H,-,A,D,0,,,Y,,Y,,C,02,0,1,0,0,0,0,0,0,1,"- ","- ",37.866050000000001,-121.2979,"SAN JOAQUIN",UNINCORPORATED,-121.29776459999999,37.865982000000002
6934152,2015,2015-06-09,3906,2015-05-15,1049,903,,5,5,5,3906,0,0,0,,0,005,"N MACARTHUR DR","STONEBRIDGE DR",855.00,N,N,A,-,N,,,,,,,,,,Y,4,0,2,3,A,-,08,22107,,N,A,C,A,A,-,-,A,D,0,,,,,Y,,A,01,0,0,2,0,0,0,0,0,0,"- ","- ",,,"SAN JOAQUIN",TRACY,-121.40991651,37.744281110000003
6934155,2015,2015-06-18,3906,2015-05-18,0757,10299,114,1,5,5,3906,0,0,0,,0,004,"TRACY BL","LOWELL AV",20.00,S,N,A,-,N,,,,,,,,,,N,4,0,1,2,A,-,07,21658,A,N,B,C,A,A,H,-,A,A,0,,,,,Y,,-,"- ",0,0,1,0,0,0,0,0,0,"- ","- ",,,"SAN JOAQUIN",TRACY,-121.43503,37.747715069999998
6934159,2015,2015-06-09,3906,2015-05-19,1441,1280,,2,5,5,3906,0,0,0,,0,003,"11TH ST","GATEWAY PLZ",0.00,,Y,A,-,N,,,,,,,,,,Y,3,0,1,2,A,-,17,21451,A,N,D,C,A,A,H,-,A,A,0,,,,,Y,,A,01,0,1,0,0,0,0,0,0,0,"- ","- ",,,"SAN JOAQUIN",TRACY,,
6941777,2015,2015-06-23,3906,2015-05-27,1408,941,TSC,3,5,5,3906,0,0,0,,0,004,"GRANT LINE RD","NAGLEE RD",698.00,W,N,A,-,N,,,,,,,,,,Y,4,0,1,2,A,-,08,22107,,N,D,C,A,A,H,-,A,D,0,,,,,Y,,D,22,0,0,1,0,0,0,0,0,0,"- ","- ",,,"SAN JOAQUIN",TRACY,-121.46912302,37.754101970000001
6944674,2015,2015-06-27,3902,2015-05-26,0752,90,,2,5,5,3902,0,0,0,,0,,"WEST VINE ST","SOUTH CHURCH ST",0.00,,Y,A,-,N,,,,,,,,,,Y,4,0,1,2,A,-,09,21802,A,N,D,C,A,A,H,-,A,A,0,,,,,Y,,A,01,0,0,1,0,0,0,0,0,0,"- ","- ",,,"SAN JOAQUIN",LODI,-121.27573991,38.122599919999999
6946566,2015,2015-06-25,9265,2015-05-07,1710,013515,,4,2,9,3900,0,2,4,,1,014,"JACK TONE RD","MARIPOSA RD",528.00,N,N,B,-,N,,,,,,,,,,Y,3,0,1,3,A,-,03,22350,,N,C,C,A,A,H,-,A,D,0,,,,,Y,,D,22,0,1,0,0,0,0,0,0,0,"- ","- ",37.906399999999998,-121.14742,"SAN JOAQUIN",UNINCORPORATED,-121.14732217,37.906479930000003
6946577,2015,2016-11-19,9265,2015-05-14,0735,17405,,4,1,4,3903,0,1,3,,2,025,"RT 120","AIRPORT WY",310.00,W,N,A,-,Y,SJ,10,120,-,R,3.260,H,-,W,Y,4,0,2,5,A,-,03,22350,,N,C,C,A,A,H,-,A,D,1,,,,,Y,,A,01,0,0,2,0,0,0,0,0,0,"- ","- ",37.783340000000003,-121.25335,"SAN JOAQUIN",MANTECA,-121.2533425,37.783400630000003
6948887,2015,2015-06-22,9265,2015-04-25,1312,019413,,6,1,9,3900,0,2,4,,1,082,"ALPINE AV","PLYMOUTH RD",0.00,,Y,B,-,N,,,,,,,,,,Y,4,0,1,2,A,-,12,21453,A,N,D,C,A,A,H,-,A,A,0,,,,,Y,,A,01,0,0,1,0,0,0,0,0,0,"- ","- ",37.58146,-121.20139,"SAN JOAQUIN",UNINCORPORATED,-121.33725988,37.970519889999998
6948895,2015,2016-11-02,9265,2015-04-24,1730,19803,,5,2,6,3905,0,1,3,,1,042,"RT 4","FILBERT ST",300.00,W,N,A,-,Y,SJ,10,4,-,R,18.710,H,-,E,Y,4,0,2,2,A,-,03,22350,,N,C,C,A,A,H,-,A,D,0,,,,,Y,,A,01,0,0,2,0,0,0,0,0,0,"- ","- ",37.95926,-121.25463000000001,"SAN JOAQUIN",STOCKTON,-121.25474416,37.95935025
6949459,2015,2015-07-07,3900,2015-03-31,0548,152430,,2,5,2,3920,0,0,0,,0,009,"E LATHROP RD","MAURICE COTTON DR",0.00,,Y,A,-,N,,,,,,,,,,N,3,0,1,1,A,-,04,21703,,N,E,I,A,A,-,-,B,A,0,,,Y,,Y,,C,02,0,1,0,0,0,0,0,0,1,"- ","- ",,,"SAN JOAQUIN",LATHROP,-121.285611,37.826369999999997
6949729,2015,2016-12-07,9266,2015-05-24,0350,018751,,7,3,9,3900,0,1,1,,2,014,"RT 205","BYRON RD",230.00,E,N,A,-,Y,SJ,10,205,-,R,4.650,H,-,E,Y,3,0,1,2,A,-,03,22350,,F,C,C,A,A,H,-,C,D,1,,,,,Y,,A,01,0,1,0,0,0,0,0,0,0,"- ","- ",37.748899999999999,-121.47545,"SAN JOAQUIN",UNINCORPORATED,-121.47478113,37.749176509999998
6952159,2015,2015-07-10,3902,2015-06-05,1826,83,,5,5,5,3902,0,0,0,,0,,"EAST PINE ST","NORTH CHEROKEE WY",0.00,,Y,A,-,N,,,,,,,,,,Y,3,0,3,2,A,-,09,21801,A,N,A,C,A,A,H,-,A,A,0,,,,,Y,,A,01,0,1,2,0,0,0,0,0,0,"- ","- ",,,"SAN JOAQUIN",LODI,-121.26076986,38.133979930000002
6953657,2015,2015-07-14,3902,2015-05-28,0557,RL25,,4,5,5,3902,0,0,0,,0,,"NORTH CHEROKEE WY","E LOCKEFORD ST",39.00,N,N,A,-,N,,,,,,,,,,N,4,0,1,2,A,-,09,21801,A,N,D,C,A,A,H,-,A,A,0,,,,,Y,,A,07,0,0,1,0,0,0,0,0,0,"- ","- ",,,"SAN JOAQUIN",LODI,-121.26098487,38.138487040000001
6954872,2015,2016-12-07,9265,2015-04-17,0805,17405,,5,1,6,3905,0,1,1,,2,504,"RT 5","BENJAMIN HOLT DR",315.00,S,N,A,-,Y,SJ,10,5,-,-,31.322,R,1,S,Y,4,0,1,2,A,-,03,22350,,N,C,C,A,A,D,-,A,D,1,,,,,Y,,A,01,0,0,1,0,0,0,0,0,0,"- ","- ",38.003920000000001,-121.35156000000001,"SAN JOAQUIN",STOCKTON,-121.350791,38.002781419999998
6955020,2015,2015-07-11,3906,2015-06-22,1740,1068,,1,5,5,3906,0,0,0,,0,004,"CORRAL HOLLOW RD","LOWELL AV",0.00,N,N,A,-,N,,,,,,,,,,N,4,0,1,2,A,-,08,22107,,N,B,C,A,A,H,-,A,D,0,,,,,Y,,A,01,0,0,1,0,0,0,0,0,0,"- ","- ",,,"SAN JOAQUIN",TRACY,-121.4532299,37.747079990000003
6956333,2015,2016-11-19,9265,2015-04-21,1437,018477,,2,2,5,3902,0,1,3,,2,006,"RT 99","KETTLEMAN LN",155.00,N,N,B,-,Y,SJ,10,99,-,-,29.653,R,2,S,Y,4,0,2,3,A,-,03,22350,,N,C,C,A,A,H,-,A,D,1,,,,,Y,,A,01,0,0,2,0,0,0,0,0,0,TO,"- ",38.116810000000001,-121.25827,"SAN JOAQUIN",LODI,-121.2575835,38.118334320000002
6956337,2015,2016-11-19,9265,2015-04-23,0102,019336,,4,3,9,3900,0,1,3,,1,062,"RT 88","FAIRCHILD RD",35.00,W,N,A,-,Y,SJ,10,88,-,-,2.210,H,-,W,Y,2,0,1,1,A,-,08,22107,,N,E,I,A,A,H,-,D,D,0,,,,,Y,,D,22,1,0,0,0,0,0,0,0,0,"- ","- ",38.005490000000002,-121.21935000000001,"SAN JOAQUIN",UNINCORPORATED,-121.21935506,38.00543605
6958003,2015,2015-06-22,9265,2015-04-30,1855,019752,,4,2,6,3905,0,2,4,,1,052,"MCALLEN RD","CALAVERAS RIVER BRIDGE",50.00,E,N,A,-,N,,,,,,,,,,Y,4,0,1,2,A,-,05,21460,A,M,B,C,A,A,H,-,A,D,0,,,,,Y,,A,07,0,0,1,0,0,0,0,0,0,"- ","- ",38.000480000000003,-121.26896000000001,"SAN JOAQUIN",STOCKTON,-121.26896000000001,38.000480000000003
6958035,2015,2016-11-19,9265,2015-04-25,0025,017989,,6,3,9,3900,0,1,3,,2,003,"RT 99","FRENCH CAMP RD",2376.00,N,N,C,-,Y,SJ,10,99,-,-,11.960,H,-,N,Y,4,0,1,1,A,-,03,22350,,N,E,I,A,B,H,-,D,D,1,,,,,Y,,A,01,0,0,1,0,0,0,0,0,0,"- ","- ",37.86665,-121.21881,"SAN JOAQUIN",UNINCORPORATED,-121.21889813999999,37.866590639999998
6958043,2015,2016-11-02,9265,2015-04-26,0225,019774,,7,3,9,3900,0,1,3,,1,042,"RT 4","RT 99",247.00,S,N,A,-,Y,SJ,10,4,-,R,19.439,R,2,E,Y,2,0,2,1,A,-,01,23152,A,N,E,I,A,A,H,-,C,A,0,,,,,Y,Y,A,01,2,0,0,0,0,0,0,0,0,TO,TO,37.961509999999997,-121.24236999999999,"SAN JOAQUIN",UNINCORPORATED,-121.24207641,37.961940869999999
6958224,2015,2016-12-07,9265,2015-04-29,1930,017989,,3,2,9,3900,0,1,3,,1,061,"RT 26","JACK TONE RD",942.00,W,N,A,-,Y,SJ,10,26,-,-,6.670,H,-,W,Y,3,0,2,1,A,-,03,22350,,N,H,A,A,A,H,-,A,D,0,,,Y,,Y,Y,C,02,0,2,0,0,0,0,0,0,2,"- ","- ",37.5959,-121.9937,"SAN JOAQUIN",UNINCORPORATED,-121.15254231,37.999663939999998
6958236,2015,2016-12-05,9265,2015-04-29,1455,018590,,3,2,6,3905,0,1,1,,2,503,"RT 5","WEBER AV",109.00,N,N,A,-,Y,SJ,10,5,-,-,26.570,H,-,S,Y,4,0,2,2,A,-,07,21658,A,N,D,C,A,A,D,-,A,D,1,,,,,Y,,A,01,0,0,2,0,0,0,0,0,0,"- ","- ",37.951729999999998,-121.30643999999999,"SAN JOAQUIN",STOCKTON,-121.30628411000001,37.951676820000003
6959316,2015,2016-12-05,9265,2015-05-01,0725,18590,,5,1,6,3905,0,1,1,,2,503,"RT 5","MOUNT DIABLO AV",2640.00,N,N,A,-,Y,SJ,10,5,-,-,28.450,H,-,S,Y,4,0,2,4,A,-,07,21658,A,M,B,C,A,A,D,-,A,-,1,,,,Y,Y,,A,01,0,0,2,0,0,0,0,0,0,"- ","- ",37.960889999999999,-121.33421,"SAN JOAQUIN",STOCKTON,-121.33508294000001,37.963034110000002
6960202,2015,2015-07-08,3900,2015-06-06,1823,9119,MANTE,6,5,2,3920,0,0,0,,0,009,"HARLAN RD","CAMINO REAL",32.00,S,N,A,-,N,,,,,,,,,,Y,4,0,1,1,A,-,03,22350,,N,E,I,A,A,H,-,A,D,0,,,,,Y,,A,01,0,0,1,0,0,0,0,0,0,"- ","- ",,,"SAN JOAQUIN",LATHROP,,
6960249,2015,2015-06-25,9265,2015-05-19,1800,019178,,2,2,9,3900,0,2,4,,1,053,"WATERLOO RD","RHODE ISLAND AV",75.00,W,N,A,-,N,,,,,,,,,,Y,4,0,1,2,A,-,03,22350,,N,C,C,A,A,H,-,A,D,0,,,,,Y,,A,01,0,0,1,0,0,0,0,0,0,"- ","- ",37.584200000000003,-121.1534,"SAN JOAQUIN",UNINCORPORATED,-121.25952083,37.978529020000003
6960253,2015,2016-06-06,9265,2015-05-11,1530,019558,,1,2,9,3900,0,3,5,,2,040,"W MCDONALD RD","INLAND DR",1437.00,W,N,A,-,N,,,,,,,,,,Y,2,0,1,1,A,-,08,22107,,N,E,I,A,A,H,-,A,D,0,,,,,Y,,A,01,1,0,0,0,0,0,0,0,0,"- ","- ",37.955939999999998,-121.41036,"SAN JOAQUIN",UNINCORPORATED,-121.41114448,37.95571193
6960265,2015,2016-11-19,9265,2015-05-14,0740,018955,,4,1,4,3903,0,1,3,,2,025,"RT 120","AIRPORT WY",400.00,W,N,A,-,Y,SJ,10,120,-,R,3.240,H,-,E,Y,4,0,1,1,A,-,08,22107,,N,F,A,A,A,H,-,A,D,1,,,,,Y,,A,01,0,0,1,0,0,0,0,0,0,"- ","- ",37.783000000000001,-121.25302000000001,"SAN JOAQUIN",MANTECA,-121.25371174,37.783052619999999
6960273,2015,2015-06-26,9265,2015-05-14,1825,19803,,4,2,9,3900,0,3,5,,2,050,"SINCLAIR AV","HORNER AV",500.00,S,N,C,-,N,,,,,,,,,,N,4,0,1,2,A,-,08,22107,,N,D,C,A,B,H,-,A,D,0,,,,,Y,,A,01,0,0,1,0,0,0,0,0,0,"- ","- ",37.95776,-121.23260000000001,"SAN JOAQUIN",UNINCORPORATED,-121.23238277999999,37.957206980000002
6960274,2015,2015-06-26,9265,2015-05-02,0513,018955,,6,3,9,3900,0,2,4,,1,064,"JACK TONE RD","HARNEY LN",663.00,S,N,A,-,N,,,,,,,,,,Y,3,0,1,1,A,-,08,22107,,N,E,I,A,A,H,-,D,D,0,,,,,Y,Y,A,01,0,1,0,0,0,0,0,0,0,"- ","- ",38.10022,-121.15067000000001,"SAN JOAQUIN",UNINCORPORATED,-121.15083,38.100019269999997
6960281,2015,2016-11-19,9265,2015-05-15,1545,013444,,5,2,9,3900,0,1,3,,2,006,"RT 99","LIBERTY RD",1056.00,S,N,A,-,Y,SJ,10,99,-,-,37.630,H,-,S,Y,3,0,1,1,A,-,08,22107,,N,E,I,A,A,H,-,A,D,1,,,,,Y,,A,01,0,1,0,0,0,0,0,0,0,"- ","- ",38.230649999999997,-121.27867000000001,"SAN JOAQUIN",UNINCORPORATED,-121.27870643,38.230800610000003
6960285,2015,2016-12-07,9265,2015-05-15,1425,015490,,5,2,9,3900,0,1,3,,1,066,"RT 26","WIMER RD",1056.00,W,N,A,-,Y,SJ,10,26,-,-,19.980,H,-,E,Y,3,0,1,1,A,-,03,22350,,N,F,A,A,A,H,-,A,D,0,,,Y,,Y,,C,02,0,1,0,0,0,0,0,0,1,"- ","- ",38.091119999999997,-120.94826999999999,"SAN JOAQUIN",UNINCORPORATED,-120.94857369,38.090978620000001
6960294,2015,2016-11-02,9265,2015-05-03,1430,018477,,7,2,9,3900,0,1,3,,1,011,"RT 120","JACK TONE RD",50.00,W,N,A,-,Y,SJ,10,120,-,-,8.830,H,-,E,Y,4,0,1,2,A,-,03,22350,,N,C,C,A,A,H,-,A,D,0,,,,,Y,,A,01,0,0,1,0,0,0,0,0,0,"- ","- ",37.797580000000004,-121.14346,"SAN JOAQUIN",UNINCORPORATED,-121.14333637999999,37.797658990000002
6960306,2015,2015-06-26,9265,2015-05-03,1113,018477,,7,1,9,3900,0,3,5,,2,010,"E RIVER RD","WAGNER RD",1150.00,E,N,A,-,N,,,,,,,,,,Y,4,0,1,2,A,-,03,22350,,N,C,C,A,A,H,-,A,D,0,,,,,Y,,A,01,0,0,1,0,0,0,0,0,0,"- ","- ",37.760469999999998,-121.0838,"SAN JOAQUIN",UNINCORPORATED,-121.08378367,37.760490699999998
6960369,2015,2016-11-05,9265,2015-05-09,2252,15174,,6,3,9,3900,0,1,3,,1,063,"RT 12","LOCUST TREE RD",311.00,E,N,A,-,Y,SJ,10,12,-,-,21.450,H,-,W,N,2,0,1,2,A,-,11,21954,A,N,G,B,E,A,H,-,D,D,0,Y,,,,Y,Y,N,60,1,0,0,0,1,0,0,0,0,"- ","- ",38.138500000000001,-121.19396999999999,"SAN JOAQUIN",UNINCORPORATED,-121.19574894,38.138026070000002
6960718,2015,2015-08-01,3900,2015-06-13,1231,4595,MANTE,6,5,2,3920,0,0,0,,0,009,"HARLAN RD","POWER POLE C1664",98.00,N,N,A,-,N,,,,,,,,,,Y,3,0,1,2,A,-,08,22107,,N,D,C,A,A,H,-,A,D,0,,,,Y,Y,,G,25,0,1,0,0,0,0,0,0,0,"- ","- ",,,"SAN JOAQUIN",LATHROP,,
6962793,2015,2015-07-15,3906,2015-06-08,1900,1422,TRACY,1,5,5,3906,0,0,0,,0,002,"W SCHULTE RD","ENT TO SAVE MART PKLT",0.00,,Y,A,-,N,,,,,,,,,,Y,4,0,2,2,A,-,12,22450,A,N,D,C,A,A,H,-,A,A,0,,,,,Y,,A,01,0,0,2,0,0,0,0,0,0,"- ","- ",37.432899999999997,-121.2611,"SAN JOAQUIN",TRACY,,
6962797,2015,2015-07-15,3906,2015-06-05,1245,1266,MSC,5,5,5,3906,0,0,0,,0,001,"WEST 10TH ST","WEST ST",0.00,,Y,A,-,N,,,,,,,,,,Y,4,0,1,2,A,-,09,21802,A,N,A,C,A,A,H,-,A,A,0,,,,,Y,,A,01,0,0,1,0,0,0,0,0,0,"- ","- ",,,"SAN JOAQUIN",TRACY,-121.43018995,37.738489979999997
6965615,2015,2015-07-07,9265,2015-05-30,0933,017856,,6,1,9,3900,0,2,4,,1,093,"PELTIER RD","THORNTON RD",3168.00,E,N,A,-,N,,,,,,,,,,Y,4,0,1,1,A,-,08,22107,,N,F,I,A,A,H,-,A,D,0,,,,,Y,,A,01,0,0,1,0,0,0,0,0,0,"- ","- ",,,"SAN JOAQUIN",UNINCORPORATED,-121.39190632,38.189410420000002
6965619,2015,2016-12-05,9265,2015-05-29,1755,015490,,5,2,9,3900,0,1,1,,2,503,"RT 5","FRENCH CAMP RD",1056.00,N,N,A,-,Y,SJ,10,5,-,R,22.740,H,-,N,N,4,0,2,3,A,-,03,22350,,N,C,C,A,A,H,-,A,D,1,,,,,Y,,A,01,0,0,2,0,0,0,0,0,0,"- ","- ",,,"SAN JOAQUIN",UNINCORPORATED,-121.28472010999999,37.900115999999997
6965675,2015,2016-11-19,9265,2015-05-30,1710,013515,,6,2,9,3900,0,1,3,,1,062,"RT 88","HARNEY LN",0.00,,Y,A,-,Y,SJ,10,88,-,-,9.610,I,5,W,Y,4,0,2,2,A,-,17,21451,A,N,D,C,A,A,H,-,A,A,0,,,,,Y,,A,01,0,0,2,0,0,0,0,0,0,"- ","- ",,,"SAN JOAQUIN",UNINCORPORATED,-121.17824106,38.101713060000002
6967569,2015,2015-10-28,3906,2015-06-12,1854,1402,,5,5,5,3906,0,0,0,,0,002,"RIVERVIEW AV","WHIRLAWAY LN",91.00,W,N,A,-,N,,,,,,,,,,N,4,0,2,2,A,-,08,22107,,N,-,C,A,A,H,-,A,D,0,,,,,Y,,A,01,0,0,2,0,0,0,0,0,0,"- ","- ",,,"SAN JOAQUIN",TRACY,-121.44578748000001,37.697912709999997
6969089,2015,2016-12-05,9265,2015-05-24,1907,017039,,7,2,9,3900,0,1,1,,2,505,"RT 5","RT 12",55.00,S,N,A,-,Y,SJ,10,5,-,-,39.315,R,1,N,Y,3,0,2,3,A,-,03,22350,,F,C,C,A,A,H,-,A,D,1,,,,,Y,,A,07,0,2,0,0,0,0,0,0,0,TO,"- ",38.115769999999998,-121.34520000000001,"SAN JOAQUIN",UNINCORPORATED,-121.39590277000001,38.112558909999997
6969975,2015,2015-07-07,9265,2015-05-29,1415,018955,,5,2,9,3900,0,3,5,,2,010,"LATHROP RD","AUSTIN RD",694.00,W,N,A,-,N,,,,,,,,,,N,2,0,1,2,A,-,11,21954,A,N,G,B,D,A,H,-,A,D,0,Y,,,Y,Y,,N,60,1,0,0,0,1,0,0,0,0,"- ","- ",37.82667,-121.18809,"SAN JOAQUIN",UNINCORPORATED,-121.18807159000001,37.826571889999997
6971923,2015,2016-11-19,9265,2015-05-21,1140,015490,,4,1,9,3900,0,1,3,,2,004,"RT 99","ARMSTRONG RD",1056.00,S,N,B,-,Y,SJ,10,99,-,-,27.300,H,-,S,Y,3,0,2,2,A,-,07,21658,A,N,B,C,A,A,H,-,A,D,1,,,,,Y,,A,01,0,2,0,0,0,0,0,0,0,"- ","- ",38.084510000000002,-121.26018999999999,"SAN JOAQUIN",UNINCORPORATED,-121.26008877,38.084461040000001
6971936,2015,2016-11-19,9265,2015-05-20,2229,019906,,3,3,9,3900,0,1,3,,2,001,"RT 99","AUSTIN RD",1630.00,N,N,A,-,Y,SJ,10,99,-,-,5.200,H,-,S,Y,3,0,1,1,A,-,08,22107,,N,F,A,A,A,H,-,D,D,1,,,,,Y,,A,01,0,1,0,0,0,0,0,0,0,"- ","- ",37.953400000000002,-121.30953,"SAN JOAQUIN",UNINCORPORATED,-121.18322731000001,37.777478420000001
6971943,2015,2016-11-19,9265,2015-05-25,2242,15174,,1,3,9,3900,0,1,3,,2,006,"RT 99","ACAMPO RD",910.00,S,N,A,-,Y,SJ,10,99,-,-,33.400,H,-,N,Y,4,0,1,1,A,-,08,22107,,N,E,I,A,A,H,-,D,D,1,,,,,Y,,A,01,0,0,1,0,0,0,0,0,0,"- ","- ",38.171799999999998,-121.26187,"SAN JOAQUIN",UNINCORPORATED,-121.26209894,38.172187899999997
6971959,2015,2016-11-19,9265,2015-05-26,2345,017039,,2,3,4,3903,0,1,3,,2,025,"RT 120","YOSEMITE AV",3062.00,E,N,A,-,Y,SJ,10,120,-,R,1.930,H,-,W,Y,4,0,1,2,A,-,01,23152,A,N,C,C,A,A,H,-,D,D,1,,,,,Y,Y,A,01,0,0,1,0,0,0,0,0,0,"- ","- ",38.947099999999999,-121.12569999999999,"SAN JOAQUIN",MANTECA,-121.27671908000001,37.786737539999997
6973784,2015,2015-07-07,3902,2015-06-20,1227,39,,6,5,5,3902,0,0,0,,0,,"ELM ST","LOMA DR",104.00,E,N,A,-,N,,,,,,,,,,Y,3,0,3,3,A,-,01,23152,A,F,C,C,A,A,H,-,A,D,0,,,,,Y,Y,D,22,0,2,1,0,0,0,0,0,0,"- ","- ",,,"SAN JOAQUIN",LODI,-121.29489839999999,38.136246649999997
6978291,2015,2015-07-20,9265,2015-06-16,1145,019413,,2,1,9,3900,0,2,4,,1,093,"THORNTON RD","BARBER RD",1584.00,N,N,A,-,N,,,,,,,,,,Y,3,0,1,1,A,-,08,22107,,N,E,I,A,A,H,-,A,D,0,,,,,Y,,A,01,0,1,0,0,0,0,0,0,0,"- ","- ",38.250210000000003,-121.43517,"SAN JOAQUIN",UNINCORPORATED,-121.43517,38.250210000000003
6978295,2015,2015-07-16,9265,2015-06-28,1457,018047,,7,2,9,3900,0,2,4,,1,024,"AIRPORT WY","SAN JOAQUIN RIVER BRIDGE",3696.00,N,N,A,-,N,,,,,,,,,,Y,3,0,3,1,A,-,01,23152,A,N,E,I,A,A,H,-,A,D,0,,,,,Y,Y,A,01,0,2,1,0,0,0,0,0,0,"- ","- ",37.676439999999999,-121.26348,"SAN JOAQUIN",UNINCORPORATED,-121.25374317000001,37.681714589999999
6978921,2015,2015-07-07,3902,2015-06-25,1212,23,,4,5,5,3902,0,0,0,,0,,"CHEROKEE LN","PIONEER DR",185.00,S,N,A,-,N,,,,,,,,,,Y,3,0,1,2,A,-,09,21801,A,N,A,C,A,A,H,-,A,D,0,,,,,Y,,A,01,0,1,0,0,0,0,0,0,0,"- ","- ",,,"SAN JOAQUIN",LODI,-121.26107204,38.142102710000003
6979122,2015,2016-06-13,3905,2015-06-06,1630,,,6,5,6,3905,0,0,0,,0,,"WAGNER HEIGHTS RD","HICKOCK RD",4.00,W,N,A,-,N,,,,,,,,,,Y,3,0,1,1,A,-,08,22107,,N,E,I,A,A,H,-,A,D,0,,,,,Y,,D,22,0,1,0,0,0,0,0,0,0,"- ","- ",38.03351,-121.33668,"SAN JOAQUIN",STOCKTON,-121.33666388,38.035569680000002
6979243,2015,2015-11-06,9266,2015-06-19,1135,015432,,5,1,9,3900,0,2,4,,1,016,"11TH ST","CHRISMAN RD",200.00,E,N,A,-,N,,,,,,,,,,N,4,0,1,2,A,-,03,22350,,N,B,C,A,A,H,-,A,D,0,,,Y,,Y,,C,02,0,0,1,0,0,0,0,0,1,"- ","- ",37.739820000000002,-121.39726,"SAN JOAQUIN",UNINCORPORATED,-121.39761828,37.739800000000002
6979604,2015,2016-12-07,9266,2015-06-17,0602,013608,,3,1,2,3920,0,1,1,,2,024,"RT 5","STEWART RD",300.00,N,N,A,-,Y,SJ,10,5,-,R,13.980,H,-,S,Y,4,0,1,2,A,-,03,22350,,N,C,C,A,A,H,-,A,D,1,,,,,Y,,A,01,0,0,1,0,0,0,0,0,0,"- ","- ",37.700499999999998,-121.31307,"SAN JOAQUIN",LATHROP,-121.31382812,37.780494560000001
6981454,2015,2016-11-02,9265,2015-06-06,2100,017286,,6,2,6,3905,0,1,3,,1,042,"RT 4","EL DORADO ST",1056.00,W,N,A,-,Y,SJ,10,4,-,R,16.500,H,-,E,N,2,0,1,2,D,-,00,,,F,B,C,A,A,H,-,C,D,1,,,Y,,Y,Y,-,"- ",1,0,0,0,0,0,0,0,1,"- ","- ",37.950490000000002,-121.28834000000001,"SAN JOAQUIN",STOCKTON,-121.29276084999999,37.94957969
6981467,2015,2016-12-05,9265,2015-06-10,1307,17856,,3,1,6,3905,0,1,1,,2,504,"RT 5","BENJAMIN HOLT DR",170.00,N,N,B,C,Y,SJ,10,5,-,-,31.510,H,-,N,Y,3,0,2,1,A,-,08,22107,,N,E,I,A,B,D,-,A,D,1,,,,,Y,,A,01,0,1,1,0,0,0,0,0,0,"- ","- ",38.00544,-121.35107000000001,"SAN JOAQUIN",STOCKTON,-121.35149662000001,38.00547194
6981503,2015,2015-07-18,9265,2015-06-10,0145,19307,,3,3,9,3900,0,3,5,,2,010,"RIVER RD","SEXTON RD",1010.00,W,N,A,-,N,,,,,,,,,,Y,3,0,1,1,A,-,08,22107,,N,E,I,A,B,H,-,D,D,0,,,,,Y,,A,01,0,1,0,0,0,0,0,0,0,"- ","- ",37.756239999999998,-121.04539,"SAN JOAQUIN",UNINCORPORATED,-121.03620282999999,37.755066990000003
6981519,2015,2016-11-29,9266,2015-06-26,1440,15432,,5,2,5,3906,0,1,1,,1,015,"RT 205","HOLLY DR",240.00,E,N,A,-,Y,SJ,10,205,-,R,7.570,H,-,E,Y,4,0,1,1,A,-,04,21703,,N,E,I,A,A,H,-,A,D,1,,,Y,,Y,,C,02,0,0,1,0,0,0,0,0,1,"- ","- ",37.762799999999999,-121.42513,"SAN JOAQUIN",TRACY,-121.42475518000001,37.762811200000002