CASE_ID,ACCIDENT_YEAR,PROC_DATE,JURIS,COLLISION_DATE,COLLISION_TIME,OFFICER_ID,REPORTING_DISTRICT,DAY_OF_WEEK,CHP_SHIFT,POPULATION,CNTY_CITY_LOC,SPECIAL_COND,BEAT_TYPE,CHP_BEAT_TYPE,CITY_DIVISION_LAPD,CHP_BEAT_CLASS,BEAT_NUMBER,PRIMARY_RD,SECONDARY_RD,DISTANCE,DIRECTION,INTERSECTION,WEATHER_1,WEATHER_2,STATE_HWY_IND,CALTRANS_COUNTY,CALTRANS_DISTRICT,STATE_ROUTE,ROUTE_SUFFIX,POSTMILE_PREFIX,POSTMILE,LOCATION_TYPE,RAMP_INTERSECTION,SIDE_OF_HWY,TOW_AWAY,COLLISION_SEVERITY,NUMBER_KILLED,NUMBER_INJURED,PARTY_COUNT,PRIMARY_COLL_FACTOR,PCF_CODE_OF_VIOL,PCF_VIOL_CATEGORY,PCF_VIOLATION,PCF_VIOL_SUBSECTION,HIT_AND_RUN,TYPE_OF_COLLISION,MVIW,PED_ACTION,ROAD_SURFACE,ROAD_COND_1,ROAD_COND_2,LIGHTING,CONTROL_DEVICE,CHP_ROAD_TYPE,PEDESTRIAN_ACCIDENT,BICYCLE_ACCIDENT,MOTORCYCLE_ACCIDENT,TRUCK_ACCIDENT,NOT_PRIVATE_PROPERTY,ALCOHOL_INVOLVED,STWD_VEHTYPE_AT_FAULT,CHP_VEHTYPE_AT_FAULT,COUNT_SEVERE_INJ,COUNT_VISIBLE_INJ,COUNT_COMPLAINT_PAIN,COUNT_PED_KILLED,COUNT_PED_INJURED,COUNT_BICYCLIST_KILLED,COUNT_BICYCLIST_INJURED,COUNT_MC_KILLED,COUNT_MC_INJURED,PRIMARY_RAMP,SECONDARY_RAMP,LATITUDE,LONGITUDE,COUNTY,CITY,POINT_X,POINT_Y
7174848,2015,2016-02-09,3905,2015-11-05,0456,2682,PAR,4,5,6,3905,0,0,0,,0,,"AIRPORT WY","MARKET ST",0.00,,Y,A,-,N,,,,,,,,,,Y,4,0,3,2,A,-,09,21801,A,N,A,C,A,A,H,-,C,A,0,,,,,Y,,A,01,0,0,3,0,0,0,0,0,0,"- ","- ",37.954279999999997,-121.27385,"SAN JOAQUIN",STOCKTON,-121.27392986,37.954389900000002
7174965,2015,2016-02-16,3905,2015-11-20,0930,2063,CIV,5,5,6,3905,0,0,0,,0,,"CENTER ST","OAK ST",0.00,,Y,A,-,N,,,,,,,,,,Y,4,0,2,2,A,-,12,21453,A,N,D,C,A,A,H,-,A,A,0,,,,,Y,,-,"- ",0,0,2,0,0,0,0,0,0,"- ","- ",37.958460000000002,-121.29264000000001,"SAN JOAQUIN",STOCKTON,-121.29271996999999,37.95847998
7174973,2015,2016-02-09,3905,2015-11-19,0727,1323,PAR,4,5,6,3905,0,0,0,,0,,"WILSON WY","CHURCH ST",31.00,S,N,A,-,N,,,,,,,,,,Y,4,0,1,2,A,-,03,22350,,N,C,C,A,A,H,-,A,D,0,,,,,Y,,A,01,0,0,1,0,0,0,0,0,0,"- ","- ",37.950800000000001,-121.27023,"SAN JOAQUIN",STOCKTON,-121.27020764,37.950846720000001
7174990,2015,2016-02-08,3905,2015-11-07,2337,2662,,6,5,6,3905,0,0,0,,0,,"TURNPIKE RD","CLAYTON AV",0.00,,Y,A,-,N,,,,,,,,,,Y,4,0,4,2,A,-,12,22450,A,F,B,C,A,A,H,-,D,A,0,,,,,Y,,A,01,0,0,4,0,0,0,0,0,0,"- ","- ",37.908700000000003,-121.28583,"SAN JOAQUIN",STOCKTON,-121.28587994999999,37.90866003
7175009,2015,2016-02-09,3905,2015-11-03,1605,2463,CIV,2,5,6,3905,0,0,0,,0,,"CALIFORNIA ST","WASHINGTON ST",0.00,,Y,A,-,N,,,,,,,,,,N,4,0,1,2,A,-,09,21801,A,N,D,C,A,A,H,-,A,A,0,,,,,Y,,A,07,0,0,1,0,0,0,0,0,0,"- ","- ",37.951599999999999,-121.28403,"SAN JOAQUIN",STOCKTON,-121.28404986,37.951619890000003
7175017,2015,2016-02-09,3905,2015-11-24,1547,2463,CIV,2,5,6,3905,0,0,0,,0,,"ALPINE AV","ALLSTON WY",0.00,,Y,A,-,N,,,,,,,,,,N,3,0,1,2,A,-,10,21950,A,N,G,B,B,A,H,-,A,D,0,Y,,,,Y,,A,07,0,1,0,0,1,0,0,0,0,"- ","- ",37.978439999999999,-121.30580999999999,"SAN JOAQUIN",STOCKTON,-121.30613993,37.978319970000001
7175030,2015,2016-02-08,3905,2015-11-12,1703,2733,CIV,4,5,6,3905,0,0,0,,0,,"PERSHING AV","POPLAR ST",0.00,,Y,A,-,N,,,,,,,,,,N,3,0,3,2,A,-,03,22350,,N,C,C,A,A,H,-,B,A,0,,,,,Y,,A,01,0,1,2,0,0,0,0,0,0,"- ","- ",37.958489999999998,-121.31166,"SAN JOAQUIN",STOCKTON,-121.3117499,37.958319950000003
7175701,2015,2016-02-11,3905,2015-12-28,2000,2716,BEA,1,5,6,3905,0,0,0,,0,,"WAGNER HEIGHTS RD","SHROPSHIRE DR",138.00,E,N,A,-,N,,,,,,,,,,N,4,0,1,2,A,-,03,22350,,N,B,E,A,A,H,-,C,D,0,,,,,Y,,A,01,0,0,1,0,0,0,0,0,0,"- ","- ",38.034649999999999,-121.3432,"SAN JOAQUIN",STOCKTON,-121.34261522,38.034981029999997
7175713,2015,2016-02-11,3905,2015-12-04,0849,2654,CIV,5,5,6,3905,0,0,0,,0,,"PERSHING AV","PARK ST",0.00,,Y,A,-,N,,,,,,,,,,Y,4,0,1,2,A,-,12,21453,A,N,D,C,A,A,H,-,A,A,0,,,,,Y,,A,01,0,0,1,0,0,0,0,0,0,"- ","- ",37.956389999999999,-121.31207000000001,"SAN JOAQUIN",STOCKTON,-121.31210993000001,37.956249909999997
7175764,2015,2016-02-10,3905,2015-12-24,1719,1487,CAL,4,5,6,3905,0,0,0,,0,,"HAMMER LN","GIRARDI WY",100.00,E,N,B,-,N,,,,,,,,,,Y,4,0,1,5,A,-,03,22350,,N,C,C,A,A,H,-,C,A,0,,,,,Y,,A,01,0,0,1,0,0,0,0,0,0,"- ","- ",38.020980000000002,-121.27695,"SAN JOAQUIN",STOCKTON,-121.27628295,38.021217159999999
7175771,2015,2016-02-10,3905,2015-12-17,1245,2063,CIV,4,5,6,3905,0,0,0,,0,,"CALIFORNIA ST","WASHINGTON ST",0.00,,Y,A,-,N,,,,,,,,,,N,4,0,1,2,A,-,12,21453,A,N,D,C,A,A,H,-,A,A,0,,,,,Y,,A,01,0,0,1,0,0,0,0,0,0,"- ","- ",37.951599999999999,-121.28403,"SAN JOAQUIN",STOCKTON,-121.28404986,37.951619890000003
7175784,2015,2016-02-10,3905,2015-12-03,1523,2773,CIV,4,5,6,3905,0,0,0,,0,,"WEBER AV","GRANT ST",0.00,,Y,B,-,N,,,,,,,,,,N,4,0,4,2,A,-,09,21802,A,N,D,C,A,B,H,-,A,D,0,,,,,Y,,A,01,0,0,4,0,0,0,0,0,0,"- ","- ",37.955240000000003,-121.28091000000001,"SAN JOAQUIN",STOCKTON,-121.28094996999999,37.955289960000002
7175788,2015,2016-02-11,3905,2015-12-04,0705,1323,BEA,5,5,6,3905,0,0,0,,0,,"LOWER SACRAMENTO RD","ARMOR DR",0.00,,N,A,-,N,,,,,,,,,,N,4,0,1,2,D,-,00,,,M,C,C,A,B,H,-,A,D,0,,,,,Y,,-,"- ",0,0,1,0,0,0,0,0,0,"- ","- ",,,"SAN JOAQUIN",STOCKTON,-121.32276989,38.039829930000003
7175799,2015,2016-02-10,3905,2015-12-18,1434,2063,SEA,5,5,6,3905,0,0,0,,0,,"6TH ST","SAN JOAQUIN ST",55.00,W,N,A,-,N,,,,,,,,,,N,4,0,2,2,A,-,03,22350,,N,B,E,A,A,H,-,A,A,0,,,,,Y,,A,01,0,0,2,0,0,0,0,0,0,"- ","- ",37.931800000000003,-121.28158999999999,"SAN JOAQUIN",STOCKTON,-121.28157710000001,37.931820770000002
7175815,2015,2016-02-10,3905,2015-12-28,0420,2696,SEA,1,5,6,3905,0,0,0,,0,,"CENTER ST","JEFFERSON ST",0.00,,Y,C,-,N,,,,,,,,,,Y,3,0,2,2,A,-,09,21802,A,N,D,C,A,B,H,-,D,D,0,,,,,Y,,A,01,0,1,1,0,0,0,0,0,0,"- ","- ",37.941600000000001,-121.28824,"SAN JOAQUIN",STOCKTON,-121.28812992,37.941609919999998
7176804,2015,2016-02-05,3905,2015-11-17,1804,2463,SEA,2,5,6,3905,0,0,0,,0,,"8TH ST","EL DORADO ST",0.00,,Y,A,-,N,,,,,,,,,,N,4,0,1,2,A,-,12,21453,A,M,D,C,A,A,H,-,C,A,0,,,,,Y,,A,01,0,0,1,0,0,0,0,0,0,"- ","- ",37.928910000000002,-121.28304,"SAN JOAQUIN",STOCKTON,-121.28297997,37.929389989999997
7176817,2015,2016-02-05,3905,2015-11-10,0844,1114,BEA,2,5,6,3905,0,0,0,,0,,"A G SPANOS BL","IRON CANYON CI S",29.00,S,N,B,-,N,,,,,,,,,,N,3,0,1,2,A,-,11,21954,A,N,H,G,A,B,H,-,A,A,0,,Y,,,Y,,L,04,0,1,0,0,0,0,1,0,0,"- ","- ",38.045580000000001,-121.35687,"SAN JOAQUIN",STOCKTON,-121.35875016999999,38.049353930000002
7176822,2015,2016-02-05,3905,2015-11-18,1927,2733,LAK,3,5,6,3905,0,0,0,,0,,"LINCOLN RD","EL DORADO ST",0.00,,Y,A,-,N,,,,,,,,,,Y,4,0,2,2,A,-,01,23152,A,N,C,C,A,A,H,-,C,A,0,,,,,Y,Y,A,01,0,0,2,0,0,0,0,0,0,"- ","- ",38.01681,-121.31283000000001,"SAN JOAQUIN",STOCKTON,-121.31261994,38.016339930000001
7176823,2015,2016-02-05,3905,2015-11-12,1105,1422,CIV,4,5,6,3905,0,0,0,,0,,"HARDING WY","EL DORADO ST",0.00,,Y,A,-,N,,,,,,,,,,Y,4,0,2,2,A,-,09,21802,A,N,D,C,A,A,H,-,A,A,0,,,,,Y,,A,01,0,0,2,0,0,0,0,0,0,"- ","- ",37.967559999999999,-121.29364,"SAN JOAQUIN",STOCKTON,-121.29382997,37.967529929999998
7176827,2015,2016-02-05,3905,2015-11-22,1510,1393,LAK,7,5,6,3905,0,0,0,,0,,"PERSHING AV","LINCOLN RD",0.00,,Y,A,-,N,,,,,,,,,,Y,3,0,2,3,A,-,12,21453,A,N,D,C,A,A,H,-,A,A,0,,,,,Y,,A,01,0,1,1,0,0,0,0,0,0,"- ","- ",38.014020000000002,-121.33027,"SAN JOAQUIN",STOCKTON,-121.32988994999999,38.0137699
7176828,2015,2017-02-04,3905,2015-11-10,2010,2711,SEA,2,5,6,3905,0,0,0,,0,,"CHARTER WY","RT 5",0.00,,Y,A,-,Y,SJ,10,4,-,-,15.872,I,5,E,Y,4,0,1,2,A,-,12,21453,A,N,D,C,A,A,H,-,C,A,0,,,,,Y,,A,01,0,0,1,0,0,0,0,0,0,"- ",SF,37.936630000000001,-121.29853,"SAN JOAQUIN",STOCKTON,-121.29835863,37.936631329999997
7176836,2015,2016-02-05,3905,2015-11-03,1429,2453,SEA,2,5,6,3905,0,0,0,,0,,"MANTHEY RD","WILLIAM MOSS BL",2904.00,S,N,A,-,N,,,,,,,,,,N,3,0,2,2,A,-,03,22350,,F,E,I,A,A,H,-,A,D,0,,,,,Y,,A,01,0,1,1,0,0,0,0,0,0,"- ","- ",37.907490000000003,-121.28988,"SAN JOAQUIN",STOCKTON,-121.28613264000001,37.900390000000002
7179540,2015,2016-02-16,3903,2015-11-12,0800,1751,,4,5,4,3903,0,0,0,,0,,"LATHROP RD","AIRPORT WY",100.00,E,N,A,-,N,,,,,,,,,,N,4,0,1,2,A,-,03,22350,,N,C,C,A,A,H,-,A,D,0,,,,,Y,,A,01,0,0,1,0,0,0,0,0,0,"- ","- ",,,"SAN JOAQUIN",MANTECA,-121.25343397,37.826500250000002
7181311,2016,2016-02-22,3906,2016-01-31,1300,1376,21,7,5,5,3906,0,0,0,,0,001,"MOUNT OSO AV","GIANELLI ST",20.00,E,N,B,-,N,,,,,,,,,,N,3,0,2,3,A,-,07,21658,A,N,G,B,E,A,H,-,A,D,0,Y,,,,Y,,A,07,0,2,0,0,2,0,0,0,0,"- ","- ",,,"SAN JOAQUIN",TRACY,-121.42950089999999,37.726932300000001
7181751,2015,2016-08-12,3905,2015-12-01,1227,3452,CIV,2,5,6,3905,0,0,0,,0,,"COUNTRY CLUB BL","RYDE AV",158.00,W,N,B,-,N,,,,,,,,,,Y,4,0,2,2,A,-,09,21804,A,N,D,C,A,A,H,-,A,D,0,,,,,Y,,A,01,0,0,2,0,0,0,0,0,0,"- ","- ",37.964570000000002,-121.33586,"SAN JOAQUIN",STOCKTON,-121.33651657,37.96409955
7182023,2015,2016-02-23,3905,2015-11-30,0810,2473,CIV,1,5,6,3905,0,0,0,,0,,"EL DORADO ST","WASHINGTON ST",129.00,N,N,A,-,N,,,,,,,,,,N,4,0,1,1,A,-,03,22350,,N,F,-,A,A,H,-,A,D,0,,,,,Y,,J,49,0,0,1,0,0,0,0,0,0,"- ","- ",37.95073,-121.28923,"SAN JOAQUIN",STOCKTON,-121.28935233999999,37.951022930000001
7183836,2015,2017-02-02,3903,2015-12-19,1627,2916,,6,5,4,3903,0,0,0,,0,,"UNION RD","RT 120",55.00,N,N,A,-,Y,SJ,10,120,-,R,4.117,R,4,W,N,4,0,1,2,A,-,01,23153,A,F,C,C,A,A,H,-,B,A,0,,,,,Y,,A,01,0,0,1,0,0,0,0,0,0,"- ",WO,,,"SAN JOAQUIN",MANTECA,-121.23766343,37.783467289999997
7183857,2015,2016-02-16,3903,2015-12-30,1810,2056,,3,5,4,3903,0,0,0,,0,,"NORTH ST","LINCOLN AV",0.00,,Y,A,-,N,,,,,,,,,,Y,4,0,1,2,A,-,09,21801,A,N,D,C,A,A,H,-,C,D,0,,,,,Y,,A,01,0,0,1,0,0,0,0,0,0,"- ","- ",,,"SAN JOAQUIN",MANTECA,-121.21400995,37.801009999999998
7183889,2015,2016-02-17,3903,2015-12-14,1134,1751,,1,5,4,3903,0,0,0,,0,,"ATHERTON DR","LANGUM WY",1000.00,W,N,A,-,N,,,,,,,,,,N,4,0,1,2,A,-,05,21202,A,N,H,G,A,A,H,-,A,D,0,,Y,,,Y,,L,04,0,0,1,0,0,0,0,0,0,"- ","- ",,,"SAN JOAQUIN",MANTECA,-121.2566949,37.781950620000003
7188375,2016,2016-02-23,3903,2016-01-11,0828,3540,,1,5,4,3903,0,0,0,,0,,"MISSION RIDGE DR","UNION RD",0.00,,Y,B,-,N,,,,,,,,,,Y,4,0,2,2,A,-,09,21802,A,N,D,D,A,A,H,-,A,A,0,,,,,Y,,A,07,0,0,2,0,0,0,0,0,0,"- ","- ",,,"SAN JOAQUIN",MANTECA,-121.23430992,37.787949910000002
7188471,2016,2016-02-23,3903,2016-01-29,1501,3558,,5,5,4,3903,0,0,0,,0,,"NANA PL","WINDGATE DR",81.00,N,N,A,-,N,,,,,,,,,,N,4,0,1,2,A,-,09,21801,A,N,D,C,A,A,H,-,A,D,0,,,Y,,Y,,A,01,0,0,1,0,0,0,0,0,1,"- ","- ",,,"SAN JOAQUIN",MANTECA,-121.24398517,37.816782420000003
7189969,2016,2017-02-11,3901,2016-01-09,1750,L2,,6,5,2,3901,0,0,0,,0,,"RT 120","PLAZA AV",294.00,W,N,A,-,Y,SJ,10,120,-,-,16.690,H,-,E,Y,3,0,2,2,A,-,03,22350,,N,C,C,A,A,H,-,C,D,0,,,,,Y,,A,07,0,1,1,0,0,0,0,0,0,"- ","- ",,,"SAN JOAQUIN",ESCALON,-120.99979792000001,37.798504680000001
7190308,2016,2018-09-26,3905,2016-02-20,1910,1295,VAL,6,5,6,3905,0,0,0,,0,,"BIANCHI RD","CLOWES ST",416.00,W,N,A,-,N,,,,,,,,,,Y,1,1,0,2,A,-,03,22350,,N,D,C,A,A,H,-,C,D,0,,,Y,,Y,Y,C,02,0,0,0,0,0,0,0,1,0,"- ","- ",37.997459999999997,-121.28946999999999,"SAN JOAQUIN",STOCKTON,-121.29138346000001,37.997133290000001
7190353,2016,2016-09-13,3905,2016-04-16,2308,1532,BEA,6,5,6,3905,0,0,0,,0,,"THORNTON RD","WAGNER HEIGHTS RD",468.00,S,N,A,-,N,,,,,,,,,,Y,1,1,0,2,D,-,00,,,N,G,B,E,A,H,-,C,A,0,Y,,,,Y,Y,-,"- ",0,0,0,1,0,0,0,0,0,"- ","- ",38.035299999999999,-121.33933,"SAN JOAQUIN",STOCKTON,-121.33805905,38.034503809999997
7190662,2016,2016-12-13,3906,2016-10-07,2350,916,,5,5,5,3906,0,0,0,,0,005,"11TH ST","LINCOLN BL",0.00,,Y,A,-,N,,,,,,,,,,Y,1,1,0,2,A,-,01,23152,A,F,D,C,A,A,H,-,C,A,0,,,Y,,Y,Y,C,02,0,0,0,0,0,0,0,1,0,"- ","- ",,,"SAN JOAQUIN",TRACY,-121.44169988,37.739669919999997
7190698,2016,2016-12-28,3905,2016-09-20,0717,1532,LAK,2,5,6,3905,0,0,0,,0,,"PERSHING AV","LINCOLN RD",179.00,N,N,A,-,N,,,,,,,,,,Y,1,1,2,2,A,-,01,23152,E,N,C,C,A,A,H,-,A,A,0,,,,,Y,,A,01,0,0,2,0,0,0,0,0,0,"- ","- ",38.014020000000002,-121.33027,"SAN JOAQUIN",STOCKTON,-121.32986894,38.014261320000003
7190781,2015,2016-02-23,3903,2015-11-10,1448,2916,,2,5,4,3903,0,0,0,,0,,"YOSEMITE AV","WASHINGTON AV",150.00,W,N,A,-,N,,,,,,,,,,Y,4,0,1,2,A,-,03,22350,,N,C,C,A,A,H,-,A,D,0,,,,,Y,,A,01,0,0,1,0,0,0,0,0,0,"- ","- ",,,"SAN JOAQUIN",MANTECA,-121.2084291,37.797443860000001
7191354,2016,2016-03-01,3906,2016-02-18,1831,1442,78,4,5,5,3906,0,0,0,,0,001,"11TH ST","9TH ST",16.00,E,N,A,-,N,,,,,,,,,,Y,3,0,1,2,A,-,09,21801,A,N,D,C,A,A,H,-,C,D,0,,,Y,,Y,,A,01,0,1,0,0,0,0,0,0,1,"- ","- ",,,"SAN JOAQUIN",TRACY,-121.43898467,37.739679389999999
7191358,2016,2016-03-01,3906,2016-02-20,1135,918,,6,5,5,3906,0,0,0,,0,001,"SCHULTE RD",GIANELLI,0.00,,Y,A,-,N,,,,,,,,,,N,4,0,1,2,A,-,08,22107,,N,C,C,A,A,H,-,A,D,0,,,,,Y,,A,01,0,0,1,0,0,0,0,0,0,"- ","- ",,,"SAN JOAQUIN",TRACY,-121.42848988999999,37.725139990000002
7192344,2016,2016-03-04,3900,2016-02-06,1402,152605,,6,5,2,3920,0,0,0,,0,009,"KILARNEY CT","KILARNEY DR",44.00,E,N,A,-,N,,,,,,,,,,Y,2,0,1,2,A,-,03,22350,,N,D,E,A,A,H,-,A,D,0,,,Y,,Y,,C,02,1,0,0,0,0,0,0,0,1,"- ","- ",,,"SAN JOAQUIN",LATHROP,-121.27851771,37.830453630000001
7192992,2016,2016-03-08,3906,2016-02-22,1700,1094,,1,5,5,3906,0,0,0,,0,007,"HANSEN RD","SCHULTE RD",2376.00,N,N,A,-,N,,,,,,,,,,Y,4,0,1,2,A,-,06,21750,,N,B,C,A,A,D,-,A,A,0,,,,Y,Y,,A,01,0,0,1,0,0,0,0,0,0,"- ","- ",,,"SAN JOAQUIN",TRACY,-121.51314733,37.728324309999998
7195640,2016,2016-02-29,3902,2016-01-30,1759,SD47,,6,5,5,3902,0,0,0,,0,,"STOCKTON ST","KETTLEMAN LN",150.00,S,N,A,-,N,,,,,,,,,,N,4,0,1,2,A,-,04,21703,,N,C,C,A,A,H,-,C,A,0,,,,,Y,,A,01,0,0,1,0,0,0,0,0,0,"- ","- ",,,"SAN JOAQUIN",LODI,-121.26965,38.115418050000002
7198004,2016,2016-03-08,3905,2016-01-19,1200,2747,VAL,2,5,6,3905,0,0,0,,0,,"MARANATHA DR","BRYANT DR",0.00,,Y,C,-,N,,,,,,,,,,N,4,0,1,2,A,-,12,22450,A,N,D,C,A,B,H,-,A,A,0,,,,,Y,,A,01,0,0,1,0,0,0,0,0,0,"- ","- ",38.026789999999998,-121.26439000000001,"SAN JOAQUIN",STOCKTON,-121.26412999,38.026969999999999
7198009,2016,2016-03-08,3905,2016-01-21,1521,1422,SEA,4,5,6,3905,0,0,0,,0,,"CENTER ST","ANDERSON ST",0.00,,Y,A,-,N,,,,,,,,,,Y,4,0,2,2,A,-,09,21802,A,N,D,C,A,A,H,-,A,A,0,,,,,Y,,D,22,0,0,2,0,0,0,0,0,0,"- ","- ",37.942570000000003,-121.28849,"SAN JOAQUIN",STOCKTON,-121.28838986,37.942579889999998
7198037,2016,2016-03-08,3905,2016-01-01,1746,2770,BEA,5,5,6,3905,0,0,0,,0,,"HAMMER LN","DON AV",0.00,,Y,A,-,N,,,,,,,,,,Y,3,0,1,2,A,-,01,23152,A,N,D,C,A,A,H,-,C,A,0,,,,,Y,Y,D,22,0,1,0,0,0,0,0,0,0,"- ","- ",38.021090000000001,-121.34581,"SAN JOAQUIN",STOCKTON,-121.34539989,38.021369929999999
7198088,2016,2016-03-07,3905,2016-01-01,2228,2321,LAK,5,5,6,3905,0,0,0,,0,,"EL DORADO ST","LINCOLN RD",172.00,S,N,A,-,N,,,,,,,,,,Y,3,0,1,1,A,-,03,22350,,N,E,I,A,A,H,-,C,D,0,,,,,Y,,A,01,0,1,0,0,0,0,0,0,0,"- ","- ",38.01681,-121.31283000000001,"SAN JOAQUIN",STOCKTON,-121.31202826000001,38.01634052
7198095,2016,2016-03-07,3905,2016-01-13,1439,2786,SEA,3,5,6,3905,0,0,0,,0,,"EL DORADO ST","2ND ST",195.00,N,N,A,-,N,,,,,,,,,,Y,3,0,2,1,C,-,18,,,N,E,I,A,A,H,-,A,A,0,,,,,Y,,-,"- ",0,1,1,0,0,0,0,0,0,"- ","- ",37.93638,-121.2855,"SAN JOAQUIN",STOCKTON,-121.28548427,37.936894879999997
7198114,2016,2016-03-07,3905,2016-01-04,0938,1393,,1,5,6,3905,0,0,0,,0,,"MARKET ST","STANISLAUS ST",5.00,N,N,C,-,N,,,,,,,,,,N,4,0,1,2,D,-,00,,,N,G,B,B,B,H,-,A,A,0,Y,,,,Y,,-,"- ",0,0,1,0,1,0,0,0,0,"- ","- ",37.953000000000003,-121.28167999999999,"SAN JOAQUIN",STOCKTON,-121.28170298000001,37.953062619999997
7198120,2016,2016-03-07,3905,2016-01-21,1916,2277,LAK,4,5,6,3905,0,0,0,,0,,"PACIFIC AV","ROBINHOOD DR",208.00,N,N,A,-,N,,,,,,,,,,N,2,0,1,2,A,-,11,21955,,N,G,B,D,A,H,-,C,D,0,Y,,,,Y,Y,N,60,1,0,0,0,1,0,0,0,0,"- ","- ",38.000779999999999,-121.31583999999999,"SAN JOAQUIN",STOCKTON,-121.31668430000001,38.0011455
7198127,2016,2016-03-04,3905,2016-01-20,1242,1393,LAK,3,5,6,3905,0,0,0,,0,,"MARCH LN","PRECISSI LN",0.00,,Y,A,-,N,,,,,,,,,,Y,4,0,1,2,A,-,09,21801,A,N,D,C,A,A,H,-,A,A,0,,,,,Y,,A,01,0,0,1,0,0,0,0,0,0,"- ","- ",37.990720000000003,-121.31529999999999,"SAN JOAQUIN",STOCKTON,-121.31574989000001,37.990629980000001
7198131,2016,2016-03-04,3905,2016-01-19,1116,2463,CIV,2,5,6,3905,0,0,0,,0,,"HARDING WY","MADISON ST",89.00,W,N,C,-,N,,,,,,,,,,N,4,0,1,2,A,-,03,22350,,N,C,C,A,B,H,-,A,A,0,,,,,Y,,A,07,0,0,1,0,0,0,0,0,0,"- ","- ",37.966900000000003,-121.29770000000001,"SAN JOAQUIN",STOCKTON,-121.29821253999999,37.9667812
7198138,2016,2016-03-04,3905,2016-01-15,1902,2732,PAR,5,5,6,3905,0,0,0,,0,,"LAFAYETTE ST","UNION ST",95.00,E,N,A,-,N,,,,,,,,,,N,2,0,1,2,A,-,11,21950,B,N,G,B,D,A,H,-,D,D,0,Y,,,,Y,,N,60,1,0,0,0,1,0,0,0,0,"- ","- ",37.951909999999998,-121.27594000000001,"SAN JOAQUIN",STOCKTON,-121.27562949999999,37.952040570000001
7198144,2016,2016-03-04,3905,2016-01-13,1615,1393,SEA,3,5,6,3905,0,0,0,,0,,"MARTIN LUTHER KING BL","STANISLAUS ST",0.00,,Y,B,-,N,,,,,,,,,,Y,4,0,1,4,A,-,12,22450,A,M,D,C,A,A,H,-,A,A,0,,,,,Y,,A,01,0,0,1,0,0,0,0,0,0,"- ","- ",37.940199999999997,-121.27835,"SAN JOAQUIN",STOCKTON,-121.27824986,37.940279959999998
7198148,2016,2016-03-04,3905,2016-01-11,1403,3452,SEA,1,5,6,3905,0,0,0,,0,,"EL DORADO ST","8TH ST",0.00,,Y,B,-,N,,,,,,,,,,Y,3,0,2,2,A,-,12,21453,A,N,D,C,A,A,H,-,A,A,0,,,,,Y,,-,"- ",0,1,1,0,0,0,0,0,0,"- ","- ",37.928910000000002,-121.28304,"SAN JOAQUIN",STOCKTON,-121.28297997,37.929389989999997
7198556,2016,2016-03-04,3902,2016-02-16,0956,DB72,,2,5,5,3902,0,0,0,,0,,"W PINE ST","SOUTH CHURCH ST",0.00,,Y,A,-,N,,,,,,,,,,N,4,0,1,2,A,-,12,21453,A,N,D,G,A,A,H,-,A,A,0,,Y,,,Y,,L,04,0,0,1,0,0,0,1,0,0,"- ","- ",,,"SAN JOAQUIN",LODI,-121.27505997999999,38.13427995
7199528,2015,2017-03-29,3905,2015-12-24,0313,2133,LAK,4,5,6,3905,0,0,0,,0,,"SWAIN RD","BREA AV",0.00,E,N,C,-,N,,,,,,,,,,Y,1,1,0,1,A,-,01,23152,A,N,E,I,A,B,H,-,C,A,0,,,,,Y,Y,A,01,0,0,0,0,0,0,0,0,0,"- ","- ",38.006689999999999,-121.31175,"SAN JOAQUIN",STOCKTON,-121.31131000000001,38.006569970000001
7199555,2016,2016-06-22,3905,2016-03-20,2018,2133,CIV,7,5,6,3905,0,0,0,,0,,"WEST LN","ENTERPRISE ST",811.00,N,N,A,-,N,,,,,,,,,,Y,1,1,0,2,A,-,11,21954,A,N,G,B,D,A,H,-,C,A,0,Y,,,,Y,,N,60,0,0,0,1,0,0,0,0,0,"- ","- ",37.990200000000002,-121.28570000000001,"SAN JOAQUIN",STOCKTON,-121.28696501,37.992288709999997
7199576,2016,2017-05-30,3905,2016-12-31,1842,2416,SEA,6,5,6,3905,0,0,0,,0,,"TURNPIKE RD","8TH ST",0.00,,Y,A,-,N,,,,,,,,,,Y,1,1,0,2,A,-,01,21200,5,N,H,G,A,A,H,-,C,A,0,,Y,,,Y,Y,L,04,0,0,0,0,0,1,0,0,0,"- ","- ",37.927039999999998,-121.29325,"SAN JOAQUIN",STOCKTON,-121.29302,37.927039999999998
7200238,2017,2017-07-13,3905,2017-03-13,0609,2424,PAR,1,5,6,3905,0,0,0,,0,,"AIRPORT WY","INDUSTRIAL DR",320.00,N,N,A,-,N,,,,,,,,,,Y,1,1,0,1,A,-,07,21658,A,N,E,I,A,A,H,-,C,D,0,,,,,Y,,A,01,0,0,0,0,0,0,0,0,0,"- ","- ",37.910879999999999,-121.25845,"SAN JOAQUIN",STOCKTON,-121.25891022,37.911813879999997
7201842,2016,2016-03-11,3905,2016-01-05,0829,1315,SEA,2,5,6,3905,0,0,0,,0,,"FLINT AV","CONNECTICUT AV",86.00,W,N,B,C,N,,,,,,,,,,N,3,0,1,2,A,-,05,21650,1,N,H,G,A,B,H,-,A,D,0,,Y,,,Y,,L,04,0,1,0,0,0,0,1,0,0,"- ","- ",37.921289999999999,-121.29831,"SAN JOAQUIN",STOCKTON,-121.29875816000001,37.921148889999998
7203905,2016,2016-03-11,3903,2016-02-25,0802,2916,,4,5,4,3903,0,0,0,,0,,"AIRPORT WY","LOVELACE RD",2400.00,S,N,A,-,N,,,,,,,,,,N,3,0,1,2,A,-,03,22350,,N,B,C,A,A,H,-,A,D,0,,,Y,,Y,,C,02,0,1,0,0,0,0,0,0,1,"- ","- ",,,"SAN JOAQUIN",MANTECA,-121.25468266,37.841765420000002