CASE_ID,ACCIDENT_YEAR,PROC_DATE,JURIS,COLLISION_DATE,COLLISION_TIME,OFFICER_ID,REPORTING_DISTRICT,DAY_OF_WEEK,CHP_SHIFT,POPULATION,CNTY_CITY_LOC,SPECIAL_COND,BEAT_TYPE,CHP_BEAT_TYPE,CITY_DIVISION_LAPD,CHP_BEAT_CLASS,BEAT_NUMBER,PRIMARY_RD,SECONDARY_RD,DISTANCE,DIRECTION,INTERSECTION,WEATHER_1,WEATHER_2,STATE_HWY_IND,CALTRANS_COUNTY,CALTRANS_DISTRICT,STATE_ROUTE,ROUTE_SUFFIX,POSTMILE_PREFIX,POSTMILE,LOCATION_TYPE,RAMP_INTERSECTION,SIDE_OF_HWY,TOW_AWAY,COLLISION_SEVERITY,NUMBER_KILLED,NUMBER_INJURED,PARTY_COUNT,PRIMARY_COLL_FACTOR,PCF_CODE_OF_VIOL,PCF_VIOL_CATEGORY,PCF_VIOLATION,PCF_VIOL_SUBSECTION,HIT_AND_RUN,TYPE_OF_COLLISION,MVIW,PED_ACTION,ROAD_SURFACE,ROAD_COND_1,ROAD_COND_2,LIGHTING,CONTROL_DEVICE,CHP_ROAD_TYPE,PEDESTRIAN_ACCIDENT,BICYCLE_ACCIDENT,MOTORCYCLE_ACCIDENT,TRUCK_ACCIDENT,NOT_PRIVATE_PROPERTY,ALCOHOL_INVOLVED,STWD_VEHTYPE_AT_FAULT,CHP_VEHTYPE_AT_FAULT,COUNT_SEVERE_INJ,COUNT_VISIBLE_INJ,COUNT_COMPLAINT_PAIN,COUNT_PED_KILLED,COUNT_PED_INJURED,COUNT_BICYCLIST_KILLED,COUNT_BICYCLIST_INJURED,COUNT_MC_KILLED,COUNT_MC_INJURED,PRIMARY_RAMP,SECONDARY_RAMP,LATITUDE,LONGITUDE,COUNTY,CITY,POINT_X,POINT_Y
8050570,2016,2016-06-13,3905,2016-06-01,1324,2529,PAR,3,5,6,3905,0,0,0,,0,,"WILSON WY","FREMONT ST",109.00,S,N,A,-,N,,,,,,,,,,N,4,0,1,2,A,-,09,21804,A,F,G,B,F,A,H,-,A,D,0,Y,,,,Y,,D,22,0,0,1,0,1,0,0,0,0,"- ","- ",,,"SAN JOAQUIN",STOCKTON,-121.27282829000001,37.960467719999997
8050573,2016,2016-06-13,3905,2016-05-31,1908,2463,PAR,2,5,6,3905,0,0,0,,0,,"HAZELTON AV","AIRPORT WY",0.00,,Y,A,-,N,,,,,,,,,,Y,4,0,1,3,A,-,01,23152,A,N,D,C,A,A,H,-,A,A,0,,,,,Y,Y,A,08,0,0,1,0,0,0,0,0,0,"- ","- ",37.94932,-121.27256,"SAN JOAQUIN",STOCKTON,-121.27257997,37.949429909999999
8050594,2016,2016-06-13,3905,2016-05-26,1614,2779,PAR,4,5,6,3905,0,0,0,,0,,"AIRPORT WY","MARKET ST",60.00,N,N,A,-,N,,,,,,,,,,N,3,0,2,3,A,-,03,22350,,N,G,B,E,A,H,-,A,D,0,Y,,,,Y,,A,08,0,2,0,0,2,0,0,0,0,"- ","- ",37.954279999999997,-121.27385,"SAN JOAQUIN",STOCKTON,-121.27397001,37.954551709999997
8050609,2016,2016-06-11,3905,2016-05-31,2147,2694,CIV,2,5,6,3905,0,0,0,,0,,"COMMERCE ST","PARK ST",15.00,S,N,A,-,N,,,,,,,,,,Y,2,0,5,2,A,-,01,23153,A,N,D,C,A,A,H,-,D,D,0,,,,,Y,Y,A,08,1,2,2,0,0,0,0,0,0,"- ","- ",37.959269999999997,-121.2942,"SAN JOAQUIN",STOCKTON,-121.29426067999999,37.959209469999998
8050620,2016,2016-06-11,3905,2016-05-30,1502,2537,CIV,1,5,6,3905,0,0,0,,0,,"CENTER ST","MAPLE ST",0.00,,Y,A,-,N,,,,,,,,,,N,4,0,1,2,A,-,07,21658,A,N,D,C,A,A,H,-,A,D,0,,,,,Y,,A,07,0,0,1,0,0,0,0,0,0,"- ","- ",37.970500000000001,-121.29615,"SAN JOAQUIN",STOCKTON,-121.29636991,37.970449969999997
8050623,2016,2016-06-11,3905,2016-05-25,0926,3452,SEA,3,5,6,3905,0,0,0,,0,,"CAROLYN WESTON BL","QUEENSLAND CI",0.00,,Y,B,-,N,,,,,,,,,,Y,4,0,2,2,A,-,09,21801,A,N,D,C,A,A,H,-,A,-,0,,,,,Y,,A,01,0,0,2,0,0,0,0,0,0,"- ","- ",37.911619999999999,-121.29618000000001,"SAN JOAQUIN",STOCKTON,-121.29631000000001,37.911479929999999
8050636,2016,2016-06-11,3905,2016-05-27,2328,2762,PAR,5,5,6,3905,0,0,0,,0,,"MADRID DR","CASTELLON WY",294.00,N,N,A,-,N,,,,,,,,,,Y,3,0,1,3,A,-,01,23152,A,N,B,E,A,A,H,-,D,D,0,,,,,Y,Y,A,08,0,1,0,0,0,0,0,0,0,"- ","- ",37.94115,-121.24092,"SAN JOAQUIN",STOCKTON,-121.24113359,37.942228290000003
8050639,2016,2016-06-11,3905,2016-05-27,1145,1323,CIV,5,5,6,3905,0,0,0,,0,,"OCCIDENTAL AV","MONTE DIABLO AV",0.00,,Y,A,-,N,,,,,,,,,,Y,3,0,3,2,A,-,09,21802,A,N,D,D,A,A,H,-,A,A,0,,,,,Y,,A,01,0,1,2,0,0,0,0,0,0,"- ","- ",37.95579,-121.33964,"SAN JOAQUIN",STOCKTON,-121.33971987,37.955419919999997
8054367,2016,2016-06-20,3905,2016-05-12,1502,2536,BEA,4,5,6,3905,0,0,0,,0,,"EIGHT MILE RD","TRINITY PK",0.00,,Y,A,-,N,,,,,,,,,,Y,4,0,1,2,A,-,08,22100,B,N,D,C,A,A,H,-,A,A,0,,,,,Y,,A,01,0,0,1,0,0,0,0,0,0,"- ","- ",38.057920000000003,-121.37631,"SAN JOAQUIN",STOCKTON,-121.37637989,38.057809939999999
8057524,2016,2016-06-15,3903,2016-05-18,2127,3615,,3,5,4,3903,0,0,0,,0,,"N UNION","CHERRY ST",43.00,S,N,A,-,N,,,,,,,,,,Y,4,0,1,2,A,-,12,21453,A,N,F,A,A,A,H,-,C,A,0,,,Y,,Y,,A,01,0,0,1,0,0,0,0,0,1,"- ","- ",,,"SAN JOAQUIN",MANTECA,-121.23510566,37.804571950000003
8057525,2016,2016-06-15,3903,2016-05-17,1513,1751,,2,5,4,3903,0,0,0,,0,,"FREMONT ST","CENTER ST",0.00,,Y,A,-,N,,,,,,,,,,N,3,0,1,2,A,-,05,21650,1,N,H,G,A,A,H,-,A,A,0,,Y,,,Y,,L,04,0,1,0,0,0,0,1,0,0,"- ","- ",37.799109999999999,-121.20972,"SAN JOAQUIN",MANTECA,-121.20963992,37.799079929999998
8057531,2016,2016-06-15,3903,2016-05-06,1429,2916,,5,5,4,3903,0,0,0,,0,,"UNION RD","YOSEMITE AV",220.00,S,N,C,-,N,,,,,,,,,,Y,4,0,1,2,A,-,03,22350,,N,C,C,A,B,H,-,A,D,0,,,,,Y,,A,01,0,0,1,0,0,0,0,0,0,"- ","- ",,,"SAN JOAQUIN",MANTECA,-121.23491,37.797409999999999
8057532,2016,2016-06-15,3903,2016-05-05,1811,3570,,4,5,4,3903,0,0,0,,0,,"LATHROP RD","UNION RD",527.00,W,N,B,-,N,,,,,,,,,,Y,4,0,1,2,A,-,09,21804,A,N,D,C,A,A,H,-,A,D,0,,,,,Y,,A,01,0,0,1,0,0,0,0,0,0,"- ","- ",,,"SAN JOAQUIN",MANTECA,-121.2377547,37.826436430000001
8057535,2016,2016-06-15,3903,2016-05-04,1830,3570,,3,5,4,3903,0,0,0,,0,,"LOUISE AV","ZURICH DR",42.00,N,N,B,-,N,,,,,,,,,,Y,4,0,1,2,A,-,09,21804,A,N,B,C,A,A,H,-,A,A,0,,,,,Y,,A,01,0,0,1,0,0,0,0,0,0,"- ","- ",,,"SAN JOAQUIN",MANTECA,-121.249521,37.8116415
8057543,2016,2016-06-15,3903,2016-05-30,1820,3580,,1,5,4,3903,0,0,0,,0,,"CENTER ST","GARFIELD AV",16.00,E,N,A,-,N,,,,,,,,,,Y,4,0,1,2,A,-,09,21802,A,N,D,C,A,A,H,-,A,D,0,,,,,Y,,A,01,0,0,1,0,0,0,0,0,0,"- ","- ",,,"SAN JOAQUIN",MANTECA,-121.21112463,37.79909928
8057569,2016,2016-06-15,3903,2016-05-06,1235,2916,,5,5,4,3903,0,0,0,,0,,"YOSEMITE AV","POWERS AV",200.00,E,N,C,-,N,,,,,,,,,,N,4,0,1,2,A,-,09,21804,A,N,D,C,A,B,H,-,A,B,0,,,,,Y,,A,01,0,0,1,0,0,0,0,0,0,"- ","- ",,,"SAN JOAQUIN",MANTECA,-121.20426782,37.797455130000003
8060147,2016,2016-06-15,3904,2016-05-17,1757,P064,3,2,5,3,3904,0,0,0,,0,00B,"WILMA VE","WEST MAIN ST",0.00,,Y,A,-,N,,,,,,,,,,N,3,0,1,2,A,-,17,21451,A,N,A,C,A,A,H,-,A,A,0,,,,,Y,,A,01,0,1,0,0,0,0,0,0,0,"- ","- ",,,"SAN JOAQUIN",RIPON,-121.13540999999999,37.739466
8060801,2016,2016-06-17,3905,2016-05-17,1610,2421,PAR,2,5,6,3905,0,0,0,,0,,"N WILSON WY","E PARK AV",0.00,,Y,A,-,N,,,,,,,,,,N,4,0,3,3,A,-,03,22350,,M,C,C,A,A,H,-,A,A,0,,,,,Y,,A,07,0,0,3,0,0,0,0,0,0,"- ","- ",,,"SAN JOAQUIN",STOCKTON,-121.27343989000001,37.962789960000002
8060804,2016,2016-06-13,3905,2016-05-16,0726,1315,SEA,1,5,6,3905,0,0,0,,0,,"TURNPIKE RD","MARTIN LUTHER KING BL",87.00,S,N,A,-,N,,,,,,,,,,Y,4,0,1,2,A,-,09,21801,A,N,D,C,A,A,H,-,A,D,0,,,,,Y,,A,07,0,0,1,0,0,0,0,0,0,"- ","- ",37.938189999999999,-121.29003,"SAN JOAQUIN",STOCKTON,-121.29031241,37.937855810000002
8060949,2016,2016-06-11,3905,2016-06-02,1348,2542,CIV,4,5,6,3905,0,0,0,,0,,"PACIFIC AV","FULTON ST",690.00,N,N,A,-,N,,,,,,,,,,N,4,0,1,2,A,-,05,21650,1,N,H,G,A,A,H,-,A,D,0,,Y,,,Y,,L,04,0,0,1,0,0,0,1,0,0,"- ","- ",37.981490000000001,-121.30755000000001,"SAN JOAQUIN",STOCKTON,-121.30913898,37.982945039999997
8060951,2016,2016-06-14,3905,2016-06-01,1626,2537,PAR,3,5,6,3905,0,0,0,,0,,"FREMONT ST","GOLDEN GATE AV",0.00,,Y,A,-,N,,,,,,,,,,Y,4,0,2,2,A,-,12,21453,A,N,D,C,A,A,H,-,A,A,0,,,,,Y,,-,"- ",0,0,2,0,0,0,0,0,0,"- ","- ",37.967599999999997,-121.25060000000001,"SAN JOAQUIN",STOCKTON,-121.25158991000001,37.967499959999998
8060954,2016,2016-06-11,3905,2016-06-06,0923,2680,SEA,1,5,6,3905,0,0,0,,0,,"LINCOLN ST","MARTIN LUTHER KING BL",35.00,N,N,A,-,N,,,,,,,,,,N,4,0,1,2,A,-,21,22106,,N,C,C,A,A,H,-,A,A,0,,,,,Y,,A,01,0,0,1,0,0,0,0,0,0,"- ","- ",37.937539999999998,-121.29397,"SAN JOAQUIN",STOCKTON,-121.29390146,37.937654610000003
8072085,2016,2016-06-29,3906,2016-06-19,1800,1078,123,7,5,5,3906,0,0,0,,0,006,"GRANT LINE RD","JOE POMBO PKWY",411.00,W,N,A,-,N,,,,,,,,,,Y,4,0,2,3,A,-,04,21703,,N,C,C,A,A,H,-,A,A,0,,,,,Y,,A,07,0,0,2,0,0,0,0,0,0,"- ","- ",,,"SAN JOAQUIN",TRACY,-121.46057178,37.754199999999997
8072089,2016,2016-06-29,3906,2016-06-17,1917,1103,TRACY,5,5,5,3906,0,0,0,,0,003,"11TH ST","CORRAL HOLLOW",500.00,E,N,A,B,N,,,,,,,,,,Y,2,0,1,1,A,-,03,22350,,N,H,A,A,A,H,-,A,D,0,,,Y,,Y,,C,02,1,0,0,0,0,0,0,0,1,"- ","- ",,,"SAN JOAQUIN",TRACY,-121.45149072,37.739415139999998
8072783,2016,2016-07-01,3900,2016-06-10,0954,7688,MANTE,5,5,2,3920,0,0,0,,0,,"RIVER ISLANDS PKWY","GOLDEN VALLEY PKWY",20.00,W,N,A,-,N,,,,,,,,,,N,4,0,3,2,A,-,03,22350,,N,C,C,A,A,H,-,A,A,0,,,,,Y,,D,22,0,0,3,0,0,0,0,0,0,"- ","- ",,,"SAN JOAQUIN",LATHROP,-121.30034916,37.81181256
8072870,2016,2016-06-30,3905,2016-06-11,0854,2674,SEA,6,5,6,3905,0,0,0,,0,,"CHARTER WY","ARMY CT",1584.00,E,N,A,-,N,,,,,,,,,,N,3,0,1,2,A,-,05,21650,1,N,H,G,A,A,H,-,A,D,0,,Y,,,Y,,L,04,0,1,0,0,0,0,1,0,0,"- ","- ",37.930230000000002,-121.32332,"SAN JOAQUIN",STOCKTON,-121.318084,37.931285080000002
8072871,2016,2016-06-30,3905,2016-06-07,1536,2676,CIV,2,5,6,3905,0,0,0,,0,,"CALIFORNIA ST","MINER AV",200.00,N,N,A,-,N,,,,,,,,,,Y,4,0,2,2,A,-,08,22102,,N,D,C,A,A,H,-,A,D,0,,,,,Y,,A,01,0,0,2,0,0,0,0,0,0,"- ","- ",37.956569999999999,-121.28533,"SAN JOAQUIN",STOCKTON,-121.28553664,37.957118520000002
8072872,2016,2016-06-30,3905,2016-06-06,1604,2676,CIV,1,5,6,3905,0,0,0,,0,,"OAK ST","ARGONAUT ST",0.00,,Y,A,-,N,,,,,,,,,,Y,4,0,1,2,A,-,09,21802,A,N,D,C,A,A,H,-,A,A,0,,,,,Y,,A,01,0,0,1,0,0,0,0,0,0,"- ","- ",37.955959999999997,-121.30829,"SAN JOAQUIN",STOCKTON,-121.30834987,37.955849960000002
8072882,2016,2016-07-01,3905,2016-06-12,1353,2525,SEA,7,5,6,3905,0,0,0,,0,,"1ST ST","CALIFORNIA ST",0.00,,Y,A,-,N,,,,,,,,,,Y,4,0,2,2,A,-,09,21802,A,N,D,C,A,A,H,-,A,A,0,,,,,Y,,A,08,0,0,2,0,0,0,0,0,0,"- ","- ",37.938479999999998,-121.28061,"SAN JOAQUIN",STOCKTON,-121.2805199,37.938539890000001
8072886,2016,2016-06-30,3905,2016-06-10,2246,2078,LAK,5,5,6,3905,0,0,0,,0,,"EL DORADO ST","SWAIN RD",0.00,,Y,A,-,N,,,,,,,,,,Y,4,0,1,3,A,-,12,21453,A,N,D,C,A,A,H,-,C,A,0,,,,,Y,,A,07,0,0,1,0,0,0,0,0,0,"- ","- ",38.007359999999998,-121.30901,"SAN JOAQUIN",STOCKTON,-121.30855988,38.007249889999997
8072889,2016,2016-07-01,3905,2016-06-10,1334,1392,BEA,5,5,6,3905,0,0,0,,0,,"DAVIS RD","WHISTLER WY",168.00,S,N,A,-,N,,,,,,,,,,Y,3,0,1,2,A,-,03,22350,,N,B,C,A,A,H,-,A,D,0,,,,,Y,,A,01,0,1,0,0,0,0,0,0,0,"- ","- ",38.048400000000001,-121.33246,"SAN JOAQUIN",STOCKTON,-121.33241887,38.047669759999998
8072890,2016,2016-06-30,3905,2016-06-10,1300,2525,CIV,5,5,6,3905,0,0,0,,0,,"MARKET ST","STANISLAUS ST",0.00,,Y,A,-,N,,,,,,,,,,Y,4,0,3,3,A,-,12,21453,A,N,D,C,A,A,H,-,A,A,0,,,,,Y,,A,01,0,0,3,0,0,0,0,0,0,"- ","- ",37.953000000000003,-121.28167999999999,"SAN JOAQUIN",STOCKTON,-121.28171999,37.953059889999999
8072894,2016,2016-07-01,3905,2016-06-08,1741,2525,CIV,3,5,6,3905,0,0,0,,0,,"EL DORADO ST","WILLOW ST",139.00,S,N,A,-,N,,,,,,,,,,N,4,0,1,2,A,-,03,22350,,N,C,C,A,A,H,-,A,A,0,,,,,Y,,A,01,0,0,1,0,0,0,0,0,0,"- ","- ",37.966540000000002,-121.29338,"SAN JOAQUIN",STOCKTON,-121.29345087999999,37.966136400000003
8072900,2016,2016-07-01,3905,2016-06-06,0819,1312,LAK,1,5,6,3905,0,0,0,,0,,"PERSHING AV","QUAIL LAKES DR",0.00,,Y,A,-,N,,,,,,,,,,Y,4,0,2,2,A,-,12,21453,A,N,D,C,A,A,H,-,A,A,0,,,,,Y,,A,01,0,0,2,0,0,0,0,0,0,"- ","- ",37.99832,-121.32487,"SAN JOAQUIN",STOCKTON,-121.32534988,37.998089909999997
8072917,2016,2016-06-30,3905,2016-06-24,2327,2625,BEA,5,5,6,3905,0,0,0,,0,,"SHORELINE DR","MARINERS DR",0.00,,Y,A,-,N,,,,,,,,,,Y,4,0,1,1,A,-,01,23152,A,N,E,I,A,A,H,-,C,D,0,,,,,Y,Y,A,01,0,0,1,0,0,0,0,0,0,"- ","- ",38.019919999999999,-121.36192,"SAN JOAQUIN",STOCKTON,-121.36145,38.020009940000001
8073013,2016,2016-07-06,3905,2016-06-09,1651,2787,CIV,4,5,6,3905,0,0,0,,0,,"PACIFIC AV","KNOLES WY",0.00,,Y,A,-,N,,,,,,,,,,Y,4,0,4,2,A,-,09,21801,A,N,D,C,A,A,H,-,A,A,0,,,,,Y,,A,01,0,0,4,0,0,0,0,0,0,"- ","- ",37.980719999999998,-121.30696,"SAN JOAQUIN",STOCKTON,-121.3073,37.980659889999998
8073023,2016,2016-07-06,3905,2016-06-07,0827,2536,PAR,2,5,6,3905,0,0,0,,0,,"AIRPORT WY","WEBER AV",0.00,,Y,A,-,N,,,,,,,,,,Y,4,0,2,3,A,-,09,21801,A,N,D,C,A,A,H,-,A,A,0,,,,,Y,,A,07,0,0,2,0,0,0,0,0,0,"- ","- ",37.956299999999999,-121.27437999999999,"SAN JOAQUIN",STOCKTON,-121.27445985999999,37.95638993
8073029,2016,2016-07-06,3905,2016-06-02,1506,2529,VAL,4,5,6,3905,0,0,0,,0,,"WEST LN","BIANCHI RD",0.00,,Y,A,-,N,,,,,,,,,,Y,4,0,2,3,A,-,12,21453,A,N,D,C,A,A,H,-,A,A,0,,,,,Y,,A,01,0,0,2,0,0,0,0,0,0,"- ","- ",37.997680000000003,-121.28846,"SAN JOAQUIN",STOCKTON,-121.28902988,37.997649930000001
8073046,2016,2016-06-30,3905,2016-06-10,2232,2762,PAR,5,5,6,3905,0,0,0,,0,,"AIRPORT WY","MAIN ST",0.00,,Y,A,-,N,,,,,,,,,,Y,4,0,3,3,A,-,12,21453,A,N,D,C,A,A,H,-,C,A,0,,,,,Y,,A,01,0,0,3,0,0,0,0,0,0,"- ","- ",37.955260000000003,-121.27410999999999,"SAN JOAQUIN",STOCKTON,-121.27417,37.955359950000002
8073053,2016,2016-07-05,3905,2016-06-21,2043,2429,CIV,2,5,6,3905,0,0,0,,0,,"PARK ST","ORANGE ST",0.00,,Y,A,-,N,,,,,,,,,,N,4,0,1,2,A,-,12,22450,A,N,E,C,A,A,H,-,B,A,0,,,,Y,Y,,F,25,0,0,1,0,0,0,0,0,0,"- ","- ",37.95673,-121.30985,"SAN JOAQUIN",STOCKTON,-121.30989993,37.956589960000002
8073059,2016,2017-02-15,3905,2016-06-15,1312,2536,PAR,3,5,6,3905,0,0,0,,0,,"ARCH AIRPORT RD","RT 99",9.00,W,N,A,-,Y,SJ,10,99,-,-,14.581,R,4,S,Y,4,0,1,2,A,-,07,21658,A,N,B,C,A,A,H,-,A,A,0,,,,,Y,,A,01,0,0,1,0,0,0,0,0,0,"- ",SO,37.904910000000001,-121.22302999999999,"SAN JOAQUIN",STOCKTON,-121.22260943000001,37.903688500000001
8073076,2016,2016-07-01,3905,2016-05-27,1621,2529,LAK,5,5,6,3905,0,0,0,,0,,"DUNCAN AV","EL DORADO ST",5.00,W,N,A,-,N,,,,,,,,,,N,4,0,1,2,A,-,05,21650,1,N,H,G,A,A,H,-,A,A,0,,Y,,,Y,,L,04,0,0,1,0,0,0,1,0,0,"- ","- ",38.009950000000003,-121.30920999999999,"SAN JOAQUIN",STOCKTON,-121.30880000000001,38.00985
8078347,2016,2016-07-15,3906,2016-07-03,1100,1219,,7,5,5,3906,0,0,0,,0,005,"PARKER AV","12TH ST",0.00,,Y,A,-,N,,,,,,,,,,Y,4,0,1,2,A,-,12,22450,,N,D,C,A,A,H,-,A,D,0,,,,,Y,,A,01,0,0,1,0,0,0,0,0,0,"- ","- ",,,"SAN JOAQUIN",TRACY,-121.42987997,37.740659899999997
8078943,2016,2016-07-12,3906,2016-06-24,2124,1339,18,5,5,5,3906,0,0,0,,0,002,"SCHULTE RD","TRACY BL",0.00,,Y,A,-,N,,,,,,,,,,N,3,0,1,2,A,-,11,21456,B,F,G,G,A,A,H,-,C,A,0,,Y,Y,,Y,,L,04,0,1,0,0,0,0,1,0,0,"- ","- ",,,"SAN JOAQUIN",TRACY,-121.43485993,37.725209890000002
8080024,2016,2016-07-29,3905,2016-07-06,0958,2536,BEA,3,5,6,3905,0,0,0,,0,,"THORNTON RD","WAUDMAN AV",0.00,,Y,A,-,N,,,,,,,,,,N,4,0,1,2,A,-,09,21802,A,N,D,C,A,A,H,-,A,A,0,,,,,Y,,A,01,0,0,1,0,0,0,0,0,0,"- ","- ",38.033200000000001,-121.33662,"SAN JOAQUIN",STOCKTON,-121.33643988,38.032899960000002
8080026,2016,2016-07-29,3905,2016-07-14,1518,2525,CIV,4,5,6,3905,0,0,0,,0,,"CALIFORNIA ST","WASHINGTON ST",0.00,,Y,A,-,N,,,,,,,,,,Y,3,0,6,3,A,-,12,21453,A,N,D,C,A,A,H,-,A,A,0,,,,,Y,,A,07,0,2,4,0,0,0,0,0,0,"- ","- ",37.951599999999999,-121.28403,"SAN JOAQUIN",STOCKTON,-121.28404986,37.951619890000003
8080029,2016,2016-07-29,3905,2016-07-06,1550,2772,PAR,3,5,6,3905,0,0,0,,0,,"AIRPORT WY","8TH ST",0.00,,Y,A,-,N,,,,,,,,,,Y,4,0,1,2,A,-,09,21801,A,N,A,C,A,A,H,-,A,A,0,,,,,Y,,A,01,0,0,1,0,0,0,0,0,0,"- ","- ",37.931510000000003,-121.26724,"SAN JOAQUIN",STOCKTON,-121.26709997,37.931659930000002
8080046,2016,2016-07-29,3905,2016-06-14,1700,2733,CIV,2,5,6,3905,0,0,0,,0,,"WEVER AV","HUNTER ST",0.00,,Y,A,-,N,,,,,,,,,,N,4,0,1,2,A,-,04,21703,,N,C,C,A,A,H,-,A,D,0,,,,,Y,,D,22,0,0,1,0,0,0,0,0,0,"- ","- ",37.953969999999998,-121.28873,"SAN JOAQUIN",STOCKTON,-121.28879999999999,37.95401991
8082095,2016,2016-07-14,3902,2016-05-27,1128,DC61,,5,5,5,3902,0,0,0,,0,,"SOUTH CHURCH ST","W LODI AV",0.00,,Y,A,-,N,,,,,,,,,,Y,4,0,1,2,A,-,09,21801,A,N,D,C,A,A,H,-,A,A,0,,,,,Y,,A,01,0,0,1,0,0,0,0,0,0,"- ","- ",,,"SAN JOAQUIN",LODI,-121.2753299,38.130199959999999
8084236,2016,2016-07-22,3902,2016-06-20,1853,30,,1,5,5,3902,0,0,0,,0,,"NORTH CHEROKEE WY","VICTOR RD",0.00,,Y,A,-,N,,,,,,,,,,Y,4,0,1,2,A,-,09,21801,A,N,D,C,A,A,H,-,A,A,0,,,,,Y,,D,22,0,0,1,0,0,0,0,0,0,"- ","- ",,,"SAN JOAQUIN",LODI,-121.26092997000001,38.137279900000003
8084456,2016,2016-07-21,3902,2016-07-11,0044,WH54,,1,5,5,3902,0,0,0,,0,,"ALMOND DR","CHERRYWOOD WY",21.00,E,N,A,-,N,,,,,,,,,,Y,4,0,1,2,A,-,08,22107,,N,D,E,A,A,H,-,C,D,0,,,,,Y,,A,01,0,0,1,0,0,0,0,0,0,"- ","- ",,,"SAN JOAQUIN",LODI,-121.26764706,38.111142149999999
8088030,2016,2016-07-28,3905,2016-07-17,2134,2719,SEA,7,5,6,3905,0,0,0,,0,,"MARTIN LUTHER KING BL","AMERICAN ST",18.00,W,N,A,-,N,,,,,,,,,,Y,4,0,1,3,A,-,07,21658,A,F,B,E,A,A,H,-,C,D,0,,,,,Y,,A,01,0,0,1,0,0,0,0,0,0,"- ","- ",37.939999999999998,-121.27965,"SAN JOAQUIN",STOCKTON,-121.27961104000001,37.940099670000002
8088037,2016,2016-07-28,3905,2016-07-02,2238,2673,CIV,6,5,6,3905,0,0,0,,0,,"PERSHING AV","PRINCETON AV",311.00,N,N,A,-,N,,,,,,,,,,Y,4,0,2,1,A,-,03,22350,,N,E,I,A,A,H,-,C,D,0,,,,,Y,,A,08,0,0,2,0,0,0,0,0,0,"- ","- ",37.977559999999997,-121.31798000000001,"SAN JOAQUIN",STOCKTON,-121.31857893999999,37.978179109999999
8088048,2016,2016-07-28,3905,2016-07-18,1352,2463,CIV,1,5,6,3905,0,0,0,,0,,"CLEVELAND ST","CALIFORNIA ST",0.00,,Y,A,-,N,,,,,,,,,,N,3,0,1,2,A,-,05,21650,1,N,H,G,A,A,H,-,A,A,0,,Y,,,Y,,L,04,0,1,0,0,0,0,1,0,0,"- ","- ",37.973559999999999,-121.28998,"SAN JOAQUIN",STOCKTON,-121.29023999,37.973549910000003
8088062,2016,2016-07-27,3905,2016-07-02,0636,3452,SEA,6,5,6,3905,0,0,0,,0,,"8TH ST","PORT TRINITY CIR E",130.00,W,N,A,-,N,,,,,,,,,,Y,3,0,2,2,A,-,05,21650,,N,A,C,A,A,H,-,A,D,0,,,,,Y,,A,07,0,1,1,0,0,0,0,0,0,"- ","- ",37.926729999999999,-121.30011,"SAN JOAQUIN",STOCKTON,-121.30210065,37.926643009999999
8088066,2016,2016-07-27,3905,2016-07-11,1609,2542,BEA,1,5,6,3905,0,0,0,,0,,"PONCE DE LEON AV","ACAPULCO WY",84.00,E,N,A,-,N,,,,,,,,,,N,3,0,1,2,A,-,03,22350,,N,C,E,A,A,H,-,A,D,0,,Y,,,Y,,L,04,0,1,0,0,0,0,1,0,0,"- ","- ",38.030290000000001,-121.32089000000001,"SAN JOAQUIN",STOCKTON,-121.32039834,38.030099999999997
8088067,2016,2016-07-27,3905,2016-07-10,1430,1422,PAR,7,5,6,3905,0,0,0,,0,,"AIRPORT WY","LAFAYETTE ST",0.00,,Y,A,-,N,,,,,,,,,,Y,4,0,1,2,A,-,09,21802,A,N,D,C,A,A,H,-,A,A,0,,,,,Y,,A,01,0,0,1,0,0,0,0,0,0,"- ","- ",37.952330000000003,-121.27334,"SAN JOAQUIN",STOCKTON,-121.27336993999999,37.952419949999999
8088074,2016,2016-07-28,3905,2016-07-14,1234,2537,SEA,4,5,6,3905,0,0,0,,0,,"TURNPIKE RD","6TH ST",11.00,S,N,A,-,N,,,,,,,,,,Y,4,0,1,2,A,-,03,22350,,N,C,C,A,A,H,-,A,D,0,,,,,Y,,A,01,0,0,1,0,0,0,0,0,0,"- ","- ",37.929009999999998,-121.29483999999999,"SAN JOAQUIN",STOCKTON,-121.29461993,37.928980019999997
8088745,2016,2016-10-14,3905,2016-08-01,2129,2015,SEA,1,5,6,3905,0,0,0,,0,,"MARTIN LUTHER KING BL","SAN JOAQUIN ST",0.00,,Y,A,-,N,,,,,,,,,,Y,3,0,5,2,A,-,09,21801,A,N,A,C,A,A,H,-,C,A,0,,,,,Y,,J,48,0,3,2,0,0,0,0,0,0,"- ","- ",37.939360000000001,-121.28355999999999,"SAN JOAQUIN",STOCKTON,-121.28344,37.93944999
8089639,2016,2016-09-29,3903,2016-08-02,1014,1751,,2,5,4,3903,0,0,0,,0,,"MAIN ST","NORTH ST",340.00,N,N,A,-,N,,,,,,,,,,N,4,0,2,3,A,-,03,22350,,N,C,C,A,A,H,-,A,D,0,,,,,Y,,A,01,0,0,2,0,0,0,0,0,0,"- ","- ",37.801050000000004,-121.2167,"SAN JOAQUIN",MANTECA,-121.2166663,37.80194333
8093556,2016,2016-08-01,3906,2016-07-22,1413,1137,85,5,5,5,3906,0,0,0,,0,004,"CORRAL HOLLOW RD","FIELDVIEW DR",324.00,S,N,A,-,N,,,,,,,,,,Y,4,0,5,4,A,-,03,22350,,N,C,C,A,A,H,-,A,A,0,,,,,Y,,A,01,0,0,5,0,0,0,0,0,0,"- ","- ",,,"SAN JOAQUIN",TRACY,-121.45323609,37.743710110000002
8093568,2016,2016-08-01,3906,2016-07-20,2040,1381,,3,5,5,3906,0,0,0,,0,004,"WEST GRANTLINE RD","CITY LIGHT POLE #8014",46.00,E,N,A,-,N,,,,,,,,,,Y,4,0,2,2,D,-,00,,,N,D,C,A,A,H,-,B,A,0,,,,,Y,,-,"- ",0,0,2,0,0,0,0,0,0,"- ","- ",,,"SAN JOAQUIN",TRACY,,