CASE_ID,ACCIDENT_YEAR,PROC_DATE,JURIS,COLLISION_DATE,COLLISION_TIME,OFFICER_ID,REPORTING_DISTRICT,DAY_OF_WEEK,CHP_SHIFT,POPULATION,CNTY_CITY_LOC,SPECIAL_COND,BEAT_TYPE,CHP_BEAT_TYPE,CITY_DIVISION_LAPD,CHP_BEAT_CLASS,BEAT_NUMBER,PRIMARY_RD,SECONDARY_RD,DISTANCE,DIRECTION,INTERSECTION,WEATHER_1,WEATHER_2,STATE_HWY_IND,CALTRANS_COUNTY,CALTRANS_DISTRICT,STATE_ROUTE,ROUTE_SUFFIX,POSTMILE_PREFIX,POSTMILE,LOCATION_TYPE,RAMP_INTERSECTION,SIDE_OF_HWY,TOW_AWAY,COLLISION_SEVERITY,NUMBER_KILLED,NUMBER_INJURED,PARTY_COUNT,PRIMARY_COLL_FACTOR,PCF_CODE_OF_VIOL,PCF_VIOL_CATEGORY,PCF_VIOLATION,PCF_VIOL_SUBSECTION,HIT_AND_RUN,TYPE_OF_COLLISION,MVIW,PED_ACTION,ROAD_SURFACE,ROAD_COND_1,ROAD_COND_2,LIGHTING,CONTROL_DEVICE,CHP_ROAD_TYPE,PEDESTRIAN_ACCIDENT,BICYCLE_ACCIDENT,MOTORCYCLE_ACCIDENT,TRUCK_ACCIDENT,NOT_PRIVATE_PROPERTY,ALCOHOL_INVOLVED,STWD_VEHTYPE_AT_FAULT,CHP_VEHTYPE_AT_FAULT,COUNT_SEVERE_INJ,COUNT_VISIBLE_INJ,COUNT_COMPLAINT_PAIN,COUNT_PED_KILLED,COUNT_PED_INJURED,COUNT_BICYCLIST_KILLED,COUNT_BICYCLIST_INJURED,COUNT_MC_KILLED,COUNT_MC_INJURED,PRIMARY_RAMP,SECONDARY_RAMP,LATITUDE,LONGITUDE,COUNTY,CITY,POINT_X,POINT_Y
82080054,2023,2023-05-29,3905,2023-04-23,1724,7192,PAR,7,5,6,3905,0,0,0,,0,,"MAIN ST","SULLIVAN AV",20.00,E,N,A,-,N,,,,,,,,,,Y,3,0,4,2,A,-,01,23152,A,N,C,C,A,A,H,-,A,A,0,,,,,Y,Y,A,01,0,1,3,0,0,0,0,0,0,"- ","- ",37.95452880859375,-121.25052642822266,"SAN JOAQUIN",STOCKTON,-121.25048828125,37.954776763916016
82080056,2023,2023-05-29,3905,2023-04-24,1425,7035,CIV,1,5,6,3905,0,0,0,,0,,"WEBER AV","EL DORADO ST",0.00,,Y,-,-,N,,,,,,,,,,Y,4,0,1,2,A,-,09,21453,C,N,D,C,A,A,H,-,A,A,0,,,,,Y,,A,01,0,0,1,0,0,0,0,0,0,"- ","- ",37.953758239746094,-121.29004669189453,"SAN JOAQUIN",STOCKTON,-121.29012298583984,37.953800201416016
82080067,2023,2023-05-29,3905,2023-04-26,"816 ",7267,SEA,3,5,6,3905,0,0,0,,0,,"EIGHTH ST","MANTHEY RD",200.00,E,N,A,-,N,,,,,,,,,,N,4,0,1,2,A,-,03,22350,,M,C,C,A,A,H,-,A,A,0,,,,,Y,,A,01,0,0,1,0,0,0,0,0,0,"- ","- ",37.926151275634766,-121.29775238037109,"SAN JOAQUIN",STOCKTON,-121.29560089111328,37.926658630371094
82085222,2023,2023-06-05,3924,2023-05-17,1244,1295,L2,3,5,2,3920,0,0,0,,0,00C,"J ST","LOTTIE WY",0.00,,Y,A,-,N,,,,,,,,,,N,2,0,1,2,A,-,11,21954,A,N,B,B,E,A,H,-,A,A,0,Y,,,,Y,,A,01,1,0,0,0,1,0,0,0,0,"- ","- ",37.822158813476562,-121.28910827636719,"SAN JOAQUIN",LATHROP,-121.28939056396484,37.822338104248047
82085227,2023,2023-06-05,3924,2023-05-25,1533,1333,L3,4,5,2,3920,0,0,0,,0,00R,"RIVER ISLANDS PKWY","RIVER ISLAND FOOT BRIDGE",129.00,E,-,A,-,N,,,,,,,,,,N,3,0,2,2,B,-,22,,,N,D,G,A,A,H,-,A,D,0,,Y,,,Y,,L,04,0,2,0,0,0,0,2,0,0,"- ","- ",37.803539276123047,-121.31601715087891,"SAN JOAQUIN",LATHROP,-114.30078125,34.159641265869141
82085364,2023,2023-06-05,3905,2023-05-01,1256,7267,PAR,1,5,6,3905,0,0,0,,0,,"FREMONT ST","EASTLAND DR",0.00,,Y,B,-,N,,,,,,,,,,Y,4,0,1,2,A,-,12,21453,A,N,D,C,A,A,H,-,A,A,0,,,,,Y,,A,01,0,0,1,0,0,0,0,0,0,"- ","- ",37.961048126220703,-121.26986694335938,"SAN JOAQUIN",STOCKTON,-121.27001190185547,37.961200714111328
82088600,2023,2023-06-07,3924,2023-05-25,1700,1270,L1,4,5,2,3920,0,0,0,,0,00H,"SPARTAN WY","GOLDEN VALLEY PKWY",0.00,,Y,A,-,N,,,,,,,,,,N,3,0,1,2,A,-,08,22107,,N,B,C,A,A,H,-,A,D,0,,,,,Y,,D,22,0,1,0,0,0,0,0,0,0,"- ","- ",37.825778961181641,-121.30439758300781,"SAN JOAQUIN",LATHROP,-121.29563140869141,37.826217651367188
82090857,2023,2023-06-12,3905,2023-04-27,1112,7254,VAL,4,5,6,3905,0,0,0,,0,,"TOWNSHEND CI","CROSBY DR",120.00,S,N,A,-,N,,,,,,,,,,Y,2,0,1,3,A,-,03,22350,,N,G,B,F,A,H,-,A,D,0,Y,,,,Y,,A,01,1,0,0,0,1,0,0,0,0,"- ","- ",38.024818420410156,-121.27021789550781,"SAN JOAQUIN",STOCKTON,-121.27013397216797,38.024696350097656
82090867,2023,2023-06-12,3905,2023-05-03,1612,2466,PAR,3,5,6,3905,0,0,0,,0,,"ARCH AIRPORT RD","POCK LN",33.00,S,N,A,-,N,,,,,,,,,,Y,2,0,2,2,A,-,09,21802,A,N,D,C,A,A,H,-,A,A,0,,,Y,,Y,,A,07,2,0,0,0,0,0,0,0,1,"- ","- ",37.907180786132812,-121.23831939697266,"SAN JOAQUIN",STOCKTON,-121.23851776123047,37.90692138671875
82095395,2023,2023-06-16,3905,2023-04-30,2133,3154,LAK,7,5,6,3905,0,0,0,,0,,"THORNTON RD","HAMMER LN",170.00,N,N,A,-,N,,,,,,,,,,N,3,0,1,2,A,-,09,21804,A,N,C,C,A,A,H,-,C,D,0,,,,,Y,,A,01,0,1,0,0,0,0,0,0,0,"- ","- ",38.020790100097656,-121.32563781738281,"SAN JOAQUIN",STOCKTON,-121.32518768310547,38.021041870117188
82095406,2023,2023-06-16,3905,2023-05-09,1329,3174,LAK,2,5,6,3905,0,0,0,,0,,"BENJAMIN HOLT DR","PACIFIC AV",0.00,,Y,A,-,N,,,,,,,,,,N,4,0,1,2,D,-,00,,,N,D,C,A,A,H,-,A,A,0,,,,,Y,,-,"- ",0,0,1,0,0,0,0,0,0,"- ","- ",38.011249542236328,-121.32102966308594,"SAN JOAQUIN",STOCKTON,-121.32068634033203,38.011051177978516
82095408,2023,2023-06-19,3905,2023-05-09,2114,3044,CIV,2,5,6,3905,0,0,0,,0,,"SAN JOAQUIN ST","MINER AV",13.00,N,N,A,-,N,,,,,,,,,,Y,4,0,1,1,A,-,03,22350,,N,E,I,A,A,H,-,C,D,0,,,,,Y,,A,07,0,0,1,0,0,0,0,0,0,"- ","- ",37.956138610839844,-121.28794097900391,"SAN JOAQUIN",STOCKTON,-121.28804779052734,37.956165313720703
82095417,2023,2023-06-16,3905,2023-05-12,2211,2578,BEA,5,5,6,3905,0,0,0,,0,,"THORNTON RD","WAGNER HEIGHTS RD",184.00,S,N,-,-,N,,,,,,,,,,N,4,0,1,2,A,-,08,22102,,N,D,C,A,A,H,-,C,A,0,,,,,Y,,A,07,0,0,1,0,0,0,0,0,0,"- ","- ",38.035301208496094,-121.33933258056641,"SAN JOAQUIN",STOCKTON,-121.33867645263672,38.035114288330078
82096429,2023,2023-06-19,3905,2023-05-15,1527,7035,PAR,1,5,6,3905,0,0,0,,0,,"WILSON WY","PARK ST",210.00,S,N,A,-,N,,,,,,,,,,Y,3,0,7,2,A,-,07,21658,A,N,B,C,A,A,H,-,A,D,0,,,,Y,Y,,F,25,0,1,6,0,0,0,0,0,0,"- ","- ",37.962108612060547,-121.27452087402344,"SAN JOAQUIN",STOCKTON,-121.27329254150391,37.962226867675781
82096436,2023,2023-06-19,3905,2023-05-16,2011,2902,BEA,2,5,6,3905,0,0,0,,0,,"DAVIS RD","CHAPARRAL WY",0.00,,Y,A,-,N,,,,,,,,,,N,4,0,2,2,A,-,03,22350,,N,C,C,A,A,H,-,A,A,0,,,,,Y,,A,07,0,0,2,0,0,0,0,0,0,"- ","- ",38.040859222412109,-121.33199310302734,"SAN JOAQUIN",STOCKTON,-121.3319091796875,38.040596008300781
82096441,2023,2023-06-19,3905,2023-05-17,1507,7035,CIV,3,5,6,3905,0,0,0,,0,,"WEST LN","EL PINAL DR",0.00,,Y,A,-,N,,,,,,,,,,Y,4,0,2,2,A,-,09,21801,A,N,D,C,A,A,H,-,A,A,0,,,,,Y,,A,01,0,0,2,0,0,0,0,0,0,"- ","- ",37.977321624755859,-121.28215789794922,"SAN JOAQUIN",STOCKTON,-121.28057861328125,37.978057861328125
82099505,2023,2023-06-23,3905,2023-02-25,1648,2891,BEA,6,5,6,3905,0,0,0,,0,,"WAGNER HEIGHTS RD","CARTER CT",0.00,,Y,C,-,N,,,,,,,,,,Y,4,0,1,1,A,-,03,22350,,M,E,I,A,B,H,-,A,D,0,,,,,Y,,A,01,0,0,1,0,0,0,0,0,0,"- ","- ",38.035301208496094,-121.33933258056641,"SAN JOAQUIN",STOCKTON,,
82100515,2023,2023-06-26,3905,2023-04-19,"205 ",3135,CIV,3,5,6,3905,0,0,0,,0,,"EL DORADO ST","HARPER ST",0.00,,Y,A,-,N,,,,,,,,,,N,2,0,1,1,A,-,03,22350,,N,E,I,A,A,H,-,C,D,0,,,,,Y,,A,01,1,0,0,0,0,0,0,0,0,"- ","- ",37.989368438720703,-121.30264282226562,"SAN JOAQUIN",STOCKTON,-121.30307006835938,37.989261627197266
82101477,2023,2023-06-26,3905,2023-05-19,1719,7164,LAK,5,5,6,3905,0,0,0,,0,,"LEESBURG PL","BENJAMIN HOLT DR",120.00,N,N,A,-,N,,,,,,,,,,N,3,0,1,2,A,-,09,21801,A,N,D,C,A,A,H,-,A,D,0,,,Y,,Y,,A,01,0,1,0,0,0,0,0,0,1,"- ","- ",38.008518218994141,-121.33072662353516,"SAN JOAQUIN",STOCKTON,-121.33036804199219,38.008613586425781
82101498,2023,2023-06-26,3905,2023-05-23,"832 ",2463,VAL,2,5,6,3905,0,0,0,,0,,"BIANCHI RD","IJAMS RD",0.00,,Y,A,-,N,,,,,,,,,,Y,3,0,2,2,A,-,12,21453,A,N,D,C,A,A,H,-,A,A,0,,,,,Y,,A,01,0,1,1,0,0,0,0,0,0,"- ","- ",37.999408721923828,-121.28453826904297,"SAN JOAQUIN",STOCKTON,-121.28507232666016,37.999530792236328
82102548,2023,2023-06-26,3924,2023-06-01,1127,1270,L2,4,5,2,3920,0,0,0,,0,00C,"LOUISE AV","OLD HARLAN RD",0.00,,Y,A,-,N,,,,,,,,,,Y,3,0,1,1,A,-,03,22350,,N,E,I,A,A,H,-,A,D,0,,,,,Y,,A,01,0,1,0,0,0,0,0,0,0,"- ","- ",37.811431884765625,-121.29448699951172,"SAN JOAQUIN",LATHROP,-121.29386138916016,37.811798095703125
82106851,2023,2023-06-30,3905,2023-05-23,1400,2566,CIV,2,5,6,3905,0,0,0,,0,,"EL DORADO ST","MARKET ST",0.00,,Y,A,-,N,,,,,,,,,,N,4,0,1,2,A,-,12,21453,A,N,D,C,A,A,H,-,A,A,0,,,,,Y,,A,01,0,0,1,0,0,0,0,0,0,"- ","- ",37.951728820800781,-121.28951263427734,"SAN JOAQUIN",STOCKTON,-121.28955078125,37.951732635498047
82106869,2023,2023-06-30,3905,2023-05-29,1809,2566,LAK,1,5,6,3905,0,0,0,,0,,"HERNDON PL","BENJAMIN HOLT DR",0.00,,Y,A,-,N,,,,,,,,,,Y,3,0,3,2,A,-,12,21453,A,N,D,C,A,A,H,-,A,A,0,,,,,Y,,A,07,0,1,2,0,0,0,0,0,0,"- ","- ",38.005031585693359,-121.35697174072266,"SAN JOAQUIN",STOCKTON,-121.35640716552734,38.005100250244141
82107717,2023,2023-07-03,3905,2023-05-06,1544,7164,PAR,6,5,6,3905,0,0,0,,0,,"POCK LN","EIGHTH ST",40.00,S,N,B,-,N,,,,,,,,,,N,3,0,1,2,A,-,03,22350,,M,C,C,A,A,H,-,A,A,0,,,Y,,Y,,A,01,0,1,0,0,0,0,0,0,1,"- ","- ",37.935661315917969,-121.24777221679688,"SAN JOAQUIN",STOCKTON,-121.24756622314453,37.935813903808594
82112433,2023,2023-07-10,3905,2023-05-21,2140,3154,LAK,7,5,6,3905,0,0,0,,0,,"MARCH LN","QUAIL LAKES PZ",269.00,E,N,A,-,N,,,,,,,,,,N,4,0,2,2,A,-,07,21658,A,F,B,C,A,A,H,-,C,D,0,,,,,Y,,A,01,0,0,2,0,0,0,0,0,0,"- ","- ",37.985401153564453,-121.33603668212891,"SAN JOAQUIN",STOCKTON,-121.33437347412109,37.985958099365234
82112705,2023,2023-07-10,3905,2023-05-24,"505 ",3176,LAK,3,5,6,3905,0,0,0,,0,,"MARCH LN","PERSHING AV",0.00,,Y,A,-,N,,,,,,,,,,N,4,0,1,2,A,-,09,21453,C,F,D,C,A,A,H,-,B,A,0,,,,,Y,,D,22,0,0,1,0,0,0,0,0,0,"- ","- ",37.989238739013672,-121.32156372070312,"SAN JOAQUIN",STOCKTON,-121.32196807861328,37.989089965820312
82119429,2023,2023-07-18,3905,2023-05-26,1843,7164,LAK,5,5,6,3905,0,0,0,,0,,"PACIFIC AV","BIANCHI RD",180.00,N,N,A,-,N,,,,,,,,,,N,4,0,1,2,A,-,03,22350,,M,C,C,A,A,H,-,A,A,0,,,,,Y,,A,01,0,0,1,0,0,0,0,0,0,"- ","- ",37.987960815429688,-121.31089782714844,"SAN JOAQUIN",STOCKTON,-121.31242370605469,37.987541198730469
82121534,2023,2023-07-20,3905,2023-06-11,2130,3189,PAR,7,5,6,3905,0,0,0,,0,,"MAIN ST","BROADWAY AV",0.00,,Y,A,-,N,,,,,,,,,,Y,3,0,1,2,A,-,12,21453,A,N,D,C,A,A,H,-,C,A,0,,,,,Y,,A,07,0,1,0,0,0,0,0,0,0,"- ","- ",37.95343017578125,-121.24224853515625,"SAN JOAQUIN",STOCKTON,-121.2410888671875,37.954315185546875
82123543,2023,2023-07-24,3905,2023-05-29,1700,2974,PAR,1,5,6,3905,0,0,0,,0,,"WASHINGTON ST","E ST",0.00,,Y,A,-,N,,,,,,,,,,Y,4,0,1,3,A,-,12,22450,A,F,D,C,A,A,H,-,A,A,0,,,,,Y,,A,01,0,0,1,0,0,0,0,0,0,"- ","- ",37.956558227539062,-121.25877380371094,"SAN JOAQUIN",STOCKTON,-121.25763702392578,37.957309722900391
82123750,2023,2023-07-24,3905,2023-06-06,"757 ",2888,PAR,2,5,6,3905,0,0,0,,0,,"UNION ST","LAFAYETTE ST",0.00,,Y,A,-,N,,,,,,,,,,N,4,0,1,2,A,-,12,22450,A,N,D,C,A,A,H,-,A,D,0,,,,,Y,,A,07,0,0,1,0,0,0,0,0,0,"- ","- ",37.951351165771484,-121.27715301513672,"SAN JOAQUIN",STOCKTON,-121.27594757080078,37.951984405517578
82123762,2023,2023-07-24,3905,2023-06-08,1520,7164,SEA,4,5,6,3905,0,0,0,,0,,"FRESNO AV","CHARTER WY",75.00,S,N,A,-,N,,,,,,,,,,N,4,0,2,2,A,-,03,22350,,M,C,C,A,A,H,-,A,A,0,,,,,Y,,A,07,0,0,2,0,0,0,0,0,0,"- ","- ",37.933059692382812,-121.31233215332031,"SAN JOAQUIN",STOCKTON,-121.31214904785156,37.932674407958984
82127284,2023,2023-07-28,3905,2023-06-18,"150 ",2932,BEA,7,5,6,3905,0,0,0,,0,,"THORNTON RD","DAVIS RD",0.00,,Y,A,-,Y,,,,,,,,,,Y,2,0,1,2,A,-,01,23153,A,N,D,C,A,A,H,-,C,A,0,,,,,Y,Y,A,01,1,0,0,0,0,0,0,0,0,"- ","- ",38.028919219970703,-121.33233642578125,"SAN JOAQUIN",STOCKTON,-121.33213043212891,38.028636932373047
82130438,2023,2023-07-28,3905,2023-05-27,1358,2463,CIV,6,5,6,3905,0,0,0,,0,,"PACIFIC AV","ALPINE AV",126.00,N,N,A,-,N,,,,,,,,,,N,3,0,1,2,A,-,07,21658,A,N,B,C,A,A,H,-,A,A,0,,,Y,,Y,,C,02,0,1,0,0,0,0,0,0,1,"- ","- ",37.978561401367188,-121.30525970458984,"SAN JOAQUIN",STOCKTON,-121.30577850341797,37.978736877441406
82133894,2023,2023-08-02,3905,2023-06-25,2200,2463,SEA,7,5,6,3905,0,0,0,,0,,"DOWNING AV","NB I5 ON RAMP",45.00,W,N,A,-,N,,,,,,,,,,N,4,0,2,2,A,-,03,22350,,M,C,C,A,A,H,-,C,A,0,,,,,Y,,A,01,0,0,2,0,0,0,0,0,0,"- ","- ",37.913211822509766,-121.28884887695312,"SAN JOAQUIN",STOCKTON,-121.28916168212891,37.913036346435547
82136785,2023,2023-08-07,3905,2023-06-10,1042,2598,VAL,6,5,6,3905,0,0,0,,0,,"HAMMER LN","LORRAINE AV",0.00,,Y,A,-,N,,,,,,,,,,Y,4,0,1,2,A,-,03,22350,,N,A,C,A,A,H,-,A,A,0,,,,,Y,,A,01,0,0,1,0,0,0,0,0,0,"- ","- ",38.020980834960938,-121.28357696533203,"SAN JOAQUIN",STOCKTON,-121.28327178955078,38.020977020263672
82142563,2023,2023-08-14,3905,2023-05-16,1509,3036,PAR,2,5,6,3905,0,0,0,,0,,"CHANNEL ST","AIRPORT WY",0.00,,Y,A,-,N,,,,,,,,,,N,4,0,1,2,A,-,03,22350,,F,A,C,A,A,H,-,A,A,0,,,,,Y,,A,01,0,0,1,0,0,0,0,0,0,"- ","- ",37.957210540771484,-121.27462005615234,"SAN JOAQUIN",STOCKTON,-121.27468109130859,37.957309722900391
82143460,2023,2023-08-14,3924,2023-08-03,1826,1275,L2,4,5,2,3920,0,0,0,,0,00C,"LOUISE AV","CAMBRIDGE DR",0.00,,Y,A,-,N,,,,,,,,,,Y,3,0,2,2,A,-,03,22350,,N,D,C,A,A,H,-,A,A,0,,,,,Y,,A,01,0,2,0,0,0,0,0,0,0,"- ","- ",37.811809539794922,-121.28350830078125,"SAN JOAQUIN",LATHROP,-121.28353118896484,37.811851501464844
82145699,2023,2023-08-16,3924,2023-07-30,1823,1298,L1,7,5,2,3920,0,0,0,,0,00H,"CHIMES ST",ALBANY,100.00,N,-,A,-,N,,,,,,,,,,N,4,0,1,2,A,-,21,22106,,N,G,B,E,A,H,-,A,D,0,Y,,,,Y,,A,01,0,0,1,0,1,0,0,0,0,"- ","- ",37.824241638183594,-121.30602264404297,"SAN JOAQUIN",LATHROP,-121.30570220947266,37.82427978515625
82146108,2023,2023-08-17,3905,2023-06-23,"816 ",7192,CIV,5,5,6,3905,0,0,0,,0,,"COUNTRY CLUB BL","FONTANA AV",0.00,,Y,A,-,N,,,,,,,,,,Y,4,0,1,2,A,-,09,21801,A,N,D,C,A,A,H,-,A,A,0,,,Y,,Y,,A,01,0,0,1,0,0,0,0,0,1,"- ","- ",37.963649749755859,-121.33857727050781,"SAN JOAQUIN",STOCKTON,-121.33751678466797,37.963871002197266
82147197,2023,2023-08-18,3905,2023-06-21,"655 ",7273,CIV,3,5,6,3905,0,0,0,,0,,"CALIFORNIA ST","OAK ST",0.00,,Y,A,-,N,,,,,,,,,,Y,3,0,2,4,A,-,12,21453,A,N,D,C,A,A,H,-,A,A,0,,,,,Y,,A,07,0,2,0,0,0,0,0,0,0,"- ","- ",37.958999633789062,-121.28730773925781,"SAN JOAQUIN",STOCKTON,-121.28621673583984,37.959587097167969
82148176,2023,2023-08-21,3905,2023-07-18,1908,7035,SEA,2,5,6,3905,0,0,0,,0,,"DOWNING AV","SB I5 OFF RAMP",0.00,,Y,A,-,N,,,,,,,,,,Y,4,0,2,2,A,-,01,23152,A,N,D,C,A,A,H,-,A,A,0,,,,,Y,Y,A,08,0,0,2,0,0,0,0,0,0,"- ","- ",37.913078308105469,-121.29012298583984,"SAN JOAQUIN",STOCKTON,-121.28972625732422,37.913047790527344
82149428,2023,2023-08-22,3905,2023-06-20,1043,3176,CIV,2,5,6,3905,0,0,0,,0,,"EL DORADO ST","PARK ST",74.00,N,N,A,-,N,,,,,,,,,,Y,3,0,1,1,A,-,07,21658,A,N,E,I,A,A,H,-,A,A,0,,,,,Y,,A,01,0,1,0,0,0,0,0,0,0,"- ","- ",37.959701538085938,-121.29158782958984,"SAN JOAQUIN",STOCKTON,-121.29175567626953,37.959888458251953
82149432,2023,2023-08-22,3905,2023-06-23,1130,7164,LAK,5,5,6,3905,0,0,0,,0,,"PACIFIC AV","ROSE MARIE LN",0.00,,Y,A,-,N,,,,,,,,,,Y,3,0,2,2,A,-,09,21801,A,N,D,C,A,A,H,-,A,A,0,,,,,Y,,A,01,0,2,0,0,0,0,0,0,0,"- ","- ",37.988430023193359,-121.31247711181641,"SAN JOAQUIN",STOCKTON,-121.31182861328125,37.988803863525391
82149445,2023,2023-08-22,3905,2023-06-28,1101,2463,CIV,3,5,6,3905,0,0,0,,0,,"CENTER ST","FREMONT ST",0.00,,Y,A,-,N,,,,,,,,,,Y,4,0,1,2,A,-,12,22450,,N,D,C,A,A,D,-,A,A,0,,,,,Y,,A,01,0,0,1,0,0,0,0,0,0,"- ","- ",37.95751953125,-121.29239654541016,"SAN JOAQUIN",STOCKTON,-121.29246520996094,37.957527160644531
82152045,2023,2023-08-25,3905,2023-07-20,2200,3011,LAK,4,5,6,3905,0,0,0,,0,,"LAND VIEW DR","SEA GULL LN",500.00,N,N,A,-,N,,,,,,,,,,N,3,0,1,2,A,-,03,22350,,F,G,B,D,A,H,-,C,D,0,Y,,,,Y,,A,01,0,1,0,0,1,0,0,0,0,"- ","- ",37.995220184326172,-121.35527038574219,"SAN JOAQUIN",STOCKTON,-121.35491943359375,37.996662139892578
82152052,2023,2023-08-24,3905,2023-07-23,1612,2566,VAL,7,5,6,3905,0,0,0,,0,,"RONALD E MCNAIR WY","WEST LN",1265.00,W,N,A,-,N,,,,,,,,,,N,3,0,1,1,A,-,01,23152,A,N,F,J,A,A,H,-,A,A,0,,,,,Y,Y,D,22,0,1,0,0,0,0,0,0,0,"- ","- ",38.037101745605469,-121.29998779296875,"SAN JOAQUIN",STOCKTON,-121.29951477050781,38.037025451660156
82154014,2023,2023-08-28,3905,2023-06-22,1920,2947,PAR,4,5,6,3905,0,0,0,,0,,"NORTH AIRPORT WY","E FREMONT ST",0.00,,Y,A,-,N,,,,,,,,,,N,4,0,1,2,A,-,03,22350,,N,G,B,D,A,H,-,A,A,0,Y,,,,Y,,A,07,0,0,1,0,1,0,0,0,0,"- ","- ",37.960281372070312,-121.27542114257812,"SAN JOAQUIN",STOCKTON,-121.27554321289062,37.960361480712891
82155112,2023,2023-08-28,3905,2023-07-25,1743,2566,LAK,2,5,6,3905,0,0,0,,0,,"ROSE MARIE LN","PERSHING AV",0.00,,Y,A,-,N,,,,,,,,,,Y,4,0,2,2,A,-,01,23152,A,M,D,C,A,A,H,-,A,A,0,,,,,Y,Y,A,01,0,0,2,0,0,0,0,0,0,"- ","- ",37.986820220947266,-121.32038879394531,"SAN JOAQUIN",STOCKTON,-121.32080841064453,37.986625671386719
82157530,2023,2024-06-13,3924,2023-08-21,1650,1291,,1,5,2,3920,0,0,0,,0,00C,"DARCY PK","MURPHY PKWY",2300.00,E,-,A,-,N,,,,,,,,,,N,4,0,1,2,A,-,09,21804,A,N,B,C,A,A,H,-,A,D,0,,,,,Y,,A,01,0,0,1,0,0,0,0,0,0,"- ","- ",37.800838470458984,-121.28505706787109,"SAN JOAQUIN",LATHROP,-121.28505706787109,37.800735473632812
82159235,2023,2023-09-01,3905,2023-07-05,1212,7267,CIV,3,5,6,3905,0,0,0,,0,,"MARKET ST","STANISLAUS ST",0.00,,Y,A,-,N,,,,,,,,,,Y,4,0,2,3,A,-,12,21453,A,N,D,C,A,A,H,-,A,A,0,,,,,Y,,A,08,0,0,2,0,0,0,0,0,0,"- ","- ",37.952999114990234,-121.28167724609375,"SAN JOAQUIN",STOCKTON,-121.28171539306641,37.95306396484375
82159243,2023,2023-09-01,3905,2023-07-15,1812,7164,VAL,6,5,6,3905,0,0,0,,0,,"WEST LN","MORADA LN",2735.00,N,N,A,-,N,,,,,,,,,,Y,3,0,1,1,A,-,03,22350,,N,E,I,A,A,H,-,A,A,0,,,,,Y,,A,01,0,1,0,0,0,0,0,0,0,"- ","- ",38.036911010742188,-121.29518890380859,"SAN JOAQUIN",STOCKTON,-121.29523468017578,38.044376373291016
82160531,2023,2023-09-01,3905,2023-07-03,"145 ",2850,BEA,1,5,6,3905,0,0,0,,0,,"EIGHT MILE RD","DAVIS RD",0.00,,Y,A,-,N,,,,,,,,,,Y,3,0,2,2,D,-,00,,,N,D,C,A,A,H,-,C,A,0,,,,,Y,,-,"- ",0,2,0,0,0,0,0,0,0,"- ","- ",38.057868957519531,-121.333251953125,"SAN JOAQUIN",STOCKTON,-121.33335113525391,38.057598114013672
82161432,2023,2023-09-04,3905,2023-07-16,1403,2466,CIV,7,5,6,3905,0,0,0,,0,,"PACIFIC AV","SMITH LN",0.00,,Y,A,-,N,,,,,,,,,,Y,3,0,1,2,A,-,09,21801,A,N,D,C,A,A,H,-,A,A,0,,,Y,,Y,,A,07,0,1,0,0,0,0,0,0,1,"- ","- ",37.975681304931641,-121.30307006835938,"SAN JOAQUIN",STOCKTON,-121.3033447265625,37.975570678710938
82161433,2023,2023-09-04,3905,2023-07-30,1219,7267,SEA,7,5,6,3905,0,0,0,,0,,"CALIFORNIA ST","SIXTH ST",0.00,,Y,A,-,N,,,,,,,,,,Y,4,0,2,2,A,-,09,21804,A,N,D,C,A,A,H,-,A,A,0,,,,,Y,,A,01,0,0,2,0,0,0,0,0,0,"- ","- ",37.932231903076172,-121.27897644042969,"SAN JOAQUIN",STOCKTON,-121.27883148193359,37.932281494140625
82163101,2023,2023-09-06,3905,2023-06-29,"847 ",7192,SEA,4,5,6,3905,0,0,0,,0,,"CAROLYN WESTON BL","I-5 SOUTHBOUND OFF RAMP",9.00,E,N,A,-,N,,,,,,,,,,N,3,0,1,2,A,-,05,21202,A,N,D,G,A,A,H,-,A,A,0,,Y,,,Y,,L,04,0,1,0,0,0,0,1,0,0,"- ","- ",37.912399291992188,-121.29252624511719,"SAN JOAQUIN",STOCKTON,-121.29019927978516,37.912994384765625
82165341,2023,2023-09-08,3905,2023-06-30,1412,7192,SEA,5,5,6,3905,0,0,0,,0,,"LEVER BL","DRY CREEK WY",300.00,W,N,A,-,N,,,,,,,,,,N,4,0,1,2,A,-,03,22350,,N,D,E,A,A,H,-,A,A,0,,,,,Y,,A,07,0,0,1,0,0,0,0,0,0,"- ","- ",37.922828674316406,-121.31015014648438,"SAN JOAQUIN",STOCKTON,-121.30964660644531,37.92315673828125
82166445,2023,2023-09-13,3905,2023-07-21,2200,3169,BEA,5,5,6,3905,0,0,0,,0,,"HAMMER LN","KELLEY DR",30.00,W,N,A,-,N,,,,,,,,,,N,4,0,1,2,A,-,09,21453,B,N,C,C,A,A,H,-,C,A,0,,,,,Y,,A,01,0,0,1,0,0,0,0,0,0,"- ","- ",38.021228790283203,-121.35652160644531,"SAN JOAQUIN",STOCKTON,-121.35625457763672,38.021270751953125