CASE_ID,ACCIDENT_YEAR,PROC_DATE,JURIS,COLLISION_DATE,COLLISION_TIME,OFFICER_ID,REPORTING_DISTRICT,DAY_OF_WEEK,CHP_SHIFT,POPULATION,CNTY_CITY_LOC,SPECIAL_COND,BEAT_TYPE,CHP_BEAT_TYPE,CITY_DIVISION_LAPD,CHP_BEAT_CLASS,BEAT_NUMBER,PRIMARY_RD,SECONDARY_RD,DISTANCE,DIRECTION,INTERSECTION,WEATHER_1,WEATHER_2,STATE_HWY_IND,CALTRANS_COUNTY,CALTRANS_DISTRICT,STATE_ROUTE,ROUTE_SUFFIX,POSTMILE_PREFIX,POSTMILE,LOCATION_TYPE,RAMP_INTERSECTION,SIDE_OF_HWY,TOW_AWAY,COLLISION_SEVERITY,NUMBER_KILLED,NUMBER_INJURED,PARTY_COUNT,PRIMARY_COLL_FACTOR,PCF_CODE_OF_VIOL,PCF_VIOL_CATEGORY,PCF_VIOLATION,PCF_VIOL_SUBSECTION,HIT_AND_RUN,TYPE_OF_COLLISION,MVIW,PED_ACTION,ROAD_SURFACE,ROAD_COND_1,ROAD_COND_2,LIGHTING,CONTROL_DEVICE,CHP_ROAD_TYPE,PEDESTRIAN_ACCIDENT,BICYCLE_ACCIDENT,MOTORCYCLE_ACCIDENT,TRUCK_ACCIDENT,NOT_PRIVATE_PROPERTY,ALCOHOL_INVOLVED,STWD_VEHTYPE_AT_FAULT,CHP_VEHTYPE_AT_FAULT,COUNT_SEVERE_INJ,COUNT_VISIBLE_INJ,COUNT_COMPLAINT_PAIN,COUNT_PED_KILLED,COUNT_PED_INJURED,COUNT_BICYCLIST_KILLED,COUNT_BICYCLIST_INJURED,COUNT_MC_KILLED,COUNT_MC_INJURED,PRIMARY_RAMP,SECONDARY_RAMP,LATITUDE,LONGITUDE,COUNTY,CITY,POINT_X,POINT_Y
84916381,2025,2025-11-07,3906,2025-10-25,1237,1280,,6,5,5,3906,0,0,0,,0,004,"TRACY BLVD","VALLERAND RD",0.00,,Y,A,-,N,,,,,,,,,,Y,3,0,1,2,A,-,12,21453,A,N,D,C,A,A,H,-,A,A,0,,,,,Y,,A,01,0,1,0,0,0,0,0,0,0,"- ","- ",37.749801635742188,-121.43495941162109,"SAN JOAQUIN",TRACY,-121.43505096435547,37.750282287597656
84916710,2025,2025-11-07,3905,2025-09-28,1315,2463,,7,5,6,3905,0,0,0,,0,,"EIGHTH ST","CALIFORNIA ST",0.00,,Y,A,-,N,,,,,,,,,,Y,4,0,3,2,A,-,12,22450,A,N,D,C,A,A,H,-,A,A,0,,,,,Y,,A,01,0,0,3,0,0,0,0,0,0,"- ","- ",37.929901123046875,-121.27819061279297,"SAN JOAQUIN",STOCKTON,-121.27803039550781,37.929969787597656
84917148,2025,2025-11-10,3924,2025-09-27,1430,1398,,6,5,2,3920,0,0,0,,0,00C,"J ST","CAMBRIDGE DR",300.00,W,-,A,-,N,,,,,,,,,,N,3,0,1,1,A,-,03,22350,,N,B,E,A,A,H,-,A,A,0,,,Y,,Y,,C,03,0,1,0,0,0,0,0,0,1,"- ","- ",37.822090148925781,-121.28610229492188,"SAN JOAQUIN",LATHROP,-121.28600311279297,37.822372436523438
84917153,2025,2025-11-10,3924,2025-09-15,"751 ",1275,,1,5,2,3920,0,0,0,,0,00R,"REMBRANDT DR","GARDEN FARMS AVE",10.00,S,-,A,-,N,,,,,,,,,,N,3,0,1,2,A,-,03,22350,,N,D,G,A,A,H,-,A,A,0,,Y,,,Y,,A,01,0,1,0,0,0,0,1,0,0,"- ","- ",37.806179046630859,-121.33997344970703,"SAN JOAQUIN",LATHROP,-121.34001922607422,37.806144714355469
84925499,2025,2025-11-12,3905,2025-10-06,"805 ",2624,,1,5,6,3905,0,0,0,,0,,"EL DORADO ST","ESSEX ST",0.00,,Y,A,-,N,,,,,,,,,,N,3,0,3,4,A,-,09,21802,A,N,A,C,A,A,H,-,A,D,0,,,,,Y,,D,22,0,1,2,0,0,0,0,0,0,"- ","- ",37.987270355224609,-121.30181884765625,"SAN JOAQUIN",STOCKTON,-121.30222320556641,37.987171173095703
84925509,2025,2025-11-12,3905,2025-10-10,1213,7034,,5,5,6,3905,0,0,0,,0,,"MARKET ST","CENTER ST",0.00,,Y,A,-,N,,,,,,,,,,Y,4,0,3,2,A,-,12,21453,A,N,D,C,A,A,H,-,A,A,0,,,,,Y,,-,"- ",0,0,3,0,0,0,0,0,0,"- ","- ",37.951519012451172,-121.29081726074219,"SAN JOAQUIN",STOCKTON,-121.29084777832031,37.951507568359375
8492859,2017,2017-12-06,3906,2017-11-02,1542,1484,300,4,5,5,3906,0,0,0,,0,004,"GRANT LINE RD","S LAMMERS RD",204.00,W,N,A,-,N,,,,,,,,,,N,4,0,1,2,A,-,03,22350,,N,C,C,A,A,D,-,A,A,0,,,,,Y,,D,22,0,0,1,0,0,0,0,0,0,"- ","- ",,,"SAN JOAQUIN",TRACY,-121.47744557999999,37.754061620000002
84929758,2025,2025-11-14,3903,2025-10-28,1028,2811,,2,5,4,3903,0,0,0,,0,,"CENTER ST","SHERMAN AV",0.00,,Y,A,-,N,,,,,,,,,,Y,4,0,1,2,A,-,09,21802,A,N,D,C,A,A,H,-,A,A,0,,,,,Y,,A,01,0,0,1,0,0,0,0,0,0,"- ","- ",,,"SAN JOAQUIN",MANTECA,-121.21275329589844,37.799110412597656
84935135,2025,2025-11-18,3905,2025-10-06,"409 ",3254,,1,5,6,3905,0,0,0,,0,,"MARTIN LUTHER KING BL","AMERICAN ST",27.00,W,N,A,-,N,,,,,,,,,,N,4,0,1,2,A,-,11,21954,A,F,G,B,D,A,H,-,C,D,0,Y,,,,Y,,N,60,0,0,1,0,1,0,0,0,0,"- ","- ",37.939998626708984,-121.27964782714844,"SAN JOAQUIN",STOCKTON,-121.27964019775391,37.940093994140625
84936638,2025,2025-11-19,3906,2025-10-24,1833,1976,,5,5,5,3906,0,0,0,,0,005,"GRANT LINE RD","PARKER AVE",428.00,W,N,A,-,N,,,,,,,,,,Y,4,0,1,2,A,-,09,21801,A,N,D,C,A,A,H,-,A,D,0,,,,,Y,,A,01,0,0,1,0,0,0,0,0,0,"- ","- ",37.753639221191406,-121.42977905273438,"SAN JOAQUIN",TRACY,-121.43141937255859,37.754173278808594
84937003,2025,2025-11-19,3905,2025-10-10,1810,3065,,5,5,6,3905,0,0,0,,0,,"HAMMER LN","WEST LN",7.00,W,N,A,-,N,,,,,,,,,,Y,4,0,1,2,A,-,11,21954,A,N,G,B,B,A,H,-,B,A,0,Y,,,,Y,,N,60,0,0,1,0,1,0,0,0,0,"- ","- ",38.020389556884766,-121.29525756835938,"SAN JOAQUIN",STOCKTON,-121.29502105712891,38.020858764648438
84937015,2025,2025-11-19,3905,2025-10-12,1701,2566,,7,5,6,3905,0,0,0,,0,,"EIGHT MILE RD","SB I5 OFF RAMP",0.00,,Y,A,-,N,,,,,,,,,,N,4,0,2,2,A,-,12,21453,A,N,D,C,A,A,H,-,A,A,0,,,,,Y,,A,01,0,0,2,0,0,0,0,0,0,"- ","- ",38.057949066162109,-121.37322235107422,"SAN JOAQUIN",STOCKTON,-121.37284851074219,38.057914733886719
84941024,2025,2025-11-21,3905,2025-10-20,1040,2463,,1,5,6,3905,0,0,0,,0,,"SAN JOAQUIN ST","FREMONT ST",0.00,,Y,A,-,N,,,,,,,,,,Y,4,0,1,2,A,-,09,21801,A,N,D,D,A,A,H,-,A,D,0,,,,,Y,,D,22,0,0,1,0,0,0,0,0,0,"- ","- ",37.958160400390625,-121.28846740722656,"SAN JOAQUIN",STOCKTON,-121.28857421875,37.958156585693359
84950555,2025,2025-11-28,3905,2025-10-21,1853,2566,,2,5,6,3905,0,0,0,,0,,"FREMONT ST","CENTER ST",42.00,E,N,A,-,N,,,,,,,,,,Y,4,0,3,2,A,-,03,22350,,M,C,C,A,A,H,-,C,A,0,,,,,Y,,A,07,0,0,3,0,0,0,0,0,0,"- ","- ",37.95751953125,-121.29239654541016,"SAN JOAQUIN",STOCKTON,-121.29232788085938,37.957546234130859
84955120,2025,2025-12-03,3906,2025-11-19,"517 ",1967,,3,5,5,3906,0,0,0,,0,003,"LAMMERS RD","ELEVENTH ST",0.00,,Y,A,-,N,,,,,,,,,,N,3,0,1,3,A,-,12,21453,A,N,D,C,A,A,H,-,C,A,0,,,,,Y,,A,01,0,1,0,0,0,0,0,0,0,"- ","- ",37.739288330078125,-121.47666931152344,"SAN JOAQUIN",TRACY,-121.47676849365234,37.739368438720703
84958867,2025,2025-12-05,3903,2025-11-05,1136,5028,,3,5,4,3903,0,0,0,,0,,"YOSEMITE AV","GRANT AV",0.00,,Y,A,-,N,,,,,,,,,,Y,4,0,1,2,A,-,09,21802,A,N,C,C,A,A,H,-,A,D,0,,,,,Y,,A,01,0,0,1,0,0,0,0,0,0,"- ","- ",37.797489166259766,-121.21524047851562,"SAN JOAQUIN",MANTECA,-121.21524047851562,37.797416687011719
84959491,2025,2025-12-05,3924,2025-10-17,1116,1410,,5,5,2,3920,0,0,0,,0,00C,"EAST LOUISE AV","BIZZIBE STREET",104.00,W,-,A,-,N,,,,,,,,,,N,4,0,2,3,A,-,03,22350,,N,B,C,A,A,H,-,A,D,0,,,,,Y,,-,31,0,0,2,0,0,0,0,0,0,"- ","- ",37.811798095703125,-121.28929138183594,"SAN JOAQUIN",LATHROP,-121.2896728515625,37.811740875244141
84965226,2025,2025-12-10,3905,2025-10-26,1116,2463,,7,5,6,3905,0,0,0,,0,,"AIRPORT WY","MARKET ST",0.00,,Y,B,-,N,,,,,,,,,,Y,3,0,1,2,A,-,09,21801,A,N,D,C,A,A,H,-,A,A,0,,,Y,,Y,,A,01,0,1,0,0,0,0,0,0,1,"- ","- ",37.954280853271484,-121.27384948730469,"SAN JOAQUIN",STOCKTON,-121.27392578125,37.954387664794922
84965238,2025,2025-12-10,3905,2025-10-27,1607,2566,,1,5,6,3905,0,0,0,,0,,"NB I5 OFF RAMP","MONTE DIABLO AV",186.00,S,N,A,-,N,,,,,,,,,,N,3,0,2,1,A,-,03,22350,,N,F,A,A,A,H,-,A,D,0,,,,,Y,,A,01,0,2,0,0,0,0,0,0,0,"- ","- ",,,"SAN JOAQUIN",STOCKTON,-121.32861328125,37.956974029541016
84965251,2025,2025-12-10,3905,2025-10-28,"855 ",7349,,2,5,6,3905,0,0,0,,0,,"PERSHING AV","POPLAR ST",45.00,S,N,A,-,N,,,,,,,,,,N,4,0,1,2,A,-,03,22350,,N,C,C,A,A,H,-,A,A,0,,,,,Y,,A,07,0,0,1,0,0,0,0,0,0,"- ","- ",37.958488464355469,-121.31166076660156,"SAN JOAQUIN",STOCKTON,-121.31171417236328,37.958198547363281
84967041,2025,2025-12-11,3902,2025-04-29,1739,118,,2,5,5,3902,0,0,0,,0,004,"POPLAR ST","STOCKTON ST",139.00,W,-,A,-,N,,,,,,,,,,N,3,0,1,2,A,-,11,21954,A,N,G,B,D,A,H,-,A,D,0,Y,,,,Y,,N,60,0,1,0,0,1,0,0,0,0,"- ","- ",,,"SAN JOAQUIN",LODI,-121.26963043212891,38.119281768798828
84968413,2025,2025-12-11,3924,2025-10-24,"657 ",1333,,5,5,2,3920,0,0,0,,0,00C,"WARFIELD RD","LOUISE AVE",0.00,,Y,A,-,N,,,,,,,,,,Y,3,0,1,1,A,-,03,22350,,N,E,I,A,A,H,-,A,A,0,,,,,Y,,A,01,0,1,0,0,0,0,0,0,0,"- ","- ",37.811798095703125,-121.28682708740234,"SAN JOAQUIN",LATHROP,-121.28684234619141,37.811725616455078
84968984,2025,2025-12-12,3902,2025-11-10,1650,115,,1,5,5,3902,0,0,0,,0,001,"TURNER RD","LOWER SACRAMENTO RD (W)",33.00,E,-,A,-,N,,,,,,,,,,Y,3,0,1,2,A,-,03,22350,,N,C,C,A,A,H,-,A,A,0,,,,,Y,,A,01,0,1,0,0,0,0,0,0,0,"- ","- ",,,"SAN JOAQUIN",LODI,-121.30654144287109,38.145618438720703
84971277,2025,2025-12-15,3905,2025-11-12,1153,3309,,3,5,6,3905,0,0,0,,0,,"QUAIL LAKES DR","SILVER CREEK CI",0.00,,Y,A,-,N,,,,,,,,,,N,4,0,1,3,A,-,12,22450,A,F,D,C,A,A,H,-,A,D,0,,,,,Y,,A,07,0,0,1,0,0,0,0,0,0,"- ","- ",37.997779846191406,-121.32726287841797,"SAN JOAQUIN",STOCKTON,-121.32777404785156,37.997531890869141
84975254,2025,2025-12-17,3902,2025-10-23,"444 ",134,,4,5,5,3902,0,0,0,,0,004,"KETTLEMAN LN","CHEROKEE LN",0.00,,-,A,-,Y,,,,,,,,,,Y,3,0,4,2,A,-,12,21453,A,N,D,C,A,A,H,-,C,A,0,,,,,Y,,A,01,0,4,0,0,0,0,0,0,0,"- ","- ",,,"SAN JOAQUIN",LODI,-121.26046752929688,38.116294860839844
84975501,2025,2025-12-17,3905,2025-11-03,1759,2566,,1,5,6,3905,0,0,0,,0,,"MARTIN LUTHER KING BL","SUTTER ST",0.00,,Y,A,-,N,,,,,,,,,,N,3,0,1,2,A,-,09,21801,A,N,D,C,A,A,H,-,C,A,0,,,Y,,Y,,A,01,0,1,0,0,0,0,0,0,1,"- ","- ",37.939010620117188,-121.28347778320312,"SAN JOAQUIN",STOCKTON,-121.28215789794922,37.939662933349609
84975517,2025,2025-12-18,3905,2025-11-15,"815 ",7400,,6,5,6,3905,0,0,0,,0,,"MARCH LN","PERSHING AV",262.00,E,N,A,-,N,,,,,,,,,,Y,4,0,1,1,A,-,08,22107,,N,E,I,A,A,H,-,A,A,0,,,,,Y,,A,01,0,0,1,0,0,0,0,0,0,"- ","- ",37.989238739013672,-121.32156372070312,"SAN JOAQUIN",STOCKTON,-121.32109832763672,37.989303588867188
84980381,2025,2025-12-22,3905,2025-11-06,1859,2772,,4,5,6,3905,0,0,0,,0,,"HOLMAN RD","WAKEMAN DR",0.00,,Y,A,-,N,,,,,,,,,,N,3,0,1,2,A,-,12,21453,A,N,D,C,A,A,H,-,C,A,0,,,,,Y,,A,07,0,1,0,0,0,0,0,0,0,"- ","- ",38.023941040039062,-121.27150726318359,"SAN JOAQUIN",STOCKTON,-121.27134704589844,38.024089813232422
84984952,2025,2025-12-25,3903,2025-11-19,1554,6312,,3,5,4,3903,0,0,0,,0,005,"YOSEMITE AV","COTTAGE AV",434.00,E,N,A,-,N,,,,,,,,,,N,4,0,1,2,A,-,05,21202,A,N,D,G,A,A,H,-,A,D,0,,Y,,,Y,,L,04,0,0,1,0,0,0,1,0,0,"- ","- ",37.797470092773438,-121.1981201171875,"SAN JOAQUIN",MANTECA,-121.1966552734375,37.797481536865234
8498503,2017,2017-12-08,3906,2017-11-27,0849,1549,,1,5,5,3906,0,0,0,,0,002,MACARTHUR,"JESSE MARTINEZ DR",101.00,N,N,A,-,N,,,,,,,,,,Y,4,0,1,3,A,-,03,22350,,N,-,C,A,B,H,-,A,A,0,,,,,Y,,A,07,0,0,1,0,0,0,0,0,0,"- ","- ",,,"SAN JOAQUIN",TRACY,-121.41640249,37.718567399999998
8498507,2017,2017-12-07,3906,2017-11-29,0615,918,,3,5,5,3906,0,0,0,,0,002,"CORRAL HOLLOW RD",MIDDLEFIELD,0.00,,N,A,-,N,,,,,,,,,,N,4,0,1,2,A,-,03,22350,,N,C,C,A,A,D,-,C,A,0,,,,,Y,,A,01,0,0,1,0,0,0,0,0,0,"- ","- ",,,"SAN JOAQUIN",TRACY,-121.45279986,37.698259970000002
84991089,2025,2025-12-30,3905,2025-11-04,"927 ",7349,,2,5,6,3905,0,0,0,,0,,"WESTLAKE DR","SCOTT CREEK DR",0.00,,Y,A,-,N,,,,,,,,,,N,4,0,1,2,A,-,03,22350,,N,G,B,E,A,H,-,A,A,0,Y,,,,Y,,A,01,0,0,1,0,1,0,0,0,0,"- ","- ",38.053531646728516,-121.40479278564453,"SAN JOAQUIN",STOCKTON,,
84991146,2025,2025-12-30,3905,2025-11-12,"858 ",2463,,3,5,6,3905,0,0,0,,0,,"HARDING WY","PERSHING AV",36.00,E,N,B,-,N,,,,,,,,,,Y,4,0,3,2,A,-,03,22350,,N,C,C,A,A,H,-,A,A,0,,,,,Y,,A,01,0,0,3,0,0,0,0,0,0,"- ","- ",37.964328765869141,-121.31320190429688,"SAN JOAQUIN",STOCKTON,-121.31319427490234,37.964191436767578
84993240,2025,2025-12-31,3905,2025-11-18,2049,2819,,2,5,6,3905,0,0,0,,0,,"FREMONT ST","FILBERT ST",0.00,,Y,A,-,N,,,,,,,,,,Y,4,0,4,2,A,-,07,21658,A,N,A,C,A,A,H,-,C,A,0,,,,,Y,,A,01,0,0,4,0,0,0,0,0,0,"- ","- ",37.965278625488281,-121.25604248046875,"SAN JOAQUIN",STOCKTON,-121.25621795654297,37.965511322021484
8499550,2017,2017-12-14,3906,2017-11-14,0743,1473,,2,5,5,3906,0,0,0,,0,002,"MACARTHUR DR","YOSEMITE DR",143.00,N,N,A,-,N,,,,,,,,,,Y,4,0,1,2,A,-,03,22350,,N,C,C,A,A,H,-,A,A,0,,,,,Y,,A,07,0,0,1,0,0,0,0,0,0,"- ","- ",,,"SAN JOAQUIN",TRACY,-121.41643644,37.721272730000003
84997776,2025,2026-01-05,3905,2025-11-17,"17  ",3170,,1,5,6,3905,0,0,0,,0,,"HAMMER LN","EL DORADO ST",39.00,W,N,C,-,N,,,,,,,,,,N,4,0,1,2,A,-,08,22107,,N,B,C,A,B,H,-,C,A,0,,,,,Y,,A,01,0,0,1,0,0,0,0,0,0,"- ","- ",38.021160125732422,-121.31549072265625,"SAN JOAQUIN",STOCKTON,-121.31533813476562,38.020862579345703
85002072,2025,2026-01-07,3905,2025-11-20,1321,1315,,4,5,6,3905,0,0,0,,0,,"MARCH LN","EL DORADO ST",45.00,E,N,B,C,N,,,,,,,,,,Y,4,0,1,2,A,-,03,22350,,N,C,C,A,B,H,-,A,A,0,,,,,Y,,D,22,0,0,1,0,0,0,0,0,0,"- ","- ",37.995819091796875,-121.30622863769531,"SAN JOAQUIN",STOCKTON,-121.30567932128906,37.996326446533203
85002727,2025,2026-01-07,3924,2025-11-21,1840,1295,,5,5,2,3920,0,0,0,,0,00C,"MCKINLEY AV","LOUISE AV",0.00,,Y,A,-,N,,,,,,,,,,N,4,0,1,2,A,-,03,22350,,M,C,C,A,A,H,-,C,A,0,,,,,Y,,A,01,0,0,1,0,0,0,0,0,0,"- ","- ",37.811820983886719,-121.2713623046875,"SAN JOAQUIN",LATHROP,-121.27143096923828,37.811851501464844
85008082,2025,2026-01-12,3905,2025-12-04,"810 ",2463,,4,5,6,3905,0,0,0,,0,,"RONALD E MCNAIR WY","MORADA LN",768.00,N,N,B,-,N,,,,,,,,,,N,3,0,1,2,A,-,03,22350,,N,C,C,A,A,H,-,A,D,0,,,Y,,Y,,C,02,0,1,0,0,0,0,0,0,1,"- ","- ",38.037101745605469,-121.29998779296875,"SAN JOAQUIN",STOCKTON,-121.29503631591797,38.036872863769531
85012757,2025,2026-01-14,3905,2025-11-26,"659 ",7400,,3,5,6,3905,0,0,0,,0,,"EL DORADO ST","CASTLE ST",10.00,S,N,A,-,N,,,,,,,,,,N,4,0,2,2,A,-,07,21658,A,N,B,C,A,A,H,-,C,A,0,,,,,Y,,-,"- ",0,0,2,0,0,0,0,0,0,"- ","- ",37.974330902099609,-121.29654693603516,"SAN JOAQUIN",STOCKTON,-121.29670715332031,37.974143981933594
85012810,2025,2026-01-15,3905,2025-12-07,1743,2566,,7,5,6,3905,0,0,0,,0,,"VILLA POINT DR","MARLETTE RD",9.00,W,N,A,-,N,,,,,,,,,,N,4,0,2,2,A,-,01,23152,A,N,E,I,A,A,H,-,C,A,0,,,,,Y,Y,A,07,0,0,2,0,0,0,0,0,0,"- ","- ",38.053871154785156,-121.31752777099609,"SAN JOAQUIN",STOCKTON,-121.31769561767578,38.054359436035156
85017994,2025,2026-01-19,3905,2025-11-13,1949,3409,,4,5,6,3905,0,0,0,,0,,"ROBINHOOD DR","PACIFIC AV",0.00,,Y,B,C,N,,,,,,,,,,N,4,0,1,2,A,-,08,22107,,F,B,C,A,A,H,-,C,A,0,,,,,Y,,A,01,0,0,1,0,0,0,0,0,0,"- ","- ",38.000778198242188,-121.31584167480469,"SAN JOAQUIN",STOCKTON,-121.31647491455078,38.000602722167969
85018489,2025,2026-01-19,3905,2025-11-22,"15  ",3183,,6,5,6,3905,0,0,0,,0,,"BIANCHI RD","SOUSA ST",435.00,W,N,E,-,N,,,,,,,,,,N,4,0,1,2,A,-,14,25251,B,N,C,C,A,A,H,-,C,C,0,,,,,Y,,A,07,0,0,1,0,0,0,0,0,0,"- ","- ",37.992610931396484,-121.30142974853516,"SAN JOAQUIN",STOCKTON,-121.30338287353516,37.992156982421875
85021789,2025,2026-01-21,3905,2025-12-04,1031,7400,,4,5,6,3905,0,0,0,,0,,"HAMMER LN","LORRAINE AV",5.00,E,N,A,-,N,,,,,,,,,,N,4,0,1,2,A,-,10,21950,A,N,G,B,B,A,H,-,A,A,0,Y,,,,Y,,A,01,0,0,1,0,1,0,0,0,0,"- ","- ",38.020439147949219,-121.28366088867188,"SAN JOAQUIN",STOCKTON,-121.28324890136719,38.020980834960938
85021809,2025,2026-01-21,3905,2025-12-08,1231,7349,,1,5,6,3905,0,0,0,,0,,"HOLMAN RD","GARY GALLI DR",0.00,,Y,B,C,N,,,,,,,,,,Y,4,0,1,2,A,-,17,21451,A,N,A,C,A,B,H,-,A,A,0,,,,,Y,,A,07,0,0,1,0,0,0,0,0,0,"- ","- ",38.044479370117188,-121.26994323730469,"SAN JOAQUIN",STOCKTON,-121.26992797851562,38.045169830322266
85021829,2025,2026-01-21,3905,2025-12-15,1148,2566,,1,5,6,3905,0,0,0,,0,,"HAMMER LN","DON AV",16.00,E,N,A,-,N,,,,,,,,,,Y,4,0,1,2,C,-,18,,,N,A,C,A,A,H,-,A,A,0,,,,,Y,,-,"- ",0,0,1,0,0,0,0,0,0,"- ","- ",38.021091461181641,-121.34580993652344,"SAN JOAQUIN",STOCKTON,-121.34534454345703,38.021369934082031
85032849,2025,2026-01-29,3905,2025-12-12,2047,2674,,5,5,6,3905,0,0,0,,0,,"MARCH LN","SB I5 OFF RAMP",0.00,,Y,B,-,N,,,,,,,,,,N,3,0,1,2,A,-,12,21453,A,N,D,C,A,A,H,-,C,A,0,,,,,Y,,A,01,0,1,0,0,0,0,0,0,0,"- ","- ",37.984920501708984,-121.34378051757812,"SAN JOAQUIN",STOCKTON,-121.344219,37.984586999999998
85034899,2025,2026-01-29,3905,2025-12-16,1223,3290,,2,5,6,3905,0,0,0,,0,,"PERSHING AV","MARCH LN",295.00,N,N,A,-,N,,,,,,,,,,N,4,0,1,2,A,-,09,21801,A,N,D,C,A,A,H,-,A,D,0,,,,,Y,,A,01,0,0,1,0,0,0,0,0,0,"- ","- ",37.989238739013672,-121.32156372070312,"SAN JOAQUIN",STOCKTON,-121.322265625,37.989864349365234
85034924,2025,2026-01-29,3905,2025-12-19,1433,3251,,5,5,6,3905,0,0,0,,0,CIV,"CENTER ST","OAK ST",0.00,S,Y,B,-,N,,,,,,,,,,Y,3,0,1,2,A,-,12,21453,A,N,D,C,A,A,H,-,A,A,0,,,,,Y,,A,01,0,1,0,0,0,0,0,0,0,"- ","- ",37.958461761474609,-121.29264068603516,"SAN JOAQUIN",STOCKTON,-121.292724609375,37.958480834960938
85042803,2025,2026-02-04,3905,2025-11-22,2000,3211,,6,5,6,3905,0,0,0,,0,,"PONCE DE LEON AV","LOWER SACRAMENTO RD",0.00,,Y,A,-,N,,,,,,,,,,N,2,0,1,2,A,-,11,21456,B,F,G,B,B,A,H,-,C,A,0,Y,,,,Y,,N,60,1,0,0,0,1,0,0,0,0,"- ","- ",38.030311584472656,-121.32293701171875,"SAN JOAQUIN",STOCKTON,-121.32284545898438,38.030101776123047
85047820,2025,2026-02-18,3905,2025-12-30,1828,2566,,2,5,6,3905,0,0,0,,0,,"FREMONT ST","E ST (E)",88.00,E,N,A,-,N,,,,,,,,,,Y,2,0,1,2,A,-,11,21955,,N,G,B,D,A,H,-,C,A,0,Y,,,,Y,,N,60,1,0,0,0,1,0,0,0,0,"- ","- ",37.963050842285156,-121.26132202148438,"SAN JOAQUIN",STOCKTON,-121.26080322265625,37.963581085205078
85048200,2025,2026-02-09,3905,2025-11-19,"944 ",3061,,3,5,6,3905,0,0,0,,0,,"QUAIL LAKES DR","GRIZZLY HOLLOW WY",128.00,S,N,A,-,N,,,,,,,,,,N,4,0,1,2,A,-,09,21801,A,F,D,C,A,A,H,-,A,A,0,,,,,Y,,A,01,0,0,1,0,0,0,0,0,0,"- ","- ",37.993629455566406,-121.34306335449219,"SAN JOAQUIN",STOCKTON,-121.34246826171875,37.993381500244141
85060383,2025,2026-02-18,3906,2025-10-31,2052,1563,,5,5,5,3906,0,0,0,,0,,"TRACY BLVD","ROCKPORT CT",0.00,,Y,A,-,N,,,,,,,,,,Y,2,0,3,5,A,-,11,21950,B,N,G,B,D,A,H,-,C,D,0,Y,,,,Y,,N,60,2,1,0,0,3,0,0,0,0,"- ","- ",,,"SAN JOAQUIN",TRACY,-121.43499755859375,37.706039428710938
8508985,2017,2018-07-05,3901,2017-11-15,1223,L3,,3,5,2,3901,0,0,0,,0,,"JACKSON AV","DAVID DR",381.00,E,N,A,-,Y,SJ,10,120,-,-,17.950,H,-,E,N,3,0,1,2,A,-,09,21801,A,N,A,C,A,A,H,-,A,D,0,,,,,Y,,A,07,0,1,0,0,0,0,0,0,0,"- ","- ",,,"SAN JOAQUIN",ESCALON,-120.98273454,37.794185630000001
8511064,2017,2018-01-04,3905,2017-11-10,1304,2525,PAR,5,5,6,3905,0,0,0,,0,,"WILSON WY","MINER AV",90.00,N,N,A,-,N,,,,,,,,,,N,4,0,3,2,A,-,03,22350,,N,C,C,A,A,H,-,A,A,0,,,,,Y,,A,07,0,0,3,0,0,0,0,0,0,"- ","- ",37.958680000000001,-121.27227999999999,"SAN JOAQUIN",STOCKTON,-121.2724255,37.959001669999999
8511068,2017,2018-01-04,3905,2017-11-10,1642,2525,PAR,5,5,6,3905,0,0,0,,0,,"ACACIA ST","AIRPORT WY",39.00,E,N,A,-,N,,,,,,,,,,N,4,0,1,4,A,-,03,22350,,N,C,E,A,A,H,-,A,A,0,,,,,Y,,A,01,0,0,1,0,0,0,0,0,0,"- ","- ",37.965170000000001,-121.27670000000001,"SAN JOAQUIN",STOCKTON,-121.2767277,37.965272390000003
8511074,2017,2018-01-09,3905,2017-10-29,0942,3410,LAK,7,5,6,3905,0,0,0,,0,,"MARCH LN","CLAREMONT AV",0.00,,Y,A,-,N,,,,,,,,,,Y,3,0,3,3,A,-,01,23152,A,N,D,D,A,A,H,-,A,A,0,,,,,Y,Y,A,01,0,2,1,0,0,0,0,0,0,"- ","- ",37.994210000000002,-121.30826,"SAN JOAQUIN",STOCKTON,-121.30880993,37.994119939999997
8511284,2017,2017-12-21,3905,2017-10-30,1606,2566,LAK,1,5,6,3905,0,0,0,,0,,"YOKUTS AV","PACIFIC AV",0.00,,Y,A,-,N,,,,,,,,,,N,3,0,1,2,A,-,12,21453,A,N,D,C,A,A,H,-,A,A,0,,,Y,,Y,,A,07,0,1,0,0,0,0,0,0,1,"- ","- ",37.996760000000002,-121.3143,"SAN JOAQUIN",STOCKTON,-121.31471997,37.996639960000003
8511291,2017,2017-12-22,3905,2017-10-17,1526,1393,VAL,2,5,6,3905,0,0,0,,0,,"SWAIN RD","KERMIT LN",25.00,W,N,B,-,N,,,,,,,,,,N,4,0,1,2,A,-,03,22350,,M,C,C,A,A,H,-,A,D,0,,,,,Y,,A,01,0,0,1,0,0,0,0,0,0,"- ","- ",38.008839999999999,-121.30301,"SAN JOAQUIN",STOCKTON,-121.30264391999999,38.008762519999998