CASE_ID,ACCIDENT_YEAR,PROC_DATE,JURIS,COLLISION_DATE,COLLISION_TIME,OFFICER_ID,REPORTING_DISTRICT,DAY_OF_WEEK,CHP_SHIFT,POPULATION,CNTY_CITY_LOC,SPECIAL_COND,BEAT_TYPE,CHP_BEAT_TYPE,CITY_DIVISION_LAPD,CHP_BEAT_CLASS,BEAT_NUMBER,PRIMARY_RD,SECONDARY_RD,DISTANCE,DIRECTION,INTERSECTION,WEATHER_1,WEATHER_2,STATE_HWY_IND,CALTRANS_COUNTY,CALTRANS_DISTRICT,STATE_ROUTE,ROUTE_SUFFIX,POSTMILE_PREFIX,POSTMILE,LOCATION_TYPE,RAMP_INTERSECTION,SIDE_OF_HWY,TOW_AWAY,COLLISION_SEVERITY,NUMBER_KILLED,NUMBER_INJURED,PARTY_COUNT,PRIMARY_COLL_FACTOR,PCF_CODE_OF_VIOL,PCF_VIOL_CATEGORY,PCF_VIOLATION,PCF_VIOL_SUBSECTION,HIT_AND_RUN,TYPE_OF_COLLISION,MVIW,PED_ACTION,ROAD_SURFACE,ROAD_COND_1,ROAD_COND_2,LIGHTING,CONTROL_DEVICE,CHP_ROAD_TYPE,PEDESTRIAN_ACCIDENT,BICYCLE_ACCIDENT,MOTORCYCLE_ACCIDENT,TRUCK_ACCIDENT,NOT_PRIVATE_PROPERTY,ALCOHOL_INVOLVED,STWD_VEHTYPE_AT_FAULT,CHP_VEHTYPE_AT_FAULT,COUNT_SEVERE_INJ,COUNT_VISIBLE_INJ,COUNT_COMPLAINT_PAIN,COUNT_PED_KILLED,COUNT_PED_INJURED,COUNT_BICYCLIST_KILLED,COUNT_BICYCLIST_INJURED,COUNT_MC_KILLED,COUNT_MC_INJURED,PRIMARY_RAMP,SECONDARY_RAMP,LATITUDE,LONGITUDE,COUNTY,CITY,POINT_X,POINT_Y
8550479,2017,2018-06-13,3905,2017-12-15,1935,2930,PAR,5,5,6,3905,0,0,0,,0,,"HARDING WY","PILGRIM ST",0.00,,Y,A,-,N,,,,,,,,,,Y,4,0,1,1,A,-,03,22350,,N,E,I,A,A,H,-,C,D,0,,,,,Y,,A,07,0,0,1,0,0,0,0,0,0,"- ","- ",37.969900000000003,-121.27930000000001,"SAN JOAQUIN",STOCKTON,-121.27948992,37.969959969999998
8550507,2017,2018-02-09,3905,2017-10-27,2137,2421,SEA,5,5,6,3905,0,0,0,,0,,"MANTHEY RD","FRENCH CAMP RD",1178.00,N,N,A,-,N,,,,,,,,,,Y,4,0,2,1,A,-,03,22350,,F,E,J,A,A,H,-,D,D,0,,,,,Y,Y,A,01,0,0,2,0,0,0,0,0,0,"- ","- ",,,"SAN JOAQUIN",STOCKTON,-121.29124297,37.900357030000002
8552281,2018,2018-03-08,3906,2018-02-05,0750,1373,,1,5,5,3906,0,0,0,,0,004,"PAVILIAN PKWY","ROBERTSON DR",35.00,N,N,A,-,N,,,,,,,,,,Y,4,0,1,2,A,-,03,22350,,N,C,C,A,A,H,-,A,A,0,,,,,Y,,A,01,0,0,1,0,0,0,0,0,0,"- ","- ",,,"SAN JOAQUIN",TRACY,-121.46589660644531,37.759265899658203
8552694,2018,2018-02-23,3903,2018-01-17,0105,2419,,3,5,4,3903,0,0,0,,0,,"NORTH ST","MC NARY CIR",170.00,E,N,A,-,N,,,,,,,,,,Y,4,0,1,5,A,-,01,23152,A,N,B,C,A,A,H,-,C,D,0,,,,,Y,Y,A,01,0,0,1,0,0,0,0,0,0,"- ","- ",37.800941467285156,-121.1947021484375,"SAN JOAQUIN",MANTECA,-121.19403076171875,37.800891876220703
8552758,2017,2018-02-20,3905,2017-12-17,2125,2788,VAL,7,5,6,3905,0,0,0,,0,,"HOLMAN RD","MORADA A LN",0.00,,Y,A,-,N,,,,,,,,,,Y,4,0,2,2,A,-,09,21453,C,N,D,C,A,A,H,-,C,A,0,,,,,Y,,A,01,0,0,2,0,0,0,0,0,0,"- ","- ",38.03689,-121.26985999999999,"SAN JOAQUIN",STOCKTON,-121.26981986,38.037049920000001
8556246,2017,2018-03-06,3902,2017-12-07,0840,WH54,,4,5,5,3902,0,0,0,,0,,"AMBROSIA ST","LANDMARK LN",19.00,E,N,A,-,N,,,,,,,,,,N,4,0,1,2,A,-,08,22100,B,N,A,C,A,A,H,-,A,D,0,,,,,Y,,D,22,0,0,1,0,0,0,0,0,0,"- ","- ",,,"SAN JOAQUIN",LODI,-121.31274395,38.130529039999999
8556331,2017,2018-02-26,3902,2017-12-23,0722,RD7,,6,5,5,3902,0,0,0,,0,,"ALMOND DR","ALMONDWOOD PL",2.00,E,N,A,-,N,,,,,,,,,,N,4,0,1,2,A,-,08,22103,,N,D,C,A,A,H,-,A,D,0,,,,,Y,,A,01,0,0,1,0,0,0,0,0,0,"- ","- ",,,"SAN JOAQUIN",LODI,-121.26362306,38.11130035
8556452,2018,2018-03-02,3902,2018-01-10,1733,CM91,,3,5,5,3902,0,0,0,,0,,"W VINE ST","S PLEASANT AV",0.00,,Y,A,-,N,,,,,,,,,,N,4,0,1,2,A,-,14,21201,D,N,H,G,A,A,H,-,C,D,0,,,,,Y,,-,,0,0,1,0,0,0,0,0,0,"- ","- ",,,"SAN JOAQUIN",LODI,-121.27683258056641,38.12255859375
8557344,2018,2018-03-20,3903,2018-01-31,0821,3194,,3,5,4,3903,0,0,0,,0,,"NORTHGATE DR","TRAILWOOD AV",156.00,W,N,A,-,N,,,,,,,,,,Y,4,0,1,2,D,-,00,,,N,D,C,A,A,H,-,A,D,0,,,,,Y,,-,"- ",0,0,1,0,0,0,0,0,0,"- ","- ",37.819831848144531,-121.23018646240234,"SAN JOAQUIN",MANTECA,-121.23052978515625,37.819953918457031
8562443,2018,2018-03-02,3906,2018-02-16,1414,1566,,5,5,5,3906,0,0,0,,0,006,"TRACY BL","LARCH RD",236.00,S,N,A,-,N,,,,,,,,,,N,4,0,1,2,A,-,09,21804,,N,D,C,A,A,H,-,A,A,0,,,,,Y,,A,01,0,0,1,0,0,0,0,0,0,"- ","- ",,,"SAN JOAQUIN",TRACY,-121.43506622314453,37.764381408691406
8562584,2018,2018-02-28,3906,2018-02-20,1510,1192,139,2,5,5,3906,0,0,0,,0,005,"TRACY BL","LOWELL AV",150.00,S,N,A,-,N,,,,,,,,,,N,4,0,1,2,A,-,08,22107,,N,B,C,A,A,H,-,A,D,0,,,,,Y,,A,01,0,0,1,0,0,0,0,0,0,"- ","- ",,,"SAN JOAQUIN",TRACY,-121.43502807617188,37.747356414794922
8565277,2018,2018-03-06,3900,2018-01-04,2013,152605,,4,5,2,3920,0,0,0,,0,009,"RIVER ISLANDS PKWY","MCKEE BL",30.00,E,N,A,-,N,,,,,,,,,,N,4,0,1,2,A,-,03,22350,,F,C,C,A,A,H,-,C,D,0,,,,,Y,,-,99,0,0,1,0,0,0,0,0,0,"- ","- ",,,"SAN JOAQUIN",LATHROP,-121.30661773681641,37.811046600341797
8570097,2018,2018-04-02,3905,2018-02-05,0740,7010,CIV,1,5,6,3905,0,0,0,,0,,"MENDOCINO AV","KENSINGTON WY",278.00,E,N,A,-,N,,,,,,,,,,Y,4,0,1,3,A,-,06,21750,,F,A,E,A,A,H,-,A,D,0,,,,,Y,,A,01,0,0,1,0,0,0,0,0,0,"- ","- ",37.976001739501953,-121.30963134765625,"SAN JOAQUIN",STOCKTON,-121.30899047851562,37.976097106933594
8570159,2018,2018-04-02,3905,2018-02-25,2018,2837,PAR,7,5,6,3905,0,0,0,,0,,"AIRPORT WY","MARKET ST",0.00,,Y,A,-,N,,,,,,,,,,Y,4,0,1,2,A,-,09,21801,A,N,D,C,A,A,H,-,C,A,0,,,,,Y,,D,22,0,0,1,0,0,0,0,0,0,"- ","- ",37.954280853271484,-121.27384948730469,"SAN JOAQUIN",STOCKTON,-121.27393341064453,37.954391479492188
8570170,2018,2018-04-05,3905,2018-02-27,1244,2566,CIV,2,5,6,3905,0,0,0,,0,,"CALIFORNIA ST","OAK ST",0.00,,Y,A,-,N,,,,,,,,,,Y,4,0,1,2,A,-,09,21801,A,N,D,C,A,A,H,-,A,A,0,,,,,Y,,A,01,0,0,1,0,0,0,0,0,0,"- ","- ",37.959571838378906,-121.28610992431641,"SAN JOAQUIN",STOCKTON,-121.28621673583984,37.959590911865234
8570217,2018,2018-03-28,3905,2018-02-09,0755,2842,CIV,5,5,6,3905,0,0,0,,0,,"LINCOLN ST","HARDING WY",0.00,,Y,A,-,N,,,,,,,,,,Y,4,0,1,2,A,-,09,21801,A,F,A,C,A,A,H,-,A,A,0,,,,,Y,,A,01,0,0,1,0,0,0,0,0,0,"- ","- ",37.966270446777344,-121.30146789550781,"SAN JOAQUIN",STOCKTON,-121.30164337158203,37.966201782226562
8570221,2018,2018-03-28,3905,2018-02-06,1516,2851,CIV,2,5,6,3905,0,0,0,,0,,"ALPINE AV","SAN JOAQUIN ST",90.00,W,N,A,-,N,,,,,,,,,,N,4,0,1,2,A,-,21,22106,,N,B,C,A,A,H,-,A,A,0,,,,,Y,,A,01,0,0,1,0,0,0,0,0,0,"- ","- ",37.980800628662109,-121.29630279541016,"SAN JOAQUIN",STOCKTON,-121.29693603515625,37.980674743652344
8570242,2018,2018-03-30,3905,2018-03-08,1446,3409,CIV,4,5,6,3905,0,0,0,,0,,"EL DORADO RD","PINE ST",157.00,S,N,A,-,N,,,,,,,,,,N,4,0,1,2,A,-,03,22350,,N,D,C,A,A,H,-,A,D,0,,,,,Y,,A,07,0,0,1,0,0,0,0,0,0,"- ","- ",37.973121643066406,-121.29585266113281,"SAN JOAQUIN",STOCKTON,-121.29593658447266,37.972709655761719
8570262,2018,2018-03-30,3905,2018-03-08,1340,3410,LAK,4,5,6,3905,0,0,0,,0,,"PACIFIC AV","ROBINHOOD DR",396.00,N,N,A,-,N,,,,,,,,,,N,4,0,2,2,A,-,03,22350,,N,C,C,A,A,H,-,A,A,0,,,,,Y,,A,01,0,0,2,0,0,0,0,0,0,"- ","- ",38.000778198242188,-121.31584167480469,"SAN JOAQUIN",STOCKTON,-121.31687927246094,38.001636505126953
8570290,2018,2018-03-30,3905,2018-03-02,1835,1315,BEA,5,5,6,3905,0,0,0,,0,,"EIGHT MILE RD","RIVERMONT DR",0.00,,Y,B,C,N,,,,,,,,,,N,4,0,1,2,A,-,03,22350,,F,C,C,A,B,H,-,C,A,0,,,,,Y,,-,99,0,0,1,0,0,0,0,0,0,"- ","- ",38.057388305664062,-121.33836364746094,"SAN JOAQUIN",STOCKTON,-121.33841705322266,38.057590484619141
8570302,2018,2018-03-30,3905,2018-03-07,1645,3409,CIV,3,5,6,3905,0,0,0,,0,,"LINCOLN ST","WILLOW ST",0.00,,Y,A,-,N,,,,,,,,,,Y,4,0,1,2,A,-,09,21802,A,N,D,C,A,A,H,-,A,A,0,,,,,Y,,A,01,0,0,1,0,0,0,0,0,0,"- ","- ",33.765270233154297,-121.30120849609375,"SAN JOAQUIN",STOCKTON,-121.30136108398438,37.965190887451172
8574226,2018,2018-03-14,3900,2018-02-19,1820,152430,,1,5,2,3920,0,0,0,,0,009,"S MANTHEY RD","STEWART RD",1830.00,N,N,A,-,N,,,,,,,,,,N,4,0,1,1,A,-,03,22350,,N,E,I,A,A,H,-,C,D,0,,,,,Y,,A,01,0,0,1,0,0,0,0,0,0,"- ","- ",,,"SAN JOAQUIN",LATHROP,-121.30377197265625,37.788654327392578
8574666,2018,2018-04-23,3906,2018-04-09,1245,1379,,1,5,5,3906,0,0,0,,0,,"WEST GRANTLINE RD","NAGLEE RD",1584.00,W,N,A,-,N,,,,,,,,,,N,4,0,1,2,A,-,03,22350,,N,C,C,A,A,H,-,A,A,0,,,,,Y,,A,07,0,0,1,0,0,0,0,0,0,"- ","- ",,,"SAN JOAQUIN",TRACY,-121.47217559814453,37.754020690917969
8577714,2018,2018-06-29,3905,2018-02-18,1731,2889,SEA,7,5,6,3905,0,0,0,,0,,"CENTER ST","MARTIN LUTHER KING BL",0.00,,Y,A,-,N,,,,,,,,,,N,4,0,1,2,A,-,12,21453,A,N,D,C,A,A,H,-,A,A,0,,,,,Y,,A,07,0,0,1,0,0,0,0,0,0,"- ","- ",37.938701629638672,-121.28752899169922,"SAN JOAQUIN",STOCKTON,-121.28739166259766,37.93878173828125
8577754,2018,2018-04-02,3905,2018-02-26,1722,1312,SEA,1,5,6,3905,0,0,0,,0,,"EL DORADO ST","8TH ST",200.00,S,N,C,-,N,,,,,,,,,,Y,4,0,2,2,A,-,03,22350,,N,C,C,A,B,H,-,C,D,0,,,,,Y,,D,22,0,0,2,0,0,0,0,0,0,"- ","- ",37.928909301757812,-121.28304290771484,"SAN JOAQUIN",STOCKTON,-121.28277587890625,37.928867340087891
8577761,2018,2018-03-28,3905,2018-02-05,1827,2463,SEA,1,5,6,3905,0,0,0,,0,,"2ND ST",ALLEY,35.00,N,N,A,-,N,,,,,,,,,,N,2,0,1,2,A,-,11,21954,A,F,G,B,E,A,G,-,D,D,0,Y,,,Y,Y,,N,60,1,0,0,0,1,0,0,0,0,"- ","- ",37.937118530273438,-121.28093719482422,"SAN JOAQUIN",STOCKTON,,
8577785,2018,2018-04-02,3905,2018-02-15,1139,3409,LAK,4,5,6,3905,0,0,0,,0,,"PERSHING AV","BROOKSIDE RD",241.00,S,N,A,-,N,,,,,,,,,,Y,4,0,1,2,A,-,03,22350,,N,C,C,A,A,H,-,A,D,0,,,,,Y,,D,22,0,0,1,0,0,0,0,0,0,"- ","- ",37.982189178466797,-121.31861877441406,"SAN JOAQUIN",STOCKTON,-121.31871032714844,37.981361389160156
8577805,2018,2018-04-09,3905,2018-01-19,1621,2536,BEA,5,5,6,3905,0,0,0,,0,,"MONTICELLO DR","MASON DR",0.00,,Y,A,-,N,,,,,,,,,,N,3,0,1,2,A,-,09,21800,B,N,D,C,A,A,H,-,A,D,0,,,,,Y,,-,"- ",0,1,0,0,0,0,0,0,0,"- ","- ",38.027069091796875,-121.35563659667969,"SAN JOAQUIN",STOCKTON,-121.35536193847656,38.027179718017578
8577860,2018,2018-04-04,3905,2018-01-30,0757,2466,BEA,2,5,6,3905,0,0,0,,0,,"DON AV","LUCILE AV",0.00,,Y,E,-,N,,,,,,,,,,Y,3,0,4,5,A,-,12,22450,A,N,D,C,A,A,H,-,A,A,0,,,,,Y,,A,01,0,1,3,0,0,0,0,0,0,"- ","- ",38.030731201171875,-121.34575653076172,"SAN JOAQUIN",STOCKTON,-121.34551239013672,38.030910491943359
8578561,2018,2018-03-30,3905,2018-02-11,1618,2466,SEA,7,5,6,3905,0,0,0,,0,,"MARTIN LUTHER KING BL","AURORA ST",450.00,E,N,A,-,N,,,,,,,,,,N,3,0,2,2,A,-,03,22350,,N,C,C,A,A,H,-,A,D,0,,,,,Y,,A,01,0,1,1,0,0,0,0,0,0,"- ","- ",37.940639495849609,-121.27572631835938,"SAN JOAQUIN",STOCKTON,-121.27482604980469,37.940860748291016
8578622,2018,2018-03-30,3905,2018-02-02,0626,2667,LAK,5,5,6,3905,0,0,0,,0,,"PACIFIC AV","SWAIN RD",0.00,,Y,A,-,N,,,,,,,,,,Y,3,0,1,2,A,-,12,21453,A,N,D,D,A,A,H,-,C,A,0,,,,,Y,,A,01,0,1,0,0,0,0,0,0,0,"- ","- ",38.004791259765625,-121.3184814453125,"SAN JOAQUIN",STOCKTON,-121.31806945800781,38.004619598388672
8578634,2018,2018-03-30,3905,2018-02-12,1550,2466,LAK,1,5,6,3905,0,0,0,,0,,"PERSHING AV","MONACO CT",35.00,S,N,A,-,N,,,,,,,,,,N,4,0,1,4,A,-,08,22107,,N,D,C,A,A,H,-,A,D,0,,,,,Y,,A,01,0,0,1,0,0,0,0,0,0,"- ","- ",37.988239288330078,-121.32108306884766,"SAN JOAQUIN",STOCKTON,-121.32147216796875,37.987960815429688
8578651,2018,2018-03-27,3905,2018-01-29,1050,3452,PAR,1,5,6,3905,0,0,0,,0,,"FARMINGTON RD","LADD TRACT RD",0.00,,Y,A,-,N,,,,,,,,,,Y,4,0,1,2,A,-,09,21802,A,N,D,C,A,A,H,-,A,D,0,,,,,Y,,A,01,0,0,1,0,0,0,0,0,0,"- ","- ",,,"SAN JOAQUIN",STOCKTON,-121.23628997802734,37.940570831298828
8578659,2018,2018-03-27,3905,2018-01-28,1051,7010,PAR,7,5,6,3905,0,0,0,,0,,"AIRPORT WY","WEBER AV",0.00,,Y,A,-,N,,,,,,,,,,Y,4,0,1,2,A,-,09,21801,A,N,A,C,A,A,H,-,A,A,0,,,,,Y,,A,01,0,0,1,0,0,0,0,0,0,"- ","- ",37.956298828125,-121.27438354492188,"SAN JOAQUIN",STOCKTON,-121.27445983886719,37.956390380859375
8578667,2018,2018-03-27,3905,2018-01-28,0900,1312,CIV,7,5,6,3905,0,0,0,,0,,"MONTEGO AV","TORINO CT",144.00,N,N,A,-,N,,,,,,,,,,N,3,0,1,2,A,-,03,22350,,N,B,E,A,A,H,-,A,D,0,,,,,Y,,A,01,0,1,0,0,0,0,0,0,0,"- ","- ",37.986259460449219,-121.27928924560547,"SAN JOAQUIN",STOCKTON,-121.27981567382812,37.986701965332031
8578995,2018,2018-04-04,3905,2018-01-31,1350,7011,LAK,3,5,6,3905,0,0,0,,0,,"EL DORADO ST","HAMMER LN",80.00,S,N,A,-,N,,,,,,,,,,N,4,0,2,2,A,-,07,21658,A,F,B,C,A,A,H,-,A,A,0,,,,,Y,,A,07,0,0,2,0,0,0,0,0,0,"- ","- ",38.021160125732422,-121.31549072265625,"SAN JOAQUIN",STOCKTON,-121.31523132324219,38.020793914794922
8580652,2018,2018-03-27,3903,2018-02-06,1637,3111,,2,5,4,3903,0,0,0,,0,,"SPRECKELS AV","PHOENIX DR",33.00,S,N,A,-,N,,,,,,,,,,Y,4,0,2,2,A,-,08,22107,,N,D,C,A,A,H,-,B,D,0,,,,,Y,,A,01,0,0,2,0,0,0,0,0,0,"- ","- ",37.793598175048828,-121.19757080078125,"SAN JOAQUIN",MANTECA,-121.19750213623047,37.793376922607422
8580664,2018,2018-03-27,3903,2018-02-08,1402,2916,,4,5,4,3903,0,0,0,,0,,"COTTAGE AV","NORTH ST",0.00,,Y,A,-,N,,,,,,,,,,N,4,0,2,3,A,-,09,21801,A,N,D,C,A,A,H,-,A,A,0,,,,,Y,,A,01,0,0,2,0,0,0,0,0,0,"- ","- ",37.801101684570312,-121.19844818115234,"SAN JOAQUIN",MANTECA,-121.19833374023438,37.801059722900391
8583595,2017,2018-04-02,3905,2017-11-11,2028,2779,CIV,6,5,6,3905,0,0,0,,0,,"EL DORADO ST","ALPINE AV",0.00,,Y,A,-,N,,,,,,,,,,Y,4,0,1,2,A,-,12,21453,A,N,D,C,A,A,H,-,C,A,0,,,,,Y,,A,01,0,0,1,0,0,0,0,0,0,"- ","- ",37.9801,-121.29897,"SAN JOAQUIN",STOCKTON,-121.29930987,37.980019919999997
8585344,2018,2018-04-10,3906,2018-02-21,1704,1563,,3,5,5,3906,0,0,0,,0,006,"LINCOLN BL","GRANT LINE RD",1.00,N,N,A,-,N,,,,,,,,,,Y,4,0,1,2,A,-,10,21950,A,N,G,B,B,A,H,-,A,A,0,Y,,,,Y,,A,01,0,0,1,0,1,0,0,0,0,"- ","- ",,,"SAN JOAQUIN",TRACY,-121.44354248046875,37.754142761230469
8585348,2018,2018-04-10,3902,2018-02-12,1758,GB13,,1,5,5,3902,0,0,0,,0,,"HUTCHINS ST","HARNEY LN",0.00,,Y,A,-,N,,,,,,,,,,Y,4,0,2,3,A,-,12,21453,A,M,A,C,A,A,H,-,A,A,0,,,,,Y,,A,01,0,0,2,0,0,0,0,0,0,"- ","- ",,,"SAN JOAQUIN",LODI,-121.27886199951172,38.101009368896484
8586691,2018,2018-04-02,3905,2018-03-06,1156,7009,CIV,2,5,6,3905,0,0,0,,0,,"CALIFORNIA ST","MAGNOLIA ST",0.00,,Y,A,-,N,,,,,,,,,,Y,4,0,1,2,A,-,09,21801,A,N,D,C,A,A,H,-,A,A,0,,,,,Y,,A,01,0,0,1,0,0,0,0,0,0,"- ","- ",37.964450836181641,-121.28739166259766,"SAN JOAQUIN",STOCKTON,-121.28755187988281,37.964450836181641
8592205,2018,2018-04-17,3903,2018-03-27,1230,3929,,2,5,4,3903,0,0,0,,0,,"UNION RD","CENTER ST",139.00,S,N,A,-,N,,,,,,,,,,Y,4,0,1,2,A,-,09,21804,A,N,D,C,A,A,H,-,A,D,0,,,,,Y,,D,22,0,0,1,0,0,0,0,0,0,"- ","- ",37.798961639404297,-121.23503875732422,"SAN JOAQUIN",MANTECA,-121.23492431640625,37.798809051513672
8593644,2018,2018-04-19,3903,2018-03-02,1230,2916,,5,5,4,3903,0,0,0,,0,,"WALNUT AV","DAVIS ST",0.00,,Y,A,-,N,,,,,,,,,,Y,4,0,1,2,A,-,12,22450,A,N,D,C,A,A,H,-,A,A,0,,,,,Y,,A,01,0,0,1,0,0,0,0,0,0,"- ","- ",37.800678253173828,-121.22895050048828,"SAN JOAQUIN",MANTECA,-121.22889709472656,37.800540924072266
8598071,2018,2018-07-03,3906,2018-03-13,1055,1245,3906,2,5,5,3906,0,0,0,,0,005,"11TH ST","ROOSEVELT ST",13.00,E,N,B,-,N,,,,,,,,,,N,4,0,3,2,A,-,08,22107,,N,H,C,A,A,H,-,A,A,0,,,,,Y,,A,01,0,0,3,0,0,0,0,0,0,"- ","- ",,,"SAN JOAQUIN",TRACY,-121.43433380126953,37.739688873291016
8602333,2018,2018-05-22,3905,2018-04-04,1010,3452,CIV,3,5,6,3905,0,0,0,,0,,"CALIFORNIA ST","OAK ST",0.00,,Y,B,-,N,,,,,,,,,,Y,4,0,1,2,A,-,09,21800,,N,D,C,A,A,H,-,A,B,0,,,,,Y,,A,01,0,0,1,0,0,0,0,0,0,"- ","- ",37.959571838378906,-121.28610992431641,"SAN JOAQUIN",STOCKTON,-121.28621673583984,37.959590911865234
8602728,2018,2018-05-25,3905,2018-03-25,1830,1489,VAL,7,5,6,3905,0,0,0,,0,,"MORADA LN","CAYWOOD DR",0.00,,Y,A,-,N,,,,,,,,,,Y,4,0,2,2,A,-,09,21801,A,N,D,C,A,A,H,-,A,D,0,,,,,Y,,D,22,0,0,2,0,0,0,0,0,0,"- ","- ",38.036911010742188,-121.29039764404297,"SAN JOAQUIN",STOCKTON,-121.29029846191406,38.036888122558594
8602796,2018,2018-05-25,3905,2018-03-25,1608,2566,LAK,7,5,6,3905,0,0,0,,0,,"EL DORADO ST","LONGVIEW AV",0.00,,Y,A,-,N,,,,,,,,,,N,4,0,1,3,A,-,03,22350,,N,C,C,A,A,H,-,A,A,0,,,,,Y,,D,22,0,0,1,0,0,0,0,0,0,"- ","- ",38.006591796875,-121.30870819091797,"SAN JOAQUIN",STOCKTON,-121.30824279785156,38.006431579589844
8602882,2018,2018-05-21,3905,2018-03-27,0814,1312,CIV,2,5,6,3905,0,0,0,,0,,"OAK ST","STANISLAUS ST",0.00,,Y,A,B,N,,,,,,,,,,Y,4,0,2,2,A,-,12,22450,A,N,D,C,A,A,H,-,A,A,0,,,,,Y,,A,01,0,0,2,0,0,0,0,0,0,"- ","- ",37.959991455078125,-121.28350067138672,"SAN JOAQUIN",STOCKTON,-121.28357696533203,37.960048675537109
8602885,2018,2018-05-21,3905,2018-03-22,2234,2924,VAL,4,5,6,3905,0,0,0,,0,,"EL DORADO ST","JAMESTOWN ST",0.00,,Y,A,-,N,,,,,,,,,,Y,2,0,1,2,A,-,01,23152,A,F,C,C,A,A,H,-,C,D,0,,,,,Y,Y,A,01,1,0,0,0,0,0,0,0,0,"- ","- ",37.993621826171875,-121.30429840087891,"SAN JOAQUIN",STOCKTON,-121.30494689941406,37.993911743164062
8602889,2018,2018-05-24,3905,2018-03-20,2240,2888,SEA,2,5,6,3905,0,0,0,,0,,"NAVY DR","TILLIE LEWIS DR",0.00,,Y,C,-,N,,,,,,,,,,Y,3,0,1,1,C,-,18,,,N,E,I,A,B,H,-,C,A,0,,,,,Y,,-,"- ",0,1,0,0,0,0,0,0,0,"- ","- ",37.937671661376953,-121.3184814453125,"SAN JOAQUIN",STOCKTON,-121.31835174560547,37.937480926513672
8602954,2018,2018-05-21,3905,2018-03-27,1341,3452,CIV,2,5,6,3905,0,0,0,,0,,"EL DORADO ST","MONTEREY AV",19.00,S,N,A,-,N,,,,,,,,,,Y,4,0,1,2,A,-,12,22450,A,F,D,C,A,A,H,-,A,D,0,,,,,Y,,A,01,0,0,1,0,0,0,0,0,0,"- ","- ",37.977470397949219,-121.29792785644531,"SAN JOAQUIN",STOCKTON,-121.29819488525391,37.977348327636719
8605459,2018,2018-05-21,3903,2018-04-16,0609,3930,,1,5,4,3903,0,0,0,,0,,"YOSEMITE AV","UNION RD",0.00,,Y,C,-,N,,,,,,,,,,Y,3,0,1,2,A,-,12,21453,A,N,D,C,A,B,H,-,B,A,0,,,,,Y,,-,"- ",0,1,0,0,0,0,0,0,0,"- ","- ",37.797210693359375,-121.23503112792969,"SAN JOAQUIN",MANTECA,-121.23490905761719,37.797409057617188
8605516,2018,2018-05-17,3903,2018-04-20,1800,3905,,5,5,4,3903,0,0,0,,0,,"PERIMETER DR","UNION RD",430.00,E,N,A,-,N,,,,,,,,,,N,3,0,1,1,A,-,03,22350,,N,E,I,A,A,H,-,A,D,0,,,,,Y,Y,A,01,0,1,0,0,0,0,0,0,0,"- ","- ",,,"SAN JOAQUIN",MANTECA,,
8616478,2018,2018-05-22,3906,2018-05-05,1701,1403,,6,5,5,3906,0,0,0,,0,004,"GRANT LINE RD","LAMMERS RD",409.00,W,N,A,-,N,,,,,,,,,,Y,3,0,4,3,A,-,04,21703,,N,C,C,A,A,H,-,A,A,0,,,,,Y,,A,01,0,1,3,0,0,0,0,0,0,"- ","- ",,,"SAN JOAQUIN",TRACY,-121.47815704345703,37.754058837890625
8618854,2018,2018-05-18,3905,2018-03-31,2011,2826,LAK,6,5,6,3905,0,0,0,,0,,"MARCH LN","MCGAW ST",0.00,,Y,A,-,N,,,,,,,,,,N,3,0,1,2,A,-,10,21950,A,N,G,B,B,A,H,-,C,A,0,Y,,,,Y,,A,01,0,1,0,0,1,0,0,0,0,"- ","- ",37.987491607666016,-121.32878875732422,"SAN JOAQUIN",STOCKTON,-121.32920837402344,37.987281799316406
8618862,2018,2018-05-24,3905,2018-03-28,1439,3409,CIV,3,5,6,3905,0,0,0,,0,,"OAK ST","HARRISON ST",6.00,W,N,A,-,N,,,,,,,,,,Y,4,0,1,2,A,-,07,21658,A,N,D,C,A,A,H,-,A,D,0,,,,,Y,,-,"- ",0,0,1,0,0,0,0,0,0,"- ","- ",37.957229614257812,-121.30046844482422,"SAN JOAQUIN",STOCKTON,-121.30056762695312,37.957164764404297
8618872,2018,2018-05-23,3905,2018-05-02,2252,2860,PAR,3,5,6,3905,0,0,0,,0,,"RALPH AV","TRISHA WY",0.00,,Y,A,-,N,,,,,,,,,,Y,2,0,2,2,A,-,09,21801,A,N,D,C,A,A,H,-,E,A,0,,,Y,,Y,,A,01,1,0,1,0,0,0,0,0,2,"- ","- ",37.922138214111328,-121.25312805175781,"SAN JOAQUIN",STOCKTON,-121.25330352783203,37.922298431396484
8618879,2018,2018-05-23,3906,2018-05-13,2026,916,,7,5,5,3906,0,0,0,,0,003,"ALDEN GLEN DR","CYPRESS DR",0.00,,Y,A,-,N,,,,,,,,,,N,3,0,1,1,A,-,08,22107,I,N,A,I,A,A,H,-,B,A,0,,,,,Y,,A,01,0,1,0,0,0,0,0,0,0,"- ","- ",,,"SAN JOAQUIN",TRACY,-121.44548034667969,37.733711242675781
8618898,2018,2018-05-22,3905,2018-04-11,1446,3410,LAK,3,5,6,3905,0,0,0,,0,,"EL DORADO ST","LONGVIEW AV",470.00,S,N,A,-,N,,,,,,,,,,N,4,0,2,2,A,-,03,22350,,F,C,C,A,A,H,-,A,A,0,,,,,Y,,A,01,0,0,2,0,0,0,0,0,0,"- ","- ",38.006591796875,-121.30870819091797,"SAN JOAQUIN",STOCKTON,-121.30774688720703,38.005199432373047