CASE_ID,ACCIDENT_YEAR,PROC_DATE,JURIS,COLLISION_DATE,COLLISION_TIME,OFFICER_ID,REPORTING_DISTRICT,DAY_OF_WEEK,CHP_SHIFT,POPULATION,CNTY_CITY_LOC,SPECIAL_COND,BEAT_TYPE,CHP_BEAT_TYPE,CITY_DIVISION_LAPD,CHP_BEAT_CLASS,BEAT_NUMBER,PRIMARY_RD,SECONDARY_RD,DISTANCE,DIRECTION,INTERSECTION,WEATHER_1,WEATHER_2,STATE_HWY_IND,CALTRANS_COUNTY,CALTRANS_DISTRICT,STATE_ROUTE,ROUTE_SUFFIX,POSTMILE_PREFIX,POSTMILE,LOCATION_TYPE,RAMP_INTERSECTION,SIDE_OF_HWY,TOW_AWAY,COLLISION_SEVERITY,NUMBER_KILLED,NUMBER_INJURED,PARTY_COUNT,PRIMARY_COLL_FACTOR,PCF_CODE_OF_VIOL,PCF_VIOL_CATEGORY,PCF_VIOLATION,PCF_VIOL_SUBSECTION,HIT_AND_RUN,TYPE_OF_COLLISION,MVIW,PED_ACTION,ROAD_SURFACE,ROAD_COND_1,ROAD_COND_2,LIGHTING,CONTROL_DEVICE,CHP_ROAD_TYPE,PEDESTRIAN_ACCIDENT,BICYCLE_ACCIDENT,MOTORCYCLE_ACCIDENT,TRUCK_ACCIDENT,NOT_PRIVATE_PROPERTY,ALCOHOL_INVOLVED,STWD_VEHTYPE_AT_FAULT,CHP_VEHTYPE_AT_FAULT,COUNT_SEVERE_INJ,COUNT_VISIBLE_INJ,COUNT_COMPLAINT_PAIN,COUNT_PED_KILLED,COUNT_PED_INJURED,COUNT_BICYCLIST_KILLED,COUNT_BICYCLIST_INJURED,COUNT_MC_KILLED,COUNT_MC_INJURED,PRIMARY_RAMP,SECONDARY_RAMP,LATITUDE,LONGITUDE,COUNTY,CITY,POINT_X,POINT_Y
90212231,2016,2016-06-29,9265,2016-06-22,0655,013465,,3,1,6,3905,0,1,3,,1,042,"SR-4 E/B","FILBERT ST",280.00,E,N,A,-,Y,,,,,,,,,,Y,4,0,2,3,A,-,03,22350,,N,C,C,A,A,H,-,A,D,0,,,,,Y,,A,01,0,0,2,0,0,0,0,0,0,"- ","- ",37.573540000000001,-121.15926,"SAN JOAQUIN",STOCKTON,-121.25271076999999,37.95979371
90214424,2016,2016-06-30,9265,2016-06-17,2138,019073,,5,2,9,3900,0,1,3,,1,062,"SR-88 E/B (WATERLOO ROAD)","BAKER RD",0.00,,Y,A,-,Y,,,88,,,,,,E,Y,4,0,1,2,A,-,09,21802,A,N,D,C,A,A,H,-,C,A,0,,,,,Y,Y,A,07,0,0,1,0,0,0,0,0,0,"- ","- ",38.0291,-121.19311,"SAN JOAQUIN",UNINCORPORATED,-121.1931921,38.029188359999999
90215046,2016,2016-07-01,9265,2016-06-20,2057,019774,,1,2,9,3900,0,2,4,,1,052,"CHEROKEE RD","SIERRA LANE",540.00,W,N,B,-,N,,,,,,,,,,N,2,0,1,2,A,-,09,21804,A,N,D,C,A,A,H,-,C,D,0,,,,,Y,,M,94,1,0,0,0,0,0,0,0,0,"- ","- ",37.97569,-121.26612,"SAN JOAQUIN",UNINCORPORATED,-121.26610423,37.975789079999998
90217191,2016,2016-07-06,9266,2016-06-30,1547,017940,,4,2,9,3900,0,1,1,,2,024,"I-5 S/B TO 11TH ST","11TH ST OVERCROSSING",1938.00,N,N,A,-,Y,,,5,,,,R,,S,Y,4,0,1,2,A,-,07,21658,A,N,F,A,A,A,H,-,A,D,0,,,,,Y,,A,01,0,0,1,0,0,0,0,0,0,"- ","- ",37.761409999999998,-121.34031,"SAN JOAQUIN",UNINCORPORATED,-121.34031,37.761409999999998
90217330,2016,2016-07-07,9265,2016-06-23,0620,013325,,4,1,9,3900,0,3,5,,2,010,"SEXTON RD.",SR-120,3696.00,N,N,A,-,N,,,,,,,,,,Y,4,0,1,1,A,-,08,22107,,N,E,C,A,A,H,-,A,D,0,,,,,Y,,A,01,0,0,1,0,0,0,0,0,0,"- ","- ",37.808970000000002,-121.03418000000001,"SAN JOAQUIN",UNINCORPORATED,-121.03413148999999,37.80877658
90217417,2016,2016-07-07,9266,2016-05-24,0545,013608,,2,3,9,3900,0,1,1,,2,014,"I-205 W/B","MOUNTAIN HOUSE PKWY",300.00,E,N,A,-,Y,,,205,,,,,,W,N,4,0,1,2,A,-,03,22350,,N,C,C,A,A,H,-,A,D,0,,,,,Y,,A,01,0,0,1,0,0,0,0,0,0,"- ","- ",37.742319999999999,-121.5278,"SAN JOAQUIN",UNINCORPORATED,-121.52779844,37.742343040000002
90217720,2016,2016-07-07,9265,2016-06-25,0510,018850,,6,3,9,3900,0,1,1,,2,502,"I-5 S/B","LOUISE AVE",2640.00,S,N,A,-,Y,,,,,,,,,,Y,3,0,1,1,A,-,01,23152,A,M,E,I,A,A,H,-,D,D,0,,,,,Y,Y,A,01,0,1,0,0,0,0,0,0,0,"- ","- ",37.80453,-121.29864000000001,"SAN JOAQUIN",UNINCORPORATED,,
90217834,2016,2016-07-07,9265,2016-06-26,1627,018289,,7,2,9,3900,0,1,3,,1,042,"STATE ROUTE 4 (CROSSTOWN)","INTERSTATE 5",690.00,E,N,A,-,Y,,,,,,,,,,Y,4,0,2,2,A,-,03,22350,,N,C,C,A,A,H,-,A,D,0,,,,,Y,,A,01,0,0,2,0,0,0,0,0,0,"- ","- ",37.949100000000001,-121.29900000000001,"SAN JOAQUIN",UNINCORPORATED,-121.29859582,37.948788589999999
90217855,2016,2016-07-07,9265,2016-06-26,0821,019387,,7,1,6,3905,0,1,1,,2,503,"INTERSTATE 5 NORTHBOUND","PERSHING AVENUE",1200.00,N,N,A,-,Y,,,5,,,,,,N,Y,3,0,1,2,A,-,03,22350,,N,E,I,A,A,D,H,A,D,0,,,Y,,Y,,C,02,0,1,0,0,0,0,0,0,1,"- ","- ",37.956000000000003,-121.31740000000001,"SAN JOAQUIN",STOCKTON,-121.31739672,37.95605913
90218082,2016,2016-07-07,9265,2016-06-27,0650,019387,,1,1,6,3905,0,1,1,,2,503,"INTERSTATE 5 SOUTHBOUND","PERSHING AVENUE",200.00,S,N,A,-,Y,,,5,,,,,,S,N,4,0,1,2,A,-,03,22350,,N,C,C,A,A,D,-,A,D,0,,,,,Y,,A,07,0,0,1,0,0,0,0,0,0,"- ","- ",37.954999999999998,-121.31319999999999,"SAN JOAQUIN",STOCKTON,-121.31318598999999,37.955043670000002
90220725,2016,2016-07-12,9266,2016-07-07,1745,017920,,4,2,9,3900,0,1,3,,1,026,SR-132,SR-33,1500.00,W,N,A,-,Y,,,132,,,,,,,Y,3,0,5,2,A,-,03,22350,,N,C,C,A,A,H,-,A,D,0,,,,,Y,,A,01,0,1,4,0,0,0,0,0,0,"- ","- ",37.638080000000002,-121.30889999999999,"SAN JOAQUIN",UNINCORPORATED,-121.30890001,37.638093699999999
90222520,2016,2016-07-14,9265,2016-07-05,1650,019387,,2,2,6,3905,0,1,1,,2,503,"INTERSTATE 5 SOUTHBOUND","CHARTER WAY",75.00,S,N,A,-,Y,,,,,,,,,,Y,4,0,2,2,A,-,03,22350,,N,C,C,A,A,H,-,A,D,0,,,,,Y,,A,01,0,0,2,0,0,0,0,0,0,"- ","- ",37.942399999999999,-121.3074,"SAN JOAQUIN",STOCKTON,-121.2976817,37.93656627
90222616,2016,2016-07-14,9265,2016-07-06,1530,018452,,3,2,9,3900,0,3,5,,2,010,"RIVER RD","CARROLTON RD",0.00,,Y,A,-,N,,,,,,,,,,Y,4,0,1,2,A,-,09,21801,A,N,D,C,A,A,H,-,A,A,0,,,,,Y,,D,22,0,0,1,0,0,0,0,0,0,"- ","- ",37.758200000000002,-121.0692,"SAN JOAQUIN",UNINCORPORATED,-121.06925,37.758089929999997
9022338,2019,2020-01-31,3905,2019-11-19,1032,1312,SEA,2,5,6,3905,0,0,0,,0,,"MARTIN LUTHER KING BL","SAN JOAQUIN ST",50.00,E,N,A,-,N,,,,,,,,,,N,4,0,1,2,A,-,21,22106,,N,B,C,A,A,H,-,A,D,0,,,,,Y,,I,19,0,0,1,0,0,0,0,0,0,"- ","- ",37.939300537109375,-121.32836151123047,"SAN JOAQUIN",STOCKTON,-121.28327178955078,37.939476013183594
90223515,2016,2016-07-15,9265,2016-07-13,0530,018836,,3,3,9,3900,0,3,5,,2,010,"SANTA FE RD","RIVER RD",0.00,,Y,A,-,N,,,,,,,,,,Y,4,0,1,2,A,-,09,21800,A,N,D,C,A,A,H,-,B,A,0,,,,,Y,,D,22,0,0,1,0,0,0,0,0,0,"- ","- ",37.76202,-120.95026,"SAN JOAQUIN",UNINCORPORATED,-120.95034986,37.762039970000004
9022367,2019,2020-01-18,3905,2019-11-09,1602,2466,PAR,6,5,6,3905,0,0,0,,0,,"B ST","RALPH AV",0.00,,Y,A,-,N,,,,,,,,,,Y,4,0,5,3,A,-,09,21802,A,N,D,C,A,A,H,-,A,A,0,,,,,Y,,D,22,0,0,5,0,0,0,0,0,0,"- ","- ",37.922710418701172,-121.25079345703125,"SAN JOAQUIN",STOCKTON,-121.25096130371094,37.922901153564453
90224670,2016,2016-07-18,9265,2016-07-10,1420,019795,,7,2,9,3900,0,1,1,,2,505,"INTERSTATE 5 SOUTHBOUND","SR-12 W/B",2640.00,N,N,A,-,Y,,,5,,,,,,S,Y,2,0,2,2,A,-,03,22350,,F,C,C,A,A,H,-,A,D,0,,,,,Y,,-,99,1,0,1,0,0,0,0,0,0,"- ","- ",38.121319999999997,-121.40042,"SAN JOAQUIN",UNINCORPORATED,-121.40039901999999,38.121325229999997
90224699,2016,2016-07-18,9265,2016-07-10,1100,019882,,7,1,6,3905,0,2,4,,1,053,"WILSON WAY","NEWTON RD",3620.00,S,N,A,-,N,,,,,,,,,,Y,4,0,1,2,A,-,09,21801,A,N,B,C,A,A,H,-,A,A,0,,,,,Y,,A,07,0,0,1,0,0,0,0,0,0,"- ","- ",37.991700000000002,-121.26654000000001,"SAN JOAQUIN",STOCKTON,-121.26657089,37.991757800000002
9022505,2019,2020-01-28,3905,2019-09-07,1801,1412,BEA,6,5,6,3905,0,0,0,,0,,"EIGHT MILE RD","MOKELUMNE CIR",0.00,,Y,A,-,N,,,,,,,,,,Y,2,0,1,2,A,-,09,21801,A,N,D,C,A,A,H,-,A,D,0,,,,Y,Y,,A,01,1,0,0,0,0,0,0,0,0,"- ","- ",38.057910919189453,-121.3839111328125,"SAN JOAQUIN",STOCKTON,-121.38407135009766,38.057731628417969
90225893,2016,2016-07-19,9265,2016-07-14,0755,019558,,4,1,9,3900,0,1,3,,1,042,"SR-4 E/B","WILSON WAY",121.00,W,N,A,-,Y,,,,,,,,,,N,4,0,1,2,A,-,07,21658,A,N,B,C,A,A,H,-,A,D,0,,,,,Y,,-,99,0,0,1,0,0,0,0,0,0,"- ","- ",37.953360000000004,-121.27414,"SAN JOAQUIN",UNINCORPORATED,-121.27125198,37.953126619999999
90226011,2016,2016-07-19,9266,2016-07-19,0705,014807,,2,1,9,3900,0,1,1,,2,014,"I-205 W/B","11TH STREET O/C",37.00,W,N,A,-,Y,,,205,,,,,,W,Y,3,0,1,2,A,-,03,22350,,N,C,C,A,A,H,-,A,B,0,,,,Y,Y,,A,08,0,1,0,0,0,0,0,0,0,"- ","- ",37.741210000000002,-121.49562,"SAN JOAQUIN",UNINCORPORATED,-121.49563035,37.741258590000001
9022621,2019,2020-02-14,3905,2019-11-08,1935,2857,CIV,5,5,6,3905,0,0,0,,0,,"SAN JOSE ST","OAK ST",0.00,,Y,A,-,N,,,,,,,,,,N,4,0,1,2,A,-,12,22450,A,N,D,C,A,A,H,-,C,A,0,,,,,Y,,A,01,0,0,1,0,0,0,0,0,0,"- ","- ",37.956180572509766,-121.30699157714844,"SAN JOAQUIN",STOCKTON,-121.30703735351562,37.956058502197266
9022625,2019,2020-01-22,3905,2019-11-06,1600,2536,LAK,3,5,6,3905,0,0,0,,0,,"PACIFIC AV","ROSE MARIE LN",0.00,,Y,A,-,N,,,,,,,,,,Y,3,0,2,2,A,-,09,21801,A,N,D,C,A,A,H,-,A,A,0,,,,,Y,,A,01,0,1,1,0,0,0,0,0,0,"- ","- ",37.988990783691406,-121.31131744384766,"SAN JOAQUIN",STOCKTON,-121.31182861328125,37.988800048828125
9022629,2019,2020-01-22,3905,2019-11-04,0635,7034,PAR,1,5,6,3905,0,0,0,,0,,"UNION ST","LAFAYETTE ST",0.00,,Y,A,-,N,,,,,,,,,,N,4,0,1,2,A,-,09,21802,A,F,D,C,A,A,H,-,A,A,0,,,,,Y,,A,01,0,0,1,0,0,0,0,0,0,"- ","- ",37.951908111572266,-121.27593994140625,"SAN JOAQUIN",STOCKTON,-121.27594757080078,37.951980590820312
9022650,2019,2020-02-11,3905,2019-11-04,1230,7035,SEA,1,5,6,3905,0,0,0,,0,,"EL DORADO ST","FREMONT ST",45.00,S,N,A,-,N,,,,,,,,,,N,4,0,2,2,A,-,03,22350,,M,C,C,A,A,H,-,A,A,0,,,,,Y,,A,01,0,0,2,0,0,0,0,0,0,"- ","- ",37.957660675048828,-121.29110717773438,"SAN JOAQUIN",STOCKTON,-121.29112243652344,37.95751953125
9022655,2019,2020-01-22,3905,2019-11-13,1240,7035,CIV,3,5,6,3905,0,0,0,,0,,"ALPINE AV","ALVARADO AV",340.00,W,N,A,-,N,,,,,,,,,,N,4,0,1,2,A,-,03,22350,,M,C,G,A,A,H,-,A,D,0,,Y,,,Y,,-,99,0,0,1,0,0,0,1,0,0,"- ","- ",37.982749938964844,-121.28896331787109,"SAN JOAQUIN",STOCKTON,-121.29038238525391,37.982467651367188
90227490,2016,2016-07-21,9266,2016-07-15,1530,014808,,5,2,9,3900,0,2,4,,1,016,"ELEVENTH ST.","CHRISMAN RD",10.00,W,N,A,-,N,,,,,,,,,,N,4,0,1,2,A,-,03,22350,,M,C,C,A,A,H,-,A,A,0,,,,,Y,,A,07,0,0,1,0,0,0,0,0,0,"- ","- ",37.759770000000003,-121.39825,"SAN JOAQUIN",UNINCORPORATED,-121.39834458999999,37.739800000000002
90227511,2016,2016-07-21,9266,2016-07-08,1600,015969,,5,2,9,3900,0,1,1,,2,024,"I-5 S/B","I-205 E/B",700.00,N,N,A,-,Y,,,5,,,,,,S,Y,3,0,2,3,A,-,07,21658,A,N,B,C,A,A,H,-,A,D,0,,,,Y,Y,,F,25,0,1,1,0,0,0,0,0,0,"- ","- ",37.768050000000002,-121.33051,"SAN JOAQUIN",UNINCORPORATED,-121.33063550999999,37.768224510000003
90227696,2016,2016-07-21,9265,2016-07-14,0702,017989,,4,1,6,3905,0,1,1,,2,504,"I-5 S/B","MARCH LN",10.00,S,N,A,-,Y,,,5,,,,,,S,N,4,0,1,2,A,-,03,22350,,M,C,C,A,A,D,-,A,D,0,,,,,Y,,A,01,0,0,1,0,0,0,0,0,0,"- ","- ",37.984349999999999,-121.34363,"SAN JOAQUIN",STOCKTON,-121.34354989000001,37.984381300000003
90228320,2016,2016-07-22,9266,2016-07-19,1550,012723,,2,2,2,3920,0,1,1,,2,024,"I-5 N/B","I-205 E/B",1056.00,N,N,A,-,Y,,,,,,,,,,N,4,0,1,2,A,-,07,21658,A,N,B,C,A,A,H,-,A,D,0,,,,,Y,,A,01,0,0,1,0,0,0,0,0,0,"- ","- ",37.568519999999999,-121.45780999999999,"SAN JOAQUIN",LATHROP,,
90229211,2016,2016-07-25,9265,2016-07-22,1522,018452,,5,2,9,3900,0,3,5,,2,060,"BEYER LN",SR-26,250.00,N,N,A,-,N,,,,,,,,,,Y,4,0,2,2,A,-,01,23152,A,N,C,C,A,A,H,-,A,A,0,,,,,Y,Y,D,22,0,0,2,0,0,0,0,0,0,"- ","- ",37.976300000000002,-121.2261,"SAN JOAQUIN",UNINCORPORATED,-121.2261,37.976300000000002
90230375,2016,2016-07-26,9265,2016-07-17,1743,018289,,7,2,9,3900,0,1,1,,2,503,"INTERSTATE 5 S/B","FREMONT STREET",300.00,S,N,A,-,Y,,,,,,,,,,Y,4,0,1,4,A,-,03,22350,,N,C,C,A,A,H,-,A,D,0,,,,,Y,,A,01,0,0,1,0,0,0,0,0,0,"- ","- ",37.9559,-121.3199,"SAN JOAQUIN",UNINCORPORATED,,
90232436,2016,2016-07-28,9266,2016-07-24,0920,018217,,7,1,9,3900,0,1,1,,1,015,"I-205 W/B","CANAL BLVD",850.00,W,N,A,-,Y,,,205,,,,,,W,Y,4,0,1,1,A,-,08,22107,,N,E,I,A,A,H,-,A,D,0,,,,,Y,,A,01,0,0,1,0,0,0,0,0,0,"- ","- ",37.765230000000003,-121.35232999999999,"SAN JOAQUIN",UNINCORPORATED,-121.35233789,37.765309569999999
90233286,2016,2016-07-29,9266,2016-07-24,0615,018751,9266,7,1,9,3900,0,1,1,,1,015,"I-205 E/B","EL RANCHO",306.00,E,N,A,-,Y,,,205,,,,,,E,Y,3,0,1,1,A,-,08,22107,,N,F,A,A,A,H,-,A,D,0,,,,,Y,Y,A,01,0,1,0,0,0,0,0,0,0,"- ","- ",37.765439999999998,-121.37174,"SAN JOAQUIN",UNINCORPORATED,-121.37173804,37.7647671
90235177,2016,2016-08-02,9265,2016-07-22,1825,019888,,5,2,9,3900,0,1,3,,2,001,"SR-99 S/B","AUSTIN RD",500.00,S,N,A,-,Y,,,99,,,,,,S,N,4,0,1,2,A,-,03,22350,,N,C,C,A,A,H,-,A,D,0,,,,,Y,,D,22,0,0,1,0,0,0,0,0,0,"- ","- ",37.773870000000002,-121.17833,"SAN JOAQUIN",UNINCORPORATED,-121.17836094,37.77383055
90236256,2016,2016-08-18,9265,2016-07-01,1155,018590,,5,1,9,3900,0,1,3,,1,041,SR-4,"BACON ISLAND RD",2112.00,W,N,B,-,Y,,,4,,,,,,,Y,1,1,0,1,A,-,01,23152,E,N,F,A,A,A,H,-,A,D,0,,,,,Y,,A,01,0,0,0,0,0,0,0,0,0,"- ","- ",37.917270000000002,-121.44271999999999,"SAN JOAQUIN",UNINCORPORATED,-121.44271585,37.917263699999999
90237209,2016,2016-08-04,9265,2016-07-26,1155,018694,,2,1,9,3900,0,3,5,,2,010,"JACK TONE RD","LOUISE AVE",0.00,,Y,A,-,N,,,,,,,,,,Y,3,0,1,3,A,-,12,22450,A,N,D,C,A,A,H,-,A,A,0,,,,Y,Y,,D,22,0,1,0,0,0,0,0,0,0,"- ","- ",37.811799999999998,-121.1437,"SAN JOAQUIN",UNINCORPORATED,-121.14375994,37.812199980000003
90237369,2016,2016-08-04,9265,2016-07-26,0430,019774,,2,3,9,3900,0,1,3,,1,042,"W/B SR-4 OFF-RAMP TO FRESNO AVENUE","FRESNO AVE",80.00,E,N,A,-,Y,,,4,,,,R,,,Y,4,0,1,2,A,-,08,22107,,N,B,C,A,A,H,-,C,A,0,,,,,Y,,A,01,0,0,1,0,0,0,0,0,0,"- ","- ",37.943899999999999,-121.3116,"SAN JOAQUIN",UNINCORPORATED,-121.3116,37.943899999999999
90237613,2016,2016-08-04,9265,2016-07-27,1315,019558,,3,1,9,3900,0,1,1,,2,503,"I-5 S/B","ALPINE AVE",74.00,S,N,A,-,Y,,,5,,,,,,S,Y,4,0,3,1,A,-,08,22107,,N,E,I,A,A,H,-,A,D,0,,,,,Y,,A,01,0,0,3,0,0,0,0,0,0,"- ","- ",37.972270000000002,-121.33795000000001,"SAN JOAQUIN",UNINCORPORATED,-121.33865621,37.971996590000003
90238042,2016,2016-08-04,9265,2016-07-17,2324,015174,,7,3,9,3900,0,1,3,,2,004,"SR-99 S/B","MORADA LN",300.00,S,N,A,-,Y,,,,,,,,,,Y,2,0,1,2,A,-,01,23152,A,N,C,C,A,A,H,-,C,D,0,,,,Y,Y,Y,A,01,1,0,0,0,0,0,0,0,0,"- ","- ",38.213999999999999,-121.15300000000001,"SAN JOAQUIN",UNINCORPORATED,,
90241372,2016,2016-08-10,9265,2016-07-10,1525,019657,,7,2,9,3900,0,3,5,,2,050,"CARDINAL AVE","HOBART AVE",100.00,N,N,A,-,N,,,,,,,,,,Y,3,0,4,2,A,-,05,21460,A,N,A,C,A,A,H,-,A,D,0,,,,,Y,,A,01,0,2,2,0,0,0,0,0,0,"- ","- ",37.965269999999997,-121.22224,"SAN JOAQUIN",UNINCORPORATED,-121.22231170000001,37.965292570000003
90242115,2016,2016-08-10,9266,2016-08-04,0920,015432,,4,1,2,3920,0,1,1,,2,024,"I-5 S/B","STEWART RD.",1584.00,S,N,A,-,Y,,,5,,,,,,S,Y,3,0,1,3,A,-,07,21658,A,N,E,C,A,A,H,-,A,D,0,,,,,Y,,A,01,0,1,0,0,0,0,0,0,0,"- ","- ",37.776800000000001,-121.3197,"SAN JOAQUIN",LATHROP,-121.31940423,37.77639301
90242656,2016,2016-08-11,9266,2016-08-03,0520,018330,,3,3,9,3900,0,1,1,,2,014,"I-205 W/B","11TH STREET",1584.00,W,N,A,-,Y,,,205,,,,,,W,Y,4,0,2,3,A,-,07,21658,A,N,B,C,A,A,H,-,B,D,0,,,,Y,Y,,A,01,0,0,2,0,0,0,0,0,0,"- ","- ",37.740760000000002,-121.50414000000001,"SAN JOAQUIN",UNINCORPORATED,-121.50413399,37.74085135
90243480,2016,2016-08-12,9265,2016-07-29,1445,17405,,5,2,9,3900,0,1,3,,2,025,"SR-120 W/B","GUTHMILLER RD.",2270.00,E,N,A,-,Y,,,120,,,,,,W,Y,4,0,2,2,A,-,03,22350,,N,C,C,A,A,H,-,A,D,0,,,,,Y,,A,01,0,0,2,0,0,0,0,0,0,"- ","- ",37.785510000000002,-121.27189,"SAN JOAQUIN",UNINCORPORATED,-121.27190335,37.785457280000003
90244437,2016,2016-08-19,9265,2016-07-26,1740,019996,,2,2,2,3901,0,1,S,,2,901,SR-120,"IRWIN AVENUE",1300.00,E,N,A,-,Y,,,,,,,,,,Y,2,0,2,2,A,-,09,21804,A,N,D,C,A,A,H,-,A,D,0,,,,,Y,,A,01,1,1,0,0,0,0,0,0,0,"- ","- ",37.475499999999997,-120.59584,"SAN JOAQUIN",ESCALON,,
90245034,2016,2016-10-21,9266,2016-07-29,1135,015969,,5,1,9,3900,0,2,4,,1,016,"11TH STREET E/B","BANTA ROAD",1447.00,W,N,A,-,N,,,,,,,,,,Y,2,0,2,3,A,-,01,23153,A,N,A,C,A,A,H,-,A,A,0,,,,,Y,Y,A,01,1,1,0,0,0,0,0,0,0,"- ","- ",37.739730000000002,-121.38405,"SAN JOAQUIN",UNINCORPORATED,-121.38499573,37.73966137
90246664,2016,2016-08-17,9265,2016-08-02,1105,016479,,2,1,9,3900,0,1,3,,2,006,"SR-99 NB TO LIBERTY ROAD","LIBERTY RD",600.00,S,N,A,-,Y,,,99,,,,R,,N,Y,4,0,1,1,A,-,03,22350,,N,E,I,A,D,B,-,A,D,0,,,,,Y,,A,08,0,0,1,0,0,0,0,0,0,"- ","- ",38.231740000000002,-121.27881000000001,"SAN JOAQUIN",UNINCORPORATED,-121.27881000000001,38.231740000000002
90246796,2016,2016-08-17,9266,2016-08-11,0500,019717,,4,3,2,3920,0,1,1,,2,024,"I-5 S/B","SAN JOAQUIN RIVER",675.00,S,N,A,-,Y,,,5,,,,,,S,Y,3,0,1,1,C,-,18,,,N,E,J,A,A,H,-,D,D,0,,,Y,,Y,,-,"- ",0,1,0,0,0,0,0,0,1,"- ","- ",37.784269999999999,-121.30804000000001,"SAN JOAQUIN",LATHROP,-121.30807613,37.784328309999999
90247908,2016,2016-08-18,9265,2016-08-05,1255,018836,,5,1,6,3905,0,1,1,,2,503,"I-5 N/B","MONTE DIABLO AVE",2640.00,S,N,A,-,Y,,,5,,,,,,N,Y,4,0,1,2,A,-,07,21658,A,N,B,C,A,A,D,-,A,D,0,,,,,Y,,E,22,0,0,1,0,0,0,0,0,0,"- ","- ",37.95608,-121.31835,"SAN JOAQUIN",STOCKTON,-121.31834949,37.956097929999999
9024832,2019,2020-02-12,3905,2019-12-11,1535,3410,SEA,3,5,6,3905,0,0,0,,0,,"CHARTER WY","STOCKTON ST",131.00,W,N,A,-,N,,,,,,,,,,Y,4,0,1,2,A,-,03,22350,,N,C,C,A,A,H,-,A,A,0,,,,,Y,,A,01,0,0,1,0,0,0,0,0,0,"- ","- ",37.935680389404297,-121.30126190185547,"SAN JOAQUIN",STOCKTON,-121.30024719238281,37.936084747314453
9024840,2019,2020-07-03,3905,2019-12-30,1529,2463,SEA,1,5,6,3905,0,0,0,,0,,"CHARTER WY","ARGONAUT ST",808.00,W,N,A,-,Y,SJ,10,4,-,-,15.450,H,-,E,Y,3,0,1,3,A,-,06,21755,,N,B,E,A,A,H,-,A,D,0,,,,,Y,Y,A,01,0,1,0,0,0,0,0,0,0,"- ","- ",37.935428619384766,-121.30110168457031,"SAN JOAQUIN",STOCKTON,-121.30573272705078,37.934661865234375
90248462,2016,2016-08-19,9265,2016-08-07,1610,019387,,7,2,6,3905,0,1,1,,2,503,"I-5 N/B TO DOWNING AVENUE","DOWNING AVENUE",175.00,S,N,A,-,Y,,,5,,,,R,,N,Y,4,0,4,3,A,-,03,22350,,N,C,C,A,A,H,-,A,D,0,,,,,Y,,A,01,0,0,4,0,0,0,0,0,0,"- ","- ",37.912599999999998,-121.2889,"SAN JOAQUIN",STOCKTON,-121.2889,37.912599999999998
9024863,2019,2020-02-12,3905,2019-12-15,2106,2972,CIV,7,5,6,3905,0,0,0,,0,,"MONROE ST","OAK ST",0.00,,Y,A,-,N,,,,,,,,,,Y,4,0,2,3,A,-,09,21802,A,N,B,E,A,A,H,-,C,D,0,,,,,Y,,D,22,0,0,2,0,0,0,0,0,0,"- ","- ",37.957870483398438,-121.29654693603516,"SAN JOAQUIN",STOCKTON,-121.29665374755859,37.957820892333984
90253191,2016,2016-08-25,9265,2016-08-13,0140,018850,,6,3,9,3900,0,1,3,,2,004,"SR-99 N/B TO SR-88",SR-88,375.00,S,N,A,-,Y,,,99,,,,R,,N,Y,3,0,1,1,A,-,01,23152,A,N,E,I,A,A,H,-,C,A,0,,,,,Y,Y,A,01,0,1,0,0,0,0,0,0,0,"- ","- ",37.983780000000003,-121.24970999999999,"SAN JOAQUIN",UNINCORPORATED,-121.24970999999999,37.983780000000003
90254952,2016,2016-08-26,9265,2016-08-15,1445,013539,,1,2,6,3905,0,1,1,,2,503,"I-5 S/B","CHARTER WAY",675.00,N,N,A,-,Y,,,5,,,,,,S,Y,3,0,1,1,A,-,01,23152,A,N,E,I,A,A,H,-,A,D,0,,,,,Y,Y,A,01,0,1,0,0,0,0,0,0,0,"- ","- ",37.938659999999999,-121.29799,"SAN JOAQUIN",STOCKTON,-121.29799481000001,37.938659270000002
90256138,2016,2016-08-29,9265,2016-08-15,1510,015174,,1,2,9,3900,0,3,5,,2,060,"FRONT ST","DUNCAN RD",0.00,,Y,A,-,N,,,,,,,,,,N,4,0,1,2,A,-,09,21800,B,F,D,G,A,A,H,-,A,A,0,,Y,,,Y,,A,01,0,0,1,0,0,0,1,0,0,"- ","- ",,,"SAN JOAQUIN",UNINCORPORATED,-121.09566996,38.021149960000002
90258387,2016,2016-08-31,9265,2016-08-16,0919,017856,,2,1,9,3900,0,1,1,,2,505,"I-5 S/B","WALNUT GROVE RD",4752.00,N,N,A,-,Y,,,5,,,,,,S,Y,2,0,2,1,A,-,08,22107,,N,F,A,A,A,H,-,A,D,0,,,,,Y,,A,01,1,0,1,0,0,0,0,0,0,"- ","- ",38.242890000000003,-121.44307000000001,"SAN JOAQUIN",UNINCORPORATED,-121.44299617999999,38.242944860000001
90259379,2016,2016-09-01,9265,2016-08-19,0840,015490,,5,1,9,3900,0,1,3,,1,061,SR-26,"ALPINE AVE",2112.00,W,N,A,-,Y,,,26,,,,,,,Y,3,0,1,2,A,-,03,22350,,N,F,A,A,A,H,-,A,D,0,,,Y,,Y,,C,02,0,1,0,0,0,0,0,0,1,"- ","- ",37.9833,-121.20032,"SAN JOAQUIN",UNINCORPORATED,-121.2002888,37.983263960000002