CASE_ID,ACCIDENT_YEAR,PROC_DATE,JURIS,COLLISION_DATE,COLLISION_TIME,OFFICER_ID,REPORTING_DISTRICT,DAY_OF_WEEK,CHP_SHIFT,POPULATION,CNTY_CITY_LOC,SPECIAL_COND,BEAT_TYPE,CHP_BEAT_TYPE,CITY_DIVISION_LAPD,CHP_BEAT_CLASS,BEAT_NUMBER,PRIMARY_RD,SECONDARY_RD,DISTANCE,DIRECTION,INTERSECTION,WEATHER_1,WEATHER_2,STATE_HWY_IND,CALTRANS_COUNTY,CALTRANS_DISTRICT,STATE_ROUTE,ROUTE_SUFFIX,POSTMILE_PREFIX,POSTMILE,LOCATION_TYPE,RAMP_INTERSECTION,SIDE_OF_HWY,TOW_AWAY,COLLISION_SEVERITY,NUMBER_KILLED,NUMBER_INJURED,PARTY_COUNT,PRIMARY_COLL_FACTOR,PCF_CODE_OF_VIOL,PCF_VIOL_CATEGORY,PCF_VIOLATION,PCF_VIOL_SUBSECTION,HIT_AND_RUN,TYPE_OF_COLLISION,MVIW,PED_ACTION,ROAD_SURFACE,ROAD_COND_1,ROAD_COND_2,LIGHTING,CONTROL_DEVICE,CHP_ROAD_TYPE,PEDESTRIAN_ACCIDENT,BICYCLE_ACCIDENT,MOTORCYCLE_ACCIDENT,TRUCK_ACCIDENT,NOT_PRIVATE_PROPERTY,ALCOHOL_INVOLVED,STWD_VEHTYPE_AT_FAULT,CHP_VEHTYPE_AT_FAULT,COUNT_SEVERE_INJ,COUNT_VISIBLE_INJ,COUNT_COMPLAINT_PAIN,COUNT_PED_KILLED,COUNT_PED_INJURED,COUNT_BICYCLIST_KILLED,COUNT_BICYCLIST_INJURED,COUNT_MC_KILLED,COUNT_MC_INJURED,PRIMARY_RAMP,SECONDARY_RAMP,LATITUDE,LONGITUDE,COUNTY,CITY,POINT_X,POINT_Y
9058596,2020,2020-06-11,3905,2020-02-10,0810,1312,PAR,1,5,6,3905,0,0,0,,0,,"UNION ST","OAK ST",0.00,,Y,A,-,N,,,,,,,,,,Y,4,0,1,2,A,-,09,21802,A,N,D,C,A,A,H,-,A,A,0,,,,,Y,,A,01,0,0,1,0,0,0,0,0,0,"- ","- ",37.960838317871094,-121.27828216552734,"SAN JOAQUIN",STOCKTON,-121.27839660644531,37.960918426513672
90586083,2017,2017-11-02,9265,2017-10-27,1545,019128,,5,2,9,3900,0,1,1,,2,503,"I-5 N/B","DOWNING AVE",1848.00,N,N,A,-,Y,,,5,,,,,,N,Y,4,0,4,2,A,-,03,22350,,N,C,C,A,A,H,-,A,D,0,,,,,Y,,A,01,0,0,4,0,0,0,0,0,0,"- ","- ",37.91818,-121.29115,"SAN JOAQUIN",UNINCORPORATED,-121.29123203,37.918151340000001
9058651,2020,2020-03-11,3905,2020-01-22,1445,2463,PAR,3,5,6,3905,0,0,0,,0,,"JULIAN ST","ANNE ST",0.00,,Y,A,-,N,,,,,,,,,,,4,0,1,2,A,-,09,21802,A,M,D,C,A,A,H,-,A,A,0,,,,,Y,,A,01,0,0,1,0,0,0,0,0,0,"- ","- ",37.930641174316406,-121.26203918457031,"SAN JOAQUIN",STOCKTON,-121.26181793212891,37.930809020996094
90586609,2017,2017-11-03,9266,2017-10-18,1815,015805,,3,2,9,3900,0,1,3,,1,026,SR-132,SR-33,2600.00,W,N,A,-,Y,,,132,,,,,,,Y,3,0,4,3,A,-,01,23152,A,N,A,C,A,A,H,-,B,D,0,,,,,Y,Y,A,07,0,3,1,0,0,0,0,0,0,"- ","- ",37.638100000000001,-121.31762000000001,"SAN JOAQUIN",UNINCORPORATED,-121.31761972,37.638052070000001
90588913,2017,2017-11-07,9265,2017-11-03,1456,019128,,5,2,9,3900,0,1,1,,2,502,"I-5 S/B","SAN JOAQUIN RIVER",200.00,N,N,B,-,Y,,,5,,,,,,S,Y,4,0,1,2,A,-,03,22350,,N,C,C,A,A,H,-,A,D,0,,,,,Y,,A,01,0,0,1,0,0,0,0,0,0,"- ","- ",37.784559999999999,-121.30785,"SAN JOAQUIN",UNINCORPORATED,-121.30780900000001,37.784493840000003
90589060,2017,2017-11-07,9266,2017-10-26,1920,019532,,4,2,9,3900,0,3,5,,2,003,"CENTRAL PKY.","LEGACY DR.",0.00,,Y,A,-,N,,,,,,,,,,N,4,0,2,3,A,-,03,22350,,N,G,B,B,A,H,-,C,D,0,Y,,,,Y,,A,01,0,0,2,0,2,0,0,0,0,"- ","- ",37.773580000000003,-121.54575,"SAN JOAQUIN",UNINCORPORATED,-121.54594987999999,37.773369979999998
90589201,2017,2017-11-07,9266,2017-11-03,0650,014808,,5,1,9,3900,0,1,1,,2,014,"I-205 E/B","HANSEN RD. O/C",528.00,E,N,B,C,Y,,,205,,,,,,E,Y,3,0,1,3,A,-,03,22350,,N,C,C,A,B,H,-,D,D,0,,,,,Y,,A,01,0,1,0,0,0,0,0,0,0,"- ","- ",37.741149999999998,-121.51375,"SAN JOAQUIN",UNINCORPORATED,-121.51374269999999,37.741264180000002
90589319,2017,2017-11-07,9265,2017-11-06,1640,019387,,1,2,6,3905,0,1,3,,1,042,"SR-4 TO I-5 NORTHBOUND",SR-4,1056.00,N,N,A,-,Y,,,,,,,,,,Y,4,0,1,2,A,-,03,22350,,N,C,C,A,A,H,-,A,D,0,,,,,Y,,A,01,0,0,1,0,0,0,0,0,0,"- ","- ",37.951590000000003,-121.30522000000001,"SAN JOAQUIN",STOCKTON,,
90590453,2017,2017-11-08,9265,2017-10-28,0730,017989,,6,1,9,3900,0,2,4,,1,091,SR-12,"GLASSCOCK RD",826.00,E,N,A,-,N,,,12,,,,,,,Y,3,0,1,1,A,-,08,22107,,N,F,A,A,A,H,-,A,D,0,,,,,Y,,D,22,0,1,0,0,0,0,0,0,0,"- ","- ",38.115290000000002,-121.48305000000001,"SAN JOAQUIN",UNINCORPORATED,-121.48304971,38.115418259999998
90590630,2017,2017-11-08,9265,2017-09-16,1031,17405,,6,1,4,3903,0,1,3,,2,025,"SR-120 E/B","VAN RYN AVE.",0.10,W,N,A,-,Y,,,120,,,,,,E,Y,4,0,4,5,A,-,03,22350,,N,C,C,A,A,H,-,A,D,0,,,,Y,Y,,F,26,0,0,4,0,0,0,0,0,0,"- ","- ",37.78313,-121.20262,"SAN JOAQUIN",MANTECA,-121.20261988,37.783202070000002
90590980,2017,2017-11-09,9265,2017-11-08,1430,015490,,3,2,9,3900,0,3,5,,2,060,"E. SR-99 FRONTAGE RD.","MORADA LN.",300.00,N,N,B,-,N,,,99,,,,,,,Y,4,0,1,2,A,-,09,21801,A,N,D,C,A,A,H,-,A,D,0,,,,,Y,,A,01,0,0,1,0,0,0,0,0,0,"- ","- ",38.037999999999997,-121.25749,"SAN JOAQUIN",UNINCORPORATED,-121.25830983,38.037989949999996
90592086,2017,2017-11-10,9265,2017-10-23,1405,019657,,1,2,9,3900,0,1,3,,1,011,SR-120,"COMCONEX RD",130.00,E,N,A,-,Y,,,120,,,,,,,Y,4,0,1,2,A,-,21,22106,,N,B,C,A,A,H,-,A,D,0,,,,,Y,,A,07,0,0,1,0,0,0,0,0,0,"- ","- ",37.797559999999997,-121.16772,"SAN JOAQUIN",UNINCORPORATED,-121.16771989999999,37.797581770000001
90592091,2017,2017-11-10,9265,2017-10-23,1720,019657,,1,2,9,3900,0,1,3,,2,001,"SR-99 S/B","AUSTIN ROAD",1112.00,S,N,A,-,Y,,,99,,,,,,S,Y,4,0,4,4,A,-,03,22350,,N,C,C,A,A,H,-,A,D,0,,,,,Y,,A,08,0,0,4,0,0,0,0,0,0,"- ","- ",37.77243,-121.1765,"SAN JOAQUIN",UNINCORPORATED,-121.17652369,37.77239943
90592653,2017,2017-11-13,9265,2017-10-19,0125,019136,,4,3,9,3900,0,1,1,,2,505,"I-5 N/B","EIGHT MILE RD",7392.00,N,N,A,-,Y,,,5,,,,,,N,Y,2,0,2,3,A,-,08,22107,,N,B,C,A,A,H,-,D,D,0,,,,Y,Y,,A,01,1,0,1,0,0,0,0,0,0,"- ","- ",38.077710000000003,-121.37868,"SAN JOAQUIN",UNINCORPORATED,-121.37869738000001,38.077704539999999
90592881,2017,2017-11-13,9266,2017-11-03,0930,014717,,5,1,9,3900,0,1,1,,2,021,"I-580 W/B","PATTERSON PASS ROAD",618.00,W,N,B,-,Y,,,580,,,,,,W,Y,3,0,1,2,A,-,07,21658,A,N,B,C,A,A,H,-,A,D,0,,,,Y,Y,,G,25,0,1,0,0,0,0,0,0,0,"- ","- ",37.721020000000003,-121.53684,"SAN JOAQUIN",UNINCORPORATED,-121.53677981,37.721088680000001
90593597,2017,2017-11-14,9265,2017-10-31,1625,019489,,2,2,9,3900,0,1,3,,1,013,SR-4,"JACK TONE ROAD",0.00,,Y,A,-,Y,,,,,,,,,,Y,4,0,1,2,A,-,12,22450,A,N,D,C,A,A,H,-,A,A,0,,,,Y,Y,,A,08,0,0,1,0,0,0,0,0,0,"- ","- ",37.994199999999999,-121.14806,"SAN JOAQUIN",UNINCORPORATED,-121.14213999,37.736629989999997
90593829,2017,2017-11-14,9265,2017-11-11,0905,015490,,6,1,9,3900,0,3,5,,2,050,"VAIL AVE","F ST.",0.00,,Y,B,-,N,,,,,,,,,,N,4,0,1,2,A,-,12,22450,A,N,D,C,A,A,H,-,A,A,0,,,,,Y,,A,01,0,0,1,0,0,0,0,0,0,"- ","- ",37.985280000000003,-121.26716,"SAN JOAQUIN",UNINCORPORATED,-121.26702988,37.985039899999997
90593886,2017,2018-04-06,9265,2017-10-10,0115,017021,,2,3,6,3905,0,1,1,,2,504,"I-5 N/B","BENJAMIN HOLT DR",1825.00,N,N,A,-,Y,,,5,,,,,,N,Y,1,1,2,2,A,-,03,22350,,N,C,C,A,A,H,-,D,D,0,,,,Y,Y,,G,25,1,1,0,0,0,0,0,0,0,"- ","- ",38.010710000000003,-121.3537,"SAN JOAQUIN",STOCKTON,-121.35358436,38.010756059999999
90594048,2017,2017-11-14,9265,2017-11-04,1539,019996,,6,2,9,3900,0,3,5,,2,090,"WOODBRIDGE ROAD","THORNTON ROAD",0.00,,Y,A,-,N,,,,,,,,,,Y,4,0,3,2,A,-,09,21802,A,N,D,C,A,A,H,-,A,A,0,,,,,Y,,A,07,0,0,3,0,0,0,0,0,0,"- ","- ",38.160490000000003,-121.39909,"SAN JOAQUIN",UNINCORPORATED,-121.39904989,38.16056991
90594506,2017,2017-11-15,9266,2017-11-08,0947,013608,,3,1,9,3900,0,1,3,,1,026,"SR-132 E/B","KOSTER RD",0.00,,Y,B,-,Y,,,132,,,,,,E,Y,3,0,3,2,A,-,09,21802,A,N,D,C,A,A,H,-,A,A,0,,,,,Y,,A,01,0,3,0,0,0,0,0,0,0,"- ","- ",37.637990000000002,-121.32435,"SAN JOAQUIN",UNINCORPORATED,-121.32434981,37.63796988
90596049,2017,2017-11-16,9265,2017-11-15,0605,017286,,3,1,9,3900,0,2,4,,1,014,"MARIPOSA RD","SOLA RD",2112.00,W,N,B,-,N,,,,,,,,,,Y,3,0,1,2,A,-,03,22350,,N,C,C,A,A,H,-,D,D,0,,,,,Y,,A,01,0,1,0,0,0,0,0,0,0,"- ","- ",37.89772,-121.12441,"SAN JOAQUIN",UNINCORPORATED,-121.12794701999999,37.898828729999998
90596851,2017,2017-11-17,9266,2017-11-10,1810,014807,,5,2,9,3900,0,1,1,,2,021,"I-580 E/B","CORRAL HOLLOW ROAD",0.00,,N,B,-,Y,,,580,,,,,,E,Y,3,0,5,2,A,-,03,22350,,N,C,C,A,A,H,-,D,D,0,,,,,Y,,A,01,0,1,4,0,0,0,0,0,0,"- ","- ",37.671759999999999,-121.45688,"SAN JOAQUIN",UNINCORPORATED,-121.45685269000001,37.671806369999999
90597074,2017,2017-11-17,9265,2017-10-20,0625,019128,,5,1,9,3900,0,2,4,,1,015,"ESCALON BELLOTA RD","COPPEROPOLIS RD",6600.00,S,N,B,-,N,,,,,,,,,,Y,3,0,2,2,A,-,08,22107,,F,D,C,A,B,H,-,D,D,0,,,,,Y,,A,01,0,2,0,0,0,0,0,0,0,"- ","- ",37.916910000000001,-121.00021,"SAN JOAQUIN",UNINCORPORATED,-120.99963,37.973469999999999
90598021,2017,2017-11-20,9265,2017-11-03,1358,17405,,5,1,4,3903,0,1,3,,2,025,"SR-120 W/B","MAIN ST.",3062.00,W,N,A,-,Y,,,120,,,,,,W,Y,4,0,1,2,A,-,03,22350,,N,C,C,A,A,H,-,A,D,0,,,,,Y,,A,01,0,0,1,0,0,0,0,0,0,"- ","- ",37.783529999999999,-121.22660999999999,"SAN JOAQUIN",MANTECA,-121.22660986,37.783504110000003
90598359,2017,2017-11-20,9266,2017-11-15,1105,013650,,3,1,9,3900,0,3,5,,2,001,"HOWARD ROAD","WING LEVEE ROAD",4224.00,W,N,A,-,N,,,,,,,,,,Y,2,0,2,1,A,-,08,22107,,N,E,I,A,A,H,-,A,D,0,,,,,Y,,A,01,2,0,0,0,0,0,0,0,0,"- ","- ",37.875799999999998,-121.40194,"SAN JOAQUIN",UNINCORPORATED,-121.39862553,37.877110139999999
90598382,2017,2017-12-06,9265,2017-11-14,1005,019885,,2,1,9,3900,0,1,3,,2,006,"SR-99 N/B","ACAMPO RD",500.00,S,N,A,-,Y,,,99,,,,,,N,Y,4,0,2,2,A,-,07,21658,A,N,E,I,A,A,H,-,A,D,0,,,,,Y,,D,22,0,0,2,0,0,0,0,0,0,"- ","- ",38.173279999999998,-121.26215000000001,"SAN JOAQUIN",UNINCORPORATED,-121.26213748000001,38.17328028
90599496,2017,2017-11-21,9265,2017-11-15,2315,018784,,3,3,9,3900,0,1,1,,2,505,"I-5 N/B","EIGHT MILE RD",10560.00,N,N,B,C,Y,,,5,,,,,,N,Y,2,0,1,1,A,-,08,22107,,N,E,I,A,B,H,-,D,D,0,,,,,Y,,A,01,1,0,0,0,0,0,0,0,0,"- ","- ",38.08681,-121.38146999999999,"SAN JOAQUIN",UNINCORPORATED,-121.38158708,38.086764850000002
90599645,2017,2017-11-21,9266,2017-11-19,1615,013668,,7,2,9,3900,0,1,1,,2,014,"I-205 W/B","MOUNTAIN HOUSE PKWY",200.00,W,N,A,-,Y,,,205,,,,,,W,Y,4,0,1,2,A,-,03,22350,,N,C,C,A,A,H,-,A,D,0,,,,,Y,,A,07,0,0,1,0,0,0,0,0,0,"- ","- ",37.742609999999999,-121.53248000000001,"SAN JOAQUIN",UNINCORPORATED,-121.53247759999999,37.7426484
90600840,2017,2017-11-22,9266,2017-11-17,1540,014807,,5,2,5,3906,0,1,1,,2,014,"I-205 E/B","TRACY BLVD",20.00,W,N,A,-,Y,,,205,,,,,,E,Y,4,0,1,2,A,-,03,22350,,N,C,C,A,A,H,-,A,D,0,,,,,Y,,D,22,0,0,1,0,0,0,0,0,0,"- ","- ",37.762799999999999,-121.43507,"SAN JOAQUIN",TRACY,-121.43507012000001,37.762790150000001
90600883,2017,2017-11-22,9266,2017-11-21,1750,018751,,2,2,5,3906,0,1,1,,1,015,"I-205 E/B","MACARTHUR DRIVE",750.00,E,N,A,-,Y,,,,,,,,,,N,4,0,1,3,A,-,03,22350,,N,C,C,A,A,H,-,D,D,0,,,,,Y,,A,07,0,0,1,0,0,0,0,0,0,"- ","- ",37.7682,-121.41072,"SAN JOAQUIN",TRACY,-121.41222070000001,37.764504010000003
9060093,2020,2020-03-06,3903,2020-01-16,2000,3992,,4,5,4,3903,0,0,0,,0,,"NORTH ST","COTTAGE AV",0.00,,Y,C,-,N,,,,,,,,,,N,4,0,1,2,D,-,00,,,F,H,G,A,B,H,-,C,A,0,,Y,,,Y,,-,"- ",0,0,1,0,0,0,1,0,0,"- ","- ",37.801090240478516,-121.19844818115234,"SAN JOAQUIN",MANTECA,-121.19833374023438,37.801059722900391
90602431,2017,2017-11-27,9265,2017-11-16,1640,016382,,4,2,9,3900,0,1,1,,2,502,"I-5 N/B","ROTH RD",600.00,S,N,C,-,Y,,,5,,,,,,N,Y,3,0,1,1,A,-,08,22107,,N,E,I,A,B,H,-,D,D,0,,,,,Y,,A,01,0,1,0,0,0,0,0,0,0,"- ","- ",37.848939999999999,-121.28368,"SAN JOAQUIN",UNINCORPORATED,-121.28351895999999,37.848902350000003
90602435,2017,2017-11-27,9265,2017-11-16,0440,019073,,4,3,9,3900,0,1,3,,2,004,"SR-99 S/B","WILSON WAY",50.00,S,N,C,-,Y,,,99,,,,,,S,N,4,0,1,1,A,-,03,22350,,N,E,I,A,B,H,-,C,D,0,,,,,Y,,A,01,0,0,1,0,0,0,0,0,0,"- ","- ",38.002920000000003,-121.25745000000001,"SAN JOAQUIN",UNINCORPORATED,-121.25743546,38.002929479999999
90602867,2017,2017-11-27,9265,2017-11-15,1210,013444,,3,1,9,3900,0,2,4,,1,091,"LOWER SACRAMENTO ROAD","METTLER RD",2112.00,S,N,A,-,N,,,,,,,,,,N,4,0,1,1,A,-,08,22107,,N,E,I,A,B,H,-,A,D,0,,,,,Y,,A,01,0,0,1,0,0,0,0,0,0,"- ","- ",38.067059999999998,-121.31054,"SAN JOAQUIN",UNINCORPORATED,-121.31046000000001,38.0698097
90604220,2017,2017-11-28,9266,2017-11-24,1505,018888,,5,2,5,3906,0,1,1,,1,015,"I-205 E/B","MACARTHUR DRIVE",1056.00,W,N,A,-,Y,,,205,,,,,,E,Y,4,0,1,2,A,-,03,22350,,N,C,C,A,A,H,-,A,D,0,,,,,Y,,A,01,0,0,1,0,0,0,0,0,0,"- ","- ",37.763950000000001,-121.41656,"SAN JOAQUIN",TRACY,-121.41654267,37.763833300000002
9060460,2020,2020-03-12,3903,2020-01-07,2148,3928,,2,5,4,3903,0,0,0,,0,,"CENTER ST","ALMOND AV",0.00,,Y,E,-,N,,,,,,,,,,Y,4,0,4,2,A,-,12,22450,A,N,D,C,A,A,H,-,C,A,0,,,,,Y,,A,01,0,0,4,0,0,0,0,0,0,"- ","- ",37.799221038818359,-121.22760009765625,"SAN JOAQUIN",MANTECA,-121.22753143310547,37.799110412597656
90605676,2017,2017-11-30,9265,2017-11-23,1905,020651,,4,2,4,3903,0,1,3,,2,001,"STATE ROUTE 99 (NORTHBOUND)","AUSTIN RD",816.00,N,N,A,-,Y,,,99,,,,,,,Y,4,0,5,7,A,-,03,22350,,N,C,C,A,B,H,-,C,D,0,,,,,Y,,A,01,0,0,5,0,0,0,0,0,0,"- ","- ",37.776600000000002,-121.18136,"SAN JOAQUIN",MANTECA,-121.18146874,37.776463300000003
9060791,2020,2020-07-03,3905,2020-02-01,0607,1315,PAR,6,5,6,3905,0,0,0,,0,,"8TH ST","NIGHTINGALE AV",355.00,W,N,B,E,N,,,,,,,,,,Y,2,0,1,2,A,I,"- ",,,N,D,E,A,B,H,-,C,D,0,,,,Y,Y,,G,27,1,0,0,0,0,0,0,0,0,"- ","- ",37.936531066894531,-121.24459075927734,"SAN JOAQUIN",STOCKTON,-121.24555206298828,37.936435699462891
90609087,2017,2017-12-04,9265,2017-12-02,1420,019387,,6,2,6,3905,0,3,5,,2,050,"WEST LANE","ALPINE AVENUE",150.00,N,N,A,-,N,,,,,,,,,,N,4,0,1,2,A,-,21,22106,,N,C,C,A,A,H,-,A,A,0,,,,,Y,,A,01,0,0,1,0,0,0,0,0,0,"- ","- ",37.984430000000003,-121.28408,"SAN JOAQUIN",STOCKTON,-121.28405693000001,37.984355200000003
90611103,2017,2017-12-06,9265,2017-11-10,1400,018452,,5,2,9,3900,0,1,3,,1,062,SR-88,"KETTLEMAN LN",370.00,W,N,C,-,Y,,,88,,,,,,,Y,2,0,2,2,A,-,05,21460,A,N,B,C,A,B,H,-,A,A,0,,,,,Y,,A,01,1,0,1,0,0,0,0,0,0,"- ","- ",38.115349999999999,-121.17384,"SAN JOAQUIN",UNINCORPORATED,-121.17387282999999,38.115363000000002
90611183,2017,2017-12-06,9265,2017-11-11,1247,018452,,6,1,9,3900,0,1,3,,2,006,"SR-99 S/B","PELTIER RD",2100.00,S,N,A,-,Y,,,99,,,,,,S,Y,4,0,2,2,A,-,03,22350,,N,C,C,A,A,H,-,A,D,0,,,Y,,Y,,A,01,0,0,2,0,0,0,0,0,2,"- ","- ",38.183329999999998,-121.26264999999999,"SAN JOAQUIN",UNINCORPORATED,-121.26266661,38.183329569999998
90611735,2017,2017-12-06,9266,2017-11-29,0615,013608,,3,1,9,3900,0,1,1,,2,021,"I-580 W/B","CHRISMAN RD",4000.00,W,N,A,-,Y,,,580,,,,,,W,Y,4,0,2,3,A,-,03,22350,,N,C,A,A,A,H,-,B,D,0,,,,,Y,,E,22,0,0,2,0,0,0,0,0,0,"- ","- ",37.649030000000003,-121.41864,"SAN JOAQUIN",UNINCORPORATED,-121.4186456,37.649020780000001
90612513,2017,2017-12-07,9266,2017-12-06,1710,015805,,3,2,9,3900,0,1,3,,1,026,SR-132,SR-33,700.00,W,N,A,-,Y,,,132,,,,,,,Y,4,0,1,3,A,-,03,22350,,N,C,C,A,A,H,-,D,D,0,,,,,Y,,A,07,0,0,1,0,0,0,0,0,0,"- ","- ",37.638100000000001,-121.30365,"SAN JOAQUIN",UNINCORPORATED,-121.30365030999999,37.638068590000003
90615395,2017,2017-12-12,9266,2017-12-08,1705,014807,,5,2,9,3900,0,2,4,,2,020,"KASSON ROAD","DURHAM FERRY ROAD",75.00,N,N,A,-,N,,,,,,,,,,N,4,0,1,2,A,-,03,22350,,N,C,C,A,A,H,-,D,D,0,,,,,Y,,A,01,0,0,1,0,0,0,0,0,0,"- ","- ",37.672400000000003,-121.27302,"SAN JOAQUIN",UNINCORPORATED,-121.2730146,37.672402220000002
90615514,2017,2017-12-12,9266,2017-12-12,0740,013668,,2,1,9,3900,0,1,1,,2,021,"I-580 W/B","PATTERSON PASS ROAD",2640.00,E,N,A,-,Y,,,580,,,,,,W,Y,4,0,1,1,A,-,08,22107,,N,E,I,A,A,H,-,A,D,0,,,,,Y,,A,07,0,0,1,0,0,0,0,0,0,"- ","- ",37.714709999999997,-121.52695,"SAN JOAQUIN",UNINCORPORATED,-121.52696236,37.714689360000001
90616155,2017,2017-12-13,9265,2017-12-11,1540,018047,,1,2,9,3900,0,1,1,,2,502,"I-5 S/B","FRENCH CAMP RD",1000.00,S,N,A,-,Y,,,5,,,,,,S,Y,4,0,1,2,A,-,07,21658,A,N,B,C,A,A,H,-,A,D,0,,,,Y,Y,,G,25,0,0,1,0,0,0,0,0,0,"- ","- ",37.880229999999997,-121.27889999999999,"SAN JOAQUIN",UNINCORPORATED,-121.27877006,37.880249470000003
90616398,2017,2017-12-13,9265,2017-12-08,1822,018784,,5,2,9,3900,0,1,1,,2,502,"I-5 N/B","ROTH RD",1056.00,N,N,A,-,Y,,,5,,,,,,N,N,4,0,1,2,A,-,04,21703,,N,C,C,A,A,H,-,C,D,0,,,,,Y,,D,22,0,0,1,0,0,0,0,0,0,"- ","- ",37.859209999999997,-121.28093,"SAN JOAQUIN",UNINCORPORATED,-121.28093869999999,37.859212460000002
90616474,2017,2017-12-13,9265,2017-12-10,1650,016479,,7,2,9,3900,0,1,1,,2,505,"I-5 NB TO SR-12",SR-12,165.00,S,N,A,-,Y,,,5,,,,R,,N,N,4,0,2,3,A,-,03,22350,,N,C,C,A,A,H,-,B,A,0,,,,,Y,,A,01,0,0,2,0,0,0,0,0,0,"- ","- ",38.115490000000001,-121.3969,"SAN JOAQUIN",UNINCORPORATED,-121.3969,38.115490000000001
90617221,2017,2017-12-14,9265,2017-11-30,1753,018784,,4,2,6,3905,0,1,1,,2,504,"I-5 S/B","BENJAMIN HOLT DR",1584.00,N,N,A,-,Y,,,5,,,,,,S,Y,2,0,2,4,A,-,03,22350,,N,C,C,A,A,H,-,C,D,0,,,,,Y,,A,01,1,1,0,0,0,0,0,0,0,"- ","- ",38.008409999999998,-121.35302,"SAN JOAQUIN",STOCKTON,-121.35301825000001,38.008410699999999
90617235,2017,2017-12-14,9265,2017-12-06,1538,016382,,3,2,9,3900,0,3,5,,2,030,"MATHEWS RD","FREEDOM RD.",73.00,W,N,A,-,N,,,,,,,,,,Y,3,0,2,2,A,-,05,21460,A,N,A,C,A,A,H,-,A,D,0,,,,,Y,,A,01,0,2,0,0,0,0,0,0,0,"- ","- ",37.88223,-121.28242,"SAN JOAQUIN",UNINCORPORATED,-121.28220284,37.882276019999999
90617352,2017,2017-12-14,9265,2017-12-07,1510,019182,,4,2,9,3900,0,2,4,,1,031,"FRENCH CAMP RD","AIRPORT WAY",20.00,E,N,A,-,N,,,,,,,,,,N,4,0,1,2,A,-,21,22106,,N,C,C,A,A,H,-,A,A,0,,,,,Y,,A,01,0,0,1,0,0,0,0,0,0,"- ","- ",37.873609999999999,-121.25345,"SAN JOAQUIN",UNINCORPORATED,-121.25351716,37.873654459999997
90617597,2017,2017-12-14,9266,2017-12-08,1335,014808,,5,1,9,3900,0,1,1,,2,014,"I-205 E/B","CORRAL HOLLOW RD. U/C",433.00,E,N,B,-,Y,,,205,,,,,,E,Y,4,0,1,2,A,-,03,22350,,N,C,C,A,A,H,-,A,D,0,,,,,Y,,A,01,0,0,1,0,0,0,0,0,0,"- ","- ",37.75853,-121.45216000000001,"SAN JOAQUIN",UNINCORPORATED,-121.45212821,37.758452259999999
90618193,2017,2017-12-15,9265,2017-11-23,2214,020550,,4,3,9,3900,0,3,5,,2,060,"BRUELLA RD","SCHMEIDT RD",873.00,N,N,B,-,N,,,,,,,,,,Y,4,0,1,1,A,-,01,23152,G,M,E,I,A,A,H,-,D,D,0,,,,,Y,Y,A,01,0,0,1,0,0,0,0,0,0,"- ","- ",38.155830000000002,-121.20632000000001,"SAN JOAQUIN",UNINCORPORATED,-121.20622199,38.15571739
90618337,2017,2017-12-15,9265,2017-12-09,1745,019888,,6,2,3,3904,0,1,3,,2,001,"SR-99 N/B","JACK TONE RD",1430.00,N,N,A,-,Y,,,99,,,,,,N,Y,4,0,1,2,A,-,03,22350,,N,C,C,A,A,H,-,C,D,0,,,,,Y,,A,01,0,0,1,0,0,0,0,0,0,"- ","- ",37.754890000000003,-121.14676,"SAN JOAQUIN",RIPON,-121.14680611,37.754788400000002
9061974,2020,2020-03-23,3903,2020-02-17,1633,5019,,1,5,4,3903,0,0,0,,0,,"YOSEMITE AV",PESTNA,0.00,,Y,A,-,N,,,,,,,,,,Y,4,0,1,2,A,-,09,21801,A,N,A,C,A,A,H,-,A,D,0,,,,,Y,,A,01,0,0,1,0,0,0,0,0,0,"- ","- ",,,"SAN JOAQUIN",MANTECA,-121.18672180175781,37.797538757324219
90621603,2017,2017-12-20,9265,2017-12-03,2037,019307,,7,2,9,3900,0,1,3,,1,041,SR-4,"TRACY BLVD",5280.00,E,N,A,-,N,,,4,,,,,,,Y,4,0,1,1,A,-,08,22107,,N,E,I,A,A,H,-,D,D,0,,,,,Y,,A,01,0,0,1,0,0,0,0,0,0,"- ","- ",37.91254,-121.44929,"SAN JOAQUIN",UNINCORPORATED,-121.44947655,37.912680880000003
90622590,2017,2017-12-21,9266,2017-12-19,0915,017340,,2,1,9,3900,0,3,5,,2,003,"VECINDAD STREET","MUSTANG WAY",0.00,,Y,A,-,N,,,,,,,,,,Y,4,0,1,2,A,-,09,21802,A,N,D,C,A,A,H,-,A,A,0,,,,,Y,,A,01,0,0,1,0,0,0,0,0,0,"- ","- ",37.767830000000004,-121.55277,"SAN JOAQUIN",UNINCORPORATED,-121.55277,37.767829999999996
90624989,2017,2018-02-07,9265,2017-12-13,2045,020785,,3,2,9,3900,0,3,5,,2,050,"NEWTON RD","CHEROKEE RD",400.00,N,N,A,-,N,,,,,,,,,,Y,4,0,2,3,A,-,08,22107,,N,B,C,A,A,H,-,D,D,0,,,,,Y,,D,22,0,0,2,0,0,0,0,0,0,"- ","- ",37.990600000000001,-121.25622,"SAN JOAQUIN",UNINCORPORATED,-121.25589929,37.989964190000002