CASE_ID,ACCIDENT_YEAR,PROC_DATE,JURIS,COLLISION_DATE,COLLISION_TIME,OFFICER_ID,REPORTING_DISTRICT,DAY_OF_WEEK,CHP_SHIFT,POPULATION,CNTY_CITY_LOC,SPECIAL_COND,BEAT_TYPE,CHP_BEAT_TYPE,CITY_DIVISION_LAPD,CHP_BEAT_CLASS,BEAT_NUMBER,PRIMARY_RD,SECONDARY_RD,DISTANCE,DIRECTION,INTERSECTION,WEATHER_1,WEATHER_2,STATE_HWY_IND,CALTRANS_COUNTY,CALTRANS_DISTRICT,STATE_ROUTE,ROUTE_SUFFIX,POSTMILE_PREFIX,POSTMILE,LOCATION_TYPE,RAMP_INTERSECTION,SIDE_OF_HWY,TOW_AWAY,COLLISION_SEVERITY,NUMBER_KILLED,NUMBER_INJURED,PARTY_COUNT,PRIMARY_COLL_FACTOR,PCF_CODE_OF_VIOL,PCF_VIOL_CATEGORY,PCF_VIOLATION,PCF_VIOL_SUBSECTION,HIT_AND_RUN,TYPE_OF_COLLISION,MVIW,PED_ACTION,ROAD_SURFACE,ROAD_COND_1,ROAD_COND_2,LIGHTING,CONTROL_DEVICE,CHP_ROAD_TYPE,PEDESTRIAN_ACCIDENT,BICYCLE_ACCIDENT,MOTORCYCLE_ACCIDENT,TRUCK_ACCIDENT,NOT_PRIVATE_PROPERTY,ALCOHOL_INVOLVED,STWD_VEHTYPE_AT_FAULT,CHP_VEHTYPE_AT_FAULT,COUNT_SEVERE_INJ,COUNT_VISIBLE_INJ,COUNT_COMPLAINT_PAIN,COUNT_PED_KILLED,COUNT_PED_INJURED,COUNT_BICYCLIST_KILLED,COUNT_BICYCLIST_INJURED,COUNT_MC_KILLED,COUNT_MC_INJURED,PRIMARY_RAMP,SECONDARY_RAMP,LATITUDE,LONGITUDE,COUNTY,CITY,POINT_X,POINT_Y
91097505,2019,2019-10-15,9265,2019-09-23,1830,019657,,1,2,3,3904,0,1,3,,2,001,"SR-99 S/B","JACK TONE ROAD",100.00,N,N,A,-,Y,,,99,,,,,,S,Y,4,0,4,2,A,-,03,22350,,N,C,C,A,A,H,-,A,D,0,,,,,Y,,A,01,0,0,4,0,0,0,0,0,0,"- ","- ",37.752979278564453,-121.14260864257812,"SAN JOAQUIN",RIPON,-121.14260864257812,37.752983093261719
91097515,2019,2019-10-15,9265,2019-09-10,2005,019136,,2,2,9,3900,0,1,3,,2,003,"SR-99 SB","ARCH RD",1000.00,S,N,A,-,Y,,,99,,,,,,S,Y,3,0,2,2,A,-,03,22350,,N,C,C,A,A,H,-,D,D,0,,,,,Y,,A,01,0,1,1,0,0,0,0,0,0,"- ","- ",37.886989593505859,-121.220458984375,"SAN JOAQUIN",UNINCORPORATED,-121.22043609619141,37.886989593505859
91098951,2019,2019-10-16,9265,2019-10-05,2355,021163,,6,3,9,3900,0,1,3,,2,003,"SR-99 N/B","GOLDEN GATE AVE",100.00,N,N,A,-,Y,,,99,,,,,,N,N,3,0,1,2,A,-,11,21954,A,N,G,B,E,A,H,-,D,D,0,Y,,,,Y,,N,60,0,1,0,0,1,0,0,0,0,"- ","- ",37.943641662597656,-121.23509216308594,"SAN JOAQUIN",UNINCORPORATED,-121.23513031005859,37.943634033203125
91099529,2019,2019-12-05,9265,2019-10-05,0330,021401,,6,3,9,3900,0,3,5,,2,060,"N. ALPINE RD","FINKBOHNER RD",50.00,N,N,A,-,N,,,,,,,,,,Y,2,0,2,1,A,-,01,23152,A,M,E,I,A,A,H,-,D,D,0,,,,,Y,Y,A,07,1,1,0,0,0,0,0,0,0,"- ","- ",37.981529235839844,-121.193603515625,"SAN JOAQUIN",UNINCORPORATED,-121.19157409667969,37.981559753417969
91099765,2019,2019-10-17,9265,2019-10-11,1020,015629,,5,1,9,3900,0,1,1,,2,505,"I-5 N/B","EIGHT MILE RD",10032.00,N,N,A,-,Y,,,,,,,,,,Y,4,0,2,1,A,-,08,22107,,N,E,I,A,A,H,-,A,D,0,,,,,Y,,A,07,0,0,2,0,0,0,0,0,0,"- ","- ",38.037509918212891,-121.22074127197266,"SAN JOAQUIN",UNINCORPORATED,,
91099859,2019,2019-10-17,9265,2019-10-03,1100,017989,,4,1,9,3900,0,1,1,,2,505,"I-5 NORTHBOUND","WALNUT GROVE RD",2112.00,N,N,A,-,Y,,,5,,,,,,N,Y,2,0,1,1,A,-,08,22107,,N,E,I,A,A,H,-,A,D,0,,,,,Y,,D,22,1,0,0,0,0,0,0,0,0,"- ","- ",38.231990814208984,-121.43470764160156,"SAN JOAQUIN",UNINCORPORATED,-121.43476867675781,38.231948852539062
91101617,2019,2019-10-21,9266,2019-10-13,0040,021956,,7,3,9,3900,0,2,4,,1,016,"ELEVENTH STREET","LOVELY ROAD",250.00,E,N,A,-,N,,,,,,,,,,Y,3,0,1,1,A,-,01,23152,A,N,E,I,A,A,H,-,C,D,0,,,,,Y,Y,A,01,0,1,0,0,0,0,0,0,0,"- ","- ",37.740440368652344,-121.36856842041016,"SAN JOAQUIN",UNINCORPORATED,-121.37032318115234,37.7398681640625
91101670,2019,2019-10-21,9265,2019-10-12,2150,020071,,6,2,9,3900,0,3,5,,2,020,"OLEANDER AVE","NILE AVE",528.00,S,N,A,-,N,,,,,,,,,,Y,4,0,1,1,A,-,08,22107,,N,E,I,A,A,H,-,D,D,0,,,,,Y,,A,01,0,0,1,0,0,0,0,0,0,"- ","- ",37.753131866455078,-121.24307250976562,"SAN JOAQUIN",UNINCORPORATED,-121.24303436279297,37.753578186035156
91101671,2019,2019-10-21,9265,2019-10-14,1129,017123,,1,1,9,3900,0,1,1,,2,502,"I-5 S/B","FRENCH CAMP RD",45.00,S,N,A,-,Y,,,5,,,,,,S,Y,3,0,1,3,A,-,03,22350,,N,C,C,A,A,H,-,A,D,0,,,,,Y,,A,01,0,1,0,0,0,0,0,0,0,"- ","- ",37.8968505859375,-121.28385162353516,"SAN JOAQUIN",UNINCORPORATED,-121.28388214111328,37.896839141845703
91101908,2019,2019-10-21,9266,2019-10-17,1015,014717,,4,1,9,3900,0,1,1,,2,024,"I-5 N/B","STEWART RD U/C",1810.00,S,N,A,-,Y,,,5,,,,,,N,Y,3,0,1,3,A,-,03,22350,,N,C,C,A,A,B,H,A,D,0,,,,,Y,,A,01,0,1,0,0,0,0,0,0,0,"- ","- ",37.775859832763672,-121.31957244873047,"SAN JOAQUIN",UNINCORPORATED,-121.31959533691406,37.775897979736328
9110300,2020,2020-09-15,3905,2020-06-24,1314,2277,VAL,3,5,6,3905,0,0,0,,0,,"WEST LN","WEST LN FRONTAGE RD",0.00,,Y,A,-,N,,,,,,,,,,Y,4,0,1,2,A,-,12,21453,A,F,D,C,A,A,H,-,A,A,0,,,,,Y,,A,07,0,0,1,0,0,0,0,0,0,"- ","- ",38.029701232910156,-121.29518127441406,"SAN JOAQUIN",STOCKTON,-121.54808807373047,37.773628234863281
91104268,2019,2019-10-23,9266,2019-10-20,1650,019532,,7,2,9,3900,0,1,1,,1,015,"I-205 W/B","MACARTHUR DRIVE",3960.00,E,N,A,-,Y,,,205,,,,,,W,N,3,0,1,2,A,-,03,22350,,N,C,C,A,A,H,-,A,D,0,,,Y,,Y,,C,02,0,1,0,0,0,0,0,0,1,"- ","- ",37.764919281005859,-121.40045928955078,"SAN JOAQUIN",UNINCORPORATED,-121.40045928955078,37.765018463134766
91104327,2019,2019-10-23,9266,2019-10-22,0620,015029,,2,1,9,3900,0,2,4,,2,017,"MOUNTAIN HOUSE PKWY","VON SOSTEN ROAD",170.00,N,N,A,-,N,,,,,,,,,,Y,3,0,1,2,A,-,03,22350,,N,C,C,A,A,H,-,D,A,0,,,,,Y,,D,22,0,1,0,0,0,0,0,0,0,"- ","- ",37.45050048828125,-121.31539916992188,"SAN JOAQUIN",UNINCORPORATED,-121.53170776367188,37.751468658447266
91104752,2019,2019-10-24,9266,2019-10-19,2205,021956,,6,3,5,3906,0,1,1,,1,015,"I-205 E/B","HOLLY DR",515.00,W,N,A,-,Y,,,205,,,,,,E,Y,4,0,1,2,A,-,07,21658,A,N,B,C,A,A,H,-,C,D,0,,,,,Y,Y,A,01,0,0,1,0,0,0,0,0,0,"- ","- ",37.762771606445312,-121.42735290527344,"SAN JOAQUIN",TRACY,-121.42735290527344,37.762798309326172
91104940,2019,2019-10-24,9265,2019-09-17,1648,019489,,2,2,9,3900,0,1,3,,1,061,SR-26,"WALL ROAD",160.00,W,N,A,-,Y,,,26,,,,,,,Y,2,0,4,3,A,-,03,22350,,F,C,C,A,A,H,-,A,D,0,,,,,Y,,-,99,1,3,0,0,0,0,0,0,0,"- ","- ",38.024490356445312,-121.07327270507812,"SAN JOAQUIN",UNINCORPORATED,-121.07327270507812,38.024490356445312
91105192,2019,2019-10-24,9265,2019-10-16,0745,017123,,3,1,6,3905,0,1,1,,2,503,"I-5 N/B","CHARTER WAY",160.00,N,N,B,-,Y,,,5,,,,,,N,Y,3,0,2,2,A,-,03,22350,,N,C,C,A,A,H,-,A,D,0,,,,,Y,,A,01,0,2,0,0,0,0,0,0,0,"- ","- ",37.937419891357422,-121.29743957519531,"SAN JOAQUIN",STOCKTON,-121.29751586914062,37.937408447265625
91105371,2019,2019-10-24,9266,2019-10-12,1800,020083,,6,2,9,3900,0,2,4,,2,013,"BYRON ROAD","WICKLUND ROAD",300.00,E,N,A,-,N,,,,,,,,,,Y,4,0,1,2,A,-,05,21460,C,N,A,C,A,A,H,-,A,D,0,,,Y,,Y,,C,02,0,0,1,0,0,0,0,0,1,"- ","- ",37.773860931396484,-121.51692199707031,"SAN JOAQUIN",UNINCORPORATED,-121.51692199707031,37.773860931396484
91106809,2019,2019-10-25,9265,2019-10-12,2300,019666,,6,3,9,3900,0,3,5,,2,060,"TRETHEWAY RD","ACAMPO RD",1580.00,N,N,A,-,N,,,,,,,,,,Y,3,0,2,1,A,-,01,23152,A,N,E,I,A,A,H,-,D,D,0,,,,,Y,Y,A,01,0,1,1,0,0,0,0,0,0,"- ","- ",38.181800842285156,-121.17928314208984,"SAN JOAQUIN",UNINCORPORATED,-121.17936706542969,38.181858062744141
91109309,2019,2019-10-29,9265,2019-10-22,1605,022356,,2,2,9,3900,0,3,5,,2,060,"ALPINE RD",SR-26,1115.00,N,N,A,-,N,,,,,,,,,,Y,4,0,2,2,A,-,03,22350,,N,C,C,A,A,H,-,A,D,0,,,,,Y,,A,01,0,0,2,0,0,0,0,0,0,"- ","- ",37.990909576416016,-121.19593048095703,"SAN JOAQUIN",UNINCORPORATED,-121.1959228515625,37.990840911865234
91109656,2019,2019-10-30,9265,2019-10-22,1810,013539,,2,2,9,3900,0,3,5,,2,010,"AUSTIN ROAD","SR-99 N/B TO AUSTIN ROAD",48.00,S,N,A,-,Y,,,,,,,,,,N,4,0,5,2,A,-,03,22350,,N,C,C,A,A,H,-,A,A,0,,,,,Y,,A,01,0,0,5,0,0,0,0,0,0,"- ","- ",37.775791168212891,-121.17929840087891,"SAN JOAQUIN",UNINCORPORATED,,
91110924,2019,2019-10-31,9265,2019-10-25,0510,021781,,5,3,9,3900,0,1,3,,1,092,SR-12,"TERMINOUS DRIVE",10560.00,W,N,A,-,Y,,,12,,,,,,,N,4,0,2,2,A,-,03,22350,,N,C,C,A,A,H,-,D,D,0,,,,,Y,,A,01,0,0,2,0,0,0,0,0,0,"- ","- ",38.113658905029297,-121.51866912841797,"SAN JOAQUIN",UNINCORPORATED,-121.51866912841797,38.113693237304688
91111543,2019,2019-11-01,9266,2019-10-26,2148,021241,,6,2,9,3900,0,3,5,,2,001,"BIRD ROAD","LOVELY RD",5280.00,S,N,A,-,N,,,,,,,,,,N,4,0,1,2,A,-,03,22350,,N,C,C,A,A,H,-,D,D,0,,,,,Y,,-,99,0,0,1,0,0,0,0,0,0,"- ","- ",37.724781036376953,-121.36177825927734,"SAN JOAQUIN",UNINCORPORATED,-121.36168670654297,37.725318908691406
91111555,2019,2019-11-01,9265,2019-10-22,0647,017405,,2,1,9,3900,0,1,1,,2,502,"I-5 S/B","FRENCH CAMP RD.",740.00,S,N,A,-,Y,,,5,,,,,,S,Y,2,0,2,2,A,-,03,22350,,N,C,C,A,A,H,-,A,D,0,,,,,Y,,A,07,1,0,1,0,0,0,0,0,0,"- ","- ",37.89501953125,-121.28318786621094,"SAN JOAQUIN",UNINCORPORATED,-121.28321838378906,37.895008087158203
91111747,2019,2019-11-01,9266,2019-10-29,0812,015029,,2,1,9,3900,0,3,5,,2,001,SR-33,"VERNALIS ROAD",0.00,,Y,A,-,N,,,,,,,,,,Y,4,0,1,2,A,-,09,21802,A,N,D,C,A,A,H,-,A,A,0,,,,,Y,,D,22,0,0,1,0,0,0,0,0,0,"- ","- ",37.6385498046875,-121.29959106445312,"SAN JOAQUIN",UNINCORPORATED,-121.2960205078125,37.638561248779297
91112924,2019,2019-11-04,9265,2019-11-03,0320,021781,,7,3,9,3900,0,1,3,,2,004,"SR-99 SOUTHBOUND","EIGHT MILE ROAD",1056.00,N,N,A,-,Y,,,,,,,,,,Y,3,0,1,1,A,-,01,23152,A,N,E,I,A,A,H,-,D,D,0,,,,,Y,Y,A,01,0,1,0,0,0,0,0,0,0,"- ","- ",37.06134033203125,-121.25978851318359,"SAN JOAQUIN",UNINCORPORATED,,
91112947,2019,2019-11-04,9265,2019-10-26,2010,019657,,6,2,9,3900,0,1,3,,2,025,"SR-120 E/B","MAIN STREET",1000.00,E,N,A,-,Y,,,,,,,,,,N,4,0,2,2,A,-,03,22350,,N,C,C,A,A,H,-,C,D,0,,,,,Y,,A,01,0,0,2,0,0,0,0,0,0,"- ","- ",37.783180236816406,-121.21233367919922,"SAN JOAQUIN",UNINCORPORATED,-121.21240234375,37.783180236816406
91114968,2019,2019-11-06,9265,2019-10-28,1236,019073,,1,1,9,3900,0,3,5,,2,060,"LOCUST TREE RD","KETTLEMAN LN",918.00,S,N,A,-,N,,,,,,,,,,Y,4,0,2,1,A,-,08,22107,,N,E,I,A,A,H,-,A,D,0,,,,,Y,,A,01,0,0,2,0,0,0,0,0,0,"- ","- ",38.113780975341797,-121.19644927978516,"SAN JOAQUIN",UNINCORPORATED,-121.196533203125,38.113628387451172
91116565,2019,2019-11-08,9265,2019-10-29,1830,017439,,2,2,5,3902,0,1,3,,2,006,"SR-99 FROM BECKMAN ROAD","VICTOR RD,",200.00,S,N,A,-,Y,,,99,,,,R,,,Y,4,0,1,2,A,-,03,22350,,M,C,C,A,A,H,-,A,D,0,,,,,Y,,A,01,0,0,1,0,0,0,0,0,0,"- ","- ",38.137588500976562,-121.25760650634766,"SAN JOAQUIN",LODI,-121.25760650634766,38.137588500976562
91117303,2019,2019-11-11,9265,2019-10-31,0842,015629,,4,1,6,3905,0,1,1,,2,504,"I-5 N/B","CALAVERAS RIVER",165.00,N,N,A,-,Y,,,5,,,,,,N,Y,3,0,4,6,A,-,04,21703,,M,C,C,A,A,H,-,A,D,0,,,,,Y,,A,01,0,1,3,0,0,0,0,0,0,"- ","- ",37.979740142822266,-121.34124755859375,"SAN JOAQUIN",STOCKTON,-121.34132385253906,37.979709625244141
91117328,2019,2019-11-11,9265,2019-10-31,0845,013515,,4,1,9,3900,0,2,4,,1,053,"N. WILSON WAY","MCALLEN ROAD",2112.00,S,N,A,-,N,,,,,,,,,,Y,2,0,2,2,A,-,08,22107,,N,A,C,A,A,H,-,A,D,0,,,,,Y,,D,22,1,0,1,0,0,0,0,0,0,"- ","- ",37.994590759277344,-121.26483154296875,"SAN JOAQUIN",UNINCORPORATED,-121.26429748535156,37.9954833984375
91117374,2019,2019-11-11,9265,2019-10-31,1146,017405,,4,1,9,3900,0,1,3,,2,001,"SR-99 S/B","AUSTIN RD.",2112.00,S,N,A,-,Y,,,99,,,,,,S,N,4,0,1,1,A,-,08,22107,,N,E,I,A,A,H,-,A,D,0,,,,,Y,,A,01,0,0,1,0,0,0,0,0,0,"- ","- ",37.766590118408203,-121.16726684570312,"SAN JOAQUIN",UNINCORPORATED,-121.16732025146484,37.766510009765625
91117888,2019,2019-11-12,9266,2019-11-10,1235,018544,,7,1,9,3900,0,1,3,,1,011,"SR-4 W/B","TRACY BLVD",4224.00,W,N,A,-,Y,,,4,,,,,,W,Y,4,0,1,2,A,-,05,21460,A,M,E,I,A,A,H,-,A,D,0,,,,,Y,,-,99,0,0,1,0,0,0,0,0,0,"- ","- ",37.899059295654297,-121.47244262695312,"SAN JOAQUIN",UNINCORPORATED,-121.4725341796875,37.899246215820312
91117904,2019,2019-11-12,9266,2019-11-08,1310,018544,,5,1,5,3906,0,1,1,,2,014,"I-205 E/B GRANT LINE RD OFF-RAMP","GRANT LINE ROAD",100.00,W,N,A,-,Y,,,205,,,,,,E,N,4,0,1,2,A,-,03,22350,,N,C,C,A,A,H,-,A,A,0,,,,,Y,,A,01,0,0,1,0,0,0,0,0,0,"- ","- ",37.753620147705078,-121.462890625,"SAN JOAQUIN",TRACY,-121.46303558349609,37.753982543945312
91118241,2019,2019-11-12,9265,2019-11-01,1850,020513,,5,2,9,3900,0,3,5,,2,050,"SR-26 (FREEMONT STREET)",SR-99,130.00,E,N,A,-,N,,,,,,,,,,Y,4,0,1,3,A,-,01,23152,A,N,C,C,A,A,H,-,C,D,0,,,,,Y,Y,A,07,0,0,1,0,0,0,0,0,0,"- ","- ",37.98004150390625,-121.24520874023438,"SAN JOAQUIN",UNINCORPORATED,-121.25782012939453,38.137321472167969
91118476,2019,2019-11-12,9265,2019-11-04,0805,018694,,1,1,9,3900,0,1,3,,2,001,"SR-99 S/B","JACK TONE ROAD",4752.00,N,N,A,-,Y,,,99,,,,,,S,Y,4,0,1,2,A,-,03,22350,,N,C,C,A,A,H,-,A,D,0,,,,,Y,,D,22,0,0,1,0,0,0,0,0,0,"- ","- ",37.762519836425781,-121.1605224609375,"SAN JOAQUIN",UNINCORPORATED,-121.16053009033203,37.762508392333984
91119676,2019,2019-11-13,9265,2019-10-12,1925,019182,,6,2,9,3900,0,3,5,,2,010,"CARTER RD","ESCALON BELLOTA RD",78.00,E,N,A,-,N,,,,,,,,,,Y,1,1,0,1,A,-,01,23152,A,N,E,I,A,A,H,-,C,A,0,,,,,Y,Y,A,01,0,0,0,0,0,0,0,0,0,"- ","- ",37.886409759521484,-120.99965667724609,"SAN JOAQUIN",UNINCORPORATED,-120.99961090087891,37.886402130126953
91121291,2019,2019-11-15,9266,2019-11-13,2300,018324,,3,3,9,3900,0,2,4,,1,016,"11TH ST ON RAMP TO I-5 N/B","GRANT LINE ROAD",2640.00,E,N,A,-,N,,,,,,,,,,Y,4,0,1,1,A,-,08,22107,,N,F,A,A,A,H,-,D,D,0,,,,,Y,,A,01,0,0,1,0,0,0,0,0,0,"- ","- ",37.757961273193359,-121.34422302246094,"SAN JOAQUIN",UNINCORPORATED,-121.34494018554688,37.7581787109375
91122141,2019,2019-11-18,9265,2019-11-06,1250,017123,,3,1,9,3900,0,2,4,,1,031,"FRENCH CAMP RD","EL DORADO ST",200.00,W,N,A,-,N,,,,,,,,,,Y,3,0,2,2,A,-,08,22107,,N,D,C,A,A,H,-,A,D,0,,,,,Y,,A,01,0,2,0,0,0,0,0,0,0,"- ","- ",37.890670776367188,-121.27706146240234,"SAN JOAQUIN",UNINCORPORATED,-121.27642059326172,37.890090942382812
91122245,2019,2019-11-18,9266,2019-11-16,1225,018217,,6,1,9,3900,0,1,1,,2,014,"I-205 E/B","BYRON ROAD",100.00,E,N,A,-,Y,,,205,,,,,,E,Y,4,0,2,2,A,-,03,22350,,N,C,C,A,A,H,-,A,D,0,,,,,Y,,A,01,0,0,2,0,0,0,0,0,0,"- ","- ",37.749279022216797,-121.47476959228516,"SAN JOAQUIN",UNINCORPORATED,-121.47473907470703,37.749195098876953
91122772,2019,2019-11-18,9265,2019-11-07,0710,017123,,4,1,9,3900,0,1,1,,2,503,"I-5 S/B","ALPINE AVE",490.00,S,N,A,-,Y,,,,,,,,,,Y,2,0,3,3,A,-,03,22350,,N,C,C,A,A,H,-,A,D,0,,,,,Y,,A,01,1,2,0,0,0,0,0,0,0,"- ","- ",37.369190216064453,-121.33744812011719,"SAN JOAQUIN",UNINCORPORATED,,
91124437,2019,2019-11-20,9266,2019-11-11,0730,014717,,1,1,9,3900,0,1,1,,1,015,"I-205 E/B","PARADISE ROAD",2650.00,E,N,A,-,Y,,,205,,,,,,E,Y,4,0,1,2,A,-,03,22350,,N,C,C,A,A,H,-,A,D,0,,,,,Y,,A,01,0,0,1,0,0,0,0,0,0,"- ","- ",37.764881134033203,-121.37883758544922,"SAN JOAQUIN",UNINCORPORATED,-121.37883758544922,37.7647705078125
91124627,2019,2019-11-20,9265,2019-11-09,1248,021401,,6,1,9,3900,0,1,3,,2,006,"SR-99 N/B","COLLIER RD",300.00,S,N,A,-,Y,,,99,,,,,,N,Y,3,0,2,2,A,-,03,22350,,N,C,C,A,A,H,-,A,D,0,,,,,Y,,A,07,0,1,1,0,0,0,0,0,0,"- ","- ",38.217418670654297,-121.27001953125,"SAN JOAQUIN",UNINCORPORATED,-121.26995086669922,38.21746826171875
91124887,2019,2019-11-20,9265,2019-11-09,1407,021246,,6,2,9,3900,0,3,5,,2,080,"N. RYDE AVE.","W. ALPINE AVE.",0.00,,Y,A,-,N,,,,,,,,,,Y,2,0,1,2,A,-,12,21453,A,N,D,C,A,A,H,-,A,A,0,,,Y,,Y,,A,01,1,0,0,0,0,0,0,0,1,"- ","- ",37.970199584960938,-121.33824920654297,"SAN JOAQUIN",UNINCORPORATED,-121.33831024169922,37.970268249511719
9112705,2020,2020-08-28,3906,2020-06-23,1300,1634,,2,5,5,3906,0,0,0,,0,007,"INTERNATIONAL PKWY","BERKELEY RD",0.00,,Y,A,-,N,,,,,,,,,,Y,4,0,1,2,D,-,00,,,N,A,C,A,A,H,-,A,A,0,,,,Y,Y,,-,"- ",0,0,1,0,0,0,0,0,0,"- ","- ",,,"SAN JOAQUIN",TRACY,-121.53138,37.72898
91127388,2019,2019-11-22,9265,2019-11-16,1550,020513,,6,2,9,3900,0,2,4,,1,053,"WILSON WAY","E ST",0.00,,Y,A,-,N,,,,,,,,,,N,4,0,1,2,A,-,09,21804,A,N,D,C,A,A,H,-,A,D,0,,,,,Y,,D,22,0,0,1,0,0,0,0,0,0,"- ","- ",37.596168518066406,-121.16130828857422,"SAN JOAQUIN",UNINCORPORATED,-121.27030999999999,37.985080000000004
91127683,2019,2019-11-22,9265,2019-11-14,1425,017439,,4,2,6,3905,0,1,3,,2,003,"SR-99 S/B","SR-4 E/B",1584.00,S,N,A,-,Y,,,99,,,,,,S,Y,3,0,1,1,A,-,08,22107,,N,F,A,A,A,H,-,A,D,0,,,,,Y,,D,22,0,1,0,0,0,0,0,0,0,"- ","- ",37.960540771484375,-121.2415771484375,"SAN JOAQUIN",STOCKTON,-121.2415771484375,37.960540771484375
91128623,2019,2019-11-25,9266,2019-11-15,1735,018888,,5,2,9,3900,0,1,3,,1,026,SR-132,SR-33,0.00,,Y,A,-,Y,,,132,,,,,,,Y,4,0,1,2,A,-,09,21801,A,N,A,C,A,A,H,-,C,A,0,,,,,Y,,D,22,0,0,1,0,0,0,0,0,0,"- ","- ",37.63800048828125,-121.29160308837891,"SAN JOAQUIN",UNINCORPORATED,-121.29160308837891,37.637996673583984
91129072,2019,2019-11-25,9265,2019-11-11,1150,015629,,1,1,9,3900,0,2,4,,1,091,"LOWER SACRAMENTO ROAD","GRIDER WAY",325.00,N,N,A,-,N,,,,,,,,,,Y,4,0,2,2,A,-,04,21703,,N,C,C,A,A,H,-,A,A,0,,,,,Y,,A,01,0,0,2,0,0,0,0,0,0,"- ","- ",38.027271270751953,-121.19203948974609,"SAN JOAQUIN",UNINCORPORATED,-121.32036590576172,38.04534912109375
91129161,2019,2019-11-25,9266,2019-11-21,0640,018544,,4,1,9,3900,0,2,4,,1,022,"CORRAL HOLLOW ROAD","LAMMERS ROAD",0.00,,Y,E,-,N,,,,,,,,,,Y,4,0,3,2,A,-,12,22450,A,N,D,C,A,A,H,-,D,A,0,,,,,Y,,A,01,0,0,3,0,0,0,0,0,0,"- ","- ",37.790321350097656,-121.45343780517578,"SAN JOAQUIN",UNINCORPORATED,-121.45346069335938,37.790409088134766
91130204,2019,2019-12-13,9266,2019-11-10,1710,021975,,7,2,9,3900,0,3,5,,2,001,"FINCK ROAD","TRACY BLVD",2720.00,W,N,A,-,N,,,,,,,,,,N,1,1,0,1,A,-,01,23152,G,N,F,A,A,A,H,-,B,D,0,,,Y,,Y,Y,C,02,0,0,0,0,0,0,0,1,0,"- ","- ",37.806148529052734,-121.45961761474609,"SAN JOAQUIN",UNINCORPORATED,-121.45893859863281,37.806304931640625
91130665,2019,2019-11-27,9265,2019-11-17,1310,019182,,7,1,9,3900,0,1,3,,1,062,SR-88,"TOKAY COLONY RD",1003.00,E,N,A,-,N,,,88,,,,,,,Y,4,0,2,2,A,-,03,22350,,N,C,C,A,A,H,-,A,D,0,,,,,Y,,D,22,0,0,2,0,0,0,0,0,0,"- ","- ",38.086311340332031,-121.18302917480469,"SAN JOAQUIN",UNINCORPORATED,-121.18297576904297,38.086296081542969
91132655,2019,2019-12-02,9266,2019-11-16,1815,021975,,6,2,9,3900,0,2,4,,1,012,"TRACY BLVD","LAMMERS ROAD",200.00,S,N,A,-,N,,,,,,,,,,N,4,0,1,1,A,-,08,22107,,N,F,A,A,A,H,-,D,D,0,,,Y,,Y,,C,02,0,0,1,0,0,0,0,0,1,"- ","- ",37.790199279785156,-121.44635772705078,"SAN JOAQUIN",UNINCORPORATED,-121.44635772705078,37.790199279785156
9113387,2020,2020-08-12,3906,2020-06-17,0535,1372,,3,5,5,3906,0,0,0,,0,004,"LINCOLN BL","BEVERLY PL",185.00,S,N,A,-,N,,,,,,,,,,Y,4,0,1,3,A,-,01,23152,A,N,A,E,A,A,H,-,B,A,0,,,,,Y,Y,A,01,0,0,1,0,0,0,0,0,0,"- ","- ",,,"SAN JOAQUIN",TRACY,-121.44354248046875,37.744411468505859
91134347,2019,2019-12-03,9265,2019-11-18,1750,022356,,1,2,9,3900,0,3,5,,2,070,"ALEXANDRIA PL","BENJAMIN HOLT DR",28.00,N,N,A,-,N,,,,,,,,,,N,4,0,1,2,A,-,08,22107,,N,B,C,A,A,H,-,C,A,0,,,,,Y,,-,"- ",0,0,1,0,0,0,0,0,0,"- ","- ",38.005851745605469,-121.33879089355469,"SAN JOAQUIN",UNINCORPORATED,-121.33876800537109,38.005786895751953
91134363,2019,2019-12-03,9265,2019-11-18,0605,022365,,1,1,9,3900,0,3,5,,2,060,"FRONT ST.","DUNCAN RD",540.00,E,N,A,-,Y,,,,,,,,,,N,2,0,1,2,A,-,11,21954,A,N,G,B,E,A,H,-,B,D,0,Y,,,,Y,,N,60,1,0,0,0,1,0,0,0,0,"- ","- ",38.021221160888672,-121.09368133544922,"SAN JOAQUIN",UNINCORPORATED,-121.09379577636719,38.021186828613281
91134373,2019,2019-12-03,9265,2019-11-18,1510,017439,,1,2,9,3900,0,1,3,,1,011,"SR-120 W/B","MURPHY RD",0.00,,Y,A,-,Y,,,120,,,,,,W,Y,3,0,1,2,A,-,09,21802,A,N,D,C,A,A,H,-,A,D,0,,,,,Y,,A,01,0,1,0,0,0,0,0,0,0,"- ","- ",37.798099517822266,-121.10713958740234,"SAN JOAQUIN",UNINCORPORATED,-121.10713958740234,37.797962188720703