CASE_ID,ACCIDENT_YEAR,PROC_DATE,JURIS,COLLISION_DATE,COLLISION_TIME,OFFICER_ID,REPORTING_DISTRICT,DAY_OF_WEEK,CHP_SHIFT,POPULATION,CNTY_CITY_LOC,SPECIAL_COND,BEAT_TYPE,CHP_BEAT_TYPE,CITY_DIVISION_LAPD,CHP_BEAT_CLASS,BEAT_NUMBER,PRIMARY_RD,SECONDARY_RD,DISTANCE,DIRECTION,INTERSECTION,WEATHER_1,WEATHER_2,STATE_HWY_IND,CALTRANS_COUNTY,CALTRANS_DISTRICT,STATE_ROUTE,ROUTE_SUFFIX,POSTMILE_PREFIX,POSTMILE,LOCATION_TYPE,RAMP_INTERSECTION,SIDE_OF_HWY,TOW_AWAY,COLLISION_SEVERITY,NUMBER_KILLED,NUMBER_INJURED,PARTY_COUNT,PRIMARY_COLL_FACTOR,PCF_CODE_OF_VIOL,PCF_VIOL_CATEGORY,PCF_VIOLATION,PCF_VIOL_SUBSECTION,HIT_AND_RUN,TYPE_OF_COLLISION,MVIW,PED_ACTION,ROAD_SURFACE,ROAD_COND_1,ROAD_COND_2,LIGHTING,CONTROL_DEVICE,CHP_ROAD_TYPE,PEDESTRIAN_ACCIDENT,BICYCLE_ACCIDENT,MOTORCYCLE_ACCIDENT,TRUCK_ACCIDENT,NOT_PRIVATE_PROPERTY,ALCOHOL_INVOLVED,STWD_VEHTYPE_AT_FAULT,CHP_VEHTYPE_AT_FAULT,COUNT_SEVERE_INJ,COUNT_VISIBLE_INJ,COUNT_COMPLAINT_PAIN,COUNT_PED_KILLED,COUNT_PED_INJURED,COUNT_BICYCLIST_KILLED,COUNT_BICYCLIST_INJURED,COUNT_MC_KILLED,COUNT_MC_INJURED,PRIMARY_RAMP,SECONDARY_RAMP,LATITUDE,LONGITUDE,COUNTY,CITY,POINT_X,POINT_Y
91177482,2020,2020-01-31,9265,2020-01-21,2130,017439,,2,2,9,3900,0,3,5,,2,010,"E. RIVER RD.","BURWOOD RD.",230.00,E,N,A,-,N,,,,,,,,,,N,3,0,3,2,A,-,06,21750,A,F,B,C,A,B,H,-,D,D,0,,,,,Y,,D,22,0,3,0,0,0,0,0,0,0,"- ","- ",37.762058258056641,-120.95394897460938,"SAN JOAQUIN",UNINCORPORATED,-120.95402526855469,37.762046813964844
91178790,2020,2020-02-03,9266,2020-01-24,1730,018888,,5,2,9,3900,0,2,4,,2,020,"KASSON ROAD","CRITCHETT RD",2200.00,N,N,A,-,N,,,,,,,,,,Y,4,0,3,4,A,-,06,21751,,M,B,C,A,A,H,-,A,D,0,,,,,Y,,-,99,0,0,3,0,0,0,0,0,0,"- ","- ",37.70819091796875,-121.30782318115234,"SAN JOAQUIN",UNINCORPORATED,-121.30807495117188,37.708572387695312
91178952,2020,2020-02-03,9266,2020-01-31,0805,015029,,5,1,9,3900,0,1,1,,2,014,"I-205 W/B","MOUNTAIN HOUSE PKWY",845.00,W,N,A,-,Y,,,,,,,,,,N,3,0,1,2,A,-,03,22350,,N,C,C,A,A,H,-,A,D,0,,,,,Y,,D,22,0,1,0,0,0,0,0,0,0,"- ","- ",37.750999450683594,-121.53170013427734,"SAN JOAQUIN",UNINCORPORATED,-121.53453063964844,37.742744445800781
91179523,2020,2020-02-04,9266,2020-01-31,0530,018217,,5,3,9,3900,0,1,1,,1,015,"I-205 W/B","PARADISE ROAD",100.00,W,N,A,-,Y,,,205,,,,,,W,N,4,0,1,2,A,-,03,22350,,N,C,C,A,A,H,-,D,D,0,,,,,Y,,D,22,0,0,1,0,0,0,0,0,0,"- ","- ",37.765060424804688,-121.38961029052734,"SAN JOAQUIN",UNINCORPORATED,-121.38961029052734,37.765041351318359
91181483,2020,2020-02-11,9265,2020-01-28,1450,019136,,2,2,9,3900,0,1,3,,1,013,SR-4,"DRAIS RD",4250.00,W,N,A,-,Y,,,4,,,,,,,Y,3,0,1,1,A,-,01,23152,A,N,E,I,A,A,H,-,A,D,0,,,,,Y,Y,A,01,0,1,0,0,0,0,0,0,0,"- ","- ",37.940078735351562,-121.10357666015625,"SAN JOAQUIN",UNINCORPORATED,-121.10358428955078,37.940059661865234
91181619,2020,2020-02-06,9265,2020-01-31,0720,015490,,5,1,9,3900,0,1,3,,2,004,"SR-99 N/B","EIGHT MILE RD",4224.00,N,N,A,-,Y,,,99,,,,,,N,Y,4,0,2,2,A,-,03,22350,,N,C,C,A,A,H,-,A,D,0,,,,,Y,,A,01,0,0,2,0,0,0,0,0,0,"- ","- ",38.069538116455078,-121.25956726074219,"SAN JOAQUIN",UNINCORPORATED,-121.25963592529297,38.069538116455078
9118306,2020,2020-09-03,3905,2020-06-08,0015,3039,,1,5,6,3905,0,0,0,,0,,"FRESNO AV","CHARTER WY",0.00,,Y,A,-,N,,,,,,,,,,N,2,0,3,2,A,-,08,22105,,F,A,C,A,A,H,-,C,A,0,,,,,Y,Y,A,08,1,0,2,0,0,0,0,0,0,"- ","- ",37.933059692382812,-121.31233215332031,"SAN JOAQUIN",STOCKTON,-121.31214799999999,37.932887000000001
9118308,2020,2020-09-03,3905,2020-06-09,1144,2463,CIV,2,5,6,3905,0,0,0,,0,,"CENTER ST","WASHINGTON ST",0.00,,Y,A,-,N,,,,,,,,,,Y,4,0,1,2,A,-,12,21453,A,N,D,C,A,A,H,-,A,A,0,,,,,Y,,A,07,0,0,1,0,0,0,0,0,0,"- ","- ",37.949909210205078,-121.291748046875,"SAN JOAQUIN",STOCKTON,-121.29054260253906,37.950469970703125
9118311,2020,2020-09-03,3905,2020-06-18,1308,2466,CIV,4,5,6,3905,0,0,0,,0,,"HARDING WY","MONROE ST",15.00,E,N,A,-,N,,,,,,,,,,Y,4,0,1,3,A,-,03,22350,,N,C,C,A,A,H,-,A,D,0,,,,,Y,,A,07,0,0,1,0,0,0,0,0,0,"- ","- ",37.966701507568359,-121.29885864257812,"SAN JOAQUIN",STOCKTON,-121.29898071289062,37.966659545898438
9118315,2020,2020-09-03,3905,2020-06-19,1909,2466,CIV,5,5,6,3905,0,0,0,,0,,"CALIFORNIA ST","PARK ST",0.00,,Y,A,-,N,,,,,,,,,,N,4,0,3,2,A,-,07,21658,A,N,B,C,A,A,H,-,A,A,0,,,,,Y,,A,08,0,0,3,0,0,0,0,0,0,"- ","- ",37.960540771484375,-121.28636932373047,"SAN JOAQUIN",STOCKTON,-121.28649139404297,37.960559844970703
9118316,2020,2020-09-03,3905,2020-06-19,1905,7034,PAR,5,5,6,3905,0,0,0,,0,,"WILSON WY","MINER AV",30.00,N,N,A,-,N,,,,,,,,,,Y,4,0,2,2,A,-,03,22350,,N,B,C,A,A,H,-,A,D,0,,,,,Y,,A,01,0,0,2,0,0,0,0,0,0,"- ","- ",37.958110809326172,-121.27348327636719,"SAN JOAQUIN",STOCKTON,-121.27238464355469,37.958839416503906
9118318,2020,2020-09-03,3905,2020-06-20,1650,2915,LAK,6,5,6,3905,0,0,0,,0,,"PERSHING AV","MARCH LN",296.00,N,N,A,-,N,,,,,,,,,,N,4,0,1,2,A,-,09,21804,A,N,D,C,A,A,H,-,A,D,0,,,,,Y,,A,01,0,0,1,0,0,0,0,0,0,"- ","- ",37.988670349121094,-121.32272338867188,"SAN JOAQUIN",STOCKTON,-121.322265625,37.9898681640625
9118319,2020,2020-09-03,3905,2020-06-21,1339,2466,PAR,7,5,6,3905,0,0,0,,0,,"QANTAS LN","TRANSWORLD DR",30.00,S,N,A,-,N,,,,,,,,,,N,4,0,3,2,A,-,03,22350,,N,C,C,A,A,H,-,A,A,0,,,,,Y,,A,07,0,0,3,0,0,0,0,0,0,"- ","- ",37.906951904296875,-121.22847747802734,"SAN JOAQUIN",STOCKTON,-121.22853851318359,37.90667724609375
9118425,2020,2020-09-02,3905,2020-06-12,2343,2973,CIV,5,5,6,3905,0,0,0,,0,,"HARDING WY","CENTER ST",0.00,,Y,A,-,N,,,,,,,,,,Y,4,0,2,2,A,-,09,21801,A,F,D,C,A,A,H,-,D,A,0,,,,,Y,,A,07,0,0,2,0,0,0,0,0,0,"- ","- ",37.966770172119141,-121.296142578125,"SAN JOAQUIN",STOCKTON,-121.29514312744141,37.967308044433594
9118427,2020,2020-09-02,3905,2020-06-13,1139,2992,SEA,6,5,6,3905,0,0,0,,0,,"SUTTER ST","WORTH ST",0.00,,Y,A,-,N,,,,,,,,,,N,4,0,1,2,A,-,12,22450,A,M,D,C,A,A,H,-,A,A,0,,,,,Y,,A,01,0,0,1,0,0,0,0,0,0,"- ","- ",37.944400787353516,-121.28352355957031,"SAN JOAQUIN",STOCKTON,-121.28347015380859,37.944438934326172
9118429,2020,2020-09-02,3905,2020-06-14,1501,2566,VAL,7,5,6,3905,0,0,0,,0,,"HAMMER LN","SAMPSON RD",0.00,,Y,A,-,N,,,,,,,,,,Y,4,0,2,2,A,-,01,23152,A,N,D,C,A,A,H,-,A,A,0,,,,,Y,Y,A,01,0,0,2,0,0,0,0,0,0,"- ","- ",38.020980834960938,-121.26806640625,"SAN JOAQUIN",STOCKTON,-121.26779937744141,38.021270751953125
9118434,2020,2020-09-02,3905,2020-06-16,2030,2907,CIV,2,5,6,3905,0,0,0,,0,,"AIRPORT WY","HARDING WY",40.00,S,N,A,-,N,,,,,,,,,,N,4,0,1,2,A,-,03,22350,,F,C,C,A,A,H,-,C,A,0,,,,,Y,,-,99,0,0,1,0,0,0,0,0,0,"- ","- ",37.970100402832031,-121.27799224853516,"SAN JOAQUIN",STOCKTON,-121.27818298339844,37.970073699951172
9118436,2020,2020-09-02,3905,2020-06-10,0137,2668,CIV,3,5,6,3905,0,0,0,,0,,"VINE ST","BAKER ST",3.00,W,N,A,-,N,,,,,,,,,,Y,4,0,1,1,A,-,05,21651,B,N,E,I,A,A,H,-,C,D,0,,,,,Y,,A,01,0,0,1,0,0,0,0,0,0,"- ","- ",37.963649749755859,-121.23049163818359,"SAN JOAQUIN",STOCKTON,-121.30500793457031,37.963527679443359
9118437,2020,2020-09-02,3905,2020-06-10,0210,2988,VAL,3,5,6,3905,0,0,0,,0,,"HAMMER LN","MARANATHA DR",0.00,,Y,A,-,N,,,,,,,,,,Y,3,0,3,2,A,-,01,23153,A,N,A,D,A,A,H,-,C,A,0,,,,,Y,Y,A,01,0,3,0,0,0,0,0,0,0,"- ","- ",38.020439147949219,-121.26451873779297,"SAN JOAQUIN",STOCKTON,-121.26412200927734,38.021251678466797
9118439,2020,2020-09-02,3905,2020-06-10,1303,2466,SEA,3,5,6,3905,0,0,0,,0,,"MARTIN LUTHER KING BL","LINCOLN ST",85.00,W,N,A,-,N,,,,,,,,,,N,4,0,1,3,A,-,03,22350,,F,C,C,A,A,H,-,A,D,0,,,,,Y,,A,01,0,0,1,0,0,0,0,0,0,"- ","- ",37.936981201171875,-121.29518890380859,"SAN JOAQUIN",STOCKTON,-121.29416656494141,37.937511444091797
91185261,2020,2020-02-12,9265,2020-01-31,2035,019136,,5,2,6,3905,0,1,3,,1,042,"SR-4 W/B TO FILBERT ST","FILBERT STREET",20.00,E,N,A,-,Y,,,4,,,,R,,W,Y,4,0,1,2,A,-,01,23152,A,M,C,C,A,A,H,-,C,A,0,,,,,Y,Y,A,01,0,0,1,0,0,0,0,0,0,"- ","- ",37.960079193115234,-121.2535400390625,"SAN JOAQUIN",STOCKTON,-121.2535400390625,37.960079193115234
91185906,2020,2020-02-13,9265,2020-02-03,1050,017123,,1,1,6,3905,0,1,1,,2,503,"I-5 S/B TO FREMONT ST","FREMONT ST",198.00,N,N,A,-,Y,,,5,,,,R,,S,Y,3,0,2,1,A,-,08,22107,,N,E,I,A,A,H,-,A,D,0,,,,,Y,,A,01,0,2,0,0,0,0,0,0,0,"- ","- ",37.955181121826172,-121.31510925292969,"SAN JOAQUIN",STOCKTON,-121.31510925292969,37.955181121826172
91186775,2020,2020-02-14,9265,2020-02-07,1410,013539,,5,2,2,3920,0,1,1,,2,502,"I-5 N/B","LATHROP ROAD",87.00,S,N,A,-,Y,,,5,,,,,,N,Y,4,0,1,2,A,-,03,22350,,N,E,I,A,A,H,-,A,D,0,,,,,Y,,A,01,0,0,1,0,0,0,0,0,0,"- ","- ",37.826148986816406,-121.29029846191406,"SAN JOAQUIN",LATHROP,-121.29003143310547,37.826045989990234
91187108,2020,2020-02-14,9265,2020-01-18,2325,018784,,6,3,9,3900,0,3,5,,2,070,"GETTYSBURG PL","CAMERON WAY",80.00,S,N,A,-,N,,,,,,,,,,Y,3,0,1,2,A,-,01,23152,A,N,A,E,A,A,H,-,C,D,0,,,,,Y,Y,A,01,0,1,0,0,0,0,0,0,0,"- ","- ",38.012001037597656,-121.32456970214844,"SAN JOAQUIN",UNINCORPORATED,-121.32447052001953,38.012100219726562
91190853,2020,2020-02-21,9266,2020-02-18,0740,013650,,2,1,9,3900,0,1,1,,2,024,"SR-132 E/B","KOSTER ROAD",1584.00,W,N,A,-,Y,,,132,,,,,,E,Y,4,0,2,2,A,-,03,22350,,N,C,C,A,A,E,-,A,D,0,,,,,Y,,A,01,0,0,2,0,0,0,0,0,0,"- ","- ",37.637729644775391,-121.33109283447266,"SAN JOAQUIN",UNINCORPORATED,-121.33109283447266,37.637775421142578
91190902,2020,2020-02-21,9265,2020-02-14,1145,013515,,5,1,9,3900,0,3,5,,2,010,"VAN ALLEN ROAD","MARIPOSA ROAD",15.00,N,N,A,-,N,,,,,,,,,,N,4,0,3,2,A,-,09,21802,A,N,D,C,A,A,H,-,A,A,0,,,,,Y,,A,01,0,0,3,0,0,0,0,0,0,"- ","- ",37.862541198730469,-121.05416870117188,"SAN JOAQUIN",UNINCORPORATED,-121.05419921875,37.862472534179688
91191791,2020,2020-02-24,9265,2020-02-12,1700,017439,,3,2,3,3904,0,1,3,,2,001,"SR-99 N/B","MAIN ST.",528.00,S,N,A,-,Y,,,99,,,,,,N,Y,4,0,1,2,A,-,03,22350,,N,C,C,A,A,H,-,A,D,0,,,,,Y,,A,01,0,0,1,0,0,0,0,0,0,"- ","- ",37.738739013671875,-121.11985015869141,"SAN JOAQUIN",RIPON,-121.11985015869141,37.738739013671875
91191829,2020,2020-02-24,9265,2020-02-12,2031,019885,,3,2,9,3900,0,1,1,,2,505,"I-5 N/B",SR-12,3368.00,S,N,A,-,Y,,,5,,,,,,N,Y,3,0,1,1,A,-,08,22107,,N,F,A,A,A,H,-,C,D,0,,,Y,,Y,,C,02,0,1,0,0,0,0,0,0,1,"- ","- ",38.107761383056641,-121.39212799072266,"SAN JOAQUIN",UNINCORPORATED,-121.39201354980469,38.107841491699219
91191974,2020,2020-02-24,9265,2020-01-29,2310,019341,,3,3,5,3902,0,1,3,,2,006,"SR-99 N/B","KETTLEMAN LN",1.00,N,N,A,-,Y,,,99,,,,,,N,Y,3,0,1,1,A,-,01,23152,A,M,E,I,A,A,H,-,D,D,0,,,,,Y,Y,A,07,0,1,0,0,0,0,0,0,0,"- ","- ",38.116420745849609,-121.25782775878906,"SAN JOAQUIN",LODI,-121.25775909423828,38.116401672363281
91192010,2020,2020-02-24,9265,2020-01-29,1505,020313,,3,2,9,3900,0,1,3,,2,003,"SR-99 S/B",SR-4,1300.00,S,N,A,-,Y,,,99,,,,,,S,Y,4,0,1,2,A,-,07,21658,A,N,B,C,A,A,H,-,A,D,0,,,,Y,Y,,G,25,0,0,1,0,0,0,0,0,0,"- ","- ",37.957149505615234,-121.24049377441406,"SAN JOAQUIN",UNINCORPORATED,-121.24046325683594,37.957160949707031
91193232,2020,2020-02-25,9265,2020-02-16,1840,021246,,7,2,9,3900,0,2,4,,1,052,"MCALLEN RD.","HOLMAN RD.",1150.00,E,N,A,-,N,,,,,,,,,,Y,4,0,1,1,A,-,08,22107,,N,E,I,A,A,H,-,D,D,0,,,,,Y,,A,08,0,0,1,0,0,0,0,0,0,"- ","- ",38.000301361083984,-121.26619720458984,"SAN JOAQUIN",UNINCORPORATED,-121.26629638671875,38.000347137451172
91193430,2020,2020-02-25,9265,2020-02-16,0700,019128,,7,1,9,3900,0,1,3,,2,025,"SR-120 E/B","AIRPORT WAY",350.00,E,N,A,-,Y,,,,,,,,,,Y,4,0,1,1,A,-,08,22107,,N,E,I,A,A,H,-,A,D,0,,,,,Y,,A,01,0,0,1,0,0,0,0,0,0,"- ","- ",37.782760620117188,-121.25093841552734,"SAN JOAQUIN",UNINCORPORATED,-121.25094604492188,37.783061981201172
91194025,2020,2020-02-26,9265,2020-02-18,1611,017537,,2,2,6,3905,0,1,3,,1,042,"SR-4 W/B","EL DORADO AVE",1056.00,E,N,A,-,Y,,,4,,,,,,W,N,4,0,1,3,A,-,01,23152,F,N,C,C,A,A,H,-,A,D,0,,,,,Y,,A,01,0,0,1,0,0,0,0,0,0,"- ","- ",37.950839996337891,-121.28652191162109,"SAN JOAQUIN",STOCKTON,-121.28651428222656,37.950824737548828
91194282,2020,2020-02-26,9266,2020-02-20,0755,014717,,4,1,9,3900,0,2,4,,2,013,"GRANT LINE ROAD","MOUNTAIN HOUSE PKWY",725.00,E,N,A,-,N,,,,,,,,,,Y,4,0,1,2,A,-,03,22350,,N,C,C,A,A,H,-,A,D,0,,,,,Y,,D,22,0,0,1,0,0,0,0,0,0,"- ","- ",37.758171081542969,-121.52899932861328,"SAN JOAQUIN",UNINCORPORATED,-121.52921295166016,37.758140563964844
91194765,2020,2020-02-27,9265,2020-02-12,1857,017537,,3,2,9,3900,0,1,3,,1,013,SR-4,"ESCALON BELLOTA RD",0.00,,Y,A,-,Y,,,4,,,,,,,Y,4,0,1,2,A,-,09,21800,A,N,D,C,A,A,H,-,D,A,0,,,,,Y,,A,01,0,0,1,0,0,0,0,0,0,"- ","- ",37.930068969726562,-121.00021362304688,"SAN JOAQUIN",UNINCORPORATED,-121.00020599365234,37.930042266845703
91194857,2020,2020-02-27,9265,2020-02-20,1130,013515,,4,1,9,3900,0,1,3,,1,066,"STATE ROUTE 26","ESCALON BELLOTA ROAD",3168.00,W,N,A,-,Y,,,26,,,,,,,Y,3,0,1,1,A,-,08,22107,,N,E,I,A,A,H,-,A,D,0,,,,,Y,,A,08,0,1,0,0,0,0,0,0,0,"- ","- ",38.0447998046875,-121.02494812011719,"SAN JOAQUIN",UNINCORPORATED,-121.02483367919922,38.044719696044922
91194870,2020,2020-02-27,9265,2020-02-21,0724,019073,,5,1,9,3900,0,3,5,,2,010,"COMETA RD","HENRY RD",678.00,S,N,A,-,N,,,,,,,,,,Y,4,0,1,1,A,-,08,22107,,N,E,I,A,A,H,-,A,D,0,,,,,Y,,A,01,0,0,1,0,0,0,0,0,0,"- ","- ",37.853561401367188,-120.94155120849609,"SAN JOAQUIN",UNINCORPORATED,-120.94176483154297,37.852939605712891
91194887,2020,2020-02-27,9265,2020-02-21,0745,017989,,5,1,6,3905,0,1,1,,2,503,"I-5 S/B","MARCH LN",2112.00,S,N,A,-,Y,,,5,,,,,,S,Y,4,0,1,1,A,-,08,22107,,N,E,I,A,A,H,-,A,D,0,,,,,Y,,A,01,0,0,1,0,0,0,0,0,0,"- ","- ",37.977649688720703,-121.34075164794922,"SAN JOAQUIN",STOCKTON,-121.34085845947266,37.977607727050781
9119623,2020,2020-09-10,3903,2020-06-30,1733,2086,,2,5,4,3903,0,0,0,,0,,"CROM ST","ZURICH DR",0.00,,Y,A,-,N,,,,,,,,,,Y,4,0,1,2,A,-,08,22107,,F,B,C,A,A,H,-,A,A,0,,,Y,,Y,,-,,0,0,1,0,0,0,0,0,1,"- ","- ",,,"SAN JOAQUIN",MANTECA,-121.24851226806641,37.804630279541016
9119630,2020,2020-09-10,3903,2020-06-03,1802,2086,,3,5,4,3903,0,0,0,,0,,"UNION RD","LOUISE AV",0.00,,Y,A,-,N,,,,,,,,,,Y,4,0,2,2,A,-,12,21453,A,N,D,C,A,A,H,-,A,A,0,,,,,Y,,A,07,0,0,2,0,0,0,0,0,0,"- ","- ",37.811798095703125,-121.23541259765625,"SAN JOAQUIN",MANTECA,-121.23526763916016,37.811988830566406
91198772,2020,2020-02-28,9265,2020-02-25,0110,020651,,2,3,6,3905,0,1,1,,2,503,"I-5 N/B","PERSHING AVE",428.00,N,N,A,-,Y,,,5,,,,,,N,Y,4,0,2,2,A,-,08,22107,,N,B,E,A,A,H,-,C,D,0,,,,Y,Y,,G,25,0,0,2,0,0,0,0,0,0,"- ","- ",37.955181121826172,-121.31391143798828,"SAN JOAQUIN",STOCKTON,-121.31381225585938,37.955478668212891
91199760,2020,2020-03-02,9266,2020-03-02,0040,019532,,1,3,9,3900,0,1,1,,2,024,"I-5 N/B","KASSON ROAD",2640.00,S,N,A,-,Y,,,5,,,,,,N,N,4,0,1,2,A,-,03,22350,,M,C,C,A,A,H,-,D,D,0,,,,,Y,,-,99,0,0,1,0,0,0,0,0,0,"- ","- ",37.74005126953125,-121.34313201904297,"SAN JOAQUIN",UNINCORPORATED,-121.34348297119141,37.740043640136719
91200575,2020,2020-03-03,9266,2020-02-27,1610,019012,,4,2,9,3900,0,3,5,,2,003,"N. MONTEBELLO STREET","W. QUESTA TRAIL",0.00,,Y,A,-,N,,,,,,,,,,N,3,0,1,2,A,-,10,21950,A,N,G,B,B,A,H,-,A,D,0,Y,,,,Y,,A,01,0,1,0,0,1,0,0,0,0,"- ","- ",37.789901733398438,-121.54920196533203,"SAN JOAQUIN",UNINCORPORATED,-121.54917144775391,37.789951324462891
91201317,2020,2020-03-04,9266,2020-03-02,0455,020599,,1,3,9,3900,0,1,1,,2,014,"I-205 W/B TO MOUNTAIN HOUSE PARKWAY","MOUNTAIN HOUSE PKWY",0.00,,N,A,-,Y,,,205,,,,R,,W,Y,4,0,4,3,A,-,03,22350,,N,C,C,A,A,H,-,D,D,0,,,,,Y,,A,01,0,0,4,0,0,0,0,0,0,"- ","- ",37.742408752441406,-121.52720642089844,"SAN JOAQUIN",UNINCORPORATED,-121.52720642089844,37.742408752441406
91201605,2020,2020-03-04,9265,2020-02-26,2025,017439,,3,2,9,3900,0,2,4,,1,022,"UNION RD.","NILE AVE.",0.00,,N,A,-,N,,,,,,,,,,Y,3,0,1,1,A,-,08,22107,,N,E,I,A,A,H,-,D,D,0,,,,,Y,,A,07,0,1,0,0,0,0,0,0,0,"- ","- ",37.760108947753906,-121.23387908935547,"SAN JOAQUIN",UNINCORPORATED,-121.23387145996094,37.754970550537109
91201615,2020,2020-03-04,9265,2020-02-26,2132,018289,,3,2,9,3900,0,1,3,,2,004,"STATE ROUTE 99 SOUTHBOUND","FREMONT STREET",845.00,N,N,A,-,Y,,,99,,,,,,S,Y,4,0,1,1,A,-,08,22107,,N,E,I,A,A,H,-,D,D,0,,,,,Y,,A,01,0,0,1,0,0,0,0,0,0,"- ","- ",37.978271484375,-121.24935150146484,"SAN JOAQUIN",UNINCORPORATED,-121.24940490722656,37.978248596191406
91201782,2020,2020-03-04,9265,2020-02-29,1950,017439,,6,2,9,3900,0,2,4,,1,012,"RIVER ROAD","SEXTON RD",2112.00,E,N,A,-,N,,,,,,,,,,Y,3,0,1,1,A,-,08,22107,,N,E,I,A,A,H,-,D,D,0,,,,,Y,,A,07,0,1,0,0,0,0,0,0,0,"- ","- ",37.755359649658203,-121.01992034912109,"SAN JOAQUIN",UNINCORPORATED,-121.02540588378906,37.755104064941406
91203113,2020,2020-03-06,9265,2020-01-06,1815,019136,,1,2,9,3900,0,3,5,,2,060,"HARNEY LN","CURRY AVE",750.00,E,N,A,-,N,,,,,,,,,,N,1,1,0,2,A,-,03,22350,,N,H,G,A,A,H,-,C,D,0,,Y,,,Y,Y,A,08,0,0,0,0,0,1,0,0,0,"- ","- ",38.101238250732422,-121.23397827148438,"SAN JOAQUIN",UNINCORPORATED,-121.23524475097656,38.101280212402344
91203131,2020,2020-03-06,9266,2020-02-27,1905,018888,,4,2,9,3900,0,1,1,,1,015,"I-205 W/B TO TRACY BOULEVARD","TRACY BLVD",60.00,E,N,A,-,Y,,,205,,,,R,,W,N,4,0,1,2,A,-,21,22106,,M,C,C,A,A,H,-,C,A,0,,,,,Y,,-,99,0,0,1,0,0,0,0,0,0,"- ","- ",37.763370513916016,-121.43486022949219,"SAN JOAQUIN",UNINCORPORATED,-121.43486022949219,37.763370513916016
91203358,2020,2020-03-06,9265,2020-03-01,0326,022123,,7,3,5,3902,0,1,3,,2,006,"SR-99 N/B","E LOCKEFORD ST",1.00,N,N,B,-,Y,,,99,,,,,,N,Y,2,0,1,1,A,-,01,23152,F,N,E,I,A,A,H,-,C,D,0,,,,,Y,,A,01,1,0,0,0,0,0,0,0,0,"- ","- ",38.138328552246094,-121.25772857666016,"SAN JOAQUIN",LODI,-121.25782012939453,38.138290405273438
91204194,2020,2020-03-09,9265,2020-03-01,0110,022155,,7,3,5,3902,0,3,5,,2,090,"LOWER SACRAMENTO RD","MOKELUMNE ST.",150.00,N,N,A,-,N,,,,,,,,,,Y,2,0,1,2,A,-,01,23152,A,N,A,C,A,A,H,-,C,D,0,,,,,Y,Y,A,01,1,0,0,0,0,0,0,0,0,"- ","- ",38.155601501464844,-121.30020141601562,"SAN JOAQUIN",LODI,-121.30043792724609,38.155414581298828
91206709,2020,2020-03-12,9265,2020-03-03,1550,017439,,2,2,2,3920,0,1,1,,2,502,"I-5 S/B","LATHROP RD",1584.00,S,N,A,-,Y,,,5,,,,,,S,N,3,0,1,1,A,-,08,22107,,N,E,I,A,A,H,-,A,D,0,,,,,Y,,E,22,0,1,0,0,0,0,0,0,0,"- ","- ",37.821708679199219,-121.29219818115234,"SAN JOAQUIN",LATHROP,-121.29205322265625,37.821651458740234
91207811,2020,2020-03-13,9265,2020-03-08,1445,018955,,7,2,9,3900,0,2,4,,1,051,"DEL MAR AVE","WASHINGTON ST",0.00,,Y,B,-,N,,,,,,,,,,N,3,0,2,2,A,-,09,21802,A,F,D,C,A,A,H,-,A,A,0,,,,,Y,,D,22,0,1,1,0,0,0,0,0,0,"- ","- ",37.964439392089844,-121.23033905029297,"SAN JOAQUIN",UNINCORPORATED,-121.23036956787109,37.964450836181641
91207912,2019,2020-03-13,9265,2019-12-16,1210,018694,,1,1,4,3903,0,1,3,,2,025,"SR-120 E/B","MAIN STREET",1950.00,E,N,A,-,Y,,,120,,,,,,E,Y,1,1,4,3,A,-,03,22350,,N,C,C,A,A,H,-,A,D,0,,,,Y,Y,,G,25,0,2,2,0,0,0,0,0,0,"- ","- ",37.783191680908203,-121.20919799804688,"SAN JOAQUIN",MANTECA,-121.20919799804688,37.783199310302734
91209095,2020,2020-03-16,9266,2020-03-11,1519,021956,,3,2,9,3900,0,3,5,,2,001,"CORRAL HOLLOW ROAD","BETHANY ROAD",2640.00,S,N,A,-,N,,,,,,,,,,Y,4,0,1,2,A,-,06,21750,,N,D,C,A,A,H,-,A,D,0,,,,,Y,,A,07,0,0,1,0,0,0,0,0,0,"- ","- ",37.774688720703125,-121.45346069335938,"SAN JOAQUIN",UNINCORPORATED,-121.45339202880859,37.775897979736328
91211818,2020,2020-03-19,9265,2020-03-12,0500,021163,,4,3,9,3900,0,1,1,,2,502,"I-5 N/B","8TH ST",1483.00,N,N,A,-,Y,,,,,,,,,,Y,4,0,1,2,A,-,03,22350,,N,C,C,A,A,H,-,E,D,0,,,,,Y,,A,01,0,0,1,0,0,0,0,0,0,"- ","- ",37.930850982666016,-121.29576873779297,"SAN JOAQUIN",UNINCORPORATED,,