CASE_ID,ACCIDENT_YEAR,PROC_DATE,JURIS,COLLISION_DATE,COLLISION_TIME,OFFICER_ID,REPORTING_DISTRICT,DAY_OF_WEEK,CHP_SHIFT,POPULATION,CNTY_CITY_LOC,SPECIAL_COND,BEAT_TYPE,CHP_BEAT_TYPE,CITY_DIVISION_LAPD,CHP_BEAT_CLASS,BEAT_NUMBER,PRIMARY_RD,SECONDARY_RD,DISTANCE,DIRECTION,INTERSECTION,WEATHER_1,WEATHER_2,STATE_HWY_IND,CALTRANS_COUNTY,CALTRANS_DISTRICT,STATE_ROUTE,ROUTE_SUFFIX,POSTMILE_PREFIX,POSTMILE,LOCATION_TYPE,RAMP_INTERSECTION,SIDE_OF_HWY,TOW_AWAY,COLLISION_SEVERITY,NUMBER_KILLED,NUMBER_INJURED,PARTY_COUNT,PRIMARY_COLL_FACTOR,PCF_CODE_OF_VIOL,PCF_VIOL_CATEGORY,PCF_VIOLATION,PCF_VIOL_SUBSECTION,HIT_AND_RUN,TYPE_OF_COLLISION,MVIW,PED_ACTION,ROAD_SURFACE,ROAD_COND_1,ROAD_COND_2,LIGHTING,CONTROL_DEVICE,CHP_ROAD_TYPE,PEDESTRIAN_ACCIDENT,BICYCLE_ACCIDENT,MOTORCYCLE_ACCIDENT,TRUCK_ACCIDENT,NOT_PRIVATE_PROPERTY,ALCOHOL_INVOLVED,STWD_VEHTYPE_AT_FAULT,CHP_VEHTYPE_AT_FAULT,COUNT_SEVERE_INJ,COUNT_VISIBLE_INJ,COUNT_COMPLAINT_PAIN,COUNT_PED_KILLED,COUNT_PED_INJURED,COUNT_BICYCLIST_KILLED,COUNT_BICYCLIST_INJURED,COUNT_MC_KILLED,COUNT_MC_INJURED,PRIMARY_RAMP,SECONDARY_RAMP,LATITUDE,LONGITUDE,COUNTY,CITY,POINT_X,POINT_Y
91363159,2020,2020-12-10,9265,2020-12-05,1355,021644,,6,1,9,3900,0,2,4,,1,053,"WATERLOO RD","REPORT AVE",0.00,,Y,A,-,N,,,,,,,,,,Y,2,0,1,2,A,-,01,23152,A,N,E,I,A,A,H,-,A,D,0,,,,,Y,Y,A,01,1,0,0,0,0,0,0,0,0,"- ","- ",37.981708526611328,-121.25478363037109,"SAN JOAQUIN",UNINCORPORATED,-121.25450897216797,37.981769561767578
91363268,2020,2020-12-10,9265,2020-12-08,1911,017439,,2,2,9,3900,0,1,3,,2,025,"SR-120 E/B","GUTHMILLER RD",1056.00,E,N,A,-,Y,,,120,,,,,,E,Y,3,0,3,2,A,-,03,22350,,N,C,C,A,A,H,-,C,D,0,,,,,Y,,D,22,0,3,0,0,0,0,0,0,0,"- ","- ",37.787498474121094,-121.28064727783203,"SAN JOAQUIN",UNINCORPORATED,-121.28067016601562,37.787433624267578
91364245,2020,2020-12-11,9265,2020-12-02,2140,022134,,3,2,9,3900,0,3,5,,2,070,"EIGHT MILE RD","WEST LN",1500.00,E,N,A,-,N,,,,,,,,,,Y,4,0,2,2,A,-,01,23152,A,F,C,C,A,A,H,-,C,D,0,,,,,Y,,A,07,0,0,2,0,0,0,0,0,0,"- ","- ",38.057498931884766,-121.20317840576172,"SAN JOAQUIN",UNINCORPORATED,-121.29113006591797,38.057476043701172
91366797,2020,2020-12-14,9265,2020-12-07,1902,020785,,1,2,9,3900,0,1,1,,2,505,"I-5 N/B","SR-12 W/B",75.00,N,N,A,-,Y,,,5,,,,,,N,Y,2,0,1,1,A,-,01,23152,A,N,E,J,A,A,H,-,D,D,0,,,,,Y,Y,D,22,1,0,0,0,0,0,0,0,0,"- ","- ",38.116031646728516,-121.39797973632812,"SAN JOAQUIN",UNINCORPORATED,-121.39784240722656,38.116100311279297
91368113,2020,2020-12-16,9265,2020-12-11,1540,018850,,5,2,9,3900,0,1,3,,1,042,"SR-4 E/B","FILBERT ST",800.00,W,N,B,-,Y,,,,,,,,,,Y,3,0,1,2,A,-,03,22350,,N,C,C,A,A,H,-,A,D,0,,,,,Y,,A,01,0,1,0,0,0,0,0,0,0,"- ","- ",37.958858489990234,-121.25639343261719,"SAN JOAQUIN",UNINCORPORATED,-121.25627899169922,37.958896636962891
91369099,2020,2020-12-17,9265,2020-12-15,2140,021401,,2,2,9,3900,0,2,4,,1,093,"DAVIS RD","SARGENT RD",0.00,,Y,A,-,N,,,,,,,,,,Y,4,0,1,1,A,-,08,22107,,N,E,I,A,A,H,-,D,D,0,,,,,Y,,A,07,0,0,1,0,0,0,0,0,0,"- ","- ",38.130210876464844,-121.33416748046875,"SAN JOAQUIN",UNINCORPORATED,-121.33425903320312,38.130161285400391
91369165,2020,2020-12-17,9265,2020-12-14,1817,022123,,1,2,9,3900,0,2,4,,1,082,"ALPINE AVE.","MARINE AVE",150.00,E,N,A,-,N,,,,,,,,,,N,2,0,1,2,A,-,08,22107,,N,D,G,A,A,H,-,C,D,0,,Y,,,Y,Y,L,04,1,0,0,0,0,0,1,0,0,"- ","- ",37.972549438476562,-121.32888793945312,"SAN JOAQUIN",UNINCORPORATED,-121.32896423339844,37.97259521484375
91370921,2020,2020-12-18,9265,2020-12-12,1815,013539,,6,2,6,3905,0,1,1,,2,503,"I-5 S/B","COUNTRY CLUB DRIVE",1116.00,S,N,A,-,Y,,,5,,,,,,S,Y,4,0,1,2,A,-,07,21658,A,N,D,C,A,A,H,-,C,D,0,,,,,Y,,A,01,0,0,1,0,0,0,0,0,0,"- ","- ",37.961528778076172,-121.33445739746094,"SAN JOAQUIN",STOCKTON,-121.33446502685547,37.961528778076172
91370972,2020,2020-12-18,9265,2020-12-14,1500,018850,,1,2,9,3900,0,1,3,,2,006,"SR-99 N/B","COLLIER RD",2640.00,S,N,A,-,Y,,,99,,,,,,N,Y,4,0,1,1,A,-,08,22107,,N,E,I,A,A,H,-,A,D,0,,,,,Y,,A,01,0,0,1,0,0,0,0,0,0,"- ","- ",38.21173095703125,-121.26622009277344,"SAN JOAQUIN",UNINCORPORATED,-121.26628875732422,38.211688995361328
91373007,2020,2020-12-22,9265,2020-12-17,1035,015490,,4,1,9,3900,0,1,3,,1,062,"SR-88 E/B","ALPINE RD.",528.00,E,N,A,-,Y,,,88,,,,,,E,N,4,0,1,2,A,-,08,22107,,N,B,C,A,A,H,-,A,D,0,,,,,Y,,A,01,0,0,1,0,0,0,0,0,0,"- ","- ",38.016620635986328,-121.20690155029297,"SAN JOAQUIN",UNINCORPORATED,-121.2069091796875,38.016632080078125
91374251,2020,2020-12-23,9265,2020-12-13,0950,017405,,7,1,6,3905,0,1,1,,2,503,"I-5 N/B","CHURCH ST.",418.00,S,N,B,C,Y,,,5,,,,,,N,Y,4,0,1,2,A,-,03,22350,,N,B,C,A,B,H,-,A,D,0,,,,,Y,,A,01,0,0,1,0,0,0,0,0,0,"- ","- ",37.944820404052734,-121.29878234863281,"SAN JOAQUIN",STOCKTON,-121.29874420166016,37.944828033447266
91377977,2020,2020-12-30,9266,2020-12-24,0245,022498,,4,3,9,3900,0,3,5,,2,002,"LINNE ROAD","BIRD ROAD",195.00,E,N,B,-,N,,,,,,,,,,Y,3,0,1,1,A,-,12,22450,A,N,F,A,A,A,H,-,D,D,0,,,,,Y,,A,01,0,1,0,0,0,0,0,0,0,"- ","- ",37.414600372314453,-121.21379852294922,"SAN JOAQUIN",UNINCORPORATED,-121.36152648925781,37.696269989013672
91378081,2020,2020-12-30,9265,2020-12-23,1540,018850,,3,2,9,3900,0,3,5,,2,090,"SR-99 W. FRONTAGE RD","WOODBRIDGE RD",0.00,,Y,A,-,Y,,,,,,,,,,Y,4,0,2,2,A,-,09,21802,A,N,D,C,A,A,H,-,B,A,0,,,,,Y,,A,08,0,0,2,0,0,0,0,0,0,"- ","- ",38.160228729248047,-121.26335144042969,"SAN JOAQUIN",UNINCORPORATED,-121.26187133789062,38.160198211669922
91380228,2020,2021-01-04,9266,2020-12-22,1605,020083,,2,2,9,3900,0,1,3,,1,011,SR-4,"TRACY BLVD",1500.00,W,N,A,-,Y,,,4,,,,,,,Y,4,0,3,4,A,-,03,22350,,N,C,C,A,A,H,-,A,D,0,,,,,Y,,A,01,0,0,3,0,0,0,0,0,0,"- ","- ",37.899971008300781,-121.4710693359375,"SAN JOAQUIN",UNINCORPORATED,-121.47113037109375,37.900066375732422
91380306,2020,2021-01-04,9265,2020-12-27,1440,022365,,7,2,9,3900,0,3,5,,2,060,"SHARON DR","TULLY RD",145.00,W,N,A,-,N,,,,,,,,,,N,4,0,1,1,C,-,18,,,N,A,I,A,A,H,-,A,D,0,,,,,Y,,-,"- ",0,0,1,0,0,0,0,0,0,"- ","- ",38.158710479736328,-121.14560699462891,"SAN JOAQUIN",UNINCORPORATED,-121.14543151855469,38.158664703369141
91383625,2020,2021-01-07,9265,2020-11-24,0445,019307,,2,3,9,3900,0,2,4,,1,022,"UNION ROAD","LOVELACE ROAD",1124.00,S,N,A,-,N,,,,,,,,,,Y,1,1,1,1,A,-,01,23152,F,N,E,I,A,A,H,-,D,D,0,,,,,Y,,A,01,1,0,0,0,0,0,0,0,0,"- ","- ",37.504421234130859,-121.14122009277344,"SAN JOAQUIN",UNINCORPORATED,-121.23674011230469,37.84515380859375
91384347,2021,2021-01-08,9266,2021-01-05,0920,013650,,2,1,9,3900,0,1,3,,1,025,SR-33,"WELTY ROAD",0.00,,Y,A,-,Y,,,33,,,,,,,Y,4,0,1,2,A,-,09,21802,A,N,D,C,A,A,H,-,A,A,0,,,,,Y,,A,01,0,0,1,0,0,0,0,0,0,"- ","- ",37.630428314208984,-121.28752899169922,"SAN JOAQUIN",UNINCORPORATED,-121.28732299804688,37.630653381347656
91386021,2020,2021-01-12,9265,2020-12-14,1827,017439,,1,2,9,3900,0,2,4,,1,024,"AIRPORT WAY","DIVISION RD.",2817.00,N,N,A,-,N,,,,,,,,,,Y,1,1,0,1,A,-,08,22107,,N,E,I,A,A,H,-,D,D,0,,,,,Y,,A,01,0,0,0,0,0,0,0,0,0,"- ","- ",37.693679809570312,-121.24342346191406,"SAN JOAQUIN",UNINCORPORATED,-121.24329376220703,37.693904876708984
91386105,2021,2021-01-12,9266,2021-01-11,1700,018751,,1,2,9,3900,0,1,3,,1,026,"SR-132 E/B","VERNALIS ROAD",0.00,,Y,B,-,Y,,,132,,,,,,E,Y,3,0,1,2,A,-,09,21801,A,N,D,C,A,A,H,-,A,D,0,,,,,Y,,A,08,0,1,0,0,0,0,0,0,0,"- ","- ",37.638301849365234,-121.29177093505859,"SAN JOAQUIN",UNINCORPORATED,-121.29177093505859,37.637992858886719
91386294,2021,2021-01-12,9265,2021-01-07,1635,022134,,4,2,6,3905,0,1,1,,2,504,"I-5 N/B","HAMMER LN",1000.00,N,N,A,-,Y,,,5,,,,,,N,Y,4,0,1,2,A,-,08,22107,,N,B,C,A,A,H,-,A,D,0,,,,Y,Y,,A,01,0,0,1,0,0,0,0,0,0,"- ","- ",38.023868560791016,-121.35994720458984,"SAN JOAQUIN",STOCKTON,-121.35990142822266,38.023891448974609
91388126,2021,2021-01-15,9266,2021-01-04,1806,019012,,1,2,9,3900,0,1,1,,2,014,"I-205 E/B","MOUNTAIN HOUSE PKWY",2000.00,W,N,A,-,Y,,,205,,,,,,E,Y,3,0,1,2,A,-,03,22350,,N,C,C,A,A,H,-,D,D,0,,,,,Y,,A,01,0,1,0,0,0,0,0,0,0,"- ","- ",37.742740631103516,-121.53804016113281,"SAN JOAQUIN",UNINCORPORATED,-121.53803253173828,37.742809295654297
91388664,2021,2021-01-18,9265,2021-01-11,1848,017439,,1,2,9,3900,0,3,5,,2,010,"E. RIVER RD.","CARROLLTON RD.",0.00,,Y,A,-,N,,,,,,,,,,Y,3,0,1,2,A,-,09,21801,A,N,D,C,A,A,H,-,D,D,0,,,,,Y,,D,22,0,1,0,0,0,0,0,0,0,"- ","- ",37.758121490478516,-121.06928253173828,"SAN JOAQUIN",UNINCORPORATED,-121.06925201416016,37.758079528808594
91388830,2021,2021-01-18,9265,2021-01-13,1600,018850,,3,2,9,3900,0,3,5,,2,060,SR-26,"FINE RD",0.00,,Y,A,-,Y,,,26,,,,,,,Y,4,0,1,2,A,-,09,21802,A,N,D,C,A,A,H,-,A,A,0,,,,,Y,,A,01,0,0,1,0,0,0,0,0,0,"- ","- ",38.0318603515625,-121.05014038085938,"SAN JOAQUIN",UNINCORPORATED,-121.05013275146484,38.031845092773438
91388839,2021,2021-01-18,9265,2021-01-13,0550,017989,,3,3,9,3900,0,1,3,,2,025,"SR-120 E/B","GUTHMILLER RD",461.00,W,N,A,-,Y,,,120,,,,,,E,Y,4,0,1,1,A,-,08,22107,,N,E,I,A,A,H,-,D,D,0,,,,,Y,,A,01,0,0,1,0,0,0,0,0,0,"- ","- ",37.789321899414062,-121.28900909423828,"SAN JOAQUIN",UNINCORPORATED,-121.28894805908203,37.789596557617188
91388996,2021,2021-01-18,9265,2021-01-10,1530,019489,,7,2,9,3900,0,2,4,,1,082,"ALPINE AVE","PLYMOUTH RD",145.00,W,N,A,-,N,,,,,,,,,,Y,4,0,1,3,A,-,03,22350,,N,C,C,A,A,H,-,A,A,0,,,,,Y,,A,01,0,0,1,0,0,0,0,0,0,"- ","- ",37.970348358154297,-121.33778381347656,"SAN JOAQUIN",UNINCORPORATED,-121.33773803710938,37.970401763916016
91391264,2021,2021-01-20,9265,2021-01-09,2000,013539,,6,2,9,3900,0,1,1,,2,502,"I-5 N/B","EL DORADO STREET",76.00,S,N,A,-,Y,,,5,,,,,,N,Y,3,0,3,4,A,-,08,22107,,N,B,C,A,A,H,-,C,D,0,,,,Y,Y,,A,01,0,1,2,0,0,0,0,0,0,"- ","- ",37.874599456787109,-121.27773284912109,"SAN JOAQUIN",UNINCORPORATED,-121.27766418457031,37.874610900878906
91391679,2021,2021-01-20,9265,2021-01-16,1840,021644,,6,2,4,3903,0,1,3,,2,025,"SR-120 E/B","VAN RYN AVE",1584.00,W,N,A,-,Y,,,120,,,,,,E,Y,3,0,3,3,A,-,03,22350,,N,C,C,A,A,H,-,D,D,0,,,,,Y,,A,07,0,1,2,0,0,0,0,0,0,"- ","- ",37.783191680908203,-121.20616912841797,"SAN JOAQUIN",MANTECA,-121.20616912841797,37.783206939697266
91393736,2021,2021-02-05,9266,2021-01-18,1550,014717,,1,2,5,3906,0,1,1,,1,015,"I-205 E/B","MACARTHUR DRIVE",1210.00,W,N,A,-,Y,,,205,,,,,,E,Y,3,0,3,6,D,-,00,,,M,C,C,A,A,H,-,A,D,0,,,,,Y,,-,"- ",0,1,2,0,0,0,0,0,0,"- ","- ",37.763500213623047,-121.41928100585938,"SAN JOAQUIN",TRACY,-121.41926574707031,37.763427734375
91394260,2021,2021-01-26,9265,2021-01-17,1500,017989,,7,2,9,3900,0,2,4,,1,093,"DAVIS RD","ARMSTRONG RD",0.00,,Y,A,-,N,,,,,,,,,,Y,4,0,2,2,A,-,12,22450,A,N,D,C,A,A,H,-,A,A,0,,,,,Y,,D,22,0,0,2,0,0,0,0,0,0,"- ","- ",38.086780548095703,-121.33370208740234,"SAN JOAQUIN",UNINCORPORATED,-121.33371734619141,38.086585998535156
91395146,2021,2021-01-27,9266,2021-01-21,0553,021241,,4,3,9,3900,0,1,1,,2,014,"I-205 W/B","HANSEN ROAD",1320.00,E,N,A,-,Y,,,205,,,,,,W,Y,4,0,2,3,A,-,03,22350,,N,C,C,A,A,H,-,D,D,0,,,,,Y,,A,01,0,0,2,0,0,0,0,0,0,"- ","- ",37.741058349609375,-121.50720977783203,"SAN JOAQUIN",UNINCORPORATED,-121.50720977783203,37.741062164306641
91395235,2021,2021-01-27,9265,2021-01-21,0742,015629,,4,1,9,3900,0,1,1,,2,505,"I-5 N/B","BARBER ROAD",120.00,W,N,A,-,Y,,,,,,,,,,Y,4,0,1,1,A,-,08,22107,,N,E,I,A,A,H,-,A,D,0,,,,,Y,,A,01,0,0,1,0,0,0,0,0,0,"- ","- ",38.146930694580078,-121.26634979248047,"SAN JOAQUIN",UNINCORPORATED,-121.44448089599609,38.246414184570312
91398888,2021,2021-01-29,9265,2021-01-23,0633,018836,,6,1,9,3900,0,1,3,,2,004,"SR-99 S/B","WILSON WAY O/C",180.00,S,N,B,-,Y,,,99,,,,,,S,Y,4,0,1,1,A,-,08,22107,,N,F,A,A,B,H,-,C,D,0,,,,,Y,,A,07,0,0,1,0,0,0,0,0,0,"- ","- ",38.002731323242188,-121.25724792480469,"SAN JOAQUIN",UNINCORPORATED,-121.25728607177734,38.002704620361328
91400120,2021,2021-02-01,9265,2021-01-24,0345,021625,,7,3,9,3900,0,1,3,,2,006,"SR-99 N/B","HARNEY LN",1478.00,S,N,A,-,Y,,,99,,,,,,N,Y,3,0,1,2,A,-,03,22350,,N,C,C,A,A,H,-,D,D,0,,,,,Y,Y,A,07,0,1,0,0,0,0,0,0,0,"- ","- ",38.097461700439453,-121.26004028320312,"SAN JOAQUIN",UNINCORPORATED,-121.26004028320312,38.097461700439453
91400126,2021,2021-02-01,9266,2021-01-28,1245,013866,,4,1,5,3906,0,3,5,,2,001,"I-205 W/B","CORRAL HOLLOW ROAD",1056.00,E,N,C,-,Y,,,205,,,,,,W,Y,4,0,1,2,A,-,03,22350,,N,B,C,A,B,H,-,A,D,0,,,,,Y,,A,07,0,0,1,0,0,0,0,0,0,"- ","- ",37.762161254882812,-121.44396209716797,"SAN JOAQUIN",TRACY,-121.44393157958984,37.762065887451172
91400508,2021,2021-02-02,9266,2021-01-23,0649,015029,,6,1,9,3900,0,2,4,,1,023,"CHRISMAN ROAD",SR-132,910.00,N,N,B,-,N,,,,,,,,,,Y,2,0,1,2,A,-,05,21460,A,N,B,C,A,A,H,-,B,A,0,,,,,Y,,D,22,1,0,0,0,0,0,0,0,0,"- ","- ",37.382801055908203,-121.23509979248047,"SAN JOAQUIN",UNINCORPORATED,-121.39763641357422,37.640617370605469
91401134,2021,2021-02-02,9265,2021-01-22,1425,021781,,5,2,9,3900,0,1,3,,2,001,"SR-99 S/B","AUSTIN ROAD",2640.00,S,N,A,-,Y,,,99,,,,,,S,N,4,0,1,2,A,-,07,21658,A,N,B,C,A,A,H,-,A,D,0,,,,Y,Y,,A,01,0,0,1,0,0,0,0,0,0,"- ","- ",37.772171020507812,-121.17626953125,"SAN JOAQUIN",UNINCORPORATED,-121.17625427246094,37.772190093994141
91402046,2021,2021-02-03,9265,2021-01-28,0105,020651,,4,3,2,3920,0,1,1,,2,502,"I-5 N/B","ROTH RD",2112.00,S,N,B,-,Y,,,5,,,,,,N,Y,4,0,1,2,A,-,01,23152,A,N,C,C,A,B,H,-,D,D,0,,,,,Y,Y,A,01,0,0,1,0,0,0,0,0,0,"- ","- ",37.850231170654297,-121.28321838378906,"SAN JOAQUIN",LATHROP,-121.28321075439453,37.850227355957031
91402462,2021,2021-02-04,9265,2021-01-27,0540,021401,,3,3,6,3905,0,1,1,,2,503,"I-5 S/B","FREMONT ST",150.00,S,N,B,C,Y,,,5,,,,,,S,N,4,0,2,2,A,-,03,22350,,N,C,C,A,B,H,-,C,D,0,,,,,Y,,A,01,0,0,2,0,0,0,0,0,0,"- ","- ",37.954059600830078,-121.31107330322266,"SAN JOAQUIN",STOCKTON,-121.31107330322266,37.954051971435547
91404448,2021,2021-02-08,9265,2021-01-27,1110,015630,,3,1,9,3900,0,2,4,,1,053,"MAIN ST","ANTEROS AVE",0.00,,Y,B,C,N,,,,,,,,,,Y,3,0,2,2,A,-,09,21800,D,N,D,C,A,B,H,-,A,B,0,,,,,Y,,D,22,0,2,0,0,0,0,0,0,0,"- ","- ",37.571498870849609,-121.14150238037109,"SAN JOAQUIN",UNINCORPORATED,-121.23770904541016,37.954143524169922
91405465,2021,2021-02-09,9265,2021-02-04,1558,020313,,4,2,4,3903,0,1,3,,2,001,"SR-99 S/B","AUSTIN ROAD",2380.00,S,N,A,-,Y,,,99,,,,,,S,Y,4,0,1,2,A,-,03,22350,,N,C,C,A,A,H,-,A,D,0,,,,,Y,,A,01,0,0,1,0,0,0,0,0,0,"- ","- ",37.769390106201172,-121.17236328125,"SAN JOAQUIN",MANTECA,-121.17231750488281,37.76947021484375
91405924,2021,2021-02-10,9265,2021-02-06,1630,020785,,6,2,9,3900,0,3,5,,2,090,"WALNUT GROVE RD","N. ATEPA LN.",265.00,W,N,A,-,N,,,,,,,,,,Y,4,0,1,1,A,-,01,23152,A,N,F,I,A,A,H,-,A,D,0,,,,,Y,Y,A,01,0,0,1,0,0,0,0,0,0,"- ","- ",38.226119995117188,-121.44062805175781,"SAN JOAQUIN",UNINCORPORATED,-121.44058227539062,38.226181030273438
91407405,2021,2021-02-12,9265,2021-02-04,1310,019128,,4,1,4,3903,0,1,3,,2,025,"SR-120 E/B","VAN RYN AVE.",380.00,W,N,A,-,Y,,,120,,,,,,E,Y,4,0,2,2,A,-,03,22350,,N,C,C,A,A,H,-,A,D,0,,,,Y,Y,,G,25,0,0,2,0,0,0,0,0,0,"- ","- ",37.783168792724609,-121.20185852050781,"SAN JOAQUIN",MANTECA,-121.20185852050781,37.783203125
9140769,2020,2020-10-13,3905,2020-08-07,1503,2466,CIV,5,5,6,3905,0,0,0,,0,,"PARK ST","AMERICAN ST",0.00,,Y,A,-,N,,,,,,,,,,N,4,0,1,2,A,-,09,21802,A,N,D,C,A,A,H,-,A,A,0,,,Y,,Y,,C,02,0,0,1,0,0,0,0,0,1,"- ","- ",37.960758209228516,-121.28507232666016,"SAN JOAQUIN",STOCKTON,-121.28517913818359,37.960781097412109
9140770,2020,2020-10-13,3905,2020-08-07,1825,2536,VAL,5,5,6,3905,0,0,0,,0,,"TOULOUSE WY","BORDEAUX AV",420.00,N,N,A,-,N,,,,,,,,,,N,3,0,1,2,A,-,03,22350,,N,A,E,A,A,H,-,A,D,0,,,,,Y,,A,01,0,1,0,0,0,0,0,0,0,"- ","- ",38.025150299072266,-121.29213714599609,"SAN JOAQUIN",STOCKTON,-121.29189300537109,38.025161743164062
91407896,2021,2021-02-12,9266,2021-02-09,0440,013650,,2,3,9,3900,0,2,4,,1,016,"ELEVENTH STREET W/B","GRANT LINE ROAD",1575.00,E,N,A,-,N,,,,,,,,,,Y,3,0,1,1,A,-,08,22107,,N,F,A,A,A,H,-,D,D,0,,,,,Y,,A,07,0,1,0,0,0,0,0,0,0,"- ","- ",37.756938934326172,-121.34677886962891,"SAN JOAQUIN",UNINCORPORATED,-121.35210418701172,37.753135681152344
91408641,2021,2021-02-16,9265,2021-02-05,0730,015490,,5,1,9,3900,0,3,5,,2,090,"SR-99 W FRONTAGE RD","ARMSTRONG RD",150.00,S,N,A,-,N,,,99,,,,,,,Y,4,0,2,2,A,-,05,21460,A,N,A,C,A,A,H,-,A,D,0,,,,,Y,,A,07,0,0,2,0,0,0,0,0,0,"- ","- ",38.086849212646484,-121.26058959960938,"SAN JOAQUIN",UNINCORPORATED,-121.2601318359375,38.086849212646484
91408768,2021,2021-02-16,9265,2021-02-06,1225,018836,,6,1,9,3900,0,3,5,,2,060,"DUNCAN RD","COMSTOCK RD",0.00,,Y,A,-,N,,,,,,,,,,Y,4,0,1,2,A,-,09,21802,A,N,D,C,A,A,H,-,A,D,0,,,,,Y,,D,22,0,0,1,0,0,0,0,0,0,"- ","- ",38.044879913330078,-121.09612274169922,"SAN JOAQUIN",UNINCORPORATED,-121.09615325927734,38.044853210449219
91408772,2021,2021-02-16,9265,2021-02-06,1945,021781,,6,2,9,3900,0,1,3,,2,025,SR-120,"VAN RYN ROAD",1160.00,W,N,A,-,Y,,,120,,,,,,,Y,4,0,2,2,A,-,01,23152,A,N,C,C,A,A,H,-,A,D,0,,,,,Y,Y,A,01,0,0,2,0,0,0,0,0,0,"- ","- ",37.783599853515625,-121.20115661621094,"SAN JOAQUIN",UNINCORPORATED,-121.20115661621094,37.783527374267578
91409384,2021,2021-02-16,9265,2021-02-10,1430,020513,,3,2,9,3900,0,2,4,,1,074,"BENJAMIN HOLT DR","LEESBURG PL",0.00,,Y,A,-,N,,,,,,,,,,Y,4,0,1,3,A,-,03,22350,,N,C,C,A,A,H,-,A,D,0,,,,,Y,,A,07,0,0,1,0,0,0,0,0,0,"- ","- ",38.008201599121094,-121.33040618896484,"SAN JOAQUIN",UNINCORPORATED,-121.33029174804688,38.008285522460938
91409414,2021,2021-02-16,9265,2021-02-12,0700,019128,,5,1,9,3900,0,1,3,,2,001,"SR-99 N/B","JACK TONE ROAD",3221.00,N,N,A,-,Y,,,99,,,,,,N,Y,4,0,1,2,A,-,03,22350,,N,C,C,A,A,H,-,A,D,0,,,,,Y,,A,08,0,0,1,0,0,0,0,0,0,"- ","- ",37.757671356201172,-121.15200042724609,"SAN JOAQUIN",UNINCORPORATED,-121.15196228027344,37.757728576660156
9140978,2020,2020-09-21,3905,2020-07-29,0020,2466,CIV,3,5,6,3905,0,0,0,,0,,"WEST LN","EL PINAL DR",1000.00,N,N,A,-,N,,,,,,,,,,,3,0,1,1,C,-,18,,,N,E,J,A,A,C,E,C,D,0,,,,,Y,,-,"- ",0,1,0,0,0,0,0,0,0,"- ","- ",37.977878570556641,-121.28098297119141,"SAN JOAQUIN",STOCKTON,-121.28247833251953,37.980499267578125
91410878,2021,2021-02-18,9266,2021-02-04,0825,014717,,4,1,9,3900,0,1,1,,2,024,"I-5 N/B","SAN JOAQUIN RIVER",1740.00,S,N,B,-,Y,,,5,,,,,,N,Y,2,0,4,2,A,-,07,21658,A,N,B,C,A,A,H,-,B,D,0,,,,,Y,,A,07,1,1,2,0,0,0,0,0,0,"- ","- ",37.781681060791016,-121.31154632568359,"SAN JOAQUIN",UNINCORPORATED,-121.31158447265625,37.781726837158203
91411058,2021,2021-02-18,9266,2021-02-14,0600,020599,,7,1,9,3900,0,1,1,,2,024,"I-5 N/B","STEWART ROAD",1090.00,S,N,A,-,Y,,,5,,,,,,N,Y,4,0,1,2,A,-,03,22350,,N,C,C,A,A,H,-,D,D,0,,,,,Y,,A,01,0,0,1,0,0,0,0,0,0,"- ","- ",37.777179718017578,-121.31793975830078,"SAN JOAQUIN",UNINCORPORATED,-121.31787872314453,37.777095794677734
91411716,2021,2021-07-19,9266,2021-02-14,0553,020599,,7,3,9,3900,0,1,1,,2,024,"I-5 N/B","STEWART ROAD",1160.00,S,N,A,-,Y,,,5,,,,,,N,Y,4,0,3,2,A,-,07,21658,A,N,B,C,A,A,H,-,D,D,0,,,,,Y,,A,01,0,0,3,0,0,0,0,0,0,"- ","- ",37.776828765869141,-121.31832885742188,"SAN JOAQUIN",UNINCORPORATED,-121.31829833984375,37.776790618896484
91413498,2021,2021-02-23,9266,2021-02-23,0530,013668,,2,3,9,3900,0,1,1,,2,021,"I-580 E/B","CORRAL HOLLOW ROAD",275.00,W,N,B,-,Y,,,580,,,,,,E,Y,4,0,1,1,A,-,08,22107,,N,E,I,A,A,H,-,D,D,0,,,,,Y,,A,01,0,0,1,0,0,0,0,0,0,"- ","- ",37.673091888427734,-121.45822906494141,"SAN JOAQUIN",UNINCORPORATED,-121.45842742919922,37.672779083251953