CASE_ID,ACCIDENT_YEAR,PROC_DATE,JURIS,COLLISION_DATE,COLLISION_TIME,OFFICER_ID,REPORTING_DISTRICT,DAY_OF_WEEK,CHP_SHIFT,POPULATION,CNTY_CITY_LOC,SPECIAL_COND,BEAT_TYPE,CHP_BEAT_TYPE,CITY_DIVISION_LAPD,CHP_BEAT_CLASS,BEAT_NUMBER,PRIMARY_RD,SECONDARY_RD,DISTANCE,DIRECTION,INTERSECTION,WEATHER_1,WEATHER_2,STATE_HWY_IND,CALTRANS_COUNTY,CALTRANS_DISTRICT,STATE_ROUTE,ROUTE_SUFFIX,POSTMILE_PREFIX,POSTMILE,LOCATION_TYPE,RAMP_INTERSECTION,SIDE_OF_HWY,TOW_AWAY,COLLISION_SEVERITY,NUMBER_KILLED,NUMBER_INJURED,PARTY_COUNT,PRIMARY_COLL_FACTOR,PCF_CODE_OF_VIOL,PCF_VIOL_CATEGORY,PCF_VIOLATION,PCF_VIOL_SUBSECTION,HIT_AND_RUN,TYPE_OF_COLLISION,MVIW,PED_ACTION,ROAD_SURFACE,ROAD_COND_1,ROAD_COND_2,LIGHTING,CONTROL_DEVICE,CHP_ROAD_TYPE,PEDESTRIAN_ACCIDENT,BICYCLE_ACCIDENT,MOTORCYCLE_ACCIDENT,TRUCK_ACCIDENT,NOT_PRIVATE_PROPERTY,ALCOHOL_INVOLVED,STWD_VEHTYPE_AT_FAULT,CHP_VEHTYPE_AT_FAULT,COUNT_SEVERE_INJ,COUNT_VISIBLE_INJ,COUNT_COMPLAINT_PAIN,COUNT_PED_KILLED,COUNT_PED_INJURED,COUNT_BICYCLIST_KILLED,COUNT_BICYCLIST_INJURED,COUNT_MC_KILLED,COUNT_MC_INJURED,PRIMARY_RAMP,SECONDARY_RAMP,LATITUDE,LONGITUDE,COUNTY,CITY,POINT_X,POINT_Y
91673487,2021,2022-01-07,9265,2021-12-27,1747,021649,,1,2,6,3905,0,1,1,,2,504,"I-5 S/B","BROOKSIDE ROAD",226.00,N,N,A,-,Y,,,5,,,,,,S,N,4,0,1,2,A,-,07,21658,A,M,B,C,A,A,H,-,C,C,0,,,,,Y,,-,99,0,0,1,0,0,0,0,0,0,"- ","- ",37.980220794677734,-121.34194183349609,"SAN JOAQUIN",STOCKTON,-121.34190368652344,37.980236053466797
91674804,2021,2022-01-10,9265,2021-12-29,1435,020513,,3,2,9,3900,0,3,5,,2,030,"S. MCKINLEY AVE","FRENCH CAMP RD",130.00,N,N,C,-,N,,,,,,,,,,Y,3,0,1,1,A,-,03,22350,,N,E,I,A,B,H,-,A,D,0,,,,,Y,,D,22,0,1,0,0,0,0,0,0,0,"- ","- ",37.886390686035156,-121.27200317382812,"SAN JOAQUIN",UNINCORPORATED,-121.27202606201172,37.88629150390625
91674869,2021,2022-01-10,9265,2021-12-03,1900,022155,,5,2,9,3900,0,2,4,,1,053,"WATERLOO RD.","SR-99 S/B OFFRAMP",0.00,,Y,A,-,N,,,,,,,,,,Y,3,0,1,2,A,-,12,21453,A,F,D,C,A,A,H,-,C,A,0,,,,,Y,,A,01,0,1,0,0,0,0,0,0,0,"- ","- ",37.983860015869141,-121.25128936767578,"SAN JOAQUIN",UNINCORPORATED,-121.251289,37.98386
91675514,2021,2022-01-11,9265,2021-12-30,0909,018511,,4,1,9,3900,0,1,3,,2,006,"SR-99 N/B","LIBERTY ROAD",3168.00,N,N,A,-,Y,,,99,,,,,,N,Y,4,0,1,2,A,-,03,22350,,N,C,C,A,A,H,-,A,D,0,,,,Y,Y,,A,01,0,0,1,0,0,0,0,0,0,"- ","- ",38.241111755371094,-121.28500366210938,"SAN JOAQUIN",UNINCORPORATED,-121.28501129150391,38.241100311279297
91675532,2021,2022-01-11,9265,2021-12-30,1014,016382,,4,1,9,3900,0,1,3,,2,025,"SR-120 E/B TO MAIN ST.","MAIN STREET",970.00,W,N,A,-,Y,,,,,,,,,,Y,3,0,1,1,A,-,03,22350,,N,F,A,A,A,H,-,A,D,0,,,,Y,Y,,F,27,0,1,0,0,0,0,0,0,0,"- ","- ",37.782768249511719,-121.21926116943359,"SAN JOAQUIN",UNINCORPORATED,-121.21921539306641,37.783184051513672
91675641,2021,2022-01-11,9265,2021-12-17,1100,017989,,5,1,9,3900,0,1,3,,1,092,SR-12,"GUARD RD",1313.00,W,N,A,-,Y,,,12,,,,,,,Y,1,1,1,2,A,-,08,22107,,N,D,C,A,A,H,-,A,D,0,,,,Y,Y,,A,01,0,0,1,0,0,0,0,0,0,"- ","- ",38.115829467773438,-121.42778015136719,"SAN JOAQUIN",UNINCORPORATED,-121.42778778076172,38.115898132324219
91675861,2022,2022-01-11,9265,2022-01-01,0915,018836,,6,1,9,3900,0,3,5,,2,060,"DUNCAN RD","MILTON RD",70.00,N,N,A,-,N,,,,,,,,,,Y,4,0,1,1,A,-,08,22107,,N,E,I,A,A,H,-,A,D,0,,,,,Y,,A,01,0,0,1,0,0,0,0,0,0,"- ","- ",37.986141204833984,-121.09496307373047,"SAN JOAQUIN",UNINCORPORATED,-121.09493255615234,37.986770629882812
91675992,2022,2022-01-11,9265,2022-01-04,1125,017123,,2,1,9,3900,0,2,4,,1,082,"COUNRTY CLUB BLVD","PERSHING AVE",135.00,W,N,B,-,N,,,,,,,,,,N,3,0,1,2,A,-,08,22100,B,N,B,C,A,A,H,-,A,D,0,,,,,Y,,A,01,0,1,0,0,0,0,0,0,0,"- ","- ",37.969341278076172,-121.31569671630859,"SAN JOAQUIN",UNINCORPORATED,-121.31558227539062,37.969352722167969
91676373,2021,2022-01-12,9265,2021-12-29,0650,017989,,3,1,9,3900,0,1,1,,2,505,"I-5 N/B",SR-12,11616.00,S,N,C,-,Y,,,5,,,,,,N,Y,3,0,1,1,A,-,03,22350,,N,E,8,A,B,H,-,B,D,0,,,,,Y,,D,22,0,1,0,0,0,0,0,0,0,"- ","- ",38.087188720703125,-121.38162994384766,"SAN JOAQUIN",UNINCORPORATED,-121.38173675537109,38.087142944335938
91676876,2021,2022-01-12,9265,2021-12-05,1745,022049,,7,2,9,3900,0,2,4,,1,093,"THORNTON ROAD","TURNER ROAD",2167.00,S,N,A,-,N,,,,,,,,,,N,1,1,0,2,C,-,18,,,N,G,B,E,A,H,-,D,D,0,Y,,,Y,Y,,-,"- ",0,0,0,1,0,0,0,0,0,"- ","- ",38.140048980712891,-121.39871978759766,"SAN JOAQUIN",UNINCORPORATED,-121.39869689941406,38.140098571777344
91677469,2022,2022-01-13,9265,2022-01-06,1922,018694,,4,2,3,3904,0,1,3,,2,001,"SR-99 N/B","JACK TONE ROAD",1584.00,S,N,A,-,Y,SJ,,99,,,2.065,H,,R,Y,3,0,1,1,A,-,08,22107,,N,E,I,A,A,H,-,C,D,0,,,,,Y,,A,01,0,1,0,0,0,0,0,0,0,"- ","- ",37.74993896484375,-121.13841247558594,"SAN JOAQUIN",RIPON,-121.13840484619141,37.749942779541016
91680261,2022,2022-01-18,9265,2022-01-08,0625,018222,,6,1,9,3900,0,3,5,,2,010,"VICTORY AVENUE","PLEASANT VALLEY ROAD",10.00,S,N,E,-,N,,,,,,,,,,Y,4,0,1,2,A,-,03,22350,,N,C,C,A,B,H,-,D,D,0,,,,Y,Y,,A,01,0,0,1,0,0,0,0,0,0,"- ","- ",37.805648803710938,-120.92363739013672,"SAN JOAQUIN",UNINCORPORATED,-120.92364501953125,37.805713653564453
91680973,2022,2022-01-19,9265,2022-01-08,0155,019139,,6,3,9,3900,0,3,5,,2,090,"LOWER SACRAMENTO RD.","WOODSON RD.",1584.00,S,N,E,-,N,,,,,,,,,,Y,4,0,2,2,A,-,01,23152,A,N,A,C,A,A,H,-,C,D,0,,,,,Y,Y,A,01,0,0,2,0,0,0,0,0,0,"- ","- ",38.213310241699219,-121.29341888427734,"SAN JOAQUIN",UNINCORPORATED,-121.29258728027344,38.213802337646484
91682048,2022,2022-01-20,9265,2022-01-10,0850,017123,,1,1,9,3900,0,3,5,,2,080,"RIVER RD","YACHT HARBOR DR",435.00,E,N,A,-,N,,,,,,,,,,Y,3,0,1,1,A,-,08,22107,,N,E,I,A,A,H,-,A,D,0,,,,,Y,,A,01,0,1,0,0,0,0,0,0,0,"- ","- ",37.966419219970703,-121.35997009277344,"SAN JOAQUIN",UNINCORPORATED,-121.35977935791016,37.96630859375
91682679,2022,2022-01-21,9265,2022-01-12,0935,015629,,3,1,6,3905,0,1,1,,2,504,"I-5 SOUTHBOUND (S/B)","HAMMER LANE",5280.00,N,N,A,-,Y,SJ,,5,,,33.410,H,,L,Y,4,0,1,1,A,-,08,22107,,N,F,A,A,A,H,-,A,D,0,,,,,Y,,A,07,0,0,1,0,0,0,0,0,0,"- ","- ",38.031269073486328,-121.36373901367188,"SAN JOAQUIN",STOCKTON,-121.36385345458984,38.031234741210938
91682859,2022,2022-01-21,9265,2022-01-13,0910,015629,,4,1,9,3900,0,1,3,,1,092,SR-12,"DAVIS ROAD",0.00,,Y,A,-,Y,SJ,,12,,,13.660,H,,R,Y,4,0,3,2,A,-,12,21453,A,N,D,C,A,A,H,-,A,A,0,,,,,Y,,A,07,0,0,3,0,0,0,0,0,0,"- ","- ",38.115570068359375,-121.33408355712891,"SAN JOAQUIN",UNINCORPORATED,-121.33408355712891,38.115547180175781
91683576,2022,2022-01-24,9265,2022-01-12,1820,021284,,3,2,6,3905,0,1,3,,1,042,"SR-4 W/B","N WILSON WAY UNDER-CROSSING",20.00,W,N,A,-,Y,SJ,,4,,R,17.712,H,,L,Y,4,0,1,3,A,-,03,22350,,N,C,C,A,A,H,-,D,D,0,,,,,Y,,A,01,0,0,1,0,0,0,0,0,0,"- ","- ",37.9534912109375,-121.2711181640625,"SAN JOAQUIN",STOCKTON,-121.27111053466797,37.953464508056641
91683896,2022,2022-01-24,9265,2022-01-19,1034,020513,,3,1,9,3900,0,1,3,,2,003,"SR-99 N/B","ARCH RD",4380.00,S,N,A,-,Y,SJ,,99,,,13.778,H,,R,Y,3,0,1,2,A,-,03,22350,,N,E,J,A,A,H,-,A,D,0,,,,Y,Y,,A,01,0,1,0,0,0,0,0,0,0,"- ","- ",37.893058776855469,-121.22030639648438,"SAN JOAQUIN",UNINCORPORATED,-121.22024536132812,37.893058776855469
91684069,2022,2022-01-24,9265,2022-01-15,1600,021284,,6,2,9,3900,0,2,4,,1,053,"WATERLOO RD","FILBERT STREET",34.00,W,N,A,-,N,,,,,,,,,,Y,3,0,2,2,A,-,01,23152,A,N,C,C,A,A,H,-,A,A,0,,,,,Y,Y,A,01,0,1,1,0,0,0,0,0,0,"- ","- ",37.976871490478516,-121.26197814941406,"SAN JOAQUIN",UNINCORPORATED,-121.26192474365234,37.976982116699219
91684618,2022,2022-01-25,9265,2022-01-14,0600,021661,,5,1,9,3900,0,1,3,,1,063,"SR-12 (VICTOR RD)","ROUS LN",410.00,E,N,E,-,N,,,,,,,,,,Y,3,0,2,2,A,-,06,21751,,N,A,C,A,A,H,-,D,D,0,,,,,Y,,D,22,0,2,0,0,0,0,0,0,0,"- ","- ",38.137798309326172,-121.22393798828125,"SAN JOAQUIN",UNINCORPORATED,-121.22393798828125,38.137786865234375
9168476,2020,2020-11-07,3905,2020-09-11,1222,7035,VAL,5,5,6,3905,0,0,0,,0,,"WEST LN","BIANCHI RD",70.00,S,N,A,-,N,,,,,,,,,,Y,3,0,1,3,A,-,01,23153,A,N,C,C,A,A,H,-,A,D,0,,,,,Y,Y,D,22,0,1,0,0,0,0,0,0,0,"- ","- ",37.9976806640625,-121.28845977783203,"SAN JOAQUIN",STOCKTON,-121.28895568847656,37.997467041015625
91684829,2021,2022-01-25,9266,2021-07-24,0407,021704,,6,3,9,3900,0,3,5,,2,001,"MACARTHUR DRIVE","DELTA AVENUE",45.00,N,N,A,-,N,,,,,,,,,,Y,4,0,4,1,A,-,01,23152,A,N,E,I,A,A,H,-,D,D,0,,,,,Y,Y,A,01,0,0,4,0,0,0,0,0,0,"- ","- ",37.798198699951172,-121.41166687011719,"SAN JOAQUIN",UNINCORPORATED,-121.41194152832031,37.798099517822266
91685782,2022,2022-01-26,9265,2022-01-15,0720,017989,,6,1,9,3900,0,1,1,,2,503,"I-5 N/B","ALPINE AVE",528.00,S,N,E,-,Y,SJ,,5,,,28.916,H,,R,Y,3,0,1,2,A,-,07,21658,A,N,B,C,A,A,H,-,A,D,0,,,,,Y,,A,01,0,1,0,0,0,0,0,0,0,"- ","- ",37.969589233398438,-121.33734130859375,"SAN JOAQUIN",UNINCORPORATED,-121.33734130859375,37.969589233398438
91685785,2022,2022-01-26,9265,2022-01-15,1545,022134,,6,2,9,3900,0,1,1,,2,503,"I-5 S/B","MONTE DIABLO AVE",1700.00,S,N,A,-,Y,SJ,,5,,,27.587,H,,L,N,4,0,1,4,A,-,03,22350,,N,C,C,A,A,B,-,A,D,0,,,,,Y,,A,01,0,0,1,0,0,0,0,0,0,"- ","- ",37.956001281738281,-121.32347106933594,"SAN JOAQUIN",UNINCORPORATED,-121.32347106933594,37.956050872802734
91685852,2022,2022-01-26,9265,2022-01-17,2050,022365,,1,2,9,3900,0,1,3,,1,062,"RT 12","RT 88",74.00,W,N,A,-,Y,SJ,,88,,,19.146,H,,R,Y,3,0,1,3,A,-,09,21453,B,M,A,C,A,A,H,-,D,A,0,,,,,Y,,-,99,0,1,0,0,0,0,0,0,0,"- ","- ",38.197650909423828,-121.06861114501953,"SAN JOAQUIN",UNINCORPORATED,-121.06861114501953,38.197650909423828
91685858,2022,2022-01-26,9265,2022-01-18,1250,016382,,2,1,3,3904,0,1,3,,2,001,SR-99,"JACK TONE RD",1700.00,N,N,A,-,Y,SJ,,99,,,2.694,H,,R,N,3,0,1,3,A,-,07,21658,A,N,B,C,A,A,H,-,A,D,0,,,,,Y,,D,22,0,1,0,0,0,0,0,0,0,"- ","- ",37.755260467529297,-121.14763641357422,"SAN JOAQUIN",RIPON,-121.14767456054688,37.755222320556641
91686744,2022,2022-01-27,9266,2022-01-14,1845,021704,,5,2,9,3900,0,1,1,,2,024,"I-5 N/B","SAN JOAQUIN RIVER",800.00,S,N,A,-,Y,SJ,,5,,R,14.344,H,,R,Y,4,0,3,2,A,-,03,22350,,N,C,C,A,A,H,-,B,D,0,,,,,Y,,A,01,0,0,3,0,0,0,0,0,0,"- ","- ",37.783668518066406,-121.30850982666016,"SAN JOAQUIN",UNINCORPORATED,-121.30855560302734,37.783714294433594
91686799,2022,2022-01-27,9265,2022-01-20,0558,018850,,4,3,9,3900,0,1,3,,1,011,SR-120,"MURPHY RD",0.00,,Y,A,-,Y,SJ,,120,,,10.820,H,,R,Y,4,0,1,2,A,-,01,23152,A,N,D,C,A,A,H,-,D,D,0,,,,Y,Y,Y,A,07,0,0,1,0,0,0,0,0,0,"- ","- ",37.797908782958984,-121.10695648193359,"SAN JOAQUIN",UNINCORPORATED,-121.10695648193359,37.79791259765625
91688393,2022,2022-01-28,9265,2022-01-18,2100,017989,,2,2,9,3900,0,1,3,,1,063,"SR-12 (VICTOR RD)","ALPINE RD",0.00,,Y,A,-,Y,SJ,,12,,,20.392,H,,R,Y,3,0,1,1,A,-,03,22350,,N,E,I,A,A,H,-,D,A,0,,,,,Y,,D,22,0,1,0,0,0,0,0,0,0,"- ","- ",38.13800048828125,-121.21533203125,"SAN JOAQUIN",UNINCORPORATED,-121.21533203125,38.137920379638672
91689948,2022,2022-01-31,9266,2022-01-20,1135,018217,,4,1,9,3900,0,3,5,,2,001,"PARADISE ROAD","ARBOR ROAD",0.00,,Y,A,-,N,,,,,,,,,,N,4,0,1,1,A,-,08,22107,,N,E,I,A,A,H,-,A,D,0,,,,,Y,,A,01,0,0,1,0,0,0,0,0,0,"- ","- ",37.768699645996094,-121.38636779785156,"SAN JOAQUIN",UNINCORPORATED,-121.38626861572266,37.768878936767578
91690665,2022,2022-02-01,9266,2022-01-27,0520,021704,,4,3,9,3900,0,3,5,,2,002,"PATTERSON PASS RD","VIA NICOLO RD",0.00,,Y,A,-,N,,,,,,,,,,Y,3,0,3,2,A,-,05,21460,A,N,D,C,A,A,H,-,D,D,0,,,,,Y,,A,01,0,1,2,0,0,0,0,0,0,"- ","- ",37.712779998779297,-121.54039764404297,"SAN JOAQUIN",UNINCORPORATED,-121.54039001464844,37.712806701660156
91690715,2022,2022-02-01,9265,2022-01-27,0640,015490,,4,1,9,3900,0,3,5,,2,060,"WOODBRIDGE RD.","E. SR-99 FRONTAGE RD.",25.00,E,N,A,-,N,,,,,,,,,,Y,3,0,1,2,A,-,03,22350,,N,D,C,A,A,H,-,D,A,0,,,,Y,Y,,D,22,0,1,0,0,0,0,0,0,0,"- ","- ",38.160160064697266,-121.25991058349609,"SAN JOAQUIN",UNINCORPORATED,-121.26004028320312,38.160209655761719
91690747,2022,2022-02-01,9266,2022-01-22,1442,018365,,6,2,9,3900,0,1,1,,2,021,"I-580 E/B FROM CHRISMAN RD.","CHRISMAN ROAD",240.00,E,N,A,-,Y,,,,,,,,,,Y,3,0,1,1,A,-,08,22107,,N,F,A,A,A,H,-,A,D,0,,,,,Y,,D,22,0,1,0,0,0,0,0,0,0,"- ","- ",37.635330200195312,-121.39733123779297,"SAN JOAQUIN",UNINCORPORATED,-121.39733123779297,37.635330200195312
9169158,2020,2020-11-19,3905,2020-09-25,1349,7034,SEA,5,5,6,3905,0,0,0,,0,,"CAROLYN WESTON BL","MANTHEY RD",10.00,E,N,A,-,,,,,,,,,,,,4,0,1,2,A,-,12,21453,A,N,A,C,A,A,H,-,A,A,0,,,,,Y,,A,07,0,0,1,0,0,0,0,0,0,"- ","- ",37.912391662597656,-121.29457092285156,"SAN JOAQUIN",STOCKTON,-121.29460906982422,37.912273406982422
91691622,2022,2022-02-02,9265,2022-01-21,0535,020071,,5,3,9,3900,0,3,5,,2,060,"ESCALON BELLOTA RD","FLOOD RD",200.00,N,N,E,-,N,,,,,,,,,,N,3,0,1,2,A,-,05,21460,A,N,B,C,A,A,H,-,C,D,0,,,,,Y,,D,22,0,1,0,0,0,0,0,0,0,"- ","- ",38.017688751220703,-121.00052642822266,"SAN JOAQUIN",UNINCORPORATED,-121.00054168701172,38.017646789550781
91691738,2022,2022-02-02,9265,2022-01-28,1540,022356,,5,2,9,3900,0,3,5,,2,010,"HOWARD RD","BORBA RD",0.00,,Y,A,-,N,,,,,,,,,,Y,2,0,5,2,A,-,05,21752,D,N,D,C,A,A,H,-,A,A,0,,,,,Y,,A,01,1,1,3,0,0,0,0,0,0,"- ","- ",37.877418518066406,-121.360107421875,"SAN JOAQUIN",UNINCORPORATED,-121.36009979248047,37.877410888671875
91693706,2022,2022-02-04,9265,2022-01-31,2338,018784,,1,3,9,3900,0,1,1,,2,503,"I-5 S/B","FRENCH CAMP RD",450.00,S,N,A,-,Y,SJ,,5,,R,22.406,H,,L,Y,3,0,1,2,A,-,03,22350,,N,C,2,A,A,H,-,C,D,0,,,,,Y,,A,01,0,1,0,0,0,0,0,0,0,"- ","- ",37.895671844482422,-121.28340911865234,"SAN JOAQUIN",UNINCORPORATED,-121.28345489501953,37.895660400390625
91694400,2021,2022-02-07,9265,2021-12-24,1824,021649,,5,2,6,3905,0,1,3,,1,042,"SR-4 W/B","S. FRESNO AVENUE",236.00,W,N,B,C,Y,,,,,,,,,,Y,4,0,1,3,A,-,01,23152,A,N,A,C,A,B,H,-,C,D,0,,,,,Y,Y,A,07,0,0,1,0,0,0,0,0,0,"- ","- ",37.942848205566406,-121.31284332275391,"SAN JOAQUIN",STOCKTON,-121.31276702880859,37.942890167236328
91694864,2022,2022-02-07,9266,2022-02-02,1315,015029,,3,1,9,3900,0,1,1,,1,015,"I-205 E/B","PARADISE ROAD O/C",1600.00,W,N,A,-,Y,SJ,,205,,R,9.291,H,,R,Y,3,0,1,3,A,-,03,22350,,N,C,C,A,A,H,-,A,D,0,,,,,Y,,A,01,0,1,0,0,0,0,0,0,0,"- ","- ",37.764751434326172,-121.39382934570312,"SAN JOAQUIN",UNINCORPORATED,-121.39382934570312,37.764732360839844
91695002,2022,2022-02-07,9265,2022-01-26,0929,017405,,3,1,9,3900,0,1,3,,2,001,"SR-99 S/B","AUSTIN RD.",1637.00,S,N,A,-,Y,SJ,,99,,,4.576,H,,L,Y,4,0,1,2,A,-,07,21658,A,N,B,C,A,A,H,-,A,D,0,,,,,Y,,A,07,0,0,1,0,0,0,0,0,0,"- ","- ",37.771350860595703,-121.17520904541016,"SAN JOAQUIN",UNINCORPORATED,-121.17518615722656,37.771373748779297
91697020,2022,2022-02-09,9265,2022-02-04,1340,017989,,5,1,2,3920,0,1,1,,2,502,"I-5 N/B","ROTH RD",50.00,N,N,A,-,Y,SJ,,5,,R,19.686,H,,R,N,4,0,1,3,A,-,03,22350,,N,C,C,A,A,H,-,A,D,0,,,,,Y,,A,07,0,0,1,0,0,0,0,0,0,"- ","- ",37.856868743896484,-121.28176879882812,"SAN JOAQUIN",LATHROP,-121.28157043457031,37.856838226318359
91697131,2022,2022-02-09,9266,2022-02-08,1325,018217,,2,1,9,3900,0,2,4,,1,016,"11T STREET W/B","BANTA ROAD",20.00,E,N,A,-,N,,,,,,,,,,N,4,0,1,2,A,-,03,22350,,N,C,C,A,A,H,-,A,A,0,,,,,Y,,A,07,0,0,1,0,0,0,0,0,0,"- ","- ",37.739849090576172,-121.38040161132812,"SAN JOAQUIN",UNINCORPORATED,-121.37999725341797,37.739711761474609
91697752,2022,2022-02-10,9265,2022-02-03,0650,018511,,4,1,9,3900,0,1,3,,1,062,SR-88,"TOKAY COLONY ROAD",2640.00,W,N,A,-,Y,SJ,,88,,,8.817,H,,R,Y,3,0,1,2,A,-,03,22350,,N,C,C,A,A,H,-,B,D,0,,,,Y,Y,,A,01,0,1,0,0,0,0,0,0,0,"- ","- ",38.090690612792969,-121.18166351318359,"SAN JOAQUIN",UNINCORPORATED,-121.18167877197266,38.090694427490234
91697981,2022,2022-02-10,9265,2022-02-06,0002,021661,,7,3,6,3905,0,1,3,,2,004,"SR-99 S/B","WILSON WAY",50.00,S,N,A,-,Y,SJ,,99,,,21.662,H,,L,Y,3,0,1,2,A,-,03,22350,,N,A,C,A,A,H,-,C,D,0,,,,,Y,,D,22,0,1,0,0,0,0,0,0,0,"- ","- ",38.002971649169922,-121.25749206542969,"SAN JOAQUIN",STOCKTON,-121.25746154785156,38.002983093261719
91698669,2022,2022-02-11,9265,2022-02-05,1752,022365,,6,2,9,3900,0,1,S,,2,201,"SR-120 EB","MAIN ST",3010.00,W,N,A,-,Y,SJ,,120,,R,4.732,H,,R,Y,3,0,1,3,A,-,03,22350,,M,C,C,A,A,H,-,D,D,0,,,,,Y,,A,07,0,1,0,0,0,0,0,0,0,"- ","- ",37.783191680908203,-121.22641754150391,"SAN JOAQUIN",UNINCORPORATED,-121.22641754150391,37.783157348632812
91698861,2022,2022-02-11,9265,2022-02-03,1245,015629,,4,1,9,3900,0,2,4,,1,091,"EIGHT MILE ROAD EASTBOUND (E/B)","EAST EDGE OF THE ENTRANCE/EXIT TO OAK GROVE REGION",10.00,W,N,A,-,N,,,,,,,,,,N,4,0,2,2,A,-,09,21801,A,N,D,C,A,A,H,-,A,D,0,,,,,Y,,A,01,0,0,2,0,0,0,0,0,0,"- ","- ",38.057670593261719,-121.36380767822266,"SAN JOAQUIN",UNINCORPORATED,,
91700419,2022,2022-02-14,9265,2022-02-06,1830,022356,,7,2,4,3903,0,1,3,,2,025,"SR-120 E/B","MAIN ST",1050.00,E,N,A,-,Y,SJ,,120,,R,5.514,H,,R,Y,4,0,3,3,A,-,03,22350,,N,C,C,A,A,H,-,C,D,0,,,,,Y,,D,22,0,0,3,0,0,0,0,0,0,"- ","- ",37.783191680908203,-121.21215057373047,"SAN JOAQUIN",MANTECA,-121.21215057373047,37.783206939697266
91700474,2021,2022-02-14,9266,2021-08-14,2045,020083,,6,2,9,3900,0,2,4,,1,012,"TRACY BLVD","GRIMES RD",1500.00,N,N,A,-,N,,,,,,,,,,Y,1,1,0,1,A,-,01,23152,A,N,E,I,A,A,H,-,D,D,0,,,,,Y,Y,A,01,0,0,0,0,0,0,0,0,0,"- ","- ",37.821880340576172,-121.44983673095703,"SAN JOAQUIN",UNINCORPORATED,-121.44985961914062,37.821800231933594
91702267,2022,2022-02-16,9265,2022-02-06,1813,021649,,7,2,2,3920,0,1,1,,2,502,"I-5 S/B","ROTH RD",2904.00,S,N,A,-,Y,SJ,,5,,R,19.038,H,,L,Y,4,0,1,1,A,-,01,23152,A,N,E,I,A,A,H,-,C,D,0,,,,,Y,Y,A,01,0,0,1,0,0,0,0,0,0,"- ","- ",37.847671508789062,-121.28440856933594,"SAN JOAQUIN",LATHROP,-121.28414154052734,37.847629547119141
91704406,2022,2022-02-18,9266,2022-02-08,1922,021822,,2,2,9,3900,0,1,1,,2,014,"I-205 E/B TO 11TH STREET E/B","HANSEN ROAD",4550.00,E,N,A,-,N,,,,,,,,,,Y,4,0,1,1,A,-,08,22107,,N,E,I,A,A,H,-,D,D,0,,,,,Y,,A,01,0,0,1,0,0,0,0,0,0,"- ","- ",37.740219116210938,-121.49690246582031,"SAN JOAQUIN",UNINCORPORATED,-121.49690246582031,37.740219116210938
91704501,2022,2022-02-18,9265,2022-02-14,1900,022356,,1,2,9,3900,0,3,5,,2,030,"POCK LN","CARPENTER RD",0.00,,Y,A,-,N,,,,,,,,,,N,4,0,1,2,A,-,12,22450,A,M,D,C,A,A,H,-,D,A,0,,,,,Y,,-,99,0,0,1,0,0,0,0,0,0,"- ","- ",37.921859741210938,-121.24195098876953,"SAN JOAQUIN",UNINCORPORATED,-121.24195098876953,37.921840667724609
91705298,2022,2022-02-21,9266,2022-02-12,1500,018888,,6,2,9,3900,0,1,1,,2,014,"I-205 W/B","MOUNTAIN HOUSE PKWY",2112.00,W,N,A,-,Y,SJ,,205,,,0.885,H,,L,Y,4,0,1,3,A,-,03,22350,,N,C,C,A,A,H,-,A,D,0,,,,,Y,,A,07,0,0,1,0,0,0,0,0,0,"- ","- ",37.743228912353516,-121.54049682617188,"SAN JOAQUIN",UNINCORPORATED,-121.54050445556641,37.743160247802734
91706163,2022,2022-02-22,9265,2022-02-12,1340,018836,,6,1,9,3900,0,1,3,,1,061,SR-26,"MURRAY RD",2112.00,W,N,A,-,Y,SJ,,26,,,8.519,H,,R,Y,4,0,2,2,A,-,09,21804,A,N,D,C,A,A,H,-,A,D,0,,,,,Y,,D,22,0,0,2,0,0,0,0,0,0,"- ","- ",38.0089111328125,-121.12065124511719,"SAN JOAQUIN",UNINCORPORATED,-121.12065887451172,38.008930206298828
91707271,2022,2022-02-23,9265,2022-02-16,0910,016382,,3,1,9,3900,0,1,1,,2,502,"I-5 S/B","EL DORADO ST",3300.00,S,N,A,-,Y,SJ,,5,,R,20.309,H,,L,N,3,0,3,2,A,-,03,22350,,M,C,C,A,A,H,-,A,D,0,,,,,Y,,-,99,0,3,0,0,0,0,0,0,0,"- ","- ",37.865589141845703,-121.27947998046875,"SAN JOAQUIN",UNINCORPORATED,-121.27944183349609,37.865581512451172