CASE_ID,ACCIDENT_YEAR,PROC_DATE,JURIS,COLLISION_DATE,COLLISION_TIME,OFFICER_ID,REPORTING_DISTRICT,DAY_OF_WEEK,CHP_SHIFT,POPULATION,CNTY_CITY_LOC,SPECIAL_COND,BEAT_TYPE,CHP_BEAT_TYPE,CITY_DIVISION_LAPD,CHP_BEAT_CLASS,BEAT_NUMBER,PRIMARY_RD,SECONDARY_RD,DISTANCE,DIRECTION,INTERSECTION,WEATHER_1,WEATHER_2,STATE_HWY_IND,CALTRANS_COUNTY,CALTRANS_DISTRICT,STATE_ROUTE,ROUTE_SUFFIX,POSTMILE_PREFIX,POSTMILE,LOCATION_TYPE,RAMP_INTERSECTION,SIDE_OF_HWY,TOW_AWAY,COLLISION_SEVERITY,NUMBER_KILLED,NUMBER_INJURED,PARTY_COUNT,PRIMARY_COLL_FACTOR,PCF_CODE_OF_VIOL,PCF_VIOL_CATEGORY,PCF_VIOLATION,PCF_VIOL_SUBSECTION,HIT_AND_RUN,TYPE_OF_COLLISION,MVIW,PED_ACTION,ROAD_SURFACE,ROAD_COND_1,ROAD_COND_2,LIGHTING,CONTROL_DEVICE,CHP_ROAD_TYPE,PEDESTRIAN_ACCIDENT,BICYCLE_ACCIDENT,MOTORCYCLE_ACCIDENT,TRUCK_ACCIDENT,NOT_PRIVATE_PROPERTY,ALCOHOL_INVOLVED,STWD_VEHTYPE_AT_FAULT,CHP_VEHTYPE_AT_FAULT,COUNT_SEVERE_INJ,COUNT_VISIBLE_INJ,COUNT_COMPLAINT_PAIN,COUNT_PED_KILLED,COUNT_PED_INJURED,COUNT_BICYCLIST_KILLED,COUNT_BICYCLIST_INJURED,COUNT_MC_KILLED,COUNT_MC_INJURED,PRIMARY_RAMP,SECONDARY_RAMP,LATITUDE,LONGITUDE,COUNTY,CITY,POINT_X,POINT_Y
91892889,2022,2022-10-18,9265,2022-09-17,1343,017405,,6,1,9,3900,0,3,5,,2,010,"SANTA FE RD.","RIVER RD.",0.00,,Y,A,-,N,,,,,,,,,,N,2,0,1,2,A,-,12,22450,A,N,D,C,A,A,H,-,A,A,0,,,Y,,Y,,A,07,1,0,0,0,0,0,0,0,1,"- ","- ",37.762050628662109,-120.95034027099609,"SAN JOAQUIN",UNINCORPORATED,-120.95035552978516,37.762039184570312
91892920,2022,2022-10-18,9265,2022-09-22,1145,017405,,4,1,9,3900,0,1,3,,2,001,"SR-99 N/B","AUSTIN RD.",5333.00,S,N,A,-,Y,SJ,,99,,,3.869,H,,R,Y,4,0,1,2,A,-,03,22350,,N,C,C,A,A,H,-,A,A,0,,,,,Y,,A,07,0,0,1,0,0,0,0,0,0,"- ","- ",37.765338897705078,-121.16496276855469,"SAN JOAQUIN",UNINCORPORATED,-121.16493225097656,37.765369415283203
91893245,2022,2022-10-18,9265,2022-10-01,1954,021830,,6,2,9,3900,0,3,5,,2,050,"DANA AVE","ADRIENNE AVE",105.00,E,N,A,-,N,,,,,,,,,,N,3,0,1,2,A,-,03,22350,,F,G,B,E,A,H,-,C,D,0,Y,,,,Y,,-,99,0,1,0,0,1,0,0,0,0,"- ","- ",37.966171264648438,-121.22953796386719,"SAN JOAQUIN",UNINCORPORATED,-121.22956848144531,37.966152191162109
91895278,2022,2022-10-20,9265,2022-10-10,1855,022217,,1,2,9,3900,0,3,5,,2,010,"ESCALON BELLOTA RD","DODDS RD",0.00,,Y,A,-,N,,,,,,,,,,N,4,0,1,2,A,-,09,21802,A,N,D,C,A,A,H,-,C,A,0,,,,,Y,,A,01,0,0,1,0,0,0,0,0,0,"- ","- ",37.856731414794922,-120.99867248535156,"SAN JOAQUIN",UNINCORPORATED,-120.99864959716797,37.856700897216797
91896316,2022,2022-10-21,9265,2022-10-11,2156,022422,,2,2,6,3905,0,1,3,,1,042,"SR-4 E/B","SOUTH UNION STREET",200.00,E,N,A,-,Y,SJ,,4,,R,17.446,H,,R,N,4,0,1,2,A,-,08,22107,,F,B,2,A,A,H,-,C,D,0,,,,,Y,,A,01,0,0,1,0,0,0,0,0,0,"- ","- ",37.952381134033203,-121.27577209472656,"SAN JOAQUIN",STOCKTON,-121.27578735351562,37.952445983886719
91896468,2022,2022-10-21,9265,2022-10-13,0235,022422,,4,3,9,3900,0,1,3,,2,004,"SR-99 S/B","WILSON WAY",2112.00,S,N,A,-,Y,SJ,,99,,,21.575,H,,L,N,3,0,2,1,A,-,08,22107,,N,F,I,A,A,H,-,C,D,0,,,,,Y,,A,01,0,2,0,0,0,0,0,0,0,"- ","- ",38.001739501953125,-121.25673675537109,"SAN JOAQUIN",UNINCORPORATED,-121.25669097900391,38.001754760742188
91897823,2022,2022-10-24,9266,2022-10-10,1055,018217,,1,1,9,3900,0,2,4,,2,013,"BYRON ROAD","HANSEN ROAD",0.00,,Y,A,-,N,,,,,,,,,,Y,4,0,1,2,A,-,03,22350,,N,C,C,A,A,H,-,A,D,0,,,,Y,Y,,F,26,0,0,1,0,0,0,0,0,0,"- ","- ",37.771541595458984,-121.51315307617188,"SAN JOAQUIN",UNINCORPORATED,-121.51322174072266,37.771560668945312
91898066,2022,2022-10-24,9266,2022-10-15,1800,022498,,6,2,5,3906,0,1,1,,1,015,"I-205 E/B","MACARTHUR DRIVE",2634.00,W,N,A,-,Y,SJ,,205,,R,7.846,H,,R,N,4,0,4,3,A,-,03,22350,,N,C,C,A,A,H,-,D,D,0,,,,,Y,,A,01,0,0,4,0,0,0,0,0,0,"- ","- ",37.763290405273438,-121.42015838623047,"SAN JOAQUIN",TRACY,-121.42015838623047,37.763298034667969
91900903,2022,2022-10-27,9265,2022-10-15,1445,021781,,6,2,9,3900,0,3,5,,2,020,"DIVISION ROAD","S. MANTECA ROAD",0.00,,Y,A,-,N,,,,,,,,,,N,4,0,2,1,A,-,08,22107,,N,E,I,A,A,H,-,A,D,0,,,,,Y,,A,07,0,0,2,0,0,0,0,0,0,"- ","- ",37.692329406738281,-121.21495819091797,"SAN JOAQUIN",UNINCORPORATED,-121.21717071533203,37.691486358642578
91900999,2022,2022-10-27,9266,2022-10-16,1225,018217,,7,1,9,3900,0,2,4,,1,022,"CORRAL HOLLOW ROAD","MOUNTAIN VIEW ROAD",200.00,N,N,A,-,N,,,,,,,,,,Y,4,0,3,2,A,-,03,22350,,N,C,C,A,A,D,-,A,D,0,,,,,Y,,A,01,0,0,3,0,0,0,0,0,0,"- ","- ",37.720230102539062,-121.45297241210938,"SAN JOAQUIN",UNINCORPORATED,-121.45298004150391,37.720199584960938
91901075,2022,2022-10-27,9265,2022-10-13,1855,022366,,4,2,9,3900,0,3,5,,2,060,"LIBERTY RD","DUSTIN RD",700.00,E,N,A,-,N,,,,,,,,,,Y,4,0,2,3,A,-,01,23152,A,N,C,C,A,A,H,-,D,D,0,,,,Y,Y,Y,A,07,0,0,2,0,0,0,0,0,0,"- ","- ",38.234100341796875,-121.22431945800781,"SAN JOAQUIN",UNINCORPORATED,-121.22430419921875,38.234092712402344
9190134,2020,2021-02-03,3905,2020-11-17,0100,2542,LAK,2,5,6,3905,0,0,0,,0,,"MARC AV","PERSHING AV",12.00,W,N,A,-,N,,,,,,,,,,Y,3,0,1,2,A,-,05,21650,1,M,D,G,A,-,H,-,C,A,0,,Y,,,Y,,L,04,0,1,0,0,0,0,1,0,0,"- ","- ",37.988670349121094,-121.32272338867188,"SAN JOAQUIN",STOCKTON,-121.32204437255859,37.989059448242188
9190308,2020,2021-02-01,3905,2020-11-18,0848,2949,PAR,3,5,6,3905,0,0,0,,0,,"WILSON WY","ROOSEVELT ST",0.00,,Y,B,-,N,,,,,,,,,,N,4,0,1,2,A,-,10,21950,A,F,G,B,B,B,H,-,A,A,0,Y,,,,Y,,-,99,0,0,1,0,1,0,0,0,0,"- ","- ",37.966678619384766,-121.27570343017578,"SAN JOAQUIN",STOCKTON,-121.27468872070312,37.967330932617188
91904219,2022,2022-10-28,9265,2022-10-19,0600,015629,,3,1,6,3905,0,1,1,,2,504,"I-5 SOUTHBOUND (S/B)","MARCH LANE",2112.00,N,N,A,-,Y,SJ,,5,,,48.020,H,,R,N,4,0,1,2,A,-,03,22350,,N,C,C,A,A,H,-,C,D,0,,,,Y,Y,,A,01,0,0,1,0,0,0,0,0,0,"- ","- ",38.231239318847656,-121.43418121337891,"SAN JOAQUIN",STOCKTON,-121.43424987792969,38.231208801269531
91904451,2022,2022-10-28,9265,2022-10-19,1125,019073,,3,1,9,3900,0,3,5,,2,030,"FRENCH CAMP RD","MANTHEY RD",0.00,,Y,A,-,N,,,,,,,,,,Y,3,0,2,2,A,-,12,21453,A,N,A,C,A,A,H,-,A,A,0,,,,,Y,,A,07,0,1,1,0,0,0,0,0,0,"- ","- ",37.897010803222656,-121.2894287109375,"SAN JOAQUIN",UNINCORPORATED,-121.29139709472656,37.897144317626953
91905576,2022,2022-10-31,9266,2022-10-23,2340,019091,,7,3,2,3920,0,1,1,,2,024,"I-5 N/B","STEWART RD",1584.00,S,N,A,-,Y,SJ,,5,,R,13.529,H,,R,Y,4,0,1,1,A,-,01,23152,A,N,E,I,A,A,H,-,C,D,0,,,,,Y,Y,A,01,0,0,1,0,0,0,0,0,0,"- ","- ",37.775741577148438,-121.31948852539062,"SAN JOAQUIN",LATHROP,-121.31963348388672,37.775871276855469
91905675,2022,2022-10-31,9265,2022-10-17,1649,022365,,1,2,9,3900,0,1,3,,2,025,"SR 120 E/B","MAIN ST",4752.00,E,N,A,-,Y,SJ,,120,,R,6.214,H,,R,Y,4,0,1,3,A,-,03,22350,,N,C,2,A,A,H,-,A,D,0,,,,Y,Y,,F,26,0,0,1,0,0,0,0,0,0,"- ","- ",37.783210754394531,-121.19934844970703,"SAN JOAQUIN",UNINCORPORATED,-121.19934844970703,37.783203125
91905703,2022,2022-10-31,9265,2022-10-20,1102,015629,,4,1,9,3900,0,2,4,,1,093,"THORNTON ROAD","BARBER ROAD",16.00,N,N,A,-,N,,,,,,,,,,Y,3,0,1,2,A,-,03,22350,,N,D,C,A,A,H,-,A,D,0,,,,Y,Y,,A,01,0,1,0,0,0,0,0,0,0,"- ","- ",38.246570587158203,-121.43131256103516,"SAN JOAQUIN",UNINCORPORATED,-121.43125152587891,38.246524810791016
91905751,2022,2022-10-31,9265,2022-10-20,1720,021968,,4,2,9,3900,0,1,3,,1,042,"SR-4 E/B","WILSON WAY",1056.00,W,N,A,-,Y,SJ,,4,,R,17.617,H,,R,N,4,0,3,3,A,-,03,22350,,N,C,C,A,A,H,-,A,D,0,,,,,Y,,A,01,0,0,3,0,0,0,0,0,0,"- ","- ",37.952880859375,-121.27275848388672,"SAN JOAQUIN",UNINCORPORATED,-121.27278900146484,37.952968597412109
91905767,2022,2022-10-31,9266,2022-10-23,1730,018888,,7,2,9,3900,0,2,4,,2,020,"KASSON ROAD","LORENZEN ROAD",450.00,S,N,A,-,N,,,,,,,,,,Y,4,0,1,1,A,-,01,23152,A,M,F,A,A,A,H,-,A,D,0,,,,,Y,Y,A,01,0,0,1,0,0,0,0,0,0,"- ","- ",37.723670959472656,-121.32440185546875,"SAN JOAQUIN",UNINCORPORATED,-121.32473754882812,37.723918914794922
91905877,2022,2022-10-31,9265,2022-10-22,1900,021830,,6,2,9,3900,0,3,5,,2,030,"B ST","MICHAEL AVE",190.00,S,N,A,-,N,,,,,,,,,,N,4,0,1,2,A,-,01,23152,A,N,A,C,A,A,H,-,D,D,0,,,,,Y,Y,D,22,0,0,1,0,0,0,0,0,0,"- ","- ",37.924720764160156,-121.25167083740234,"SAN JOAQUIN",UNINCORPORATED,-121.25171661376953,37.924758911132812
91905977,2022,2022-10-31,9265,2022-10-24,0755,018850,,1,1,9,3900,0,3,5,,2,050,"CARDINAL AVE","MEADOWOOD DR",530.00,N,N,A,-,N,,,,,,,,,,N,3,0,1,2,A,-,11,21950,B,N,G,B,B,A,H,-,A,D,0,Y,,,,Y,,N,60,0,1,0,0,1,0,0,0,0,"- ","- ",37.961090087890625,-121.22057342529297,"SAN JOAQUIN",UNINCORPORATED,-121.22050476074219,37.961051940917969
91905995,2022,2022-10-31,9265,2022-10-13,0950,017405,,4,1,9,3900,0,2,4,,1,031,"FRENCH CAMP RD.","UNION RD.",0.00,,Y,A,-,N,,,,,,,,,,Y,3,0,2,2,A,-,09,21453,B,N,D,C,A,A,H,-,A,D,0,,,,,Y,,A,07,0,2,0,0,0,0,0,0,0,"- ","- ",37.865268707275391,-121.23722076416016,"SAN JOAQUIN",UNINCORPORATED,-121.23737335205078,37.865375518798828
91906549,2022,2022-11-01,9265,2022-10-20,0809,017405,,4,1,6,3905,0,1,3,,2,004,"SR-99 N/B","HAMMER LN.",2693.00,S,N,A,-,Y,SJ,,99,,,22.381,H,,R,Y,3,0,1,2,A,-,03,22350,,N,C,C,A,A,H,-,A,D,0,,,,,Y,,A,01,0,1,0,0,0,0,0,0,0,"- ","- ",38.013359069824219,-121.25788879394531,"SAN JOAQUIN",STOCKTON,-121.25795745849609,38.013359069824219
91906795,2022,2022-11-01,9266,2022-10-25,1025,018217,,2,1,9,3900,0,1,1,,2,014,"I-205 W/B","MOUNTAIN HOUSE PARKWAY",6336.00,W,N,A,-,Y,SJ,,205,,,0.188,H,,L,Y,4,0,1,1,A,-,08,22107,,N,E,I,A,A,H,-,A,D,0,,,,,Y,,A,01,0,0,1,0,0,0,0,0,0,"- ","- ",37.743431091308594,-121.55300140380859,"SAN JOAQUIN",UNINCORPORATED,-121.55300903320312,37.743507385253906
91907546,2022,2022-11-02,9265,2022-10-27,1127,018836,,4,1,9,3900,0,1,3,,2,004,"SR-99 N/B","WATERLOO RD",2534.00,S,N,A,-,Y,SJ,,99,,,19.856,H,,R,Y,4,0,2,2,A,-,03,22350,,N,C,2,A,A,H,-,A,D,0,,,,Y,Y,,F,26,0,0,2,0,0,0,0,0,0,"- ","- ",37.977760314941406,-121.24897003173828,"SAN JOAQUIN",UNINCORPORATED,-121.24898529052734,37.977756500244141
91907770,2022,2022-11-02,9265,2022-10-28,0915,018850,,5,1,9,3900,0,1,3,,1,011,SR-120,"CALLA DR",1700.00,E,N,A,-,Y,SJ,,120,,,7.909,H,,R,Y,2,0,1,2,A,-,03,22350,,N,C,C,A,A,H,-,A,D,0,,,Y,,Y,,C,02,1,0,0,0,0,0,0,0,1,"- ","- ",37.797611236572266,-121.16010284423828,"SAN JOAQUIN",UNINCORPORATED,-121.16010284423828,37.797584533691406
91909943,2022,2022-11-14,9265,2022-10-01,1955,021781,,6,2,4,3903,0,1,3,,2,025,"SR-120 E/B","UNION ROAD",1056.00,E,N,A,-,Y,SJ,,120,,R,4.756,H,,R,N,4,0,5,4,A,-,03,22350,,N,C,C,A,A,H,-,A,D,0,,,,,Y,,A,01,0,0,5,0,0,0,0,0,0,"- ","- ",37.783229827880859,-121.22598266601562,"SAN JOAQUIN",MANTECA,-121.22598266601562,37.783157348632812
91910006,2022,2022-11-04,9265,2022-10-28,0309,018784,,5,3,9,3900,0,2,4,,1,074,"BENJAMIN HOLT DR","ALEXANDRIA PL",60.00,E,N,A,-,N,,,,,,,,,,Y,2,0,1,1,A,-,01,23152,A,N,E,I,A,A,H,-,C,D,0,,,,,Y,Y,A,01,1,0,0,0,0,0,0,0,0,"- ","- ",38.005939483642578,-121.33849334716797,"SAN JOAQUIN",UNINCORPORATED,-121.33858489990234,38.00579833984375
91911165,2022,2022-11-07,9265,2022-10-25,1019,021364,,2,1,9,3900,0,1,1,,2,502,"I-5 N/B TO FRENCH CAMP ROAD OFF-RAMP","FRENCH CAMP RD",740.00,S,N,A,-,Y,,,,,,,,,,Y,3,0,1,3,A,-,03,22350,,N,C,C,A,D,H,-,E,D,0,,,,Y,Y,,F,26,0,1,0,0,0,0,0,0,0,"- ","- ",37.894931793212891,-121.28243255615234,"SAN JOAQUIN",UNINCORPORATED,-121.28243255615234,37.894931793212891
91911439,2022,2022-11-07,9266,2022-10-25,1845,022498,,2,2,9,3900,0,3,5,,2,003,"TRADITION ST","MUSTANG WAY",0.00,,Y,A,-,N,,,,,,,,,,N,4,0,1,2,A,-,10,21950,A,N,D,G,A,A,H,-,C,A,0,,Y,,,Y,,A,01,0,0,1,0,0,0,1,0,0,"- ","- ",37.766899108886719,-121.54277038574219,"SAN JOAQUIN",UNINCORPORATED,,
91912876,2022,2022-11-08,9265,2022-10-29,2305,022422,,6,3,9,3900,0,2,4,,1,014,"MARIPOSA ROAD","VAN ALLEN ROAD",900.00,E,N,A,-,N,,,,,,,,,,N,2,0,1,1,A,-,08,22107,,N,E,I,A,A,H,-,D,D,0,,,,,Y,,A,07,1,0,0,0,0,0,0,0,0,"- ","- ",37.861751556396484,-121.05259704589844,"SAN JOAQUIN",UNINCORPORATED,-121.05154418945312,37.861137390136719
91914792,2022,2022-11-10,9265,2022-10-31,1815,019139,,1,2,2,3920,0,1,1,,2,502,"I-5 S/B TO LOUISE AVE","LOUISE AVE.",720.00,N,N,A,-,Y,,,,,,,,,,N,4,0,1,2,A,-,03,22350,,N,C,C,A,A,H,-,B,A,0,,,,,Y,,A,01,0,0,1,0,0,0,0,0,0,"- ","- ",37.81365966796875,-121.29550933837891,"SAN JOAQUIN",LATHROP,-121.29550933837891,37.81365966796875
91914927,2022,2022-11-10,9265,2022-10-27,1805,021781,,4,2,9,3900,0,1,3,,1,011,SR-120,"COMCONEX DRIVE",0.00,,Y,A,-,Y,SJ,,120,,,7.462,H,,R,N,4,0,1,2,A,-,09,21801,A,N,A,C,A,A,H,-,A,D,0,,,,,Y,,A,07,0,0,1,0,0,0,0,0,0,"- ","- ",37.797599792480469,-121.16822052001953,"SAN JOAQUIN",UNINCORPORATED,-121.16822052001953,37.797584533691406
91915218,2022,2022-11-10,9265,2022-11-07,0810,015490,,1,1,9,3900,0,3,5,,2,060,"SR-99 E FRONTAGE RD.","HAMMER LN.",115.00,E,N,B,-,Y,,,,,,,,,,N,4,0,1,2,A,-,07,21658,A,N,B,C,A,B,H,-,A,A,0,,,,,Y,,A,01,0,0,1,0,0,0,0,0,0,"- ","- ",38.021221160888672,-121.25592041015625,"SAN JOAQUIN",UNINCORPORATED,-121.25601196289062,38.021228790283203
91917421,2022,2022-11-14,9265,2022-11-02,0611,017405,,3,1,4,3903,0,1,3,,2,025,"SR-120 W/B","UNION RD.",2798.00,W,N,B,C,Y,SJ,,120,,R,3.763,H,,L,Y,3,0,3,2,A,-,07,21658,A,N,C,C,A,B,H,-,D,D,0,,,,,Y,,A,01,0,2,1,0,0,0,0,0,0,"- ","- ",37.783428192138672,-121.24413299560547,"SAN JOAQUIN",MANTECA,-121.24413299560547,37.783439636230469
91917433,2022,2022-11-14,9265,2022-11-02,1150,017405,,3,1,4,3903,0,1,3,,2,025,"SR-120 E/B","MAIN ST.",2112.00,E,N,A,-,Y,SJ,,120,,R,5.719,H,,R,Y,3,0,2,2,A,-,08,22107,,N,C,C,A,A,H,-,A,D,0,,,,,Y,,A,01,0,1,1,0,0,0,0,0,0,"- ","- ",37.783191680908203,-121.20839691162109,"SAN JOAQUIN",MANTECA,-121.20839691162109,37.783203125
91917494,2022,2022-11-14,9265,2022-11-13,1435,022356,,7,2,9,3900,0,2,4,,1,014,"MARIPOSA RD","DODDS RD",0.00,,Y,A,-,N,,,,,,,,,,Y,4,0,1,2,A,-,09,21802,A,N,B,C,A,A,H,-,A,A,0,,,,,Y,,D,22,0,0,1,0,0,0,0,0,0,"- ","- ",37.856700897216797,-121.04235076904297,"SAN JOAQUIN",UNINCORPORATED,-121.0423583984375,37.856681823730469
9191880,2020,2021-02-10,3906,2020-11-29,1137,903,,7,5,5,3906,0,0,0,,0,006,"GRANT LINE RD","BUTHMANN AV",20.00,E,N,A,-,N,,,,,,,,,,Y,4,0,1,2,A,-,09,21801,A,F,D,C,A,A,H,-,A,D,0,,,,,Y,,D,22,0,0,1,0,0,0,0,0,0,"- ","- ",,,"SAN JOAQUIN",TRACY,-121.43222045898438,37.754169464111328
91919114,2022,2023-01-23,9265,2022-09-30,1300,016382,,5,1,2,3920,0,1,3,,2,025,"SR-120 W/B","GUTHMILLER RD",1339.00,W,N,A,-,Y,SJ,,120,,R,1.085,H,,L,N,4,0,1,2,A,-,03,22350,,M,C,C,A,A,H,-,A,D,0,,,,,Y,,A,01,0,0,1,0,0,0,0,0,0,"- ","- ",37.790340423583984,-121.29164123535156,"SAN JOAQUIN",LATHROP,-121.29163360595703,37.790359497070312
91919313,2022,2022-11-16,9265,2022-10-28,1208,021440,,5,1,9,3900,0,1,3,,2,004,"SR-99 N/B","WATERLOO RD",640.00,S,N,A,-,Y,SJ,,99,,,20.215,H,,R,Y,2,0,1,2,A,-,03,22350,,N,C,C,A,A,H,-,A,D,0,,,Y,Y,Y,,C,02,1,0,0,0,0,0,0,0,1,"- ","- ",37.982891082763672,-121.2498779296875,"SAN JOAQUIN",UNINCORPORATED,-121.24998474121094,37.982883453369141
91920188,2022,2022-11-17,9265,2022-11-03,1554,017439,,4,2,9,3900,0,3,5,,2,020,"MATHEWS RD","EL DORADO ST",0.00,,Y,A,-,N,,,,,,,,,,N,3,0,1,2,A,-,12,22450,A,N,D,C,A,A,H,-,A,A,0,,,,,Y,,A,07,0,1,0,0,0,0,0,0,0,"- ","- ",37.881820678710938,-121.27625274658203,"SAN JOAQUIN",UNINCORPORATED,-121.27622985839844,37.881820678710938
91920431,2022,2022-11-17,9266,2022-11-10,0932,018217,,4,1,9,3900,0,1,1,,1,015,"I-205 W/B","CANAL BOULEVARD",150.00,E,N,A,-,Y,SJ,,205,,R,11.780,H,,L,Y,4,0,1,2,A,-,08,22107,,N,B,2,A,A,H,-,A,D,0,,,,,Y,,A,01,0,0,1,0,0,0,0,0,0,"- ","- ",37.765621185302734,-121.34842681884766,"SAN JOAQUIN",UNINCORPORATED,-121.34844207763672,37.765697479248047
91921385,2022,2022-11-18,9266,2022-11-16,0900,015805,,3,1,9,3900,0,1,3,,1,026,"SR-132 W/B","CHRISMAN RD.",500.00,E,N,A,-,Y,SJ,,132,,,0.358,H,,L,Y,4,0,1,2,A,-,03,22350,,N,C,C,A,A,E,-,A,D,0,,,,,Y,,A,08,0,0,1,0,0,0,0,0,0,"- ","- ",37.638530731201172,-121.39555358886719,"SAN JOAQUIN",UNINCORPORATED,-121.39554595947266,37.638645172119141
91921635,2022,2022-11-18,9265,2022-11-15,1550,019139,,2,2,6,3905,0,1,1,,2,503,"I-5 S/B","CHARTER WAY",1012.00,S,N,A,-,Y,SJ,,5,,,25.165,H,,L,N,4,0,1,2,A,-,01,23152,A,N,B,C,A,A,H,-,A,D,0,,,,,Y,Y,A,01,0,0,1,0,0,0,0,0,0,"- ","- ",37.933891296386719,-121.297119140625,"SAN JOAQUIN",STOCKTON,-121.29716491699219,37.933883666992188
91925755,2022,2022-11-23,9266,2022-11-15,2225,019091,,2,3,9,3900,0,2,4,,1,016,"ELEVENTH ST N/B","GRANT LINE RD",0.00,,Y,A,-,N,,,,,,,,,,Y,3,0,1,1,A,-,08,22107,,N,E,I,A,A,H,-,C,A,0,,,,,Y,,A,07,0,1,0,0,0,0,0,0,0,"- ","- ",37.752948760986328,-121.35196685791016,"SAN JOAQUIN",UNINCORPORATED,-121.35210418701172,37.753135681152344
91929001,2022,2022-11-29,9265,2022-11-18,1615,022422,,5,2,9,3900,0,3,5,,2,020,"FRENCH CAMP ROAD","SOUTH AIRPORT WAY",1000.00,W,N,A,-,N,,,,,,,,,,N,4,0,2,2,A,-,03,22350,,N,C,C,A,A,H,-,B,D,0,,,,,Y,,A,01,0,0,2,0,0,0,0,0,0,"- ","- ",37.874259948730469,-121.25492858886719,"SAN JOAQUIN",UNINCORPORATED,-121.25357055664062,37.873691558837891
91929259,2022,2022-11-29,9265,2022-11-20,2132,022365,,7,2,9,3900,0,1,3,,2,006,"SR 99 N/B","LIBERTY RD",668.00,S,N,A,-,Y,SJ,,99,,,37.698,H,,R,Y,3,0,1,1,A,-,08,22107,,N,E,I,A,A,H,-,D,D,0,,,,,Y,,A,01,0,1,0,0,0,0,0,0,0,"- ","- ",38.231689453125,-121.27895355224609,"SAN JOAQUIN",UNINCORPORATED,-121.27900695800781,38.231666564941406
91929279,2022,2022-11-29,9265,2022-11-21,0100,018784,,1,3,9,3900,0,1,1,,2,505,"I-5 N/B","WALNUT GROVE RD",650.00,S,N,A,-,Y,SJ,,5,,,47.486,H,,R,Y,3,0,2,2,A,-,03,22350,,N,C,C,A,A,H,-,C,D,0,,,,,Y,Y,A,01,0,2,0,0,0,0,0,0,0,"- ","- ",38.224460601806641,-121.42948913574219,"SAN JOAQUIN",UNINCORPORATED,-121.42945861816406,38.224472045898438
91929421,2022,2022-11-29,9265,2022-11-23,1510,022407,,3,2,4,3903,0,1,3,,2,001,"SR-99 S/B","LATHROP RD",3590.00,N,N,A,-,Y,SJ,,99,,,9.878,H,,L,Y,4,0,3,3,A,-,03,22350,,N,C,C,A,A,H,-,A,D,0,,,,,Y,,A,01,0,0,3,0,0,0,0,0,0,"- ","- ",37.836658477783203,-121.21794891357422,"SAN JOAQUIN",MANTECA,-121.21783447265625,37.836662292480469
91929424,2022,2022-11-29,9265,2022-11-23,1555,017439,,3,2,9,3900,0,1,1,,2,502,"I-5 S/B","LOUISE AVE",1056.00,S,N,A,-,Y,SJ,,5,,R,16.389,H,,L,Y,3,0,1,2,A,-,03,22350,,N,C,C,A,A,H,-,A,D,0,,,,,Y,,A,01,0,1,0,0,0,0,0,0,0,"- ","- ",37.810508728027344,-121.29631042480469,"SAN JOAQUIN",UNINCORPORATED,-121.2962646484375,37.810501098632812
91931562,2022,2022-12-01,9266,2022-11-17,0653,015029,,4,1,9,3900,0,1,1,,2,021,"I-580 W/B",SR-132,3140.00,W,N,A,-,Y,SJ,,580,,,4.956,H,,R,Y,3,0,1,2,A,-,08,22107,,N,B,C,A,A,H,-,B,D,0,,,,Y,Y,,A,07,0,1,0,0,0,0,0,0,0,"- ","- ",37.644279479980469,-121.41074371337891,"SAN JOAQUIN",UNINCORPORATED,-121.41075897216797,37.644260406494141
91931827,2022,2022-12-01,9266,2022-11-23,1250,020083,,3,1,9,3900,0,1,1,,1,015,"I-205 W/B","PARADISE RD",898.00,E,N,A,-,Y,SJ,,205,,R,9.777,H,,L,N,4,0,2,2,A,-,03,22350,,N,C,C,A,A,H,-,A,D,0,,,,,Y,,A,01,0,0,2,0,0,0,0,0,0,"- ","- ",37.764999389648438,-121.3848876953125,"SAN JOAQUIN",UNINCORPORATED,-121.3848876953125,37.765052795410156
91932451,2022,2022-12-02,9265,2022-11-27,1315,018850,,7,1,9,3900,0,1,1,,2,503,"I-5 S/B","DOWNING AVE",100.00,N,N,A,-,Y,SJ,,5,,R,23.695,H,,L,Y,4,0,3,3,A,-,07,21658,A,N,C,C,A,A,H,-,A,D,0,,,,Y,Y,,A,01,0,0,3,0,0,0,0,0,0,"- ","- ",37.913398742675781,-121.28984832763672,"SAN JOAQUIN",UNINCORPORATED,-121.28985595703125,37.913398742675781
91932500,2022,2022-12-02,9265,2022-12-01,0614,022123,,4,1,6,3905,0,1,1,,2,503,"I-5 N/B TO SR-4 E/B","LINCOLN ST",175.00,W,N,B,C,Y,,,,,,,,,,Y,3,0,1,1,A,-,03,22350,,N,E,I,A,B,H,-,C,D,0,,,,Y,Y,,G,25,0,1,0,0,0,0,0,0,0,"- ","- ",37.947959899902344,-121.29747772216797,"SAN JOAQUIN",STOCKTON,-121.29747772216797,37.947959899902344