CASE_ID,ACCIDENT_YEAR,PROC_DATE,JURIS,COLLISION_DATE,COLLISION_TIME,OFFICER_ID,REPORTING_DISTRICT,DAY_OF_WEEK,CHP_SHIFT,POPULATION,CNTY_CITY_LOC,SPECIAL_COND,BEAT_TYPE,CHP_BEAT_TYPE,CITY_DIVISION_LAPD,CHP_BEAT_CLASS,BEAT_NUMBER,PRIMARY_RD,SECONDARY_RD,DISTANCE,DIRECTION,INTERSECTION,WEATHER_1,WEATHER_2,STATE_HWY_IND,CALTRANS_COUNTY,CALTRANS_DISTRICT,STATE_ROUTE,ROUTE_SUFFIX,POSTMILE_PREFIX,POSTMILE,LOCATION_TYPE,RAMP_INTERSECTION,SIDE_OF_HWY,TOW_AWAY,COLLISION_SEVERITY,NUMBER_KILLED,NUMBER_INJURED,PARTY_COUNT,PRIMARY_COLL_FACTOR,PCF_CODE_OF_VIOL,PCF_VIOL_CATEGORY,PCF_VIOLATION,PCF_VIOL_SUBSECTION,HIT_AND_RUN,TYPE_OF_COLLISION,MVIW,PED_ACTION,ROAD_SURFACE,ROAD_COND_1,ROAD_COND_2,LIGHTING,CONTROL_DEVICE,CHP_ROAD_TYPE,PEDESTRIAN_ACCIDENT,BICYCLE_ACCIDENT,MOTORCYCLE_ACCIDENT,TRUCK_ACCIDENT,NOT_PRIVATE_PROPERTY,ALCOHOL_INVOLVED,STWD_VEHTYPE_AT_FAULT,CHP_VEHTYPE_AT_FAULT,COUNT_SEVERE_INJ,COUNT_VISIBLE_INJ,COUNT_COMPLAINT_PAIN,COUNT_PED_KILLED,COUNT_PED_INJURED,COUNT_BICYCLIST_KILLED,COUNT_BICYCLIST_INJURED,COUNT_MC_KILLED,COUNT_MC_INJURED,PRIMARY_RAMP,SECONDARY_RAMP,LATITUDE,LONGITUDE,COUNTY,CITY,POINT_X,POINT_Y
92345106,2024,2024-03-22,9265,2024-03-13,1630,015629,,3,2,9,3900,0,1,3,,1,092,"STATE ROUTE 12 EASTBOUND (SR-12 E/B)","DAVIS ROAD",200.00,W,N,A,-,Y,SJ,,12," "," ",13.594,H,,R,N,4,0,1,3,A,-,04,21703,,N,C,C,A,A,H,-,A,A,0,,,,,Y,,A,01,0,0,1,0,0,0,0,0,0,"- ","- ",38.115550994873047,-121.33528137207031,"SAN JOAQUIN",UNINCORPORATED,-121.33528137207031,38.115558624267578
92348878,2024,2024-03-27,9266,2024-03-17,1500,018888,,7,2,9,3900,0,2,4,,2,029,"VALPICO ROAD","CORRAL HOLLOW ROAD",600.00,W,N,A,-,N,,,,,,,,,,N,4,0,1,2,A,-,09,21804,A,N,D,C,A,A,H,-,A,A,0,,,,,Y,,D,22,0,0,1,0,0,0,0,0,0,"- ","- ",37.710540771484375,-121.45482635498047,"SAN JOAQUIN",UNINCORPORATED,-121.45497131347656,37.710586547851562
92351634,2023,2024-04-01,9265,2023-12-25,"147 ",020071,,1,3,9,3900,0,3,5,,2,090,"PELTIER RD","ROND RD",3146.00,W,N,A,-,N,,,,,,,,,,Y,1,1,0,1,A,-,08,22107,,N,E,I,A,A,H,-,D,D,0,,,,,Y,,D,22,0,0,0,0,0,0,0,0,0,"- ","- ",38.189491271972656,-121.41947174072266,"SAN JOAQUIN",UNINCORPORATED,-121.41940307617188,38.189521789550781
92351773,2024,2024-10-01,9265,2024-03-16,"325 ",023261,,6,3,9,3900,0,1,3,,2,003,"SR-99 S/B","SR-4 W/B",190.00,N,N,A,-,Y,SJ,,99," "," ",18.958,H,,L,Y,3,0,1,2,A,-,07,21658,A,F,B,2,A,A,H,-,A,D,0,,,,,Y,,A,07,0,1,0,0,0,0,0,0,0,"- ","- ",37.965511322021484,-121.24376678466797,"SAN JOAQUIN",UNINCORPORATED,-121.24373626708984,37.965522766113281
92351834,2024,2024-04-01,9265,2024-03-15,2105,022042,,5,2,9,3900,0,2,4,,1,052,"CHEROKEE ROAD","NEWTON ROAD",0.00,,Y,A,-,N,,,,,,,,,,N,3,0,2,2,A,-,12,21453,A,N,D,C,A,A,H,-,C,A,0,,,,,Y,,A,01,0,2,0,0,0,0,0,0,0,"- ","- ",37.989120483398438,-121.25527191162109,"SAN JOAQUIN",UNINCORPORATED,-121.25525665283203,37.989009857177734
92352481,2024,2024-04-02,9265,2024-03-21,"905 ",018836,,4,1,9,3900,0,3,5,,2,030,"SR-99 WEST FRONTAGE RD","CARPENTER RD",950.00,S,N,A,-,N,,,,,,,,,,Y,4,0,2,2,A,-,09,21801,A,N,D,C,A,A,H,-,A,D,0,,,,,Y,,A,01,0,0,2,0,0,0,0,0,0,"- ","- ",37.922130584716797,-121.23020935058594,"SAN JOAQUIN",UNINCORPORATED,-121.23001861572266,37.922206878662109
92354057,2023,2024-04-03,9265,2023-10-21,"621 ",021364,,6,1,6,3905,0,1,1,,2,503,"I-5 S/B","BUENA VISTA AVE",20.00,N,N,A,-,Y,SJ,,5," "," ",27.295,H,,L,Y,4,0,1,4,C,-,18,,,N,B,C,A,A,H,-,D,D,0,,,,,Y,,-,"- ",0,0,1,0,0,0,0,0,0,"- ","- ",37.955860137939453,-121.31802368164062,"SAN JOAQUIN",STOCKTON,-121.31801605224609,37.955863952636719
92354064,2023,2024-04-03,9265,2023-10-21,"622 ",021364,,6,1,6,3905,0,1,1,,2,503,"I-5 S/B","BUENA VISTA AVE",10.00,S,N,A,-,Y,SJ,,5," "," ",27.287,H,,L,Y,3,0,1,3,C,-,18,,,N,B,C,A,A,H,-,D,D,0,,,,Y,Y,,-,"- ",0,1,0,0,0,0,0,0,0,"- ","- ",37.955848693847656,-121.31787109375,"SAN JOAQUIN",STOCKTON,-121.31787109375,37.955856323242188
92357648,2024,2024-04-05,9265,2024-03-09,"320 ",023098,,6,3,6,3905,0,1,1,,2,502,"I-5 S/B","ROTH ROAD",2357.00,N,N,A,-,Y,SJ,,5," ",R,20.049,H,,L,Y,3,0,2,3,C,-,18,,,N,C,2,A,A,C,-,D,D,0,,,,,Y,Y,-,"- ",0,2,0,0,0,0,0,0,0,"- ","- ",37.8619384765625,-121.28050231933594,"SAN JOAQUIN",STOCKTON,-121.28049468994141,37.8619384765625
92358972,2024,2024-04-08,9266,2024-03-26,"940 ",018628,,2,1,9,3900,0,3,5,,2,003,"VECINDAD ST","FAUNA AVE",100.00,S,N,A,-,N,,,,,,,,,,N,4,0,1,1,A,-,08,22107,,N,E,8,A,A,H,-,A,D,0,,,,,Y,,A,07,0,0,1,0,0,0,0,0,0,"- ","- ",37.769428253173828,-121.55213928222656,"SAN JOAQUIN",UNINCORPORATED,-121.55194091796875,37.769729614257812
92359023,2024,2024-04-08,9266,2024-03-27,2320,020599,,3,3,9,3900,0,1,1,,2,021,"I-580 W/B","TRACY BLVD",1056.00,W,N,A,-,Y,SJ,,580," "," ",6.860,H,,R,N,3,0,1,2,A,-,08,22107,,M,B,C,A,A,H,-,D,D,0,,,,,Y,Y,A,07,0,1,0,0,0,0,0,0,0,"- ","- ",37.661228179931641,-121.43830108642578,"SAN JOAQUIN",UNINCORPORATED,-121.43846130371094,37.661064147949219
92360919,2024,2024-04-10,9265,2024-03-29,"940 ",016510,,5,1,9,3900,0,2,4,,1,072,"HAMMER LN","PERSHING AVE",150.00,W,N,A,-,N,,,,,,,,,,N,4,0,1,5,A,-,08,22107,,M,B,C,A,A,H,-,A,A,0,,,,,Y,,A,01,0,0,1,0,0,0,0,0,0,"- ","- ",38.020889282226562,-121.33051300048828,"SAN JOAQUIN",UNINCORPORATED,-121.33051300048828,38.0208740234375
92361917,2024,2024-04-11,9265,2024-03-28,2100,023612,,4,2,5,3902,0,3,5,,2,090,"BENEDICT DR","WOODBRIDGE RD",0.00,,Y,A,-,N,,,,,,,,,,Y,4,0,3,2,A,-,09,21802,A,N,D,C,A,A,H,-,D,A,0,,,,,Y,,A,01,0,0,3,0,0,0,0,0,0,"- ","- ",38.158451080322266,-121.31569671630859,"SAN JOAQUIN",LODI,-121.31571197509766,38.158397674560547
92362120,2024,2024-04-11,9265,2024-03-30,"709 ",023752,,6,1,9,3900,0,1,3,,2,004,"SR-99 S/B","N WILSON WAY",282.69,S,N,B,-,Y,SJ,,99," "," ",21.620,H,,L,Y,3,0,1,2,A,-,08,22107,,N,E,8,A,B,H,-,A,A,0,,,,Y,Y,,A,01,0,1,0,0,0,0,0,0,0,"- ","- ",38.002391815185547,-121.257080078125,"SAN JOAQUIN",UNINCORPORATED,-121.257080078125,38.002391815185547
92363056,2024,2024-04-12,9265,2024-03-25,1709,017439,,1,2,9,3900,0,3,5,,2,020,"MATHEWS RD.","EL DORADO ST",0.00,,Y,A,-,N,,,,,,,,,,N,3,0,1,2,A,-,12,22450,A,N,D,C,A,A,H,-,A,D,0,,,,,Y,,A,07,0,1,0,0,0,0,0,0,0,"- ","- ",37.881790161132812,-121.27620697021484,"SAN JOAQUIN",UNINCORPORATED,-121.27622985839844,37.881820678710938
92364779,2024,2024-04-15,9265,2024-03-23,"428 ",022072,,6,3,9,3900,0,1,3,,2,004,"SR-99 S/B",SR-88,235.00,N,N,C,-,Y,SJ,,99," "," ",20.390,H,,L,Y,4,0,1,2,C,-,18,,,N,A,C,A,B,H,-,D,D,0,,,,,Y,,-,"- ",0,0,1,0,0,0,0,0,0,"- ","- ",37.985340118408203,-121.25023651123047,"SAN JOAQUIN",UNINCORPORATED,-121.25028991699219,37.985336303710938
92368840,2024,2024-10-31,9265,2024-04-01,1915,023195,,1,2,9,3900,0,1,3,,1,062,"BRANDT RD","N. LINN RD.",1373.00,W,N,A,-,N,,,,,,,,,,N,3,0,1,2,A,-,03,22350,,N,C,C,A,A,H,-,B,D,0,,,,,Y,,A,01,0,1,0,0,0,0,0,0,0,"- ","- ",38.147678375244141,-121.11026000976562,"SAN JOAQUIN",UNINCORPORATED,-121.11016082763672,38.147686004638672
92372256,2024,2024-04-22,9265,2024-04-06,1030,023752,,6,1,9,3900,0,3,5,,2,060,"COLLIER RD.","NORTH CHEROKEE WY",1926.00,E,N,A,-,N,,,,,,,,,,Y,4,0,1,1,A,-,08,22107,,M,E,I,A,A,H,-,D,D,0,,,,,Y,,A,08,0,0,1,0,0,0,0,0,0,"- ","- ",38.218280792236328,-121.25592803955078,"SAN JOAQUIN",UNINCORPORATED,-121.25648498535156,38.218254089355469
92372279,2024,2024-04-22,9265,2024-04-04,1505,021781,,4,2,9,3900,0,3,5,,2,060,"PELTIER ROAD","DUSTIN ROAD",0.00,,Y,A,-,N,,,,,,,,,,N,4,0,3,2,A,-,12,22450,A,N,D,C,A,A,H,-,A,D,0,,,,,Y,,A,01,0,0,3,0,0,0,0,0,0,"- ","- ",38.189140319824219,-121.22560882568359,"SAN JOAQUIN",UNINCORPORATED,-121.22559356689453,38.189125061035156
92374337,2024,2024-04-24,9266,2024-04-15,1700,018628,,1,2,9,3900,0,1,1,,1,015,"I-205 E/B","I-5 S/B",1056.00,W,N,A,-,Y,SJ,,205," ",R,12.402,H,,R,Y,4,0,4,5,A,-,06,21755,A,N,C,4,A,A,H,-,A,A,0,,,,,Y,,A,07,0,0,4,0,0,0,0,0,0,"- ","- ",37.766498565673828,-121.33702850341797,"SAN JOAQUIN",UNINCORPORATED,-121.3370361328125,37.766521453857422
92376008,2024,2024-04-26,9265,2024-04-07,1411,021519,,7,2,9,3900,0,2,4,,1,082,"COUNTRY CLUB BOULEVARD, 1700 BLOCK","BUENA VISTA VE",78.00,E,N,A,-,N,,,,,,,,,,Y,4,0,2,2,A,-,08,22107,,N,D,8,A,A,H,-,A,D,0,,,,,Y,,A,01,0,0,2,0,0,0,0,0,0,"- ","- ",37.968021392822266,-121.32118988037109,"SAN JOAQUIN",UNINCORPORATED,-121.32117462158203,37.967937469482422
92376218,2024,2024-04-26,9265,2024-04-14,1205,022356,,7,1,4,3903,0,1,3,,2,025,"SR-120 W/B TO UNION RD","UNION RD",300.00,E,N,B,-,Y,,,,,,,,,,Y,4,0,1,2,A,-,03,22350,,N,C,C,A,A,H,-,A,D,0,,,,,Y,,A,07,0,0,1,0,0,0,0,0,0,"- ","- ",37.784080505371094,-121.23297119140625,"SAN JOAQUIN",MANTECA,-121.23647308349609,37.783443450927734
9237630,2021,2021-04-12,3906,2021-02-28,1621,1403,,7,5,5,3906,0,0,0,,0,006,"TRACY BL","KAVANAGH AV",15.00,N,N,A,-,N,,,,,,,,,,Y,4,0,3,2,D,-,00,,,N,D,C,A,A,H,-,A,A,0,,,,,Y,,-,"- ",0,0,3,0,0,0,0,0,0,"- ","- ",37.758159637451172,-121.43496704101562,"SAN JOAQUIN",TRACY,-121.43505096435547,37.758182525634766
92376995,2024,2024-04-29,9265,2024-04-02,"230 ",023195,,2,3,9,3900,0,3,5,,2,040,"BACON ISLAND RD","TRAPPERS RD",316.00,W,N,A,-,N,,,,,,,,,,N,4,0,1,1,A,-,01,23152,A,N,E,I,A,A,H,-,D,A,0,,,,,Y,Y,A,01,0,0,1,0,0,0,0,0,0,"- ","- ",37.922481536865234,-121.43705749511719,"SAN JOAQUIN",UNINCORPORATED,-121.43699645996094,37.922428131103516
92377542,2024,2024-04-29,9266,2024-04-21,"430 ",020279,,7,3,9,3900,0,2,4,,2,030,"MOUNTAIN HOUSE PARKWAY","MUSTANG WAY",500.00,S,N,A,-,N,,,,,,,,,,N,3,0,1,1,A,-,08,22107,,N,E,8,A,A,H,-,C,D,0,,,,,Y,,A,01,0,1,0,0,0,0,0,0,0,"- ","- ",37.765399932861328,-121.53147125244141,"SAN JOAQUIN",UNINCORPORATED,,
92377680,2024,2024-04-29,9265,2024-04-16,"757 ",020785,,2,1,9,3900,0,3,5,,2,070,"DOUGLAS RD.","CLARKSBURG PL.",8.00,W,N,A,-,N,,,,,,,,,,N,3,0,1,2,A,-,09,21804,A,N,D,G,A,A,H,-,A,D,0,,Y,,,Y,,L,04,0,1,0,0,0,0,1,0,0,"- ","- ",38.001411437988281,-121.34409332275391,"SAN JOAQUIN",UNINCORPORATED,-121.34400939941406,38.001445770263672
92377847,2024,2024-04-29,9265,2024-04-13,"703 ",023752,,6,1,6,3905,0,3,5,,2,020,"FRENCH CAMP RD","S AIRPORT WAY",19.00,E,N,C,-,N,,,,,,,,,,N,4,0,1,1,B,-,22,,,N,F,A,A,B,H,-,A,A,0,,Y,,,Y,,L,04,0,0,1,0,0,0,1,0,0,"- ","- ",37.873600006103516,-121.25334930419922,"SAN JOAQUIN",STOCKTON,-121.25351715087891,37.8736572265625
92378529,2024,2024-04-30,9266,2024-04-19,1812,023624,,5,2,9,3900,0,3,5,,2,003,"MONTEBELLO STREET","DE ANZA BOULEVARD",0.00,,Y,A,-,N,,,,,,,,,,Y,4,0,4,2,A,-,09,21802,A,N,D,2,A,A,H,-,A,D,0,,,,,Y,,A,07,0,0,4,0,0,0,0,0,0,"- ","- ",37.785888671875,-121.55175018310547,"SAN JOAQUIN",UNINCORPORATED,-121.55181884765625,37.785762786865234
92379292,2024,2024-05-01,9265,2024-04-19,"620 ",016510,,5,1,9,3900,0,2,4,,1,093,"BANNER ST","THORNTON RD",0.00,,Y,A,-,N,,,,,,,,,,N,3,0,5,2,A,-,09,21802,A,N,D,C,A,A,H,-,A,A,0,,,,,Y,,A,01,0,5,0,0,0,0,0,0,0,"- ","- ",38.114700317382812,-121.39267730712891,"SAN JOAQUIN",UNINCORPORATED,-121.39488220214844,38.114585876464844
92379824,2024,2024-05-01,9266,2024-05-01,"600 ",018308,,3,1,9,3900,0,2,4,,2,020,"KASSON ROAD","LINNE ROAD",0.00,,Y,A,-,N,,,,,,,,,,N,4,0,2,2,A,-,03,22350,,N,C,C,A,A,H,-,B,D,0,,,,,Y,,-,"- ",0,0,2,0,0,0,0,0,0,"- ","- ",37.696510314941406,-121.29807281494141,"SAN JOAQUIN",UNINCORPORATED,-121.29808807373047,37.696510314941406
92380431,2024,2024-05-02,9265,2024-04-20,1225,019182,,6,1,6,3905,0,1,1,,2,503,"I-5 N/B","MARCH LN",1056.00,S,N,A,-,Y,SJ,,5," "," ",29.718,H,,R,Y,2,0,2,1,A,-,01,23152,A,N,E,I,A,A,H,-,A,D,0,,,,,Y,Y,A,01,1,1,0,0,0,0,0,0,0,"- ","- ",37.980739593505859,-121.34159851074219,"SAN JOAQUIN",STOCKTON,-121.34172058105469,37.980709075927734
9238198,2021,2021-04-06,3906,2021-03-03,1212,918,,3,5,5,3906,0,0,0,,0,002,"TRACY BL","W CENTRAL AV",0.00,,Y,A,-,N,,,,,,,,,,,3,0,2,2,D,-,00,,,N,D,C,A,A,H,-,A,A,0,,,,,Y,,-,"- ",0,1,1,0,0,0,0,0,0,"- ","- ",,,"SAN JOAQUIN",TRACY,-121.43478393554688,37.714618682861328
92382236,2024,2024-05-06,9265,2024-04-24,"720 ",019182,,3,1,6,3905,0,1,3,,1,042,"I-5 S/B FROM SR-4 W/B","LINCOLN ST",325.00,W,N,A,-,Y,,,,,,,,,,N,4,0,1,2,A,-,03,22350,,N,C,C,A,A,H,-,A,D,0,,,,,Y,,D,22,0,0,1,0,0,0,0,0,0,"- ","- ",37.949298858642578,-121.29828643798828,"SAN JOAQUIN",STOCKTON,-121.29306793212891,37.931503295898438
92383960,2024,2024-05-07,9265,2024-04-21,"505 ",023612,,7,3,9,3900,0,1,3,,1,011,SR-120,"BEELER RD",400.00,W,N,A,-,N,,,,,,,,,,Y,4,0,1,2,A,-,03,22350,,N,C,C,A,A,H,-,D,D,0,,,,,Y,,D,22,0,0,1,0,0,0,0,0,0,"- ","- ",37.798599243164062,-121.02339935302734,"SAN JOAQUIN",UNINCORPORATED,-121.02330780029297,37.798583984375
92385647,2024,2024-05-09,9265,2024-05-03,1650,019182,,5,2,9,3900,0,1,3,,2,001,"SR-99 S/B","AUSTIN RD",5280.00,S,N,A,-,Y,SJ,,99," "," ",3.893,H,,L,N,4,0,1,2,A,-,03,22350,,M,C,C,A,A,H,-,A,D,0,,,,,Y,,-,99,0,0,1,0,0,0,0,0,0,"- ","- ",37.765369415283203,-121.16529083251953,"SAN JOAQUIN",UNINCORPORATED,-121.16532135009766,37.765338897705078
92385686,2024,2024-05-09,9265,2024-04-27,1220,017439,,6,1,9,3900,0,1,3,,2,025,"STATE ROUTE 120 W/B","AIRPORT WAY",2534.00,W,N,A,-,Y,SJ,,120," ",R,2.838,H,,L,N,3,0,4,3,A,-,03,22350,,N,C,C,A,A,H,-,A,D,0,,,,,Y,,-,"- ",0,4,0,0,0,0,0,0,0,"- ","- ",37.783321380615234,-121.26100921630859,"SAN JOAQUIN",UNINCORPORATED,-121.26100921630859,37.783336639404297
92388531,2024,2024-05-13,9265,2024-05-01,1840,022042,,3,2,9,3900,0,3,5,,2,050,"F STREET","STEWART ST",30.00,N,N,A,-,N,,,,,,,,,,N,4,0,1,2,A,-,12,22451,A,N,H,F,A,A,H,-,A,D,0,,,,,Y,,A,07,0,0,1,0,0,0,0,0,0,"- ","- ",37.980449676513672,-121.26560211181641,"SAN JOAQUIN",UNINCORPORATED,-121.26552581787109,37.980400085449219
92389857,2024,2024-05-14,9266,2024-05-04,1545,023624,,6,2,9,3900,0,1,1,,1,015,"I-205 E/B","PARADISE ROAD",9.00,W,N,B,-,Y,SJ,,205," ",R,9.604,H,,R,Y,4,0,2,2,A,-,03,22350,,N,C,C,A,B,H,-,A,D,0,,,,,Y,,A,01,0,0,2,0,0,0,0,0,0,"- ","- ",37.764808654785156,-121.38816833496094,"SAN JOAQUIN",UNINCORPORATED,-121.38816833496094,37.764751434326172
92390318,2024,2024-05-15,9265,2024-05-03,1050,021781,,5,1,9,3900,0,1,1,,2,503,"I-5 S/B",SR-4,1056.00,N,N,A,-,Y,SJ,,5," "," ",26.701,H,,L,N,4,0,1,3,A,-,07,21658,A,N,B,C,A,A,H,-,A,D,0,,,,Y,Y,,D,22,0,0,1,0,0,0,0,0,0,"- ","- ",37.952671051025391,-121.30837249755859,"SAN JOAQUIN",UNINCORPORATED,-121.30834197998047,37.952709197998047
92390836,2024,2024-05-15,9265,2024-04-27,2026,023277,,6,2,9,3900,0,1,3,,2,006,"SR-99 S/B","COLLIER RD",735.00,S,N,A,-,Y,SJ,,99," "," ",36.522,H,,L,Y,3,0,1,2,A,-,03,22350,,N,C,C,A,A,H,-,D,D,0,,,Y,,Y,,C,02,0,1,0,0,0,0,0,0,1,"- ","- ",38.216438293457031,-121.26953125,"SAN JOAQUIN",UNINCORPORATED,-121.26954650878906,38.216434478759766
92390889,2024,2024-05-15,9265,2024-04-17,"240 ",022366,,3,3,9,3900,0,3,5,,2,050,"WEST LANE","POSTAL AVENUE",100.00,S,N,A,-,N,,,,,,,,,,Y,3,0,1,1,A,-,01,23152,A,M,E,I,A,A,H,-,C,D,0,,,,,Y,Y,D,22,0,1,0,0,0,0,0,0,0,"- ","- ",37.991168975830078,-121.28663635253906,"SAN JOAQUIN",UNINCORPORATED,,
92391659,2024,2024-05-16,9265,2024-04-21,"240 ",022849,,7,3,9,3900,0,1,3,,2,001,"SR-99 N/B","JACK TONE ROAD",4865.00,N,N,A,-,Y,SJ,,99," "," ",3.964,H,,R,N,4,0,2,2,A,-,01,23152,A,N,B,2,A,A,H,-,D,D,0,,,,,Y,Y,A,01,0,0,2,0,0,0,0,0,0,"- ","- ",37.766178131103516,-121.16632843017578,"SAN JOAQUIN",UNINCORPORATED,-121.16632080078125,37.766189575195312
92391708,2024,2024-05-16,9265,2024-04-26,1150,021781,,5,1,9,3900,0,1,3,,1,062,SR-88,"HARNEY LN",0.00,,Y,A,-,Y,SJ,,88," "," ",9.612,H,,R,N,4,0,2,2,A,-,17,21451,A,N,A,C,A,A,H,-,A,A,0,,,,,Y,,A,01,0,0,2,0,0,0,0,0,0,"- ","- ",38.101741790771484,-121.17823791503906,"SAN JOAQUIN",UNINCORPORATED,-121.17823791503906,38.101737976074219
92392876,2024,2024-05-17,9266,2024-05-11,"832 ",021677,,6,1,9,3900,0,1,3,,1,026,SR-132,"WELTY ROAD",0.00,,Y,A,-,N,,,,,,,,,,N,4,0,1,2,A,-,09,21801,A,N,D,C,A,A,H,-,A,D,0,,,,,Y,,A,07,0,0,1,0,0,0,0,0,0,"- ","- ",37.638240814208984,-121.28762054443359,"SAN JOAQUIN",UNINCORPORATED,-121.28764343261719,37.638271331787109
92394495,2024,2024-08-14,9265,2024-05-06,"830 ",017439,,1,1,9,3900,0,1,3,,2,025,"STATE ROUTE 120 EB","VAN RYN AVE.",500.00,E,N,A,-,Y,SJ,,120," ",R,6.243,H,,R,N,3,0,1,2,A,-,03,22350,,N,C,C,A,A,H,-,A,D,0,,,,,Y,,D,22,0,1,0,0,0,0,0,0,0,"- ","- ",37.783191680908203,-121.19882202148438,"SAN JOAQUIN",UNINCORPORATED,-121.19882202148438,37.783203125
92395424,2024,2024-05-21,9265,2024-05-09,2020,022072,,4,2,9,3900,0,3,5,,2,050,"CHEROKEE RD","SIERRA LN",0.00,,Y,A,-,N,,,,,,,,,,N,4,0,1,2,A,-,10,21950,A,N,G,B,B,A,H,-,D,A,0,Y,,,,Y,,A,01,0,0,1,0,1,0,0,0,0,"- ","- ",37.977100372314453,-121.26506042480469,"SAN JOAQUIN",UNINCORPORATED,-121.26515960693359,37.977066040039062
9239695,2021,2021-04-16,3903,2021-01-09,1522,4081,,6,5,4,3903,0,0,0,,0,,"W ARTHERTON DR","TINNIN RD",0.00,,Y,A,-,N,,,,,,,,,,Y,3,0,2,2,D,-,00,,,N,F,C,A,A,H,-,A,A,0,,,,,Y,,-,"- ",0,2,0,0,0,0,0,0,0,"- ","- ",37.779228210449219,-121.22386169433594,"SAN JOAQUIN",MANTECA,-121.22386932373047,37.77923583984375
92397066,2024,2024-05-23,9265,2024-05-11,"245 ",022072,,6,3,9,3900,0,3,5,,2,060,"E LIVE OAK RD","ORANGE ST",350.00,E,N,A,-,N,,,,,,,,,,Y,3,0,1,2,A,-,08,22107,,M,E,I,A,A,H,-,D,D,0,,,,,Y,,D,22,0,1,0,0,0,0,0,0,0,"- ","- ",38.0806884765625,-121.13890075683594,"SAN JOAQUIN",UNINCORPORATED,-121.13897705078125,38.080707550048828
92397174,2024,2024-05-23,9265,2024-05-11,2120,023156,,6,2,9,3900,0,3,5,,2,060,"CLEMENTS RD","COMSTOCK RD",0.00,,Y,A,-,N,,,,,,,,,,N,3,0,1,1,A,-,01,23152,A,N,E,I,A,A,H,-,D,A,0,,,,,Y,Y,A,07,0,1,0,0,0,0,0,0,0,"- ","- ",38.045139312744141,-121.07769775390625,"SAN JOAQUIN",UNINCORPORATED,-121.07772064208984,38.045169830322266
9239760,2021,2021-04-21,3905,2021-03-02,1831,2833,BEA,2,5,6,3905,0,0,0,,0,,"HAMMER LN","LOWER SACRAMENTO RD",8.00,W,N,A,-,N,,,,,,,,,,N,4,0,1,2,A,-,05,21202,A,N,H,G,A,A,H,-,C,A,0,,Y,,,Y,,L,04,0,0,1,0,0,0,1,0,0,"- ","- ",38.021278381347656,-121.32347869873047,"SAN JOAQUIN",STOCKTON,-121.32329559326172,38.020992279052734
92398357,2024,2024-05-24,9266,2024-05-11,2000,022752,,6,2,9,3900,0,1,1,,1,015,"I-205 E/B","MACARTHUR DRIVE",1998.00,E,N,A,-,Y,SJ,,205," ",R,8.517,H,,R,N,4,0,1,3,A,-,07,21658,A,N,B,C,A,A,H,-,B,D,0,,,,,Y,,A,01,0,0,1,0,0,0,0,0,0,"- ","- ",37.76470947265625,-121.40788269042969,"SAN JOAQUIN",UNINCORPORATED,-121.40788269042969,37.764698028564453
92398443,2024,2024-05-24,9265,2024-05-09,"920 ",023752,,4,1,9,3900,0,3,5,,2,010,"COMETA RD","TRESSA LN.",50.00,S,N,A,-,N,,,,,,,,,,N,4,0,1,2,A,-,03,22350,,N,F,A,A,A,H,-,A,D,0,,,Y,,Y,,C,02,0,0,1,0,0,0,0,0,1,"- ","- ",37.845008850097656,-120.93212127685547,"SAN JOAQUIN",UNINCORPORATED,-120.9322509765625,37.8450927734375
92400094,2024,2024-05-28,9265,2024-05-12,"310 ",023736,,7,3,9,3900,0,3,5,,2,030,"B ST","GERALD ST",315.00,S,N,A,-,N,,,,,,,,,,Y,3,0,1,2,A,-,01,23152,A,N,B,2,A,A,H,-,D,D,0,,,,,Y,Y,A,01,0,1,0,0,0,0,0,0,0,"- ","- ",37.926689147949219,-121.25241088867188,"SAN JOAQUIN",UNINCORPORATED,-121.25247192382812,37.926704406738281
9240111,2021,2021-04-23,3902,2021-03-04,0213,BF77,,4,5,5,3902,0,0,0,,0,,"RT 12","SOUTH HUTCHINS ST",31.00,W,N,A,-,Y,SJ,10,12,-,-,16.920,H,-,E,Y,2,0,1,2,A,-,01,23152,A,N,C,C,A,-,H,-,C,A,0,,,,,Y,Y,A,01,1,0,0,0,0,0,0,0,0,"- ","- ",,,"SAN JOAQUIN",LODI,-121.27919769287109,38.115375518798828
92401458,2024,2024-05-29,9265,2024-05-16,"730 ",015629,,4,1,9,3900,0,3,5,,2,060,"CLEMENTS ROAD","COMSTOCK ROAD",8.00,S,N,A,-,N,,,,,,,,,,N,3,0,1,1,A,-,03,22350,,N,F,A,A,A,H,-,A,A,0,,,Y,,Y,,C,02,0,1,0,0,0,0,0,0,1,"- ","- ",38.045261383056641,-121.07776641845703,"SAN JOAQUIN",UNINCORPORATED,-121.07772064208984,38.045169830322266