CASE_ID,ACCIDENT_YEAR,PROC_DATE,JURIS,COLLISION_DATE,COLLISION_TIME,OFFICER_ID,REPORTING_DISTRICT,DAY_OF_WEEK,CHP_SHIFT,POPULATION,CNTY_CITY_LOC,SPECIAL_COND,BEAT_TYPE,CHP_BEAT_TYPE,CITY_DIVISION_LAPD,CHP_BEAT_CLASS,BEAT_NUMBER,PRIMARY_RD,SECONDARY_RD,DISTANCE,DIRECTION,INTERSECTION,WEATHER_1,WEATHER_2,STATE_HWY_IND,CALTRANS_COUNTY,CALTRANS_DISTRICT,STATE_ROUTE,ROUTE_SUFFIX,POSTMILE_PREFIX,POSTMILE,LOCATION_TYPE,RAMP_INTERSECTION,SIDE_OF_HWY,TOW_AWAY,COLLISION_SEVERITY,NUMBER_KILLED,NUMBER_INJURED,PARTY_COUNT,PRIMARY_COLL_FACTOR,PCF_CODE_OF_VIOL,PCF_VIOL_CATEGORY,PCF_VIOLATION,PCF_VIOL_SUBSECTION,HIT_AND_RUN,TYPE_OF_COLLISION,MVIW,PED_ACTION,ROAD_SURFACE,ROAD_COND_1,ROAD_COND_2,LIGHTING,CONTROL_DEVICE,CHP_ROAD_TYPE,PEDESTRIAN_ACCIDENT,BICYCLE_ACCIDENT,MOTORCYCLE_ACCIDENT,TRUCK_ACCIDENT,NOT_PRIVATE_PROPERTY,ALCOHOL_INVOLVED,STWD_VEHTYPE_AT_FAULT,CHP_VEHTYPE_AT_FAULT,COUNT_SEVERE_INJ,COUNT_VISIBLE_INJ,COUNT_COMPLAINT_PAIN,COUNT_PED_KILLED,COUNT_PED_INJURED,COUNT_BICYCLIST_KILLED,COUNT_BICYCLIST_INJURED,COUNT_MC_KILLED,COUNT_MC_INJURED,PRIMARY_RAMP,SECONDARY_RAMP,LATITUDE,LONGITUDE,COUNTY,CITY,POINT_X,POINT_Y
6451799,2014,2016-04-11,9265,2014-04-22,0455,18836,,2,3,9,3900,0,1,1,,2,503,"RT 5","PERSHING AV",1584.00,N,N,A,-,Y,SJ,10,5,-,-,27.240,H,-,N,Y,4,0,1,2,A,-,08,22107,,N,B,C,A,A,D,-,C,D,1,,,,Y,Y,,A,01,0,0,1,0,0,0,0,0,0,"- ","- ",37.956159999999997,-121.31779,"SAN JOAQUIN",UNINCORPORATED,-121.31711404000001,37.956043459999997
6451826,2014,2014-07-25,9265,2014-04-16,0648,17856,,3,1,9,3900,0,2,4,,1,024,"AIRPORT WY","FRENCH CAMP RD",2112.00,N,N,A,-,N,,,,,,,,,,Y,3,0,1,2,A,-,08,22107,,F,B,C,A,A,H,-,A,D,0,,,,Y,Y,,A,01,0,1,0,0,0,0,0,0,0,"- ","- ",37.87829,-121.25072,"SAN JOAQUIN",UNINCORPORATED,-121.25018916000001,37.878794149999997
6456818,2014,2014-07-10,9266,2014-04-11,1310,14717,,5,1,9,3900,0,3,5,,2,001,"W LARCH RD","TRACY BL",1848.00,W,N,B,-,N,,,,,,,,,,Y,4,0,3,2,A,-,06,21750,,N,B,C,A,A,H,-,A,D,0,,,,,Y,,D,22,0,0,3,0,0,0,0,0,0,"- ","- ",37.764960000000002,-121.44185,"SAN JOAQUIN",UNINCORPORATED,-121.44146373,37.765027779999997
6459539,2014,2014-08-07,3902,2014-05-01,1428,VIETZ,,4,5,5,3902,0,0,0,,0,,"PLEASANT AV","DAISY AV",0.00,,Y,A,-,N,,,,,,,,,,Y,3,0,1,2,A,-,12,22450,,N,D,G,A,D,H,-,A,A,0,,Y,,,Y,,L,04,0,1,0,0,0,0,1,0,0,"- ","- ",,,"SAN JOAQUIN",LODI,-121.27632991,38.14094996
6459633,2014,2016-04-09,9266,2014-05-10,0615,15432,,6,1,9,3900,0,1,1,,2,014,"RT 205","MOUNTAIN HOUSE PKWY",1816.00,E,N,A,-,Y,SJ,10,205,-,-,1.710,H,-,E,Y,4,0,1,1,A,-,08,22107,,N,E,I,A,A,H,-,A,D,1,,,,,Y,,A,01,0,0,1,0,0,0,0,0,0,"- ","- ",37.741689999999998,-121.52553,"SAN JOAQUIN",UNINCORPORATED,-121.52531969,37.741995260000003
6459645,2014,2016-04-09,9266,2014-05-06,2027,18324,,2,2,9,3900,0,1,1,,2,014,"RT 205","11TH ST",742.00,W,N,A,-,Y,SJ,10,205,-,R,3.240,H,-,E,Y,3,0,2,1,A,-,08,22107,,N,F,A,A,A,H,-,D,D,1,,,,,Y,,A,01,0,1,1,0,0,0,0,0,0,"- ","- ",37.740519999999997,-121.49764,"SAN JOAQUIN",UNINCORPORATED,-121.49805669,37.740545390000001
6463108,2014,2016-03-02,9265,2014-03-18,1345,013539,,2,1,4,3903,0,1,3,,2,025,"RT 120","MAIN ST",400.00,W,N,A,-,Y,SJ,10,120,-,R,5.280,H,-,E,Y,4,0,2,2,A,-,03,22350,,N,C,C,A,A,H,-,A,D,1,,,,,Y,,A,01,0,0,2,0,0,0,0,0,0,"- ","- ",37.783270000000002,-121.22148,"SAN JOAQUIN",MANTECA,-121.21644465999999,37.783206569999997
6463115,2014,2016-01-15,9265,2014-03-19,1311,017856,,3,1,6,3905,0,1,1,,2,503,"RT 5","PERSHING AV",500.00,N,N,A,-,Y,SJ,10,5,-,-,27.160,H,-,N,Y,4,0,1,3,A,-,03,22350,,M,C,C,A,A,H,-,A,D,1,,,,Y,Y,,F,27,0,0,1,0,0,0,0,0,0,"- ","- ",37.95655,-121.32514,"SAN JOAQUIN",STOCKTON,-121.31570109,37.955902500000001
6463130,2014,2015-11-25,9265,2014-03-29,1353,018488,,6,1,9,3900,0,1,3,,1,013,"FARMINGTON RD","GILLIS RD",1056.00,W,N,C,-,Y,SJ,10,4,-,-,21.370,H,-,W,Y,3,0,1,2,A,-,05,21650,,N,A,C,A,B,H,-,A,D,0,,,,,Y,,D,22,0,1,0,0,0,0,0,0,0,"- ","- ",37.949159999999999,-121.20188,"SAN JOAQUIN",UNINCORPORATED,-121.20629264999999,37.947996449999998
6463145,2014,2014-07-07,9265,2014-03-14,1942,018661,,5,2,9,3900,0,3,5,,2,060,"DUNCAN RD","COMSTOCK RD",0.00,,Y,A,-,N,,,,,,,,,,Y,4,0,3,2,A,-,12,22450,A,N,D,C,A,A,H,-,D,D,0,,,,,Y,,D,22,0,0,3,0,0,0,0,0,0,"- ","- ",38.044840000000001,-121.09610000000001,"SAN JOAQUIN",UNINCORPORATED,-121.09614994,38.044849900000003
6463197,2014,2016-03-02,9265,2014-03-25,1640,018621,,2,2,9,3900,0,1,3,,2,006,"RT 99","VICTOR RD",2640.00,S,N,B,-,Y,SJ,10,99,-,-,30.470,H,-,S,Y,4,0,1,2,A,-,08,22107,,N,B,C,A,A,H,-,A,D,1,,,,,Y,,A,01,0,0,1,0,0,0,0,0,0,"- ","- ",38.127380000000002,-121.25765,"SAN JOAQUIN",UNINCORPORATED,-121.25756798,38.130216279999999
6466572,2014,2016-01-15,9265,2014-03-08,1830,019307,9265,6,2,6,3905,0,1,1,,2,503,"RT 5","CHURCH ST",400.00,S,N,A,-,Y,SJ,10,5,-,-,25.910,H,-,S,Y,4,0,5,2,A,-,03,22350,,N,C,C,A,A,H,-,D,D,1,,,,,Y,,D,22,0,0,5,0,0,0,0,0,0,"- ","- ",37.936680000000003,-121.29947,"SAN JOAQUIN",STOCKTON,-121.29900084000001,37.944610009999998
6466632,2014,2014-07-07,9265,2014-03-13,0220,018661,,4,3,9,3900,0,2,4,,1,014,"MARIPOSA RD","ESCALON BELLOTA RD",0.00,,Y,A,-,N,,,,,,,,,,Y,3,0,3,2,A,-,12,22450,A,N,D,A,A,A,H,-,D,D,0,,,,,Y,Y,A,01,0,2,1,0,0,0,0,0,0,"- ","- ",37.834629999999997,-120.99817,"SAN JOAQUIN",UNINCORPORATED,-120.99817,37.834629999999997
6466639,2014,2016-01-15,9265,2014-03-08,1100,15756,,6,1,6,3905,0,1,1,,2,503,"RT 5","PERSHING AV",1584.00,N,N,A,-,Y,SJ,10,5,-,-,27.280,H,-,N,Y,4,0,1,2,A,-,08,22107,,N,B,C,A,A,D,-,A,D,1,,,,,Y,,A,07,0,0,1,0,0,0,0,0,0,"- ","- ",37.956119999999999,-121.3176,"SAN JOAQUIN",STOCKTON,-121.31782644,37.956082940000002
6467157,2014,2014-07-10,9265,2014-03-05,1355,17989,,3,1,9,3900,0,2,4,,1,082,"ALPINE AV","MISSION RD",0.00,,Y,A,-,N,,,,,,,,,,N,4,0,1,2,A,-,10,21950,A,N,G,B,B,A,H,-,A,A,0,Y,,,,Y,,A,01,0,0,1,0,1,0,0,0,0,"- ","- ",37.973410000000001,-121.32572,"SAN JOAQUIN",UNINCORPORATED,-121.32566985,37.973409949999997
6467169,2014,2014-07-10,9265,2014-03-05,2340,18821,,3,3,6,3905,0,2,4,,1,051,"S WAGNER AV","E WASHINGTON ST",1056.00,N,N,C,-,N,,,,,,,,,,Y,3,0,1,1,A,-,01,23152,D,N,E,I,A,B,H,-,D,D,0,,,,,Y,,A,01,0,1,0,0,0,0,0,0,0,"- ","- ",37.971620000000001,-121.24274,"SAN JOAQUIN",STOCKTON,-121.23175000000001,37.96566
6469182,2014,2016-02-24,9265,2014-03-10,1449,018289,,1,2,9,3900,0,1,3,,1,061,"RT 26","JACK TONE RD",200.00,E,N,A,-,Y,SJ,10,26,-,-,6.890,H,-,E,N,4,0,2,2,A,-,03,22350,,N,C,C,A,A,H,-,A,D,0,,,,,Y,,D,22,0,0,2,0,0,0,0,0,0,"- ","- ",38.00132,-121.14773,"SAN JOAQUIN",UNINCORPORATED,-121.14881767999999,38.000927480000001
6469183,2014,2016-03-05,9265,2014-03-10,0550,019182,,1,3,9,3900,0,1,3,,1,041,"RT 4","WILHOIT RD",250.00,W,N,C,-,Y,SJ,10,4,-,-,12.840,H,-,E,Y,3,0,1,2,A,-,03,22350,,N,C,C,A,B,H,-,C,D,0,,,,,Y,,A,01,0,1,0,0,0,0,0,0,0,"- ","- ",37.553699999999999,-121.2114,"SAN JOAQUIN",UNINCORPORATED,-121.35428362,37.926975650000003
6470400,2014,2014-07-11,3902,2014-04-22,0804,NICKEL,,2,5,5,3902,0,0,0,,0,,"LOWER SACRAMENTO RD","LODI AV",75.00,N,N,A,G,N,,,,,,,,,,N,4,0,1,2,A,-,03,22350,,N,C,C,A,A,H,-,A,A,0,,,,,Y,,D,22,0,0,1,0,0,0,0,0,0,"- ","- ",,,"SAN JOAQUIN",LODI,-121.3067849,38.130265940000001
6470555,2014,2014-07-28,3906,2014-04-21,2311,1225,,1,5,5,3906,0,0,0,,0,005,"TRACY BL","EATON AV",332.00,S,N,B,-,N,,,,,,,,,,Y,4,0,1,1,A,-,01,23152,A,N,E,I,A,A,H,-,C,A,0,,,,,Y,Y,D,22,0,0,1,0,0,0,0,0,0,"- ","- ",,,"SAN JOAQUIN",TRACY,-121.43499,37.742398129999998
6474639,2014,2015-12-21,9265,2014-04-29,1610,018488,,2,2,9,3900,0,3,5,,2,060,"RT 99 E FR RD","WOODBRIDGE RD",0.00,,Y,A,-,N,,,,,,,,,,Y,4,0,2,2,A,-,09,21802,A,N,D,C,A,A,H,-,A,D,0,,,,,Y,,D,22,0,0,2,0,0,0,0,0,0,"- ","- ",38.160209999999999,-121.26015,"SAN JOAQUIN",UNINCORPORATED,-121.26186996,38.160199980000002
6481613,2014,2014-07-16,3902,2014-04-29,0918,VIETZ,,2,5,5,3902,0,0,0,,0,,"INDUSTRIAL DR","GUILD AV",211.00,W,N,A,-,N,,,,,,,,,,Y,4,0,1,2,A,-,08,22107,,N,A,C,A,A,H,-,A,D,0,,,,Y,Y,,A,01,0,0,1,0,0,0,0,0,0,"- ","- ",,,"SAN JOAQUIN",LODI,-121.24848252,38.125230680000001
6485000,2014,2015-12-29,9266,2014-05-04,0512,18751,,7,3,9,3900,0,1,1,,2,014,"RT 205","11TH ST",1206.00,W,N,A,-,Y,SJ,10,205,-,R,3.130,H,-,E,Y,1,1,2,2,A,-,08,22107,,N,C,E,A,A,H,-,D,D,1,,,,Y,Y,,A,01,0,0,2,0,0,0,0,0,0,"- ","- ",37.740459999999999,-121.49648000000001,"SAN JOAQUIN",UNINCORPORATED,-121.49999472,37.740456850000001
6485024,2014,2016-04-09,9266,2014-05-19,1330,14808,,1,1,9,3900,0,1,1,,2,014,"RT 205","LAMMERS RD",4224.00,W,N,B,-,Y,SJ,10,205,-,-,2.934,R,2,E,Y,4,0,1,3,A,-,03,22350,,N,C,C,A,A,G,-,A,D,1,,,,,Y,,D,22,0,0,1,0,0,0,0,0,0,TO,"- ",37.739280000000001,-121.48708000000001,"SAN JOAQUIN",UNINCORPORATED,-121.50344946,37.740612059999997
6493882,2014,2014-07-31,3902,2014-05-17,1257,43,,6,5,5,3902,0,0,0,,0,,"HARNEY LN",WINCHESTER,23.00,E,N,A,-,N,,,,,,,,,,Y,4,0,3,4,A,-,03,22350,,N,C,C,A,A,H,-,A,D,0,,,,,Y,,D,23,0,0,3,0,0,0,0,0,0,"- ","- ",,,"SAN JOAQUIN",LODI,-121.28094007,38.101030000000002
6493890,2014,2016-04-09,3902,2014-05-19,1438,38,,1,5,5,3902,0,0,0,,0,,"KETTLEMAN LN","CENTRAL AV",96.00,W,N,B,-,Y,SJ,10,12,-,-,17.680,H,-,E,N,4,0,2,3,A,-,04,21703,,N,C,C,A,A,H,-,A,D,0,,,,,Y,,A,01,0,0,2,0,0,0,0,0,0,"- ","- ",,,"SAN JOAQUIN",LODI,-121.26523446,38.116042659999998
6494890,2014,2014-07-24,9265,2014-05-14,1150,014248,,3,1,9,3900,0,3,5,,2,060,"ALPINE RD","FOPPIANO LN",1200.00,S,N,A,-,N,,,,,,,,,,Y,3,0,1,1,A,-,01,23152,A,N,E,I,A,A,H,-,A,D,0,,,,,Y,Y,D,22,0,1,0,0,0,0,0,0,0,"- ","- ",38.0366,-121.21039,"SAN JOAQUIN",UNINCORPORATED,-121.21006457999999,38.036272439999998
6495020,2014,2014-08-04,9265,2014-05-13,1653,15872,,2,2,9,3900,0,2,4,,1,051,"MAIN ST","OLIVE AV",0.00,,Y,A,-,N,,,,,,,,,,Y,4,0,2,2,A,-,09,21801,A,N,D,C,A,A,H,-,A,D,0,,,,,Y,,A,01,0,0,2,0,0,0,0,0,0,"- ","- ",37.954259999999998,-121.23551999999999,"SAN JOAQUIN",UNINCORPORATED,-121.23541985999999,37.95398994
6499745,2014,2014-07-25,3906,2014-05-09,1806,786,,5,5,5,3906,0,0,0,,0,001,"MACARTHUR DR","6TH ST",0.00,,Y,A,-,N,,,,,,,,,,Y,4,0,1,2,A,-,09,21804,A,N,D,G,A,A,H,-,A,A,0,,Y,,,Y,Y,L,04,0,0,1,0,0,0,1,0,0,"- ","- ",,,"SAN JOAQUIN",TRACY,-121.41656989000001,37.737389960000002
6500160,2014,2014-07-30,9265,2014-05-25,1450,019387,,7,2,9,3900,0,1,1,,2,505,"RT 5","WALNUT GROVE RD",6864.00,S,N,A,-,Y,,,5,,,,,,,Y,3,0,1,1,A,-,08,22107,,N,E,I,A,A,H,-,A,D,0,,,,,Y,,A,01,0,1,0,0,0,0,0,0,0,"- ","- ",38.2104,-121.42,"SAN JOAQUIN",UNINCORPORATED,-121.41993644,38.210445059999998
6502411,2014,2016-04-09,9265,2014-05-10,2250,018525,,6,3,6,3905,0,1,3,,1,061,"RT 26","BEECHER RD",0.00,,Y,A,-,Y,SJ,10,26,-,-,5.760,I,5,E,Y,3,0,1,2,A,-,08,22107,,N,D,C,A,A,H,-,D,D,0,,,,,Y,,A,01,0,1,0,0,0,0,0,0,0,"- ","- ",37.99483,-121.16772,"SAN JOAQUIN",STOCKTON,-121.16801499,37.994788620000001
6502471,2014,2016-04-09,9265,2014-05-13,0855,018836,,2,1,9,3900,0,1,3,,1,042,"RT 4","STANISLAUS ST",500.00,W,N,A,-,Y,SJ,10,4,-,R,17.050,H,-,E,Y,3,0,1,2,A,-,07,21658,A,M,E,I,A,A,H,-,A,D,1,,,,,Y,,A,01,0,1,0,0,0,0,0,0,0,"- ","- ",37.950830000000003,-121.28527,"SAN JOAQUIN",UNINCORPORATED,-121.28288754,37.95122387
6503458,2014,2016-04-09,9265,2014-05-04,1959,15827,,7,2,9,3900,0,1,3,,1,013,"RT 4","JACK TONE RD",5016.00,E,N,A,-,Y,SJ,10,4,-,-,25.810,H,-,E,Y,3,0,2,1,A,-,01,23152,A,N,F,A,A,A,H,-,B,D,0,,,,,Y,Y,A,07,0,1,1,0,0,0,0,0,0,"- ","- ",37.94209,-121.13489,"SAN JOAQUIN",UNINCORPORATED,-121.13085830999999,37.94229885
6503461,2014,2016-04-11,9265,2014-05-05,0044,18821,,1,3,6,3905,0,1,1,,2,504,"RT 5","MARCH LN",500.00,N,N,A,-,Y,SJ,10,5,-,-,30.110,H,-,S,Y,4,0,1,2,A,-,03,22350,,N,C,C,A,A,H,-,D,D,1,,,,,Y,,A,01,0,0,1,0,0,0,0,0,0,"- ","- ",37.93629,-121.33172999999999,"SAN JOAQUIN",STOCKTON,-121.34419437,37.986018749999999
6503473,2014,2014-07-28,9265,2014-05-07,0605,15756,,3,1,9,3900,0,3,5,,2,010,"ESCALON BELLOTA RD","FLOOD RD",1035.00,N,N,A,-,N,,,,,,,,,,Y,3,0,1,1,A,-,08,22107,,N,F,I,A,A,H,-,A,D,0,,,,,Y,,A,01,0,1,0,0,0,0,0,0,0,"- ","- ",38.019860000000001,-121.00199000000001,"SAN JOAQUIN",UNINCORPORATED,-121.00186338,38.019672679999999
6503689,2014,2016-04-09,9265,2014-05-01,0645,15604,,4,1,6,3905,0,1,3,,2,003,"RT 99","ARCH RD",40.00,N,N,A,-,Y,SJ,10,99,-,-,14.694,R,1,S,Y,4,0,1,2,A,-,07,21658,A,M,B,C,A,-,A,H,A,D,1,,,Y,,Y,,-,99,0,0,1,0,0,0,0,0,1,TO,"- ",37.904429999999998,-121.22453,"SAN JOAQUIN",STOCKTON,-121.22323907000001,37.90534718
6503705,2014,2016-04-09,9266,2014-05-19,1535,14808,,1,2,9,3900,0,2,4,,2,017,"RT 205","MOUNTAIN HOUSE PKWY",0.00,,Y,B,-,Y,SJ,10,205,-,-,1.178,R,4,E,Y,4,0,1,2,A,-,12,21453,A,N,D,C,A,A,H,-,A,A,1,,,,,Y,,A,01,0,0,1,0,0,0,0,0,0,TO,"- ",37.743940000000002,-121.52143,"SAN JOAQUIN",UNINCORPORATED,-121.53494138000001,37.742614840000002
6503713,2014,2014-07-26,9266,2014-05-25,1403,15805,,7,2,9,3900,0,2,4,,2,020,"KASSON RD","11TH ST",150.00,E,N,A,-,N,,,,,,,,,,Y,4,0,1,2,A,-,07,21658,A,N,B,C,A,A,H,-,A,D,0,,,Y,,Y,,A,01,0,0,1,0,0,0,0,0,1,"- ","- ",37.752540000000003,-121.35072,"SAN JOAQUIN",UNINCORPORATED,-121.35072,37.752540000000003
6503717,2014,2016-04-09,9266,2014-05-23,1850,17920,,5,2,9,3900,0,1,3,,1,025,"RT 33","RT 5",1000.00,E,N,A,-,Y,SJ,10,33,-,-,4.460,H,-,S,Y,4,0,1,1,A,-,08,22107,,N,F,A,A,A,H,-,A,D,0,,,,,Y,,A,01,0,0,1,0,0,0,0,0,0,"- ","- ",37.674030000000002,-121.33141999999999,"SAN JOAQUIN",UNINCORPORATED,-121.33885205,37.677651730000001
6504621,2014,2014-07-30,3906,2014-05-22,1116,1280,,4,5,5,3906,0,0,0,,0,006,"GRANT LINE","TRACY BL",507.00,W,N,A,-,N,,,,,,,,,,N,4,0,1,2,A,-,05,21650,1,N,H,G,A,A,H,-,A,D,0,,Y,,,Y,,L,04,0,0,1,0,0,0,1,0,0,"- ","- ",,,"SAN JOAQUIN",TRACY,-121.43689386,37.754166669999996
6509173,2014,2014-08-01,3902,2014-05-25,1443,23,,7,5,5,3902,0,0,0,,0,,"SOUTH CHEROKEE LN","LODI AV",98.00,S,N,A,-,N,,,,,,,,,,N,3,0,1,2,A,-,05,21650,1,M,D,G,A,A,H,-,A,A,0,,Y,,,Y,,L,04,0,1,0,0,0,0,1,0,0,"- ","- ",,,"SAN JOAQUIN",LODI,-121.26063734,38.13075087
6509238,2014,2016-04-11,9266,2014-06-05,2142,18751,,4,2,5,3906,0,1,1,,2,014,"RT 205","TRACY BL",88.00,E,N,A,-,Y,SJ,10,205,-,R,7.060,H,-,E,Y,3,0,2,2,A,-,01,23152,A,N,C,C,A,A,H,-,D,D,1,,,,,Y,Y,A,01,0,1,1,0,0,0,0,0,0,"- ","- ",37.762740000000001,-121.43434000000001,"SAN JOAQUIN",TRACY,-121.43405909000001,37.762790940000002
6511573,2014,2014-07-31,9265,2014-05-27,0800,018289,,2,1,9,3900,0,2,4,,1,052,"CHEROKEE RD","ASHLEY LN",0.00,,Y,A,-,N,,,,,,,,,,Y,2,0,3,2,A,-,12,22450,A,N,D,C,A,A,H,-,A,A,0,,,,,Y,,D,22,2,1,0,0,0,0,0,0,0,"- ","- ",38.019089999999998,-121.22102,"SAN JOAQUIN",UNINCORPORATED,-121.22098995,38.019099990000001
6512175,2014,2016-04-09,9265,2014-05-30,1344,015408,,5,1,6,3905,0,1,3,,2,004,"RT 99","HAMMER LN",3168.00,S,N,A,-,Y,SJ,10,99,-,-,22.320,H,-,S,Y,3,0,2,2,A,-,07,21658,A,F,E,I,A,A,H,-,A,D,1,,,,,Y,,A,01,0,1,1,0,0,0,0,0,0,"- ","- ",38.011839999999999,-121.25821999999999,"SAN JOAQUIN",STOCKTON,-121.25817441,38.012454460000001
6513909,2014,2014-07-25,9265,2014-04-14,1600,13539,,1,2,9,3900,0,3,5,,2,030,"HOWARD RD","BORBA RD",25.00,W,N,A,-,N,,,,,,,,,,Y,4,0,2,2,A,-,03,22350,,N,C,C,A,A,H,-,A,D,0,,,,,Y,,A,01,0,0,2,0,0,0,0,0,0,"- ","- ",37.877360000000003,-121.36027,"SAN JOAQUIN",UNINCORPORATED,-121.36018661999999,37.877409880000002
6516687,2014,2014-08-09,3902,2014-06-19,1321,80,,4,5,5,3902,0,0,0,,0,,"CHEROKEE LN","KETTLEMAN LN",80.00,S,N,A,-,N,,,,,,,,,,N,4,0,1,2,D,-,00,,,M,B,C,A,A,H,-,A,A,0,,,,,Y,,-,"- ",0,0,1,0,0,0,0,0,0,"- ","- ",,,"SAN JOAQUIN",LODI,-121.26045803,38.116100299999999
6516751,2014,2015-04-03,9265,2014-06-05,1720,19178,,4,2,6,3905,0,2,4,,1,082,"DELAWARE AV","PRINCETON AV",0.00,,Y,A,-,N,,,,,,,,,,N,3,0,1,2,A,-,12,22450,A,M,D,A,A,A,H,-,A,A,0,,Y,,,Y,,L,04,0,1,0,0,0,0,1,0,0,"- ","- ",37.973100000000002,-121.33354,"SAN JOAQUIN",STOCKTON,-121.33352996000001,37.973139979999999
6516825,2014,2016-04-11,9265,2014-06-12,1333,016639,,4,1,9,3900,0,1,1,,2,503,"RT 5","CHARTER WY",500.00,N,N,A,-,Y,SJ,10,5,-,-,25.470,H,-,S,Y,4,0,1,1,A,-,08,22107,,N,F,-,A,A,H,-,A,D,1,,,,,Y,,A,07,0,0,1,0,0,0,0,0,0,"- ","- ",37.937809999999999,-121.29777,"SAN JOAQUIN",UNINCORPORATED,-121.29794450999999,37.938254870000002
6516827,2014,2016-04-09,9265,2014-06-05,1345,013444,,4,1,9,3900,0,1,3,,2,004,"RT 99","PINE ST",20.00,N,N,A,-,Y,SJ,10,99,-,-,30.730,H,-,S,Y,4,0,1,2,A,-,03,22350,,N,C,C,A,A,H,-,A,D,1,,,,,Y,,A,01,0,0,1,0,0,0,0,0,0,"- ","- ",38.133989999999997,-121.25761,"SAN JOAQUIN",UNINCORPORATED,-121.25760791,38.133991250000001
6516835,2014,2015-12-21,9265,2014-06-05,1125,016854,,4,1,9,3900,0,3,5,,2,010,"RT 99 E FR RD","OLIVE AV",1584.00,N,N,A,-,N,,,99,,,,,,,Y,3,0,1,1,A,-,08,22107,,N,E,I,A,A,H,-,A,D,0,,,,,Y,,A,01,0,1,0,0,0,0,0,0,0,"- ","- ",37.763159999999999,-121.16088000000001,"SAN JOAQUIN",UNINCORPORATED,-121.16095765999999,37.763027639999997
6516837,2014,2014-08-20,9265,2014-06-09,2058,018511,,1,2,9,3900,0,2,4,,1,072,"WEST LN","ENTERPRISE ST",319.00,N,N,A,-,N,,,,,,,,,,Y,3,0,1,3,A,-,01,23152,B,N,C,E,A,A,H,-,C,D,0,,,,,Y,Y,A,01,0,1,0,0,0,0,0,0,0,"- ","- ",37.991050000000001,-121.28655000000001,"SAN JOAQUIN",UNINCORPORATED,-121.28647929,37.990993469999999
6516849,2014,2016-04-09,9265,2014-06-08,1409,018289,,7,2,9,3900,0,1,3,,2,004,"RT 99","CHEROKEE RD",1358.00,S,N,A,-,Y,SJ,10,99,-,-,20.630,H,-,S,Y,2,0,2,1,A,-,08,22107,,N,E,I,A,A,H,-,A,D,1,,,,,Y,,A,01,1,0,1,0,0,0,0,0,0,"- ","- ",37.988500000000002,-121.25149,"SAN JOAQUIN",UNINCORPORATED,-121.25147413000001,37.98869543
6516863,2014,2014-08-11,9265,2014-06-01,1435,018836,,7,2,9,3900,0,3,5,,2,060,"LIBERTY RD","DUSTIN RD",0.00,,Y,A,-,N,,,,,,,,,,Y,2,0,4,3,A,-,09,21801,A,N,D,C,A,A,H,-,A,D,0,,,,,Y,,A,01,1,1,2,0,0,0,0,0,0,"- ","- ",38.234059999999999,-121.22673,"SAN JOAQUIN",UNINCORPORATED,-121.22673987,38.234039889999998
6517054,2014,2014-08-20,9265,2014-06-15,0350,018525,,7,3,9,3900,0,2,4,,1,022,"UNION RD","FRENCH CAMP RD",2232.00,S,N,A,-,N,,,,,,,,,,Y,2,0,1,1,A,-,01,23152,A,N,E,I,A,A,H,-,D,D,0,,,,,Y,Y,D,22,1,0,0,0,0,0,0,0,0,"- ","- ",37.859540000000003,-121.23703999999999,"SAN JOAQUIN",UNINCORPORATED,-121.23719493999999,37.859253279999997
6517089,2014,2014-08-20,9265,2014-06-11,1335,014248,,3,1,9,3900,0,2,4,,1,091,"WEST LN","STADIUM DR",0.00,,Y,A,-,N,,,,,,,,,,Y,4,0,1,2,A,-,09,21802,A,N,D,C,A,A,H,-,A,A,0,,,,,Y,,D,22,0,0,1,0,0,0,0,0,0,"- ","- ",37.98554,-121.28438,"SAN JOAQUIN",UNINCORPORATED,-121.28448989,37.985519949999997
6517101,2014,2016-04-09,9265,2014-06-10,1620,018621,,2,2,9,3900,0,1,3,,2,004,"RT 99","CHEROKEE RD",10.00,N,N,A,-,Y,SJ,10,99,-,-,20.934,R,4,N,Y,4,0,1,1,A,-,03,22350,,N,F,I,A,A,H,-,A,D,1,,,,Y,Y,,G,27,0,0,1,0,0,0,0,0,0,"- ","- ",37.993130000000001,-121.25203,"SAN JOAQUIN",UNINCORPORATED,-121.25300679,37.993016220000001
6518487,2014,2016-04-14,9265,2014-05-19,0126,018821,,1,3,4,3903,0,1,3,,2,025,"RT 120","MAIN ST",800.00,E,N,A,-,Y,SJ,10,120,-,R,5.440,H,-,W,Y,4,0,1,1,A,-,08,22107,,N,F,A,A,A,H,-,D,D,1,,,,,Y,,A,01,0,0,1,0,0,0,0,0,0,"- ","- ",37.784309999999998,-121.22394,"SAN JOAQUIN",MANTECA,-121.21353332,37.783545580000002
6518523,2014,2016-04-09,9265,2014-05-22,0750,014248,,4,1,9,3900,0,1,3,,2,004,"RT 99","EIGHT MILE RD",3168.00,S,N,A,-,Y,SJ,10,99,-,-,24.820,H,-,N,Y,4,0,1,2,A,-,07,21658,A,N,E,A,A,A,H,-,A,D,1,,,,,Y,,A,08,0,0,1,0,0,0,0,0,0,"- ","- ",38.048740000000002,-121.25888,"SAN JOAQUIN",UNINCORPORATED,-121.25880367000001,38.04868819
6518531,2014,2015-12-21,9265,2014-05-26,0242,015174,,1,3,9,3900,0,3,5,,2,050,"DIRT RD IN STOCKTON DIVERTING CANAL","RT 99",60.00,E,N,A,-,N,,,,,,,,,,N,2,0,2,3,B,-,22,,,F,G,B,E,A,H,-,D,D,0,Y,,,,Y,,A,01,2,0,0,0,2,0,0,0,0,"- ","- ",37.585799999999999,-121.015,"SAN JOAQUIN",UNINCORPORATED,,