CASE_ID,ACCIDENT_YEAR,PROC_DATE,JURIS,COLLISION_DATE,COLLISION_TIME,OFFICER_ID,REPORTING_DISTRICT,DAY_OF_WEEK,CHP_SHIFT,POPULATION,CNTY_CITY_LOC,SPECIAL_COND,BEAT_TYPE,CHP_BEAT_TYPE,CITY_DIVISION_LAPD,CHP_BEAT_CLASS,BEAT_NUMBER,PRIMARY_RD,SECONDARY_RD,DISTANCE,DIRECTION,INTERSECTION,WEATHER_1,WEATHER_2,STATE_HWY_IND,CALTRANS_COUNTY,CALTRANS_DISTRICT,STATE_ROUTE,ROUTE_SUFFIX,POSTMILE_PREFIX,POSTMILE,LOCATION_TYPE,RAMP_INTERSECTION,SIDE_OF_HWY,TOW_AWAY,COLLISION_SEVERITY,NUMBER_KILLED,NUMBER_INJURED,PARTY_COUNT,PRIMARY_COLL_FACTOR,PCF_CODE_OF_VIOL,PCF_VIOL_CATEGORY,PCF_VIOLATION,PCF_VIOL_SUBSECTION,HIT_AND_RUN,TYPE_OF_COLLISION,MVIW,PED_ACTION,ROAD_SURFACE,ROAD_COND_1,ROAD_COND_2,LIGHTING,CONTROL_DEVICE,CHP_ROAD_TYPE,PEDESTRIAN_ACCIDENT,BICYCLE_ACCIDENT,MOTORCYCLE_ACCIDENT,TRUCK_ACCIDENT,NOT_PRIVATE_PROPERTY,ALCOHOL_INVOLVED,STWD_VEHTYPE_AT_FAULT,CHP_VEHTYPE_AT_FAULT,COUNT_SEVERE_INJ,COUNT_VISIBLE_INJ,COUNT_COMPLAINT_PAIN,COUNT_PED_KILLED,COUNT_PED_INJURED,COUNT_BICYCLIST_KILLED,COUNT_BICYCLIST_INJURED,COUNT_MC_KILLED,COUNT_MC_INJURED,PRIMARY_RAMP,SECONDARY_RAMP,LATITUDE,LONGITUDE,COUNTY,CITY,POINT_X,POINT_Y
8148566,2016,2016-10-19,3903,2016-09-09,1531,3558,,5,5,4,3903,0,0,0,,0,,"COLLINS ST","SAND LN",180.00,W,N,A,-,N,,,,,,,,,,N,4,0,1,2,A,-,11,21954,A,N,G,B,D,A,H,-,A,D,0,Y,,,,Y,,N,60,0,0,1,0,1,0,0,0,0,"- ","- ",37.777270000000001,-121.22598000000001,"SAN JOAQUIN",MANTECA,-121.22662262999999,37.777182539999998
8148606,2016,2016-10-19,3903,2016-09-09,1906,3558,,5,5,4,3903,0,0,0,,0,,"W ATHERTON DR","SAND LN",0.00,,Y,A,-,N,,,,,,,,,,Y,4,0,1,2,A,-,09,21801,A,N,D,C,A,A,H,-,B,D,0,,,,,Y,,A,01,0,0,1,0,0,0,0,0,0,"- ","- ",,,"SAN JOAQUIN",MANTECA,-121.22602990999999,37.7792399
8148610,2016,2016-10-19,3903,2016-09-15,1432,1751,,4,5,4,3903,0,0,0,,0,,"YOSEMITE AV","SWANSON RD",670.00,W,N,A,-,N,,,,,,,,,,Y,3,0,1,1,D,-,00,,,N,F,A,A,A,H,-,A,D,0,,,Y,,Y,,-,"- ",0,1,0,0,0,0,0,0,1,"- ","- ",37.797280000000001,-121.25919,"SAN JOAQUIN",MANTECA,-121.26141885,37.797326929999997
8151655,2016,2016-10-26,3906,2016-10-12,1324,1373,,3,5,5,3906,0,0,0,,0,001,"WEST 11TH ST","NORTH TRACY BL",168.00,W,N,A,-,N,,,,,,,,,,N,4,0,2,2,A,-,03,22350,,M,C,C,A,A,H,-,A,A,0,,,,,Y,,A,01,0,0,2,0,0,0,0,0,0,"- ","- ",,,"SAN JOAQUIN",TRACY,-121.43696104,37.739678189999999
8151683,2016,2016-10-25,3906,2016-10-08,1525,9820,,6,5,5,3906,0,0,0,,0,,"CENTRAL AV","4TH ST",110.00,N,N,A,-,N,,,,,,,,,,Y,3,0,1,3,A,-,03,22350,,N,C,C,A,A,H,-,A,D,0,,,,,Y,,A,01,0,1,0,0,0,0,0,0,0,"- ","- ",,,"SAN JOAQUIN",TRACY,-121.42564741,37.73350181
8152868,2016,2017-02-18,3905,2016-09-09,0530,2063,SEA,5,5,6,3905,0,0,0,,0,,"RT 4","FRESNO AV",5.00,E,N,A,-,Y,SJ,10,4,-,T,15.487,R,1,W,N,4,0,1,2,A,-,03,22350,,M,C,C,A,A,H,-,C,A,0,,,,,Y,,D,22,0,0,1,0,0,0,0,0,0,"- ","- ",37.943809999999999,-121.31227,"SAN JOAQUIN",STOCKTON,-121.30782404999999,37.945941429999998
8152871,2016,2016-10-31,3905,2016-09-12,1245,2537,LAK,1,5,6,3905,0,0,0,,0,,"YOKUTS AV","CLAREMONT AV",0.00,,Y,A,-,N,,,,,,,,,,N,3,0,2,2,A,-,17,21451,A,N,A,C,A,A,H,-,A,A,0,,,,,Y,,D,22,0,1,1,0,0,0,0,0,0,"- ","- ",37.997860000000003,-121.30962,"SAN JOAQUIN",STOCKTON,-121.31011999,37.997699910000001
8152872,2016,2016-11-01,3905,2016-09-09,1041,1422,PAR,5,5,6,3905,0,0,0,,0,,"MARKET ST","WILSON WY",0.00,,Y,A,-,N,,,,,,,,,,Y,4,0,2,2,A,-,03,22350,,N,C,C,A,A,H,-,A,A,0,,,,,Y,,A,01,0,0,2,0,0,0,0,0,0,"- ","- ",37.954700000000003,-121.27124999999999,"SAN JOAQUIN",STOCKTON,-121.27129997,37.954819909999998
8152913,2016,2016-11-01,3905,2016-09-04,1101,2063,VAL,7,5,6,3905,0,0,0,,0,,"MONTAUBAN AV","MARCH LN",0.00,,Y,A,-,N,,,,,,,,,,N,3,0,1,2,A,-,03,22350,,N,H,G,A,A,H,-,A,A,0,,Y,,,Y,,L,04,0,1,0,0,0,0,1,0,0,"- ","- ",38.003540000000001,-121.28413,"SAN JOAQUIN",STOCKTON,-121.28481997999999,38.00364991
8153591,2016,2016-10-25,3902,2016-10-12,1723,58,,3,5,5,3902,0,0,0,,0,,"PROVIDENCE WY","EATON DR",30.00,E,N,A,-,N,,,,,,,,,,Y,4,0,2,2,A,-,21,22106,,N,D,C,A,A,H,-,A,D,0,,,,,Y,,A,01,0,0,2,0,0,0,0,0,0,"- ","- ",,,"SAN JOAQUIN",LODI,-121.29433573999999,38.106428940000001
8154672,2016,2016-10-31,3905,2016-10-04,1751,2463,CIV,2,5,6,3905,0,0,0,,0,,"WEBER AV","AURORA ST",0.00,,Y,A,-,N,,,,,,,,,,Y,4,0,1,2,A,-,09,21801,A,N,D,C,A,A,H,-,A,D,0,,,,,Y,,A,01,0,0,1,0,0,0,0,0,0,"- ","- ",37.955460000000002,-121.2796,"SAN JOAQUIN",STOCKTON,-121.27961990999999,37.955519930000001
8154721,2016,2016-10-31,3905,2016-10-12,1118,2536,LAK,3,5,6,3905,0,0,0,,0,,"PACIFIC AV","ROBINHOOD DR",78.00,S,N,A,-,N,,,,,,,,,,Y,3,0,1,1,A,-,03,22350,,N,E,I,A,A,H,-,A,A,0,,,,,Y,,A,01,0,1,0,0,0,0,0,0,0,"- ","- ",38.000779999999999,-121.31583999999999,"SAN JOAQUIN",STOCKTON,-121.31638613,38.00039632
8154727,2016,2016-10-31,3905,2016-10-02,1904,2729,SEA,7,5,6,3905,0,0,0,,0,,"EL DORADO ST","IVY AV",1056.00,S,N,A,-,N,,,,,,,,,,N,2,0,1,2,A,-,11,21954,A,N,G,B,D,A,H,-,B,D,0,Y,,,,Y,,N,60,1,0,0,0,1,0,0,0,0,"- ","- ",37.918889999999998,-121.2786,"SAN JOAQUIN",STOCKTON,-121.27763340999999,37.916115480000002
8154753,2016,2016-12-28,3905,2016-10-11,1300,2463,PAR,2,5,6,3905,0,0,0,,0,,"WILSON WY","MARKET ST",0.00,,Y,A,-,N,,,,,,,,,,Y,3,0,1,2,A,-,12,21453,A,N,D,C,A,A,H,-,A,A,0,,,,,Y,,-,"- ",0,1,0,0,0,0,0,0,0,"- ","- ",37.954700000000003,-121.27124999999999,"SAN JOAQUIN",STOCKTON,-121.27129997,37.954819909999998
8154763,2016,2017-03-06,3905,2016-10-19,0708,2798,SEA,3,5,6,3905,0,0,0,,0,,"DOWNING AV","RT 5",11.00,E,N,A,-,Y,SJ,10,5,-,R,23.499,R,4,S,Y,4,0,2,2,A,-,12,21453,A,N,A,C,A,A,H,-,B,A,0,,,,,Y,,-,"- ",0,0,2,0,0,0,0,0,0,"- ",SF,37.913080000000001,-121.29012,"SAN JOAQUIN",STOCKTON,-121.28886661999999,37.910658069999997
8154787,2016,2016-10-28,3905,2016-10-22,2050,2649,BEA,6,5,6,3905,0,0,0,,0,,"MORADA LN","EL DORADO ST",23.00,W,N,A,-,N,,,,,,,,,,Y,2,0,3,1,A,-,01,23152,A,N,E,I,A,A,H,-,C,D,0,,,,,Y,Y,A,01,1,0,2,0,0,0,0,0,0,"- ","- ",38.035670000000003,-121.31814,"SAN JOAQUIN",STOCKTON,-121.31805987,38.035490000000003
8154793,2016,2016-10-31,3905,2016-10-07,1611,2536,LAK,5,5,6,3905,0,0,0,,0,,"ROBINHOOD DR","STRATFORD CIR E",102.00,E,N,A,-,N,,,,,,,,,,Y,4,0,1,3,A,-,03,22350,,F,D,C,A,A,H,-,A,D,0,,,,,Y,,A,01,0,0,1,0,0,0,0,0,0,"- ","- ",37.999989999999997,-121.31953,"SAN JOAQUIN",STOCKTON,-121.32206253,37.999201759999998
8154911,2016,2016-11-02,3902,2016-10-18,1338,27,,2,5,5,3902,0,0,0,,0,,"E TURNER RD","YOKUTS DR",0.00,,Y,A,-,N,,,,,,,,,,N,4,0,1,2,A,-,07,21658,A,N,D,C,A,A,H,-,A,D,0,,,,Y,Y,,F,26,0,0,1,0,0,0,0,0,0,"- ","- ",,,"SAN JOAQUIN",LODI,-121.26483986,38.145789899999997
8154959,2016,2017-03-02,3905,2016-10-10,2256,2723,SEA,1,5,6,3905,0,0,0,,0,,"MARTIN LUTHER KING BL","RT 5",0.00,,Y,A,-,Y,SJ,10,5,-,-,25.498,R,4,N,N,4,0,1,2,A,-,08,22100,5,N,B,C,A,A,H,-,C,A,0,,,,,Y,,A,07,0,0,1,0,0,0,0,0,0,"- ",NO,37.937080000000002,-121.29679,"SAN JOAQUIN",STOCKTON,-121.29772121000001,37.93872606
8154976,2016,2016-10-31,3905,2016-10-06,1757,2525,CIV,4,5,6,3905,0,0,0,,0,,"PERSHING AV","ROSE ST",20.00,N,N,A,-,N,,,,,,,,,,Y,4,0,2,2,A,-,03,22350,,N,C,C,A,A,H,-,A,A,0,,,,,Y,,A,07,0,0,2,0,0,0,0,0,0,"- ","- ",37.961120000000001,-121.31236,"SAN JOAQUIN",STOCKTON,-121.31249493999999,37.961033639999997
8154984,2016,2016-10-31,3905,2016-10-07,0928,1323,SEA,5,5,6,3905,0,0,0,,0,,"CAROLYN WESTON BL","WOODS BL",0.00,,Y,A,-,N,,,,,,,,,,N,3,0,1,2,A,-,09,21453,B,N,A,C,A,A,H,-,A,A,0,,,,,Y,,A,07,0,1,0,0,0,0,0,0,0,"- ","- ",37.911679999999997,-121.3045,"SAN JOAQUIN",STOCKTON,-121.30456567,37.911455109999999
8155767,2016,2017-02-18,3905,2016-09-05,1331,2133,BEA,1,5,6,3905,0,0,0,,0,,"HAMMER LN","RT 5",0.00,,Y,A,-,Y,SJ,10,5,-,-,32.849,R,4,S,Y,4,0,1,1,A,-,01,23153,A,N,E,I,A,A,H,-,A,A,0,,,,,Y,Y,A,01,0,0,1,0,0,0,0,0,0,"- ",SF,38.021259999999998,-121.35991,"SAN JOAQUIN",STOCKTON,-121.36014561,38.02364669
8155772,2016,2016-10-28,3905,2016-09-21,1358,2525,CIV,3,5,6,3905,0,0,0,,0,,"ALPINE AV","MISSION RD",3.00,W,N,A,-,N,,,,,,,,,,N,3,0,1,2,A,-,10,21950,A,N,G,B,B,A,H,-,A,A,0,Y,,,,Y,,A,07,0,1,0,0,1,0,0,0,0,"- ","- ",37.973640000000003,-121.32545,"SAN JOAQUIN",STOCKTON,-121.32567993000001,37.973407549999997
8155773,2016,2016-10-31,3905,2016-09-07,1546,2536,LAK,3,5,6,3905,0,0,0,,0,,"EL DORADO ST","MISSION PARK DR",634.00,S,N,A,-,N,,,,,,,,,,N,4,0,1,2,A,-,11,21954,A,N,G,B,D,A,H,-,A,A,0,Y,,,,Y,,N,60,0,0,1,0,1,0,0,0,0,"- ","- ",38.019599999999997,-121.3155,"SAN JOAQUIN",STOCKTON,-121.31486412,38.01783004
8155782,2016,2016-10-31,3905,2016-09-14,0750,1422,BEA,3,5,6,3905,0,0,0,,0,,"BAINBRIDGE PL","STANFIELD DR",0.00,,Y,A,-,N,,,,,,,,,,Y,4,0,1,2,A,-,03,22350,,F,D,C,A,A,H,-,A,A,0,,,,,Y,,A,01,0,0,1,0,0,0,0,0,0,"- ","- ",38.035249999999998,-121.35581999999999,"SAN JOAQUIN",STOCKTON,-121.35562994999999,38.035349889999999
8155790,2016,2016-10-31,3905,2016-09-12,0829,3452,SEA,1,5,6,3905,0,0,0,,0,,"EL DORADO ST","JEFFERSON ST",0.00,,Y,A,-,N,,,,,,,,,,N,4,0,1,1,A,-,03,22350,,N,H,A,A,A,H,-,A,D,0,,,Y,,Y,,C,02,0,0,1,0,0,0,0,0,1,"- ","- ",37.941809999999997,-121.28691999999999,"SAN JOAQUIN",STOCKTON,-121.28681994,37.94181991
8155801,2016,2016-10-31,3905,2016-09-04,0008,2749,PAR,7,5,6,3905,0,0,0,,0,,"LAFAYETTE ST","UNION ST",98.00,E,N,A,-,N,,,,,,,,,,N,3,0,1,2,A,-,11,21950,B,N,G,B,D,A,H,-,E,D,0,Y,,,,Y,,N,60,0,1,0,0,1,0,0,0,0,"- ","- ",37.951909999999998,-121.27594000000001,"SAN JOAQUIN",STOCKTON,-121.27561937999999,37.952042480000003
8155804,2016,2016-10-28,3905,2016-09-20,1255,2463,PAR,2,5,6,3905,0,0,0,,0,,"OAK ST","WILSON WY",25.00,W,N,A,-,N,,,,,,,,,,N,4,0,1,2,A,-,03,22350,,M,C,C,A,A,H,-,A,A,0,,,,,Y,,A,07,0,0,1,0,0,0,0,0,0,"- ","- ",37.961680000000001,-121.27307,"SAN JOAQUIN",STOCKTON,-121.27326466,37.961805140000003
8155805,2016,2016-10-31,3905,2016-09-04,1050,2542,VAL,7,5,6,3905,0,0,0,,0,,"HAMMERTOWN DR","EVEREST AV",0.00,,Y,A,-,N,,,,,,,,,,N,4,0,1,2,A,-,03,22350,,N,D,E,A,A,H,-,A,D,0,,,Y,,Y,,C,02,0,0,1,0,0,0,0,0,1,"- ","- ",38.016570000000002,-121.29233000000001,"SAN JOAQUIN",STOCKTON,-121.29196995,38.016559950000001
8155822,2016,2016-10-31,3905,2016-09-06,1953,2675,CIV,2,5,6,3905,0,0,0,,0,,"PERSHING AV","PRINCETON AV",0.00,,Y,A,-,N,,,,,,,,,,Y,2,0,1,1,A,-,03,22350,,N,E,I,A,A,H,-,C,D,0,,,,,Y,Y,A,01,1,0,0,0,0,0,0,0,0,"- ","- ",37.977559999999997,-121.31798000000001,"SAN JOAQUIN",STOCKTON,-121.31827991,37.977359919999998
8157406,2016,2016-11-03,3906,2016-10-25,1447,1475,1,2,5,5,3906,0,0,0,,0,001,"WEST 10TH ST","ROOSEVELT AV",0.00,,Y,A,-,N,,,,,,,,,,Y,3,0,2,2,A,-,12,22450,A,N,D,C,A,A,H,-,A,A,0,,,,,Y,,A,01,0,1,1,0,0,0,0,0,0,"- ","- ",,,"SAN JOAQUIN",TRACY,-121.43437992,37.73851998
8160543,2016,2017-03-02,3901,2016-10-02,1847,L5,,7,5,2,3901,0,0,0,,0,,"WALNUT AV","RT 120",0.00,,Y,A,-,Y,SJ,10,120,-,-,16.370,H,-,W,Y,4,0,1,1,A,-,08,22107,,N,E,I,A,A,H,-,B,D,0,,,,,Y,Y,A,01,0,0,1,0,0,0,0,0,0,"- ","- ",,,"SAN JOAQUIN",ESCALON,-121.00566732999999,37.798587640000001
8162821,2016,2016-11-18,3906,2016-11-02,1225,1280,,3,5,5,3906,0,0,0,,0,004,"CORRAL HOLLOW",LOWELL,212.00,S,N,A,-,N,,,,,,,,,,Y,4,0,1,2,A,-,03,22350,,N,C,C,A,-,H,-,A,A,0,,,,,Y,,D,22,0,0,1,0,0,0,0,0,0,"- ","- ",,,"SAN JOAQUIN",TRACY,-121.45323,37.746497720000001
8164037,2016,2016-11-07,3902,2016-10-21,1154,23,,5,5,5,3902,0,0,0,,0,,"LOCKEFORD ST","CALAVERAS ST",0.00,,Y,A,-,N,,,,,,,,,,Y,4,0,4,2,A,-,03,22350,,N,C,C,A,A,H,-,A,D,0,,,,,Y,,A,01,0,0,4,0,0,0,0,0,0,"- ","- ",,,"SAN JOAQUIN",LODI,-121.26557998,38.138099930000003
81659583,2021,2021-12-23,3905,2021-11-05,0934,7161,CIV,5,5,6,3905,0,0,0,,0,,"ACACIA ST","SUTTER ST",12.00,N,N,A,-,N,,,,,,,,,,Y,4,0,1,2,A,-,09,21802,A,M,D,C,A,A,H,-,A,D,0,,,,,Y,,A,01,0,0,1,0,0,0,0,0,0,"- ","- ",37.962711334228516,-121.28962707519531,"SAN JOAQUIN",STOCKTON,-121.28851318359375,37.963287353515625
81659611,2021,2021-12-23,3905,2021-11-08,1614,1541,CIV,1,5,6,3905,0,0,0,,0,,"EL DORADO ST","INGRAM ST",53.00,N,N,B,-,N,,,,,,,,,,N,3,0,2,2,A,-,05,21650,1,N,D,G,A,A,H,-,A,D,0,,Y,Y,,Y,,L,04,0,1,1,0,0,0,1,0,1,"- ","- ",37.989490509033203,-121.3040771484375,"SAN JOAQUIN",STOCKTON,-121.30343627929688,37.990016937255859
8166682,2016,2017-02-02,3905,2016-08-18,2030,2416,CIV,4,5,6,3905,0,0,0,,0,,"PACIFIC AV","REGENT CT",0.00,,Y,A,-,N,,,,,,,,,,Y,1,1,2,2,A,-,03,22350,,N,D,C,A,A,H,-,C,D,0,,,Y,,Y,,C,02,0,0,2,0,0,0,0,1,0,"- ","- ",37.974290000000003,-121.30206,"SAN JOAQUIN",STOCKTON,-121.30234993000001,37.97421997
8166761,2016,2017-03-30,3902,2016-04-25,1950,28,,1,5,5,3902,0,0,0,,0,,"LODI AV","S PLEASANT AV",0.00,,Y,A,-,N,,,,,,,,,,Y,1,2,2,3,A,-,01,23153,A,F,D,C,A,A,H,-,B,A,0,,,,,Y,Y,A,01,1,0,1,0,0,0,0,0,0,"- ","- ",,,"SAN JOAQUIN",LODI,-121.27666986,38.130119960000002
8166775,2016,2017-03-16,3905,2016-07-11,0822,1532,LAK,1,5,6,3905,0,0,0,,0,,"QUAIL LAKES DR","MARCH LN",856.00,N,N,A,-,N,,,,,,,,,,Y,1,1,0,2,A,-,03,22350,,N,D,C,A,A,H,-,A,A,0,,,Y,,Y,,C,02,0,0,0,0,0,0,0,1,0,"- ","- ",37.985169999999997,-121.33951999999999,"SAN JOAQUIN",STOCKTON,-121.33996713000001,37.986117739999997
81668115,2021,2022-01-03,3905,2021-11-26,1254,7161,SEA,5,5,6,3905,0,0,0,,0,,"DOWNING AV","NB I5 OFF RAMP",0.00,,Y,A,-,N,,,,,,,,,,Y,3,0,1,2,A,-,12,21453,A,F,D,C,A,A,H,-,A,A,0,,,,,Y,,D,22,0,1,0,0,0,0,0,0,0,"- ","- ",37.913211822509766,-121.28884887695312,"SAN JOAQUIN",STOCKTON,-121.28916168212891,37.913036346435547
81669396,2021,2022-01-04,3905,2021-11-09,1803,1541,SEA,2,5,6,3905,0,0,0,,0,,"EIGHTH ST","PORT TRINITY CI (E)",0.00,,Y,A,-,N,,,,,,,,,,N,4,0,1,2,A,-,17,24250,,N,D,C,A,A,H,-,C,A,0,,,Y,,Y,,C,02,0,0,1,0,0,0,0,0,1,"- ","- ",37.926731109619141,-121.30010986328125,"SAN JOAQUIN",STOCKTON,-121.30165100097656,37.926647186279297
81677164,2021,2022-01-13,3905,2021-11-24,1420,7164,BEA,3,5,6,3905,0,0,0,,0,,"LOWER SACRAMENTO RD","SUNNYOAK WY",5.00,E,N,A,-,N,,,,,,,,,,N,4,0,1,2,A,-,03,22350,,N,C,C,A,A,H,-,A,D,0,,,,,Y,,A,01,0,0,1,0,0,0,0,0,0,"- ","- ",38.033199310302734,-121.32298278808594,"SAN JOAQUIN",STOCKTON,-121.32283782958984,38.033561706542969
81678079,2021,2022-01-14,3905,2021-11-27,2100,3132,VAL,6,5,6,3905,0,0,0,,0,,"WEST LN","EIGHT MILE RD",1632.00,S,N,A,-,N,,,,,,,,,,Y,3,0,1,1,A,-,03,22350,,N,F,A,A,A,H,-,D,D,0,,,,,Y,,A,01,0,1,0,0,0,0,0,0,0,"- ","- ",38.057479858398438,-121.29615020751953,"SAN JOAQUIN",STOCKTON,-121.29599761962891,38.052986145019531
81678110,2021,2022-01-14,3905,2021-12-02,0013,2902,SEA,4,5,6,3905,0,0,0,,0,,"MARTIN LUTHER KING BL","COMMERCE ST",13.00,W,N,A,-,N,,,,,,,,,,N,4,0,1,1,A,-,03,22350,,N,E,I,A,A,H,-,C,D,0,,,,,Y,,A,01,0,0,1,0,0,0,0,0,0,"- ","- ",37.938468933105469,-121.28875732421875,"SAN JOAQUIN",STOCKTON,-121.28871154785156,37.938499450683594
81678119,2021,2022-01-14,3905,2021-12-02,1815,7161,VAL,4,5,6,3905,0,0,0,,0,,"TAM O SHANTER DR","HAMMER LN",10.00,S,N,A,-,N,,,,,,,,,,N,4,0,2,2,A,-,03,22350,,N,C,C,A,A,H,-,A,A,0,,,,,Y,,A,07,0,0,2,0,0,0,0,0,0,"- ","- ",38.020458221435547,-121.30091094970703,"SAN JOAQUIN",STOCKTON,-121.300537109375,38.020851135253906
81678860,2021,2022-01-17,3905,2021-11-22,1808,2966,SEA,1,5,6,3905,0,0,0,,0,,"EIGHTH ST","MADISON ST",0.00,,Y,A,-,N,,,,,,,,,,N,3,0,2,3,A,-,03,22350,,F,D,C,A,A,H,-,C,A,0,,,,,Y,,A,01,0,1,1,0,0,0,0,0,0,"- ","- ",37.928371429443359,-121.28684997558594,"SAN JOAQUIN",STOCKTON,-121.28662872314453,37.928401947021484
81678881,2021,2022-01-17,3905,2021-12-04,0910,1315,PAR,6,5,6,3905,0,0,0,,0,,"UNION ST","SECOND ST",640.00,S,N,B,-,N,,,,,,,,,,N,4,0,1,3,A,-,03,22350,,N,D,C,A,A,H,-,A,D,0,,,,,Y,,D,22,0,0,1,0,0,0,0,0,0,"- ","- ",37.938278198242188,-121.273193359375,"SAN JOAQUIN",STOCKTON,-121.27117919921875,37.937271118164062
81679498,2021,2022-01-18,3905,2021-12-10,1929,2875,LAK,5,5,6,3905,0,0,0,,0,,"PACIFIC AV","ROBINHOOD DR",0.00,,Y,A,-,N,,,,,,,,,,Y,4,0,4,3,A,-,09,21453,C,N,D,C,A,A,H,-,C,A,0,,,,,Y,,A,01,0,0,4,0,0,0,0,0,0,"- ","- ",38.000221252441406,-121.31699371337891,"SAN JOAQUIN",STOCKTON,-121.31647491455078,38.000602722167969
81679500,2021,2022-01-18,3905,2021-12-10,2240,3132,SEA,5,5,6,3905,0,0,0,,0,,"FRENCH CAMP RD","NB I5 OFF RAMP",0.00,,Y,A,-,N,,,,,,,,,,N,4,0,3,2,A,-,12,21453,A,N,D,C,A,A,H,-,C,A,0,,,,,Y,,-,"- ",0,0,3,0,0,0,0,0,0,"- ","- ",37.897148132324219,-121.28312683105469,"SAN JOAQUIN",STOCKTON,-121.28364562988281,37.897163391113281
81680493,2021,2022-01-19,3905,2021-12-11,2155,3093,PAR,6,5,6,3905,0,0,0,,0,,"FREMONT ST","WIZARD AV",148.00,W,N,A,-,N,,,,,,,,,,Y,4,0,1,1,A,-,01,23152,A,N,E,I,A,A,H,-,C,A,0,,,,,Y,Y,A,01,0,0,1,0,0,0,0,0,0,"- ","- ",37.961090087890625,-121.26802062988281,"SAN JOAQUIN",STOCKTON,-121.26739501953125,37.961681365966797
81682368,2021,2022-01-21,3905,2021-11-08,0331,2626,SEA,1,5,6,3905,0,0,0,,0,,"CHARTER WY WB TURN LANE TO NAVY DR","NAVY DR",90.00,E,N,A,-,Y,,,,,,,,,,N,1,1,0,2,A,-,05,21202,A,N,D,G,A,A,H,-,C,D,0,,Y,,Y,Y,,L,04,0,0,0,0,0,1,0,0,0,"- ","- ",37.936241149902344,-121.30003356933594,"SAN JOAQUIN",STOCKTON,,
8168243,2016,2016-11-21,3903,2016-10-19,2149,2273,,3,5,4,3903,0,0,0,,0,,"UNION RD","CHERRY LN",651.00,S,N,A,-,N,,,,,,,,,,N,4,0,1,2,A,-,11,21954,A,N,G,B,E,A,H,-,C,D,0,Y,,,,Y,Y,N,60,0,0,1,0,1,0,0,0,0,"- ","- ",37.804839999999999,-121.23511999999999,"SAN JOAQUIN",MANTECA,-121.23505186,37.802902719999999
81683048,2021,2022-01-24,3905,2021-12-12,1518,7160,CIV,7,5,6,3905,0,0,0,,0,,"LINCOLN ST","MARTIN LUTHER KING BL",1.00,S,N,B,C,N,,,,,,,,,,N,4,0,1,2,A,-,11,21456,B,N,G,B,B,B,H,-,A,A,0,Y,,,,Y,,N,60,0,0,1,0,1,0,0,0,0,"- ","- ",37.937538146972656,-121.29396820068359,"SAN JOAQUIN",STOCKTON,-121.29387664794922,37.937557220458984
8169124,2016,2016-11-16,3903,2016-10-14,1703,2838,3903,5,5,4,3903,0,0,0,,0,005,"MOFFAT BL","POWERS AV",908.00,W,N,C,-,N,,,,,,,,,,Y,3,0,4,2,A,-,03,22350,,N,A,C,A,B,G,-,A,D,0,,,,,Y,,A,07,0,2,2,0,0,0,0,0,0,"- ","- ",37.789189999999998,-121.20556999999999,"SAN JOAQUIN",MANTECA,-121.20799037,37.790912310000003
8169128,2016,2017-02-28,3903,2016-10-14,2030,2160,,5,5,4,3903,0,0,0,,0,,"UNION RD","CENTER ST",102.00,N,N,C,-,N,,,,,,,,,,Y,3,0,1,3,A,-,01,23152,B,N,C,E,A,B,H,-,C,D,0,,,,,Y,Y,A,01,0,1,0,0,0,0,0,0,0,"- ","- ",37.798960000000001,-121.23504,"SAN JOAQUIN",MANTECA,-121.23494312,37.799469940000002
8169132,2016,2016-11-16,3903,2016-10-06,1945,2058,,4,5,4,3903,0,0,0,,0,,"LOUISE AV","POPLAR AV",63.00,W,N,A,-,N,,,,,,,,,,N,2,0,1,2,A,-,11,21954,A,N,G,B,D,A,H,-,C,D,0,Y,,,,Y,,N,60,1,0,0,0,1,0,0,0,0,"- ","- ",37.811990000000002,-121.21974,"SAN JOAQUIN",MANTECA,-121.21999809,37.81194
8169152,2016,2016-11-16,3903,2016-10-14,1048,2916,,5,5,4,3903,0,0,0,,0,,"WAWONA ST","PARK AV",0.00,,Y,B,-,N,,,,,,,,,,N,4,0,1,2,A,-,09,21801,A,N,D,C,A,A,H,-,A,D,0,,,,,Y,,A,01,0,0,1,0,0,0,0,0,0,"- ","- ",37.789360000000002,-121.21937,"SAN JOAQUIN",MANTECA,-121.21951989999999,37.789339939999998
81692387,2021,2022-02-03,3905,2021-12-10,1706,3133,SEA,5,5,6,3905,0,0,0,,0,,"MARTIN LUTHER KING BL","SAN JOAQUIN ST",12.00,S,N,A,-,N,,,,,,,,,,N,4,0,1,2,A,-,09,21804,A,N,H,G,A,A,H,-,C,A,0,,Y,,,Y,,L,04,0,0,1,0,0,0,1,0,0,"- ","- ",37.938800811767578,-121.2847900390625,"SAN JOAQUIN",STOCKTON,-121.28347778320312,37.939441680908203
81692388,2021,2022-02-03,3905,2021-12-12,0642,7164,CIV,7,5,6,3905,0,0,0,,0,,"PERSHING AV","MENDOCINO AV (N)",25.00,E,N,C,-,N,,,,,,,,,,N,4,0,1,2,A,-,03,22350,,N,D,C,A,B,H,-,B,A,0,,,,,Y,,A,07,0,0,1,0,0,0,0,0,0,"- ","- ",37.973861694335938,-121.31794738769531,"SAN JOAQUIN",STOCKTON,-121.31709289550781,37.974372863769531
81692395,2021,2022-02-03,3905,2021-12-13,1742,1541,SEA,1,5,6,3905,0,0,0,,0,,"CAROLYN WESTON BL","MCDOUGALD BL",0.00,,Y,C,G,N,,,,,,,,,,Y,3,0,2,2,A,-,12,21453,A,N,A,C,A,B,H,-,C,A,0,,,,,Y,,A,07,0,1,1,0,0,0,0,0,0,"- ","- ",37.911430358886719,-121.29744720458984,"SAN JOAQUIN",STOCKTON,-121.29750823974609,37.911266326904297