CASE_ID,ACCIDENT_YEAR,PROC_DATE,JURIS,COLLISION_DATE,COLLISION_TIME,OFFICER_ID,REPORTING_DISTRICT,DAY_OF_WEEK,CHP_SHIFT,POPULATION,CNTY_CITY_LOC,SPECIAL_COND,BEAT_TYPE,CHP_BEAT_TYPE,CITY_DIVISION_LAPD,CHP_BEAT_CLASS,BEAT_NUMBER,PRIMARY_RD,SECONDARY_RD,DISTANCE,DIRECTION,INTERSECTION,WEATHER_1,WEATHER_2,STATE_HWY_IND,CALTRANS_COUNTY,CALTRANS_DISTRICT,STATE_ROUTE,ROUTE_SUFFIX,POSTMILE_PREFIX,POSTMILE,LOCATION_TYPE,RAMP_INTERSECTION,SIDE_OF_HWY,TOW_AWAY,COLLISION_SEVERITY,NUMBER_KILLED,NUMBER_INJURED,PARTY_COUNT,PRIMARY_COLL_FACTOR,PCF_CODE_OF_VIOL,PCF_VIOL_CATEGORY,PCF_VIOLATION,PCF_VIOL_SUBSECTION,HIT_AND_RUN,TYPE_OF_COLLISION,MVIW,PED_ACTION,ROAD_SURFACE,ROAD_COND_1,ROAD_COND_2,LIGHTING,CONTROL_DEVICE,CHP_ROAD_TYPE,PEDESTRIAN_ACCIDENT,BICYCLE_ACCIDENT,MOTORCYCLE_ACCIDENT,TRUCK_ACCIDENT,NOT_PRIVATE_PROPERTY,ALCOHOL_INVOLVED,STWD_VEHTYPE_AT_FAULT,CHP_VEHTYPE_AT_FAULT,COUNT_SEVERE_INJ,COUNT_VISIBLE_INJ,COUNT_COMPLAINT_PAIN,COUNT_PED_KILLED,COUNT_PED_INJURED,COUNT_BICYCLIST_KILLED,COUNT_BICYCLIST_INJURED,COUNT_MC_KILLED,COUNT_MC_INJURED,PRIMARY_RAMP,SECONDARY_RAMP,LATITUDE,LONGITUDE,COUNTY,CITY,POINT_X,POINT_Y
81838677,2022,2022-08-12,3905,2022-07-09,1048,7192,PAR,6,5,6,3905,0,0,0,,0,,"AIRPORT WY","MARTIN LUTHER KING BL",40.00,N,N,A,-,N,,,,,,,,,,Y,3,0,1,2,A,-,01,23153,A,N,C,C,A,A,H,-,A,A,0,,,,,Y,Y,A,01,0,1,0,0,0,0,0,0,0,"- ","- ",37.940910339355469,-121.27181243896484,"SAN JOAQUIN",STOCKTON,-121.27060699462891,37.941665649414062
81845204,2022,2022-08-22,3905,2022-06-24,1012,7164,CIV,5,5,6,3905,0,0,0,,0,,"CALIFORNIA ST","NOBLE ST",0.00,,Y,A,-,N,,,,,,,,,,N,3,0,3,2,A,-,09,21801,A,N,D,C,A,A,H,-,A,D,0,,,,,Y,,A,01,0,3,0,0,0,0,0,0,0,"- ","- ",37.9775390625,-121.29158020019531,"SAN JOAQUIN",STOCKTON,-121.2918701171875,37.977508544921875
81845223,2022,2022-08-22,3905,2022-06-28,0856,2463,LAK,2,5,6,3905,0,0,0,,0,,"EL DORADO ST","LINCOLN RD",0.00,,Y,A,-,N,,,,,,,,,,Y,4,0,2,4,A,-,12,21453,A,N,B,C,A,A,H,-,A,A,0,,,,,Y,,D,22,0,0,2,0,0,0,0,0,0,"- ","- ",38.016811370849609,-121.31282806396484,"SAN JOAQUIN",STOCKTON,-121.31243133544922,38.016712188720703
81846234,2022,2022-08-23,3905,2022-07-06,1727,7161,LAK,3,5,6,3905,0,0,0,,0,,"MARCH LN","VENEZIA BL",146.00,W,N,A,-,N,,,,,,,,,,N,4,0,1,3,A,-,03,22350,,N,C,C,A,A,H,-,A,A,0,,,,,Y,,A,01,0,0,1,0,0,0,0,0,0,"- ","- ",37.985958099365234,-121.33486938476562,"SAN JOAQUIN",STOCKTON,-121.33584594726562,37.985580444335938
81852739,2022,2022-08-30,3905,2022-07-09,2111,3044,CIV,6,5,6,3905,0,0,0,,0,,"EL DORADO ST","CHURCHILL ST",6.00,E,N,A,-,N,,,,,,,,,,N,4,0,1,2,A,-,17,21451,A,N,D,C,A,A,H,-,C,A,0,,,,,Y,,A,01,0,0,1,0,0,0,0,0,0,"- ","- ",37.985988616943359,-121.30132293701172,"SAN JOAQUIN",STOCKTON,-121.30171203613281,37.985885620117188
81852740,2022,2022-08-30,3905,2022-07-10,1058,7192,VAL,7,5,6,3905,0,0,0,,0,,"MARCH LN","WEST LN",0.00,,Y,A,-,N,,,,,,,,,,Y,4,0,4,2,A,-,09,21453,C,N,A,C,A,A,H,-,A,A,0,,,,,Y,,A,08,0,0,4,0,0,0,0,0,0,"- ","- ",38.002071380615234,-121.29015350341797,"SAN JOAQUIN",STOCKTON,-121.29084777832031,38.002140045166016
81852744,2022,2022-08-30,3905,2022-07-11,1031,2610,PAR,1,5,6,3905,0,0,0,,0,,"WILSON WY","CHANNEL ST",0.00,,Y,A,-,N,,,,,,,,,,N,4,0,1,2,A,-,09,21803,A,N,D,C,A,A,H,-,A,A,0,,,,,Y,,A,01,0,0,1,0,0,0,0,0,0,"- ","- ",37.9576416015625,-121.27201843261719,"SAN JOAQUIN",STOCKTON,-121.27208709716797,37.957752227783203
81852752,2022,2022-08-30,3905,2022-07-12,1725,7192,LAK,2,5,6,3905,0,0,0,,0,,"MARCH LN","CLAREMONT AV",0.00,,Y,A,-,N,,,,,,,,,,Y,3,0,1,2,A,-,12,21453,A,N,D,C,A,A,H,-,A,A,0,,,,,Y,,A,01,0,1,0,0,0,0,0,0,0,"- ","- ",37.994209289550781,-121.30825805664062,"SAN JOAQUIN",STOCKTON,-121.30880737304688,37.994121551513672
81852757,2022,2022-08-30,3905,2022-07-13,2124,2875,BEA,3,5,6,3905,0,0,0,,0,,"MARINERS DR","HAMMER LN",1642.00,N,N,A,-,N,,,,,,,,,,N,3,0,2,2,A,-,05,21202,,N,C,G,A,A,H,-,C,D,0,,Y,Y,,Y,,L,04,0,1,1,0,0,0,1,0,1,"- ","- ",38.021278381347656,-121.36190795898438,"SAN JOAQUIN",STOCKTON,-121.36154174804688,38.025737762451172
81852761,2022,2022-08-30,3905,2022-07-14,1432,2752,SEA,4,5,6,3905,0,0,0,,0,,"MARTIN LUTHER KING BL","STANISLAUS ST",0.00,,Y,A,-,N,,,,,,,,,,Y,4,0,1,2,A,-,09,21801,A,N,D,C,A,A,H,-,A,D,0,,,,,Y,,A,01,0,0,1,0,0,0,0,0,0,"- ","- ",37.939640045166016,-121.27957153320312,"SAN JOAQUIN",STOCKTON,-121.27825164794922,37.940284729003906
81853991,2022,2022-08-31,3905,2022-06-07,0018,2200,LAK,2,5,6,3905,0,0,0,,0,,"PACIFIC AV","EDAN AV",460.00,N,N,A,-,N,,,,,,,,,,N,4,0,1,2,A,-,11,21954,A,F,G,B,D,A,H,-,C,D,0,Y,,,,Y,,N,60,0,0,1,0,1,0,0,0,0,"- ","- ",38.016578674316406,-121.32303619384766,"SAN JOAQUIN",STOCKTON,-121.32318878173828,38.017539978027344
81854010,2022,2022-08-31,3905,2022-07-19,1033,2463,LAK,2,5,6,3905,0,0,0,,0,,"MARCH LN","VENETIAN DR",57.00,W,N,A,-,N,,,,,,,,,,N,4,0,1,3,A,-,03,22350,,N,C,C,A,A,H,-,A,A,0,,,,,Y,,A,01,0,0,1,0,0,0,0,0,0,"- ","- ",37.987739562988281,-121.32669830322266,"SAN JOAQUIN",STOCKTON,-121.326171875,37.988059997558594
81854011,2022,2022-08-31,3905,2022-07-19,1509,2566,PAR,2,5,6,3905,0,0,0,,0,,"AIRPORT WY","OAK ST",0.00,,Y,A,-,N,,,,,,,,,,Y,3,0,2,2,A,-,12,21453,A,N,D,C,A,A,H,-,A,A,0,,,,,Y,,A,01,0,1,1,0,0,0,0,0,0,"- ","- ",37.961261749267578,-121.27568054199219,"SAN JOAQUIN",STOCKTON,-121.27581024169922,37.961360931396484
81854012,2022,2022-08-31,3905,2022-07-19,1742,2566,PAR,2,5,6,3905,0,0,0,,0,,"WILSON WY","FREMONT ST",145.00,S,N,A,-,N,,,,,,,,,,N,4,0,2,2,A,-,09,21804,A,N,D,C,A,A,H,-,A,D,0,,,,,Y,,A,01,0,0,2,0,0,0,0,0,0,"- ","- ",37.960121154785156,-121.27400970458984,"SAN JOAQUIN",STOCKTON,-121.27279663085938,37.960372924804688
81857501,2022,2022-09-06,3905,2022-07-07,0304,2625,PAR,4,5,6,3905,0,0,0,,0,,"FILBERT ST","WASHINGTON ST",17.00,S,N,A,-,N,,,,,,,,,,Y,3,0,1,2,A,-,03,22350,,N,D,E,A,A,H,-,C,A,0,,,,,Y,,A,01,0,1,0,0,0,0,0,0,0,"- ","- ",37.958221435546875,-121.25305938720703,"SAN JOAQUIN",STOCKTON,-121.25315093994141,37.958404541015625
81857511,2022,2022-09-06,3905,2022-07-20,1726,7164,CIV,3,5,6,3905,0,0,0,,0,,"PACIFIC AV","REGENT CT",115.00,N,N,A,G,N,,,,,,,,,,N,4,0,2,2,A,-,07,21658,A,N,C,C,A,A,H,-,A,A,0,,,,,Y,,A,01,0,0,2,0,0,0,0,0,0,"- ","- ",37.974288940429688,-121.30206298828125,"SAN JOAQUIN",STOCKTON,-121.30255126953125,37.974494934082031
81861546,2022,2022-09-12,3905,2022-07-26,1040,2429,PAR,2,5,6,3905,0,0,0,,0,,"HARDING WY","AIRPORT WY",28.00,E,N,A,-,N,,,,,,,,,,N,4,0,1,2,A,-,04,21703,,N,C,C,A,A,H,-,A,A,0,,,,,Y,,D,22,0,0,1,0,0,0,0,0,0,"- ","- ",37.970100402832031,-121.27799224853516,"SAN JOAQUIN",STOCKTON,-121.27811431884766,37.970195770263672
81861558,2022,2022-09-12,3905,2022-07-27,2038,3015,PAR,3,5,6,3905,0,0,0,,0,,"AIRPORT WY","FREMONT ST",0.00,,Y,A,-,N,,,,,,,,,,Y,3,0,1,2,A,-,11,21954,A,N,G,B,B,A,H,-,C,A,0,Y,,,,Y,,N,60,0,1,0,0,1,0,0,0,0,"- ","- ",37.960281372070312,-121.27542114257812,"SAN JOAQUIN",STOCKTON,-121.27554321289062,37.960361480712891
81864292,2022,2022-09-14,3924,2022-09-11,2052,1291,L1,7,5,2,3920,0,0,0,,0,00H,STONEBRIDGE,OPAL,0.00,,Y,A,-,N,,,,,,,,,,N,4,0,2,2,A,-,01,23152,,M,C,C,A,A,H,-,C,A,0,,,,,Y,Y,A,01,0,0,2,0,0,0,0,0,0,"- ","- ",37.835788726806641,-121.28218841552734,"SAN JOAQUIN",LATHROP,-121.28221130371094,37.835819244384766
8186596,2016,2016-12-21,3902,2016-11-19,1234,WH54,,6,5,5,3902,0,0,0,,0,,"SOUTH STOCKTON ST","LODI AV",175.00,S,N,C,-,N,,,,,,,,,,Y,4,0,1,3,A,-,03,22350,,M,C,C,A,B,H,-,A,A,0,,,,,Y,,-,,0,0,1,0,0,0,0,0,0,"- ","- ",,,"SAN JOAQUIN",LODI,-121.26972981,38.13001946
81867330,2022,2022-09-19,3905,2022-05-01,2321,2718,LAK,7,5,6,3905,0,0,0,,0,,"MARCH LN","PRECISSI LN",14.00,W,N,A,-,N,,,,,,,,,,Y,1,1,0,2,A,-,11,21456,B,F,G,B,B,A,H,-,C,A,0,Y,,,,Y,,N,60,0,0,0,1,0,0,0,0,0,"- ","- ",37.990718841552734,-121.31529998779297,"SAN JOAQUIN",STOCKTON,-121.3157958984375,37.990619659423828
8186776,2016,2016-12-21,3906,2016-12-09,1039,1469,85,5,5,5,3906,0,0,0,,0,004,"CORRAL HOLLOW RD","FIELDVIEW DR",0.00,,Y,B,-,N,,,,,,,,,,Y,4,0,1,2,A,-,03,22350,,N,C,C,A,A,H,-,A,A,0,,,,,Y,,A,01,0,0,1,0,0,0,0,0,0,"- ","- ",,,"SAN JOAQUIN",TRACY,-121.45322996,37.744599999999998
81870187,2022,2022-09-21,3924,2022-09-14,0809,1295,L3,3,5,2,3920,0,0,0,,0,00R,"DRIVE WAY 940 RIVER ISLANDS PKWY","SOMERSTON PKWY",2640.00,E,-,A,-,N,,,,,,,,,,Y,4,0,1,2,A,-,09,21801,,N,E,J,A,A,H,-,A,D,0,,,,,Y,,A,01,0,0,1,0,0,0,0,0,0,"- ","- ",37.802120208740234,-121.31414794921875,"SAN JOAQUIN",LATHROP,-121.31476593017578,37.803550720214844
8187084,2016,2017-01-11,3905,2016-12-01,1625,2463,CIV,4,5,6,3905,0,0,0,,0,,"WEST LN","ALPINE AV",984.00,S,N,A,-,N,,,,,,,,,,N,4,0,2,2,D,-,00,,,M,C,C,A,A,H,-,A,D,0,,,,,Y,,-,"- ",0,0,2,0,0,0,0,0,0,"- ","- ",37.983939999999997,-121.28349,"SAN JOAQUIN",STOCKTON,-121.28286113,37.981388240000001
8187104,2016,2017-01-03,3905,2016-11-18,1130,2578,CIV,5,5,6,3905,0,0,0,,0,,"SAN JOAQUIN ST","FLORA ST",0.00,,Y,A,-,N,,,,,,,,,,Y,4,0,4,2,A,-,09,21802,B,N,D,C,A,A,H,-,A,A,0,,,,,Y,,D,22,0,0,4,0,0,0,0,0,0,"- ","- ",37.961100000000002,-121.28924000000001,"SAN JOAQUIN",STOCKTON,-121.28937994,37.961099879999999
8187239,2016,2016-12-22,3905,2016-12-04,0958,1312,LAK,7,5,6,3905,0,0,0,,0,,"MARCH LN","QUAIL LAKES DR",0.00,,Y,A,-,N,,,,,,,,,,Y,3,0,2,3,A,-,11,21456,B,N,G,B,B,A,H,-,A,A,0,Y,,,,Y,,N,60,0,2,0,0,2,0,0,0,0,"- ","- ",37.985169999999997,-121.33951999999999,"SAN JOAQUIN",STOCKTON,-121.33998984999999,37.984889920000001
8187243,2016,2016-12-22,3905,2016-12-06,1213,2463,CIV,2,5,6,3905,0,0,0,,0,,"HARDING WY","CENTER ST",55.00,E,N,A,-,N,,,,,,,,,,Y,4,0,1,2,A,-,07,21658,A,M,D,C,A,A,H,-,A,D,0,,,,,Y,,A,07,0,0,1,0,0,0,0,0,0,"- ","- ",37.96734,-121.29494,"SAN JOAQUIN",STOCKTON,-121.29514,37.967309999999998
81872576,2022,2022-09-26,3905,2022-08-01,1300,7161,SEA,1,5,6,3905,0,0,0,,0,,"MARTIN LUTHER KING BL","CALIFORNIA ST",8.00,W,N,A,-,N,,,,,,,,,,N,3,0,1,2,A,-,10,21950,A,F,G,B,B,A,H,-,A,A,0,Y,,,,Y,,A,01,0,1,0,0,1,0,0,0,0,"- ","- ",37.939781188964844,-121.28095245361328,"SAN JOAQUIN",STOCKTON,-121.28087615966797,37.939884185791016
81872784,2022,2022-09-26,3905,2022-08-07,1926,2566,BEA,7,5,6,3905,0,0,0,,0,,"SCOTT CREEK DR","WESTCHESTER CI",145.00,W,N,A,-,N,,,,,,,,,,N,3,0,1,2,A,-,06,21760,,M,D,G,A,A,H,-,A,D,0,,Y,,,Y,,A,01,0,1,0,0,0,0,1,0,0,"- ","- ",38.055538177490234,-121.38526916503906,"SAN JOAQUIN",STOCKTON,-121.38580322265625,38.055294036865234
81874130,2022,2022-09-27,3905,2022-08-02,0824,2463,CIV,2,5,6,3905,0,0,0,,0,,"ALPINE AV","MISSION RD",0.00,,Y,A,-,N,,,,,,,,,,Y,4,0,1,2,A,-,12,21453,A,N,D,C,A,A,H,-,A,A,0,,,,,Y,,A,01,0,0,1,0,0,0,0,0,0,"- ","- ",37.973640441894531,-121.32544708251953,"SAN JOAQUIN",STOCKTON,-121.32566833496094,37.973411560058594
81875180,2022,2022-09-28,3905,2022-08-03,1738,7034,SEA,3,5,6,3905,0,0,0,,0,,"EIGHTH ST","MANTHEY RD",0.00,,Y,A,-,N,,,,,,,,,,Y,4,0,1,2,A,-,09,21801,A,N,D,C,A,A,H,-,A,D,0,,,,,Y,,A,01,0,0,1,0,0,0,0,0,0,"- ","- ",37.926719665527344,-121.2965087890625,"SAN JOAQUIN",STOCKTON,-121.29628753662109,37.926628112792969
81878570,2022,2022-09-30,3905,2022-08-22,0746,7161,SEA,1,5,6,3905,0,0,0,,0,,"EIGHTH ST","MANTHEY RD",381.00,E,N,A,-,N,,,,,,,,,,N,4,0,1,2,A,-,07,21658,A,M,B,C,A,A,H,-,A,A,0,,,,,Y,,A,01,0,0,1,0,0,0,0,0,0,"- ","- ",37.926719665527344,-121.2965087890625,"SAN JOAQUIN",STOCKTON,-121.29497528076172,37.926692962646484
81878577,2022,2022-09-30,3905,2022-08-24,1020,2463,,3,5,6,3905,0,0,0,,0,,"EL DORADO ST","ALPINE AV",0.00,,Y,A,-,N,,,,,,,,,,Y,4,0,1,2,A,-,12,21453,A,M,D,C,A,A,H,-,A,A,0,,,,,Y,,A,07,0,0,1,0,0,0,0,0,0,"- ","- ",37.980098724365234,-121.29897308349609,"SAN JOAQUIN",STOCKTON,-121.29930877685547,37.980018615722656
8187960,2016,2017-04-24,3905,2016-12-03,1645,2463,CIV,6,5,6,3905,0,0,0,,0,,"OAK ST","STANISLAUS ST",122.00,E,N,A,-,N,,,,,,,,,,Y,4,0,1,2,A,-,08,22100,B,N,D,C,A,A,H,-,B,D,0,,,,,Y,,A,01,0,0,1,0,0,0,0,0,0,"- ","- ",37.959989999999998,-121.2835,"SAN JOAQUIN",STOCKTON,-121.28316507,37.960115860000002
81879824,2022,2022-10-03,3905,2022-08-08,1244,7192,LAK,1,5,6,3905,0,0,0,,0,,"MORGAN PL","SWAIN RD",0.00,,Y,A,-,N,,,,,,,,,,Y,4,0,2,5,A,-,12,22450,A,N,D,C,A,A,H,-,A,A,0,,,,,Y,,A,07,0,0,2,0,0,0,0,0,0,"- ","- ",38.000270843505859,-121.35238647460938,"SAN JOAQUIN",STOCKTON,-121.35175323486328,38.000431060791016
81879825,2022,2022-10-03,3905,2022-08-10,0824,7192,VAL,3,5,6,3905,0,0,0,,0,,"HAMMER LN","LORRAINE AV",600.00,E,N,A,-,N,,,,,,,,,,Y,4,0,3,5,A,-,03,22350,,N,C,E,A,A,H,-,A,A,0,,,,,Y,,A,01,0,0,3,0,0,0,0,0,0,"- ","- ",38.020980834960938,-121.28357696533203,"SAN JOAQUIN",STOCKTON,-121.28118896484375,38.021003723144531
81879826,2022,2022-10-03,3905,2022-08-10,0935,3148,SEA,3,5,6,3905,0,0,0,,0,,"CENTER ST","ANDERSON ST",0.00,,Y,A,-,N,,,,,,,,,,Y,4,0,2,2,A,-,09,21802,A,N,D,C,A,A,H,-,A,A,0,,,,,Y,,A,01,0,0,2,0,0,0,0,0,0,"- ","- ",37.942008972167969,-121.28971099853516,"SAN JOAQUIN",STOCKTON,-121.28839111328125,37.942577362060547
81885624,2022,2022-10-10,3905,2022-06-03,1015,1315,PAR,5,5,6,3905,0,0,0,,0,,"ARCH AIRPORT RD","QANTAS LN",35.00,W,N,A,-,N,,,,,,,,,,N,4,0,3,2,A,-,03,22350,,N,C,C,A,A,H,-,A,A,0,,,,,Y,,A,07,0,0,3,0,0,0,0,0,0,"- ","- ",37.905029296875,-121.22930908203125,"SAN JOAQUIN",STOCKTON,-121.22950744628906,37.904857635498047
81885815,2022,2022-10-10,3905,2022-07-23,1600,3023,,6,5,6,3905,0,0,0,,0,,"S B ST","BOEING WY",0.00,N,Y,A,-,Y,,,,,,,,,,Y,4,0,1,2,A,-,09,21802,A,N,D,C,A,A,H,-,A,A,0,,,,,Y,,A,01,0,0,1,0,0,0,0,0,0,"- ","- ",,,"SAN JOAQUIN",STOCKTON,-121.24530029296875,37.908973693847656
81888053,2022,2022-10-12,3905,2022-09-05,1446,2566,LAK,1,5,6,3905,0,0,0,,0,,"EDAN AV","ERMA AV (W)",98.00,E,N,A,-,N,,,,,,,,,,Y,3,0,1,2,A,-,03,22350,,M,D,E,A,A,H,-,A,D,0,,,,,Y,,A,01,0,1,0,0,0,0,0,0,0,"- ","- ",38.016609191894531,-121.32209777832031,"SAN JOAQUIN",STOCKTON,-121.321533203125,38.016342163085938
81888061,2022,2022-10-12,3905,2022-09-10,0839,7035,LAK,6,5,6,3905,0,0,0,,0,,"QUAIL LAKES DR","MARCH LN",365.00,N,N,A,-,N,,,,,,,,,,N,3,0,1,2,A,-,10,21950,A,M,G,B,B,A,H,-,A,D,0,Y,,,,Y,,A,01,0,1,0,0,1,0,0,0,0,"- ","- ",37.98516845703125,-121.33952331542969,"SAN JOAQUIN",STOCKTON,-121.34010314941406,37.985889434814453
81889114,2022,2022-10-13,3905,2022-08-09,2200,2724,,2,5,6,3905,0,0,0,,0,,"EIGHT MILE RD","WEST LN",0.00,,Y,A,-,Y,,,,,,,,,,N,4,0,1,2,A,-,09,21804,A,N,C,C,A,A,H,-,C,A,0,,,,,Y,,A,01,0,0,1,0,0,0,0,0,0,"- ","- ",38.056938171386719,-121.29618835449219,"SAN JOAQUIN",STOCKTON,-121.29634094238281,38.057464599609375
81889119,2022,2022-10-13,3905,2022-08-10,1545,7161,SEA,3,5,6,3905,0,0,0,,0,,"FRENCH CAMP RD","CLAY ST",0.00,,Y,A,-,N,,,,,,,,,,N,4,0,2,2,A,-,09,21802,A,N,D,C,A,A,H,-,A,A,0,,,,,Y,,A,01,0,0,2,0,0,0,0,0,0,"- ","- ",37.939441680908203,-121.28897857666016,"SAN JOAQUIN",STOCKTON,-121.28885650634766,37.939411163330078
81890168,2022,2022-10-14,3905,2022-08-15,1128,7161,SEA,1,5,6,3905,0,0,0,,0,,"CAROLYN WESTON BL","WATERVIEW LN",0.00,,Y,A,-,N,,,,,,,,,,Y,3,0,4,2,A,-,09,21802,A,N,D,C,A,A,H,-,A,A,0,,,,,Y,,A,01,0,2,2,0,0,0,0,0,0,"- ","- ",37.913341522216797,-121.31504058837891,"SAN JOAQUIN",STOCKTON,-121.31513977050781,37.913074493408203
81890173,2022,2022-10-14,3905,2022-08-23,0801,7192,LAK,2,5,6,3905,0,0,0,,0,,"FEATHER RIVER DR","DRIFTWOOD PL",0.00,,Y,A,-,N,,,,,,,,,,N,4,0,1,2,A,-,05,21202,A,N,D,G,A,A,H,-,A,A,0,,Y,,,Y,,L,04,0,0,1,0,0,0,1,0,0,"- ","- ",37.989650726318359,-121.34674835205078,"SAN JOAQUIN",STOCKTON,-121.34716796875,37.989261627197266
81891141,2022,2022-10-17,3905,2022-08-31,1545,7180,SEA,3,5,6,3905,0,0,0,,0,,"MARY AV","WAIT AV",0.00,,Y,A,-,N,,,,,,,,,,N,4,0,1,2,A,-,03,22350,,M,D,C,A,A,H,-,A,A,0,,,,,Y,,A,07,0,0,1,0,0,0,0,0,0,"- ","- ",37.912208557128906,-121.27969360351562,"SAN JOAQUIN",STOCKTON,-121.27976989746094,37.912193298339844
81891321,2022,2022-10-17,3905,2022-09-11,1900,2875,PAR,7,5,6,3905,0,0,0,,0,,"MINER AV","WILSON WY",7.00,W,N,A,-,N,,,,,,,,,,N,3,0,1,2,A,-,05,21650,1,F,D,G,A,A,H,-,B,A,0,,Y,,,Y,,L,04,0,1,0,0,0,0,1,0,0,"- ","- ",37.95867919921875,-121.27227783203125,"SAN JOAQUIN",STOCKTON,-121.27238464355469,37.958755493164062
81892444,2022,2022-10-18,3905,2022-08-22,0737,3166,CIV,1,5,6,3905,0,0,0,,0,,"COUNTRY CLUB BL","OREGON AV (W)",337.00,E,N,A,-,N,,,,,,,,,,N,3,0,1,2,A,-,08,22107,,N,G,B,F,A,H,-,A,A,0,Y,,,,Y,,D,22,0,1,0,0,1,0,0,0,0,"- ","- ",37.962860107421875,-121.34300994873047,"SAN JOAQUIN",STOCKTON,-121.34203338623047,37.962749481201172
81893753,2022,2022-10-19,3905,2022-08-12,0559,1541,LAK,5,5,6,3905,0,0,0,,0,,"EL DORADO ST","DUNCAN AV",259.00,S,N,A,-,N,,,,,,,,,,Y,4,0,1,2,A,-,03,22350,,N,C,E,A,A,H,-,B,D,0,,,,,Y,,A,01,0,0,1,0,0,0,0,0,0,"- ","- ",38.00994873046875,-121.30921173095703,"SAN JOAQUIN",STOCKTON,-121.30880737304688,38.009140014648438
81893765,2022,2022-10-19,3905,2022-08-16,1609,7161,SEA,2,5,6,3905,0,0,0,,0,,"TURNPIKE RD","EIGHTH ST",0.00,,Y,A,-,N,,,,,,,,,,N,4,0,2,2,A,-,12,21453,A,N,D,C,A,A,H,-,A,A,0,,,,,Y,,A,01,0,0,2,0,0,0,0,0,0,"- ","- ",37.927040100097656,-121.29325103759766,"SAN JOAQUIN",STOCKTON,-121.29301452636719,37.927043914794922
81893768,2022,2022-10-19,3905,2022-08-17,1048,7164,LAK,3,5,6,3905,0,0,0,,0,,"PACIFIC AV","EDAN AV",300.00,N,N,A,-,N,,,,,,,,,,N,4,0,2,2,A,-,03,22350,,N,C,C,A,A,H,-,A,A,0,,,,,Y,,A,07,0,0,2,0,0,0,0,0,0,"- ","- ",38.016029357910156,-121.32312774658203,"SAN JOAQUIN",STOCKTON,-121.32302856445312,38.017120361328125
81893782,2022,2022-10-19,3905,2022-08-20,1700,2566,LAK,6,5,6,3905,0,0,0,,0,,"SWAIN RD","BREA AV",22.00,W,N,A,-,N,,,,,,,,,,N,3,0,1,3,A,-,01,23152,A,N,D,E,A,A,H,-,A,D,0,,,,,Y,Y,A,07,0,1,0,0,0,0,0,0,0,"- ","- ",38.006149291992188,-121.31183624267578,"SAN JOAQUIN",STOCKTON,-121.31137847900391,38.006546020507812
81893787,2022,2022-10-19,3905,2022-08-22,0938,7192,CIV,1,5,6,3905,0,0,0,,0,,"PERSHING AV","ELM ST",0.00,,Y,A,-,N,,,,,,,,,,N,4,0,1,2,A,-,10,21950,A,N,G,B,B,A,H,-,A,A,0,Y,,,,Y,,A,07,0,0,1,0,1,0,0,0,0,"- ","- ",37.964450836181641,-121.31456756591797,"SAN JOAQUIN",STOCKTON,-121.31351470947266,37.964851379394531
81904783,2022,2022-10-31,3905,2022-08-30,1719,2566,BEA,2,5,6,3905,0,0,0,,0,,"EL DORADO ST","HAMMER LN",135.00,N,N,A,-,N,,,,,,,,,,Y,4,0,1,2,A,-,09,21804,A,N,D,C,A,A,H,-,A,D,0,,,,,Y,,A,01,0,0,1,0,0,0,0,0,0,"- ","- ",38.020610809326172,-121.31556701660156,"SAN JOAQUIN",STOCKTON,-121.31521606445312,38.021228790283203
81905195,2022,2022-10-31,3905,2022-08-25,0253,3093,CIV,4,5,6,3905,0,0,0,,0,,"PERSHING AV","PRINCETON AV",105.00,N,N,A,-,N,,,,,,,,,,Y,2,0,1,1,A,-,03,22350,,N,E,I,A,A,H,-,C,D,0,,,Y,,Y,,C,02,1,0,0,0,0,0,0,0,1,"- ","- ",37.977558135986328,-121.31797790527344,"SAN JOAQUIN",STOCKTON,-121.31839752197266,37.977634429931641
81905198,2022,2022-10-31,3905,2022-08-25,1517,7035,SEA,4,5,6,3905,0,0,0,,0,,"EIGHTH ST","LEVER BL",110.00,E,N,A,-,N,,,,,,,,,,Y,3,0,6,2,A,-,08,22102,,N,D,C,A,A,H,-,A,D,0,,,,,Y,,A,07,0,1,5,0,0,0,0,0,0,"- ","- ",37.926719665527344,-121.29766845703125,"SAN JOAQUIN",STOCKTON,-121.2969970703125,37.926628112792969
81905217,2022,2022-10-31,3905,2022-09-06,1600,2566,LAK,2,5,6,3905,0,0,0,,0,,"PACIFIC AV","LINCOLN RD",195.00,N,N,A,-,N,,,,,,,,,,N,4,0,2,2,A,-,03,22350,,N,C,C,A,A,H,-,A,A,0,,,,,Y,,D,22,0,0,2,0,0,0,0,0,0,"- ","- ",38.013938903808594,-121.32206726074219,"SAN JOAQUIN",STOCKTON,-121.32194519042969,38.014255523681641
81905220,2022,2022-10-31,3905,2022-09-28,1344,7034,CIV,3,5,6,3905,0,0,0,,0,,"PERSHING AV","MENDOCINO AV (S)",0.00,,Y,A,-,N,,,,,,,,,,Y,3,0,2,2,A,-,09,21802,A,N,D,C,A,A,H,-,A,A,0,,,,,Y,,A,07,0,1,1,0,0,0,0,0,0,"- ","- ",37.97406005859375,-121.316650390625,"SAN JOAQUIN",STOCKTON,-121.31712341308594,37.974437713623047