CASE_ID,ACCIDENT_YEAR,PROC_DATE,JURIS,COLLISION_DATE,COLLISION_TIME,OFFICER_ID,REPORTING_DISTRICT,DAY_OF_WEEK,CHP_SHIFT,POPULATION,CNTY_CITY_LOC,SPECIAL_COND,BEAT_TYPE,CHP_BEAT_TYPE,CITY_DIVISION_LAPD,CHP_BEAT_CLASS,BEAT_NUMBER,PRIMARY_RD,SECONDARY_RD,DISTANCE,DIRECTION,INTERSECTION,WEATHER_1,WEATHER_2,STATE_HWY_IND,CALTRANS_COUNTY,CALTRANS_DISTRICT,STATE_ROUTE,ROUTE_SUFFIX,POSTMILE_PREFIX,POSTMILE,LOCATION_TYPE,RAMP_INTERSECTION,SIDE_OF_HWY,TOW_AWAY,COLLISION_SEVERITY,NUMBER_KILLED,NUMBER_INJURED,PARTY_COUNT,PRIMARY_COLL_FACTOR,PCF_CODE_OF_VIOL,PCF_VIOL_CATEGORY,PCF_VIOLATION,PCF_VIOL_SUBSECTION,HIT_AND_RUN,TYPE_OF_COLLISION,MVIW,PED_ACTION,ROAD_SURFACE,ROAD_COND_1,ROAD_COND_2,LIGHTING,CONTROL_DEVICE,CHP_ROAD_TYPE,PEDESTRIAN_ACCIDENT,BICYCLE_ACCIDENT,MOTORCYCLE_ACCIDENT,TRUCK_ACCIDENT,NOT_PRIVATE_PROPERTY,ALCOHOL_INVOLVED,STWD_VEHTYPE_AT_FAULT,CHP_VEHTYPE_AT_FAULT,COUNT_SEVERE_INJ,COUNT_VISIBLE_INJ,COUNT_COMPLAINT_PAIN,COUNT_PED_KILLED,COUNT_PED_INJURED,COUNT_BICYCLIST_KILLED,COUNT_BICYCLIST_INJURED,COUNT_MC_KILLED,COUNT_MC_INJURED,PRIMARY_RAMP,SECONDARY_RAMP,LATITUDE,LONGITUDE,COUNTY,CITY,POINT_X,POINT_Y
8288244,2015,2017-01-20,3905,2015-02-02,1257,2265,,1,5,6,3905,0,0,0,,0,,"STRATFORD CIR","ROBINHOOD DR E",513.00,N,N,A,-,N,,,,,,,,,,Y,4,0,2,3,A,-,01,23152,C,N,D,E,A,A,H,-,A,D,0,,,,,Y,,A,01,0,0,2,0,0,0,0,0,0,"- ","- ",,,"SAN JOAQUIN",STOCKTON,-121.32313000000001,38.000315790000002
8288254,2015,2017-01-20,3905,2015-02-06,1449,1422,VAL,5,5,6,3905,0,0,0,,0,,"HAMMER LN","HOLMAN RD",0.00,,Y,A,-,N,,,,,,,,,,N,3,0,1,2,A,-,11,21456,B,N,G,B,B,A,H,-,A,A,0,Y,,,,Y,Y,N,60,0,1,0,0,1,0,0,0,0,"- ","- ",,,"SAN JOAQUIN",STOCKTON,-121.27173995,38.0212699
8288269,2015,2017-01-20,3905,2015-02-13,1117,2438,CIV,5,5,6,3905,0,0,0,,0,,"MONTE DIABLO AV","SAN JUAN AV",67.00,E,N,A,-,N,,,,,,,,,,N,3,0,1,2,A,-,08,22107,,N,B,E,A,A,H,-,A,D,0,,,,,Y,,A,01,0,1,0,0,0,0,0,0,0,"- ","- ",,,"SAN JOAQUIN",STOCKTON,-121.32161332,37.95845061
8288271,2015,2017-01-20,3905,2015-02-09,1709,2041,SEA,1,5,6,3905,0,0,0,,0,,"TURNPIKE RD","CLAY ST",27.00,S,N,A,-,N,,,,,,,,,,N,4,0,1,2,A,-,12,22450,A,F,D,C,A,A,H,-,A,A,0,,,,,Y,,A,01,0,0,1,0,0,0,0,0,0,"- ","- ",,,"SAN JOAQUIN",STOCKTON,-121.28885988,37.939410049999999
8288287,2015,2017-01-20,3905,2015-05-15,1304,1393,LAK,5,5,6,3905,0,0,0,,0,,"SWAIN RD","KERMIT LN",184.00,E,N,A,-,N,,,,,,,,,,Y,4,0,2,2,A,-,09,21804,A,N,B,C,A,A,H,-,A,D,0,,,,,Y,,A,08,0,0,2,0,0,0,0,0,0,"- ","- ",,,"SAN JOAQUIN",STOCKTON,-121.30194994,38.008929590000001
8288307,2015,2017-02-03,3905,2015-05-20,1650,1393,LAK,3,5,6,3905,0,0,0,,0,,"MARCH LN","VENETIAN DR",0.00,,Y,B,-,N,,,,,,,,,,N,3,0,2,2,A,-,12,21453,A,N,D,C,A,A,H,-,A,A,0,,,,,Y,,-,"- ",0,1,1,0,0,0,0,0,0,"- ","- ",,,"SAN JOAQUIN",STOCKTON,-121.32597991,37.988109969999996
8288312,2015,2017-01-20,3905,2015-05-28,0200,2676,CIV,4,5,6,3905,0,0,0,,0,,"PERSHING AV","PRINCETON AV",39.00,N,N,A,-,N,,,,,,,,,,Y,3,0,1,1,A,-,01,23152,A,N,E,I,A,A,H,-,C,D,0,,,,,Y,Y,A,01,0,1,0,0,0,0,0,0,0,"- ","- ",,,"SAN JOAQUIN",STOCKTON,-121.3183239,37.977461310000002
8288315,2015,2017-01-20,3905,2015-05-21,1302,2063,PAR,4,5,6,3905,0,0,0,,0,,"WILSON WY","MAIN ST",0.00,,Y,A,-,N,,,,,,,,,,Y,4,0,2,2,A,-,12,21453,A,N,D,C,A,A,H,-,A,A,0,,,,,Y,,A,01,0,0,2,0,0,0,0,0,0,"- ","- ",,,"SAN JOAQUIN",STOCKTON,-121.27155995,37.955779970000002
8288319,2015,2017-01-20,3905,2015-05-30,1043,2063,CIV,6,5,6,3905,0,0,0,,0,,"PACIFIC AV","REGENT CT",0.00,,Y,A,-,N,,,,,,,,,,Y,4,0,1,2,A,-,09,21802,A,M,D,C,A,A,H,-,A,A,0,,,,,Y,,A,07,0,0,1,0,0,0,0,0,0,"- ","- ",,,"SAN JOAQUIN",STOCKTON,-121.30234993000001,37.97421997
8288327,2015,2017-01-20,3905,2015-08-20,0912,1422,,4,5,6,3905,0,0,0,,0,,"TOMMYDON ST","TAM O SHANTER DR",210.00,E,N,A,-,N,,,,,,,,,,Y,4,0,1,2,A,-,08,22100,B,N,D,C,A,A,H,-,A,D,0,,,,,Y,,A,01,0,0,1,0,0,0,0,0,0,"- ","- ",,,"SAN JOAQUIN",STOCKTON,-121.29978099,38.018795689999997
8288336,2015,2017-01-20,3905,2015-08-19,1153,1541,PAR,3,5,6,3905,0,0,0,,0,,"ARCH AIRPORT RD","QANTAS LN",168.00,E,N,A,-,N,,,,,,,,,,N,3,0,1,1,A,-,03,22350,,N,F,A,A,A,H,-,A,D,0,,,Y,,Y,,C,02,0,1,0,0,0,0,0,0,1,"- ","- ",,,"SAN JOAQUIN",STOCKTON,-121.22887181999999,37.9046162
8288342,2015,2017-02-02,3905,2015-08-24,0812,1541,SEA,1,5,6,3905,0,0,0,,0,,"SAN JOAQUIN ST","JACKSON ST",0.00,,Y,A,-,N,,,,,,,,,,Y,4,0,1,2,A,-,09,21800,C,M,D,C,A,A,H,-,A,A,0,,,,,Y,,A,01,0,0,1,0,0,0,0,0,0,"- ","- ",,,"SAN JOAQUIN",STOCKTON,-121.28397993999999,37.941289980000001
8288364,2015,2017-01-20,3905,2015-05-04,2124,2726,CIV,1,5,6,3905,0,0,0,,0,,"PARK ST","CALIFORNIA ST",0.00,,Y,A,-,N,,,,,,,,,,Y,3,0,8,2,A,-,01,23152,A,N,D,C,A,A,H,-,C,A,0,,,,,Y,Y,A,01,0,1,7,0,0,0,0,0,0,"- ","- ",,,"SAN JOAQUIN",STOCKTON,-121.28648991999999,37.960559920000001
8288365,2015,2017-01-20,3905,2015-05-07,1321,2063,SEA,4,5,6,3905,0,0,0,,0,,"8TH ST","TURNPIKE RD",0.00,,Y,A,-,N,,,,,,,,,,Y,4,0,3,3,A,-,12,21453,A,N,D,C,A,A,H,-,A,A,0,,,,,Y,,A,01,0,0,3,0,0,0,0,0,0,"- ","- ",,,"SAN JOAQUIN",STOCKTON,-121.29302250000001,37.927044000000002
8288369,2015,2017-01-20,3905,2015-05-07,1448,2438,PAR,4,5,6,3905,0,0,0,,0,,"CHURCH ST","AIRPORT WY",0.00,,Y,A,-,N,,,,,,,,,,N,3,0,1,2,A,-,09,21802,A,N,D,C,A,A,H,-,A,A,0,,,Y,,Y,,A,01,0,1,0,0,0,0,0,0,1,"- ","- ",,,"SAN JOAQUIN",STOCKTON,-121.27287987,37.950489990000001
8288387,2015,2017-01-20,3905,2015-05-02,1100,2063,CIV,6,5,6,3905,0,0,0,,0,,"MAIN ST","B ST",136.00,E,N,A,-,N,,,,,,,,,,N,4,0,1,2,A,-,03,22350,,N,B,E,A,A,H,-,A,A,0,,,,,Y,,A,01,0,0,1,0,0,0,0,0,0,"- ","- ",,,"SAN JOAQUIN",STOCKTON,-121.26370935,37.955447130000003
8288399,2015,2017-01-20,3905,2015-05-04,2017,1620,PAR,1,5,6,3905,0,0,0,,0,,"FREMONT ST","WILSON WY",0.00,,Y,A,-,N,,,,,,,,,,N,4,0,1,2,A,-,10,21950,A,N,G,B,B,A,H,-,C,A,0,Y,,,,Y,,A,07,0,0,1,0,1,0,0,0,0,"- ","- ",,,"SAN JOAQUIN",STOCKTON,-121.27291,37.960759979999999
8288411,2015,2017-01-19,3905,2015-08-09,1225,1323,CIV,7,5,6,3905,0,0,0,,0,,"PARK ST","LINCOLN ST",0.00,,Y,A,-,N,,,,,,,,,,N,3,0,2,2,A,-,08,22100,B,N,B,C,A,A,H,-,A,D,0,,,,,Y,,A,01,0,1,1,0,0,0,0,0,0,"- ","- ",,,"SAN JOAQUIN",STOCKTON,-121.29947989999999,37.958349900000002
8288412,2015,2017-01-19,3905,2015-08-29,1209,1560,PAR,6,5,6,3905,0,0,0,,0,,"WILSON WY","MAIN ST",0.00,,Y,A,-,N,,,,,,,,,,N,3,0,1,2,A,-,12,21453,A,M,D,G,A,A,H,-,A,A,0,,Y,,,Y,,L,04,0,1,0,0,0,0,1,0,0,"- ","- ",37.955719999999999,-121.27151000000001,"SAN JOAQUIN",STOCKTON,-121.27155995,37.955779970000002
8288424,2015,2017-01-20,3905,2015-08-29,2352,2639,CIV,6,5,6,3905,0,0,0,,0,,"PACIFIC AV","STADIUM DR",0.00,,Y,A,-,N,,,,,,,,,,Y,4,0,1,2,A,-,09,21804,A,N,D,C,A,B,H,-,C,A,0,,,,,Y,,A,01,0,0,1,0,0,0,0,0,0,"- ","- ",37.979970000000002,-121.30638,"SAN JOAQUIN",STOCKTON,-121.30667998,37.979849960000003
8288446,2015,2017-02-03,3905,2015-09-09,1750,2758,BEA,3,5,6,3905,0,0,0,,0,,"HAMMER LN","LAN ARK DR",0.00,,Y,A,-,N,,,,,,,,,,Y,2,0,4,2,A,-,12,21453,A,N,A,C,A,A,H,-,A,A,0,,,,,Y,,-,"- ",1,2,1,0,0,0,0,0,0,"- ","- ",38.021050000000002,-121.30974000000001,"SAN JOAQUIN",STOCKTON,-121.30943000000001,38.020989970000002
8288448,2015,2017-01-20,3905,2015-09-25,1041,2063,SEA,5,5,6,3905,0,0,0,,0,,"CAROLYN WESTON BL","GORDON VERNER CIR",0.00,,Y,A,-,N,,,,,,,,,,Y,4,0,2,2,A,-,09,21801,A,N,D,C,A,A,H,-,A,A,0,,,,,Y,,A,01,0,0,2,0,0,0,0,0,0,"- ","- ",37.913609999999998,-121.31238999999999,"SAN JOAQUIN",STOCKTON,-121.31246745999999,37.913317309999996
8288449,2015,2017-01-20,3905,2015-09-07,1301,2711,PAR,1,5,6,3905,0,0,0,,0,,"AIRPORT WY","HAZELTON AV",0.00,,Y,A,-,N,,,,,,,,,,Y,4,0,1,2,A,-,09,21801,A,N,D,C,A,A,H,-,A,A,0,,,,,Y,,A,07,0,0,1,0,0,0,0,0,0,"- ","- ",37.94932,-121.27256,"SAN JOAQUIN",STOCKTON,-121.27257997,37.949429909999999
8288452,2015,2017-01-20,3905,2015-09-14,1457,2482,SEA,1,5,6,3905,0,0,0,,0,,"SAN JOAQUIN ST","8TH ST E",12.00,S,N,A,-,N,,,,,,,,,,Y,4,0,2,2,A,-,09,21801,A,N,A,C,A,A,H,-,A,D,0,,,,,Y,,A,07,0,0,2,0,0,0,0,0,0,"- ","- ",37.929459999999999,-121.27996,"SAN JOAQUIN",STOCKTON,-121.28055000000001,37.92933
8288464,2015,2017-01-20,3905,2015-09-17,1027,2063,CIV,4,5,6,3905,0,0,0,,0,,"PACIFIC AV","MONTEREY AV",384.00,N,N,A,-,N,,,,,,,,,,Y,3,0,2,3,A,-,21,22106,,N,D,C,A,A,H,-,A,D,0,,,,,Y,,A,01,0,2,0,0,0,0,0,0,0,"- ","- ",37.976050000000001,-121.30334000000001,"SAN JOAQUIN",STOCKTON,-121.30430249,37.976826099999997
8288473,2015,2017-01-20,3905,2015-09-09,0734,3452,SEA,3,5,6,3905,0,0,0,,0,,"FRENCH CAMP RD","WOODS BL",0.00,,Y,A,-,N,,,,,,,,,,Y,3,0,1,2,A,-,12,21453,A,N,D,C,A,A,H,-,A,A,0,,,,,Y,,A,07,0,1,0,0,0,0,0,0,0,"- ","- ",37.89734,-121.30342,"SAN JOAQUIN",STOCKTON,-121.303375,37.897106000000001
8288476,2015,2017-02-28,3905,2015-09-17,1707,2601,LAK,4,5,6,3905,0,0,0,,0,,"SWAIN RD","PLYMOUTH RD",0.00,,Y,A,-,N,,,,,,,,,,N,4,0,1,3,A,-,09,21802,A,N,D,C,A,A,H,-,A,D,0,,,,,Y,,A,01,0,0,1,0,0,0,0,0,0,"- ","- ",38.000219999999999,-121.34829999999999,"SAN JOAQUIN",STOCKTON,-121.34767997,38.000359959999997
8288515,2015,2017-01-19,3905,2015-07-06,1242,1315,VAL,1,5,6,3905,0,0,0,,0,,"MARCH LN","WEST LN",39.00,E,N,A,-,N,,,,,,,,,,Y,2,0,3,5,A,-,01,23152,C,N,A,C,A,A,H,-,A,A,0,,,,,Y,,A,07,1,0,2,0,0,0,0,0,0,"- ","- ",,,"SAN JOAQUIN",STOCKTON,-121.2907199,38.00216957
8288531,2015,2017-02-03,3905,2015-09-20,0253,2440,SEA,7,5,6,3905,0,0,0,,0,,"TURNPIKE E FR RD","KOHLER ST",90.00,N,N,A,-,N,,,,,,,,,,N,2,0,1,2,A,-,11,21956,A,F,G,B,E,A,H,-,D,D,0,Y,,,,Y,,N,60,1,0,0,0,1,0,0,0,0,"- ","- ",,,"SAN JOAQUIN",STOCKTON,-121.29512966,37.930620789999999
8288540,2015,2017-01-20,3905,2015-09-19,1635,2438,LAK,6,5,6,3905,0,0,0,,0,,"EL DORADO ST","DUNCAN AV",377.00,S,N,A,-,N,,,,,,,,,,Y,4,0,4,3,A,-,09,21804,A,N,D,C,A,A,H,-,A,D,0,,,,,Y,,A,01,0,0,4,0,0,0,0,0,0,"- ","- ",,,"SAN JOAQUIN",STOCKTON,-121.30881236,38.00881468
8288541,2015,2017-01-20,3905,2015-09-28,0503,2616,PAR,1,5,6,3905,0,0,0,,0,,"FAIRBURY LN","MINDEN LN",105.00,E,N,A,-,N,,,,,,,,,,Y,4,0,1,1,A,-,03,22350,,N,E,I,A,A,H,-,C,D,0,,,,,Y,,A,01,0,0,1,0,0,0,0,0,0,"- ","- ",,,"SAN JOAQUIN",STOCKTON,-121.23301915,37.917103570000002
8288542,2015,2017-01-20,3905,2015-09-21,1517,2482,SEA,1,5,6,3905,0,0,0,,0,,"EL DORADO ST","2ND ST",0.00,,Y,A,-,N,,,,,,,,,,N,4,0,1,2,A,-,09,21802,A,N,D,C,A,A,H,-,A,A,0,,,,,Y,,A,01,0,0,1,0,0,0,0,0,0,"- ","- ",37.93638,-121.2855,"SAN JOAQUIN",STOCKTON,-121.2853499,37.936369880000001
8288546,2015,2017-01-20,3905,2015-09-26,1000,2482,SEA,6,5,6,3905,0,0,0,,0,,"CAROLYN WESTON BL","WATERVIEW LN",9.00,E,N,A,-,N,,,,,,,,,,N,4,0,2,2,A,-,09,21802,A,N,D,C,A,A,H,-,A,A,0,,,,,Y,,A,01,0,0,2,0,0,0,0,0,0,"- ","- ",37.913339999999998,-121.31504,"SAN JOAQUIN",STOCKTON,-121.31511044,37.913087910000002
8288549,2015,2017-01-20,3905,2015-09-26,1541,2700,,6,5,6,3905,0,0,0,,0,BEA,"WHISTLER WY","DAVIS RD",442.00,E,N,A,-,N,,,,,,,,,,Y,2,0,1,1,A,-,03,22350,,N,E,I,A,A,H,-,A,D,0,,,,,Y,,A,01,1,0,0,0,0,0,0,0,0,"- ","- ",38.048400000000001,-121.33246,"SAN JOAQUIN",STOCKTON,-121.33092508,38.048134390000001
8288573,2015,2017-02-14,3905,2015-03-01,1333,2463,LAK,7,5,6,3905,0,0,0,,0,,"FEATHER RIVER DR","DRIFTWOOD PL",0.00,,Y,A,-,N,,,,,,,,,,N,4,0,1,2,A,-,10,21950,A,N,G,B,B,A,H,-,A,A,0,Y,,,,Y,,A,01,0,0,1,0,1,0,0,0,0,"- ","- ",,,"SAN JOAQUIN",STOCKTON,-121.34716999,37.989259990000001
8288585,2015,2017-01-23,3905,2015-03-10,0813,1315,SEA,2,5,6,3905,0,0,0,,0,,"FRESNO AV","8TH ST",0.00,,Y,A,-,N,,,,,,,,,,Y,4,0,2,2,A,-,09,21801,A,N,D,C,A,A,H,-,A,A,0,,,,,Y,,A,01,0,0,2,0,0,0,0,0,0,"- ","- ",,,"SAN JOAQUIN",STOCKTON,-121.31217998,37.926669930000003
8288601,2015,2017-01-23,3905,2015-10-28,1211,2463,BEA,3,5,6,3905,0,0,0,,0,,"IRON CANYON CIR","MAMMOTH CAVE CIR",121.00,E,N,A,-,N,,,,,,,,,,Y,3,0,2,1,A,-,03,22350,,N,E,I,A,A,H,-,A,D,0,,,,,Y,,A,01,0,2,0,0,0,0,0,0,0,"- ","- ",38.043909999999997,-121.36157,"SAN JOAQUIN",STOCKTON,-121.3610304,38.043982020000001
8288606,2015,2017-01-23,3905,2015-10-25,2245,2769,VAL,7,5,6,3905,0,0,0,,0,,"TAM O SHANTER DR","DANNY DR",109.00,N,N,A,-,N,,,,,,,,,,Y,2,0,1,2,A,-,11,21954,A,N,G,B,E,A,H,-,C,D,0,Y,,,,Y,,N,60,1,0,0,0,1,0,0,0,0,"- ","- ",38.011310000000002,-121.29712000000001,"SAN JOAQUIN",STOCKTON,-121.29687616,38.011562670000004
8288608,2015,2017-01-23,3905,2015-10-26,1430,2463,PAR,1,5,6,3905,0,0,0,,0,,"MAIN ST","F ST",0.00,,Y,A,-,N,,,,,,,,,,N,4,0,1,2,A,-,09,21801,A,N,A,C,A,A,H,-,A,D,0,,,,,Y,,A,07,0,0,1,0,0,0,0,0,0,"- ","- ",37.954749999999997,-121.25429,"SAN JOAQUIN",STOCKTON,-121.25428999,37.954969939999998
8288610,2015,2017-01-23,3905,2015-10-25,1248,2463,PAR,7,5,6,3905,0,0,0,,0,,"WEST LN","HARDING WY",89.00,N,N,A,-,N,,,,,,,,,,Y,4,0,1,2,A,-,09,21804,A,N,D,C,A,A,H,-,A,D,0,,,,,Y,,A,01,0,0,1,0,0,0,0,0,0,"- ","- ",37.970100000000002,-121.27799,"SAN JOAQUIN",STOCKTON,-121.27828051,37.970417660000003
8288613,2015,2017-01-20,3905,2015-10-28,1912,2700,VAL,3,5,6,3905,0,0,0,,0,,"PAGE CT","CASTLE OAKS DR",108.00,N,N,A,-,N,,,,,,,,,,N,3,0,1,3,A,-,13,22515,A,N,G,B,E,A,H,-,B,D,0,Y,,,,Y,,A,07,0,1,0,0,1,0,0,0,0,"- ","- ",38.02872,-121.30289,"SAN JOAQUIN",STOCKTON,-121.30267569999999,38.02895659
8288614,2015,2017-01-23,3905,2015-10-30,1735,2750,SEA,5,5,6,3905,0,0,0,,0,,"IRENE ST","STOCKTON ST",0.00,,Y,A,-,N,,,,,,,,,,Y,2,0,1,1,C,-,18,,,N,E,I,A,A,H,-,A,D,0,,,,,Y,,-,"- ",1,0,0,0,0,0,0,0,0,"- ","- ",37.930430000000001,-121.30007999999999,"SAN JOAQUIN",STOCKTON,-121.29986991,37.930379899999998
8288620,2015,2017-02-27,3905,2015-10-14,1810,2658,BEA,3,5,6,3905,0,0,0,,0,,"TRINITY PK","EIGHT MILE RD",528.00,S,N,A,-,N,,,,,,,,,,Y,4,0,1,1,A,-,"- ",,,N,E,I,A,A,H,-,A,A,0,,,,,Y,,A,01,0,0,1,0,0,0,0,0,0,"- ","- ",38.057920000000003,-121.37631,"SAN JOAQUIN",STOCKTON,-121.3763488,38.056376389999997
8288623,2015,2017-01-23,3905,2015-10-19,0546,2749,PAR,1,5,6,3905,0,0,0,,0,,"ARCH AIRPORT RD","GIANNECCHINI LN",101.00,W,N,A,-,N,,,,,,,,,,N,3,0,2,2,A,-,03,22350,,N,A,C,A,A,H,-,C,A,0,,,,,Y,,A,01,0,2,0,0,0,0,0,0,0,"- ","- ",37.907310000000003,-121.2337,"SAN JOAQUIN",STOCKTON,-121.23408652000001,37.90718648
8288624,2015,2017-01-20,3905,2015-10-14,1240,2438,PAR,3,5,6,3905,0,0,0,,0,,"WILSON WY","PINCHOT ST",0.00,,Y,A,-,N,,,,,,,,,,N,3,0,1,2,A,-,05,21650,1,M,D,G,A,A,H,-,A,A,0,,Y,,,Y,,L,04,0,1,0,0,0,0,1,0,0,"- ","- ",37.958860000000001,-121.27493,"SAN JOAQUIN",STOCKTON,-121.27514987000001,37.968949979999998
8288635,2015,2017-01-23,3905,2015-10-18,0849,2694,CIV,7,5,6,3905,0,0,0,,0,,"MAGNOLIA ST","MADISON ST",0.00,,Y,A,-,N,,,,,,,,,,Y,3,0,1,2,A,-,09,21802,A,N,B,C,A,A,H,-,A,D,0,,,,,Y,,A,01,0,1,0,0,0,0,0,0,0,"- ","- ",37.962969999999999,-121.29652,"SAN JOAQUIN",STOCKTON,-121.29665994,37.962919960000001
8288636,2015,2017-01-23,3905,2015-10-09,1445,2625,,5,5,6,3905,0,0,0,,0,PAR,"SAN JOAQUIN ST","CALIFORNIA ST",0.00,,Y,F,-,N,,,,,,,,,,N,4,0,1,2,A,-,21,22106,,M,G,B,D,A,H,-,A,D,0,Y,,,,Y,,A,01,0,0,1,0,1,0,0,0,0,"- ","- ",,,"SAN JOAQUIN",STOCKTON,,
8288637,2015,2017-02-28,3905,2015-07-08,1550,2463,PAR,3,5,6,3905,0,0,0,,0,,"FILBERT ST","RT 4",54.00,N,N,A,-,Y,SJ,10,4,-,R,18.903,R,4,W,Y,3,0,2,4,B,-,22,,,N,D,C,A,A,H,-,A,A,0,,,,,Y,,J,48,0,1,1,0,0,0,0,0,0,"- ",WF,,,"SAN JOAQUIN",STOCKTON,-121.25141965,37.960324839999998
8288638,2015,2017-01-20,3905,2015-10-20,1755,2482,LAK,2,5,6,3905,0,0,0,,0,,"HAMMER LN","DON AV",0.00,,Y,A,-,N,,,,,,,,,,Y,4,0,4,3,A,-,12,21453,A,N,D,C,A,A,H,-,C,A,0,,,,,Y,,A,01,0,0,4,0,0,0,0,0,0,"- ","- ",38.021090000000001,-121.34581,"SAN JOAQUIN",STOCKTON,-121.34539989,38.021369929999999
8288652,2015,2017-01-20,3905,2015-07-21,1120,2482,BEA,2,5,6,3905,0,0,0,,0,,"HAMMER LN","KELLEY DR",0.00,,Y,A,-,N,,,,,,,,,,Y,4,0,1,2,A,-,12,21453,A,N,D,C,A,A,H,-,A,A,0,,,,,Y,,A,01,0,0,1,0,0,0,0,0,0,"- ","- ",,,"SAN JOAQUIN",STOCKTON,-121.35614998,38.021269930000003
8288655,2015,2017-01-20,3905,2015-07-06,0821,2482,,1,5,6,3905,0,0,0,,0,,"PACIFIC AV","EDAN AV",0.00,,Y,B,-,N,,,,,,,,,,N,4,0,2,2,A,-,12,21453,A,N,D,C,A,A,H,-,A,A,0,,,,,Y,,A,07,0,0,2,0,0,0,0,0,0,"- ","- ",,,"SAN JOAQUIN",STOCKTON,-121.32272992,38.016329949999999
8288656,2015,2017-01-20,3905,2015-07-19,1050,2771,PAR,7,5,6,3905,0,0,0,,0,,"PARK ST","PILGRIM ST",134.00,W,N,A,-,N,,,,,,,,,,Y,3,0,2,2,A,-,03,22350,,N,C,E,A,A,H,-,A,D,0,,,,,Y,,A,07,0,1,1,0,0,0,0,0,0,"- ","- ",,,"SAN JOAQUIN",STOCKTON,-121.27780486,37.962034189999997
8288657,2015,2017-01-23,3905,2015-07-14,1718,2741,CIV,2,5,6,3905,0,0,0,,0,,"AIRPORT WY","HAZELTON AV",0.00,,Y,A,-,N,,,,,,,,,,Y,4,0,1,2,A,-,08,22107,,N,D,C,A,A,H,-,A,A,0,,,,,Y,,A,01,0,0,1,0,0,0,0,0,0,"- ","- ",,,"SAN JOAQUIN",STOCKTON,-121.27257997,37.949429909999999
8288658,2015,2017-01-20,3905,2015-07-19,0058,2189,VAL,7,5,6,3905,0,0,0,,0,,"WEST LN","HAMMER LN",16.00,W,N,A,-,N,,,,,,,,,,Y,4,0,2,1,A,-,03,22350,,N,E,I,A,A,H,-,C,A,0,,,,,Y,,A,01,0,0,2,0,0,0,0,0,0,"- ","- ",,,"SAN JOAQUIN",STOCKTON,-121.295,38.021050000000002
8288665,2015,2017-01-23,3905,2015-07-14,0847,2482,,2,5,6,3905,0,0,0,,0,,"BLOSSOM CIR","HORSETAIL DR",132.00,N,N,A,-,N,,,,,,,,,,N,4,0,1,2,A,-,03,22350,,N,C,E,A,A,H,-,A,D,0,,,,,Y,,A,01,0,0,1,0,0,0,0,0,0,"- ","- ",,,"SAN JOAQUIN",STOCKTON,-121.27572609000001,38.001893590000002
8288680,2015,2017-01-20,3905,2015-07-25,0149,2590,CIV,6,5,6,3905,0,0,0,,0,,"ALPINE AV","SANGUINETTI LN",0.00,,Y,A,-,N,,,,,,,,,,Y,4,0,1,1,A,-,03,22350,,N,F,A,A,A,H,-,C,A,0,,,Y,,Y,,C,02,0,0,1,0,0,0,0,0,1,"- ","- ",,,"SAN JOAQUIN",STOCKTON,-121.27267993,37.986829960000001
8288683,2015,2017-01-20,3905,2015-10-29,1600,2772,CIV,4,5,6,3905,0,0,0,,0,,"CENTER ST","ROSE ST",0.00,,Y,A,-,N,,,,,,,,,,Y,4,0,1,2,A,-,08,22107,,N,D,C,A,A,H,-,A,A,0,,,,,Y,,A,01,0,0,1,0,0,0,0,0,0,"- ","- ",37.964370000000002,-121.29416999999999,"SAN JOAQUIN",STOCKTON,-121.29431991,37.964339950000003
8288706,2015,2017-01-20,3905,2015-10-10,1351,2463,BEA,6,5,6,3905,0,0,0,,0,,"TRINITY PK","8 MILE RD",580.00,S,N,A,-,N,,,,,,,,,,N,4,0,1,2,A,-,17,21663,,N,H,G,A,A,H,-,A,A,0,,Y,,,Y,,L,04,0,0,1,0,0,0,1,0,0,"- ","- ",38.057920000000003,-121.37631,"SAN JOAQUIN",STOCKTON,-121.37630277,38.056238299999997
8288708,2015,2017-01-24,3905,2015-10-04,1203,1232,SEA,7,5,6,3905,0,0,0,,0,,"KLEMEYER CIR","WILLIAM MOSS BL",260.00,N,N,A,-,N,,,,,,,,,,N,3,0,1,2,A,-,05,21650,1,N,D,G,A,A,H,-,A,D,0,,Y,,,Y,,L,04,0,1,0,0,0,0,1,0,0,"- ","- ",37.906370000000003,-121.30004,"SAN JOAQUIN",STOCKTON,-121.30029522,37.906908870000002
8288713,2015,2017-10-03,3905,2015-10-16,1544,2438,CIV,5,5,6,3905,0,0,0,,0,,"MONTE DIABLO AV","RT 5",0.00,,Y,A,-,Y,SJ,10,5,-,-,28.114,R,4,S,Y,3,0,1,2,A,-,09,21802,A,N,D,C,A,A,H,-,A,A,0,,,,,Y,,A,07,0,1,0,0,0,0,0,0,0,"- ",SF,37.957279999999997,-121.33029000000001,"SAN JOAQUIN",STOCKTON,-121.33224753,37.958699320000001
8288716,2015,2017-01-24,3905,2015-10-03,0431,2613,PAR,6,5,6,3905,0,0,0,,0,,"TAYLOR ST","MCDONELL AV",0.00,,Y,A,-,N,,,,,,,,,,Y,4,0,1,1,A,-,01,23152,A,N,E,I,A,A,H,-,C,A,0,,,,,Y,Y,A,01,0,0,1,0,0,0,0,0,0,"- ","- ",37.9512,-121.25621,"SAN JOAQUIN",STOCKTON,-121.25621987,37.951419989999998
8288724,2015,2017-01-30,3905,2015-05-09,1131,2463,VAL,6,5,6,3905,0,0,0,,0,,"CLOWES ST","BIANCHI RD",55.00,N,N,A,-,N,,,,,,,,,,N,4,0,1,2,A,-,08,22100,A,N,D,C,A,A,H,-,A,D,0,,,,,Y,,A,01,0,0,1,0,0,0,0,0,0,"- ","- ",,,"SAN JOAQUIN",STOCKTON,-121.29005429999999,37.997604809999999
8288744,2015,2017-01-30,3905,2015-05-08,0739,1422,VAL,5,5,6,3905,0,0,0,,0,,"WEST LN FRONTAGE RD","HAMMER LN",20.00,S,N,A,-,N,,,,,,,,,,Y,4,0,1,2,A,-,09,21804,A,N,D,C,A,A,H,-,A,A,0,,,,,Y,,D,22,0,0,1,0,0,0,0,0,0,"- ","- ",,,"SAN JOAQUIN",STOCKTON,-121.25641,38.02122
8288751,2015,2017-01-30,3905,2015-03-13,1356,1422,LAK,5,5,6,3905,0,0,0,,0,,"ROSE MARIE LN","PRECISSI LN",0.00,,Y,A,-,N,,,,,,,,,,Y,4,0,2,2,A,-,09,21801,A,N,D,C,A,A,H,-,A,A,0,,,,,Y,,A,01,0,0,2,0,0,0,0,0,0,"- ","- ",,,"SAN JOAQUIN",STOCKTON,-121.31474993,37.988089940000002