CASE_ID,ACCIDENT_YEAR,PROC_DATE,JURIS,COLLISION_DATE,COLLISION_TIME,OFFICER_ID,REPORTING_DISTRICT,DAY_OF_WEEK,CHP_SHIFT,POPULATION,CNTY_CITY_LOC,SPECIAL_COND,BEAT_TYPE,CHP_BEAT_TYPE,CITY_DIVISION_LAPD,CHP_BEAT_CLASS,BEAT_NUMBER,PRIMARY_RD,SECONDARY_RD,DISTANCE,DIRECTION,INTERSECTION,WEATHER_1,WEATHER_2,STATE_HWY_IND,CALTRANS_COUNTY,CALTRANS_DISTRICT,STATE_ROUTE,ROUTE_SUFFIX,POSTMILE_PREFIX,POSTMILE,LOCATION_TYPE,RAMP_INTERSECTION,SIDE_OF_HWY,TOW_AWAY,COLLISION_SEVERITY,NUMBER_KILLED,NUMBER_INJURED,PARTY_COUNT,PRIMARY_COLL_FACTOR,PCF_CODE_OF_VIOL,PCF_VIOL_CATEGORY,PCF_VIOLATION,PCF_VIOL_SUBSECTION,HIT_AND_RUN,TYPE_OF_COLLISION,MVIW,PED_ACTION,ROAD_SURFACE,ROAD_COND_1,ROAD_COND_2,LIGHTING,CONTROL_DEVICE,CHP_ROAD_TYPE,PEDESTRIAN_ACCIDENT,BICYCLE_ACCIDENT,MOTORCYCLE_ACCIDENT,TRUCK_ACCIDENT,NOT_PRIVATE_PROPERTY,ALCOHOL_INVOLVED,STWD_VEHTYPE_AT_FAULT,CHP_VEHTYPE_AT_FAULT,COUNT_SEVERE_INJ,COUNT_VISIBLE_INJ,COUNT_COMPLAINT_PAIN,COUNT_PED_KILLED,COUNT_PED_INJURED,COUNT_BICYCLIST_KILLED,COUNT_BICYCLIST_INJURED,COUNT_MC_KILLED,COUNT_MC_INJURED,PRIMARY_RAMP,SECONDARY_RAMP,LATITUDE,LONGITUDE,COUNTY,CITY,POINT_X,POINT_Y
8297016,2017,2017-03-01,3905,2017-01-21,2232,2759,PAR,6,5,6,3905,0,0,0,,0,,"AIRPORT WY","MARTIN LUTHER KING BL",0.00,,Y,C,-,N,,,,,,,,,,Y,4,0,1,2,A,-,01,23152,A,F,B,D,A,B,H,-,C,A,0,,,,,Y,Y,A,01,0,0,1,0,0,0,0,0,0,"- ","- ",37.941479999999999,-121.27059,"SAN JOAQUIN",STOCKTON,-121.27057994,37.941559920000003
8297019,2017,2018-02-10,3905,2017-01-21,0713,1422,CIV,6,5,6,3905,0,0,0,,0,,"RT 5","FLORA ST",17.00,S,N,B,-,Y,SJ,10,5,-,-,26.880,R,1,N,N,4,0,1,1,A,-,03,22350,,N,E,I,A,B,H,-,C,D,0,,,,,Y,,A,07,0,0,1,0,0,0,0,0,0,NF,"- ",37.957549999999998,-121.3113,"SAN JOAQUIN",STOCKTON,-121.31105331000001,37.954324700000001
8297035,2017,2017-03-01,3905,2017-01-15,0948,2566,CIV,7,5,6,3905,0,0,0,,0,,"FLORA ST","YOSEMITE ST",0.00,,Y,B,-,N,,,,,,,,,,Y,4,0,1,2,A,-,12,22450,A,N,D,C,A,A,H,-,A,A,0,,,,,Y,,A,01,0,0,1,0,0,0,0,0,0,"- ","- ",37.95834,-121.30619,"SAN JOAQUIN",STOCKTON,-121.30626993,37.958240000000004
8297621,2017,2017-02-15,3905,2017-02-05,0125,2770,SEA,7,5,6,3905,0,0,0,,0,,"MARTIN LUTHER KING BL","LINCOLN ST",0.00,,Y,A,-,N,,,,,,,,,,N,4,0,1,2,A,-,03,22350,,F,G,B,B,A,H,-,C,D,0,Y,,,,Y,Y,-,99,0,0,1,0,1,0,0,0,0,"- ","- ",37.937539999999998,-121.39397,"SAN JOAQUIN",STOCKTON,-121.29387991999999,37.937559999999998
82996865,2024,2024-07-31,3906,2024-06-19,2029,1710,,3,5,5,3906,0,0,0,,0,001,"EASTLAKE CIR","PYRAMID DR",0.00,,Y,A,-,N,,,,,,,,,,N,2,0,1,2,A,-,05,21651,B,N,A,G,A,A,H,-,B,D,0,,Y,Y,,Y,,L,04,1,0,0,0,0,0,1,0,0,"- ","- ",37.711441040039062,-121.4105224609375,"SAN JOAQUIN",TRACY,-121.41011047363281,37.712177276611328
82996878,2024,2024-07-31,3906,2024-07-02,1556,1783,,2,5,5,3906,0,0,0,,0,006,"LINCOLN BLVD","KAVANAGH AVE",240.00,N,N,A,-,N,,,,,,,,,,N,3,0,1,2,A,-,03,22350,,N,C,G,A,A,H,-,A,D,0,,Y,,,Y,,A,07,0,1,0,0,0,0,1,0,0,"- ","- ",37.757560729980469,-121.44309234619141,"SAN JOAQUIN",TRACY,-121.44290161132812,37.758205413818359
8303023,2016,2017-04-24,3905,2016-12-22,1122,1422,PAR,4,5,6,3905,0,0,0,,0,,"MARTIN LUTHER KING BL","B ST",0.00,,Y,A,-,N,,,,,,,,,,Y,4,0,2,3,A,-,07,21658,A,N,C,C,A,A,H,-,A,D,0,,,,Y,Y,,-,"- ",0,0,2,0,0,0,0,0,0,"- ","- ",,,"SAN JOAQUIN",STOCKTON,-121.25954991,37.944019930000003
8303028,2017,2017-02-27,3905,2017-01-10,0803,2566,PAR,2,5,6,3905,0,0,0,,0,,"STANFIELD DR","CHAUNCY CIR E",0.00,,Y,C,-,N,,,,,,,,,,N,4,0,1,2,A,-,03,22350,,F,C,C,A,B,H,-,A,A,0,,,,,Y,,A,01,0,0,1,0,0,0,0,0,0,"- ","- ",38.035699999999999,-121.35236999999999,"SAN JOAQUIN",STOCKTON,-121.3547299,38.035429950000001
8303076,2017,2017-02-06,3905,2017-01-07,2004,1228,BEA,6,5,6,3905,0,0,0,,0,BEA,"EIGHT MILE RD","THORNTON RD",0.00,,Y,C,-,N,,,,,,,,,,Y,4,0,3,2,A,-,12,21453,A,N,D,C,A,B,H,-,C,A,0,,,,,Y,,A,01,0,0,3,0,0,0,0,0,0,"- ","- ",38.057580000000002,-121.35177,"SAN JOAQUIN",STOCKTON,-121.35182987,38.05765993
8303080,2017,2017-03-01,3905,2017-01-06,1135,2542,LAK,5,5,6,3905,0,0,0,,0,,"HAMMER LN","RICHLAND WY",0.00,,Y,A,-,N,,,,,,,,,,Y,4,0,1,2,A,-,12,21453,A,N,D,C,A,A,H,-,A,A,0,,,,,Y,,-,"- ",0,0,1,0,0,0,0,0,0,"- ","- ",38.021169999999998,-121.35185,"SAN JOAQUIN",STOCKTON,-121.35147995,38.021379889999999
8303096,2017,2017-02-06,3905,2017-01-08,1946,2801,SEA,7,5,6,3905,0,0,0,,0,,"COMMERECE CT","JACKSON ST",3.00,N,N,C,-,N,,,,,,,,,,Y,3,0,1,1,A,-,03,22350,,N,F,A,A,B,H,-,C,A,0,,,,,Y,,A,07,0,1,0,0,0,0,0,0,0,"- ","- ",37.94041,-121.28928000000001,"SAN JOAQUIN",STOCKTON,-121.28918208,37.94041807
8303100,2017,2017-02-06,3905,2017-01-04,1938,2463,CIV,3,5,6,3905,0,0,0,,0,,"HARDING WY","CENTER ST",0.00,,Y,B,C,N,,,,,,,,,,N,4,0,1,2,A,-,09,21801,A,N,A,C,A,B,H,-,C,A,0,,,,,Y,,A,01,0,0,1,0,0,0,0,0,0,"- ","- ",37.96734,-121.29494,"SAN JOAQUIN",STOCKTON,-121.29513987999999,37.967309929999999
8303225,2016,2017-02-03,3905,2016-12-12,1503,2566,VAL,1,5,6,3905,0,0,0,,0,,"SWAIN RD","EL DORADO ST",185.00,W,N,A,-,N,,,,,,,,,,N,4,0,1,2,A,-,09,21801,A,N,D,C,A,A,H,-,A,D,0,,,,,Y,,A,07,0,0,1,0,0,0,0,0,0,"- ","- ",38.007359999999998,-121.30901,"SAN JOAQUIN",STOCKTON,-121.30917465,38.007102940000003
8303234,2016,2017-02-03,3905,2016-12-20,1440,1312,LAK,2,5,6,3905,0,0,0,,0,,"HAMMER LN","ALEXANDRIA PL",0.00,,Y,A,-,N,,,,,,,,,,Y,4,0,3,2,A,-,12,21453,A,N,D,C,A,A,H,-,A,A,0,,,,,Y,,A,01,0,0,3,0,0,0,0,0,0,"- ","- ",38.021520000000002,-121.33642,"SAN JOAQUIN",STOCKTON,-121.33610996,38.020999920000001
8303258,2016,2017-02-03,3905,2016-12-23,1245,1323,CIV,5,5,6,3905,0,0,0,,0,,"PACIFIC AV","CENTRAL CT",30.00,N,N,C,-,N,,,,,,,,,,N,4,0,1,2,A,-,03,22350,,M,C,C,A,B,H,-,A,A,0,,,,,Y,,A,01,0,0,1,0,0,0,0,0,0,"- ","- ",37.973030000000001,-121.30119999999999,"SAN JOAQUIN",STOCKTON,-121.30146229,37.973011239999998
8303265,2016,2017-02-03,3905,2016-12-21,0641,3452,SEA,3,5,6,3905,0,0,0,,0,,"FRENCH CAMP RD","MANTHEY RD",0.00,,Y,B,-,N,,,,,,,,,,Y,4,0,1,2,A,-,12,21453,A,N,D,C,A,A,H,-,A,A,0,,,,,Y,,A,08,0,0,1,0,0,0,0,0,0,"- ","- ",37.897179999999999,-121.28579000000001,"SAN JOAQUIN",STOCKTON,-121.29139997999999,37.89714996
8303351,2016,2017-02-08,3905,2016-12-19,1057,2463,CIV,1,5,6,3905,0,0,0,,0,,"CALIFORNIA ST","ARCADE ST",14.00,N,N,A,-,N,,,,,,,,,,N,2,0,1,2,A,-,10,21950,A,M,G,B,B,A,H,-,A,A,0,Y,,,,Y,,A,07,1,0,0,0,1,0,0,0,0,"- ","- ",37.978230000000003,-121.29186,"SAN JOAQUIN",STOCKTON,-121.29216486999999,37.978256600000002
8303374,2017,2017-02-10,3902,2017-01-19,0751,104,,4,5,5,3902,0,0,0,,0,,"HUTCHINS ST","ALICANTE DR",50.00,S,N,A,-,N,,,,,,,,,,N,4,0,1,2,A,-,04,21703,,N,C,C,A,A,H,-,A,D,0,,,,,Y,,A,01,0,0,1,0,0,0,0,0,0,"- ","- ",,,"SAN JOAQUIN",LODI,-121.27899809,38.117842690000003
8303652,2016,2017-02-09,3905,2016-12-17,1021,2277,VAL,6,5,6,3905,0,0,0,,0,,"HAYDEN  BROOK DR","GRAHAM CREEK ST",300.00,E,N,A,-,N,,,,,,,,,,N,4,0,1,2,A,-,05,21650,,M,B,C,A,A,H,-,A,D,0,,,,,Y,,D,22,0,0,1,0,0,0,0,0,0,"- ","- ",37.997619999999998,-121.27451000000001,"SAN JOAQUIN",STOCKTON,-121.27410754,37.998196900000003
8314468,2017,2017-03-09,3903,2017-01-12,1224,1751,,4,5,4,3903,0,0,0,,0,,"SPRECKELS AV","MOFFAT BL",0.00,,Y,B,-,N,,,,,,,,,,N,3,0,2,3,A,-,12,21453,A,N,D,D,A,B,H,-,A,A,0,,,,,Y,,A,01,0,1,1,0,0,0,0,0,0,"- ","- ",37.785910000000001,-121.20014999999999,"SAN JOAQUIN",MANTECA,-121.20032987,37.786049919999996
8314653,2017,2017-03-13,3903,2017-01-25,1456,1751,,3,5,4,3903,0,0,0,,0,,"MAIN ST","EDISON ST",0.00,,Y,A,-,N,,,,,,,,,,Y,4,0,2,2,A,-,09,21801,A,N,D,C,A,A,H,-,A,D,0,,,,,Y,,A,07,0,0,2,0,0,0,0,0,0,"- ","- ",37.806559999999998,-121.21684999999999,"SAN JOAQUIN",MANTECA,-121.2168399,37.80651992
8319794,2017,2017-12-27,3906,2017-02-25,0814,1266,MSC,6,5,5,3906,0,0,0,,0,002,"CORRAL HOLLOW RD","RT 580",528.00,N,N,A,-,N,,,,,,,,,,Y,4,0,1,1,A,-,03,22350,A,N,F,-,A,A,H,-,A,D,0,,,,,Y,,A,01,0,0,1,0,0,0,0,0,0,"- ","- ",,,"SAN JOAQUIN",TRACY,-121.45715,37.672319999999999
8319842,2017,2018-02-10,3906,2017-02-17,2354,1402,,5,5,5,3906,0,0,0,,0,004,"GRANT LINE RD","RT 205",0.00,,Y,A,-,Y,SJ,10,205,-,R,5.122,R,4,E,N,4,0,1,2,A,-,12,21453,A,N,D,C,A,B,H,-,C,A,0,,,,,Y,,-,"- ",0,0,1,0,0,0,0,0,0,"- ",EO,,,"SAN JOAQUIN",TRACY,-121.46690116000001,37.752405430000003
8319846,2017,2017-03-13,3906,2017-02-20,1849,1484,TRACY,1,5,5,3906,0,0,0,,0,004,"GRANT LINE RD","OHARA DR",5.00,E,N,C,-,N,,,,,,,,,,Y,2,0,2,2,A,-,10,21950,A,N,G,B,B,B,H,-,C,A,0,Y,,Y,,Y,,C,02,1,0,1,0,1,0,0,0,1,"- ","- ",,,"SAN JOAQUIN",TRACY,-121.43852269999999,37.754160069999998
8319877,2017,2017-03-13,3902,2017-02-09,1746,SB37,,4,5,5,3902,0,0,0,,0,,"SOUTH CHURCH ST","SCHLENKER DR",0.00,,Y,C,-,N,,,,,,,,,,Y,4,0,2,2,A,-,09,21802,A,N,D,C,A,B,H,-,C,D,0,,,,,Y,,A,01,0,0,2,0,0,0,0,0,0,"- ","- ",,,"SAN JOAQUIN",LODI,-121.27617997,38.110019889999997
8320368,2017,2017-03-22,3905,2017-01-24,1131,1393,CIV,2,5,6,3905,0,0,0,,0,,"SANGUINETTI LN","ALPINE AV",350.00,S,N,A,-,N,,,,,,,,,,Y,3,0,3,2,A,-,09,21804,A,N,D,C,A,A,H,-,A,D,0,,,,,Y,,A,07,0,1,2,0,0,0,0,0,0,"- ","- ",37.986690000000003,-121.27227000000001,"SAN JOAQUIN",STOCKTON,-121.27234180000001,37.985906800000002
8320376,2017,2017-03-14,3905,2017-02-04,2042,2814,CIV,6,5,6,3905,0,0,0,,0,,"STANISLAUS ST","LAFAYETTE ST",61.00,S,N,A,-,N,,,,,,,,,,N,3,0,1,2,A,-,05,21202,A,N,H,G,A,A,H,-,C,D,0,,Y,,,Y,Y,L,04,0,1,0,0,0,0,1,0,0,"- ","- ",37.951070000000001,-121.28118000000001,"SAN JOAQUIN",STOCKTON,-121.28111852000001,37.95094572
8320562,2017,2017-03-14,3905,2017-02-17,1218,2542,PAR,5,5,6,3905,0,0,0,,0,,"WATERLOO RD","WILSON WY",0.00,,Y,B,-,N,,,,,,,,,,Y,4,0,1,2,A,-,09,21801,A,N,D,C,A,B,H,-,A,A,0,,,,,Y,,A,01,0,0,1,0,0,0,0,0,0,"- ","- ",37.964820000000003,-121.27388000000001,"SAN JOAQUIN",STOCKTON,-121.27409996999999,37.965199949999999
8320571,2017,2017-04-03,3905,2017-02-18,1149,2525,CIV,6,5,6,3905,0,0,0,,0,,"CENTER ST","FREMONT ST",0.00,,Y,A,-,N,,,,,,,,,,Y,4,0,3,2,A,-,12,21453,A,N,D,C,A,A,H,-,A,A,0,,,,,Y,,-,"- ",0,0,3,0,0,0,0,0,0,"- ","- ",37.957520000000002,-121.2924,"SAN JOAQUIN",STOCKTON,-121.29246996000001,37.957529940000001
8320578,2017,2017-03-14,3905,2017-02-15,1259,3452,CIV,3,5,6,3905,0,0,0,,0,,"MONTE DIABLO AV","VICTORIA AV",0.00,,Y,B,-,N,,,,,,,,,,N,3,0,1,2,A,-,09,21801,A,N,D,C,A,A,H,-,A,D,0,,,,,Y,,A,01,0,1,0,0,0,0,0,0,0,"- ","- ",37.95825,-121.32436,"SAN JOAQUIN",STOCKTON,-121.32445994,37.9580099
8320594,2017,2017-03-14,3905,2017-02-09,1337,2525,PAR,4,5,6,3905,0,0,0,,0,,"D ST","WILLOW ST",0.00,,Y,C,-,N,,,,,,,,,,N,3,0,5,7,A,-,03,22350,,N,C,C,B,B,H,-,A,A,0,Y,,,,Y,,A,01,0,4,1,0,2,0,0,0,0,"- ","- ",37.971269999999997,-121.26627999999999,"SAN JOAQUIN",STOCKTON,-121.26649997,37.971409919999999
8320633,2017,2017-03-14,3905,2017-02-18,0750,2537,LAK,6,5,6,3905,0,0,0,,0,,"HAMMER LN","KELLEY DR",0.00,,Y,B,-,N,,,,,,,,,,Y,4,0,2,2,A,-,01,23152,A,N,A,C,A,A,H,-,A,A,0,,,,,Y,Y,A,01,0,0,2,0,0,0,0,0,0,"- ","- ",38.021230000000003,-121.35652,"SAN JOAQUIN",STOCKTON,-121.35614998,38.021269930000003
8320676,2017,2017-12-27,3905,2017-02-09,1452,2542,,4,5,6,3905,0,0,0,,0,CIV,"FREMONT ST","RT 5",255.00,E,N,C,-,N,,,,,,,,,,Y,4,0,1,3,A,-,03,22350,,M,C,C,A,B,H,-,A,D,0,,,,,Y,,J,48,0,0,1,0,0,0,0,0,0,"- ","- ",37.954810000000002,-121.31522,"SAN JOAQUIN",STOCKTON,-121.31067342,37.95429875
8320688,2017,2017-03-13,3905,2017-02-04,1946,2729,VAL,6,5,6,3905,0,0,0,,0,,"MARCH LN","FRED RUSSO DR",0.00,,Y,B,-,N,,,,,,,,,,Y,4,0,1,2,A,-,09,21801,A,N,D,C,A,B,H,-,C,A,0,,,,,Y,,A,01,0,0,1,0,0,0,0,0,0,"- ","- ",38.005459999999999,-121.27674,"SAN JOAQUIN",STOCKTON,-121.27628996999999,38.005669949999998
8320690,2017,2017-03-13,3905,2017-01-24,1802,2675,VAL,2,5,6,3905,0,0,0,,0,,"WEST LN","MARCH LN",0.00,,Y,B,-,N,,,,,,,,,,N,4,0,1,2,A,-,07,21658,A,N,B,C,A,A,H,-,C,A,0,,,,,Y,,A,01,0,0,1,0,0,0,0,0,0,"- ","- ",38.002070000000003,-121.29015,"SAN JOAQUIN",STOCKTON,-121.29084998,38.00213995
8320700,2017,2017-03-13,3905,2017-02-18,1200,2542,CIV,6,5,6,3905,0,0,0,,0,,"SUTTER ST","PARK ST",0.00,,Y,B,-,N,,,,,,,,,,N,4,0,1,2,A,-,09,21801,A,M,D,C,A,B,H,-,A,A,0,,,,,Y,,-,99,0,0,1,0,0,0,0,0,0,"- ","- ",37.960340000000002,-121.28767000000001,"SAN JOAQUIN",STOCKTON,-121.28775998,37.96033989
8320711,2017,2017-03-10,3905,2017-02-07,1038,2277,LAK,2,5,6,3905,0,0,0,,0,,"PERSHING AV","BURKE BRADLEY DR",0.00,,Y,A,C,N,,,,,,,,,,N,3,0,2,2,A,-,09,21802,A,N,D,C,A,B,H,-,A,A,0,,,,,Y,,A,01,0,1,1,0,0,0,0,0,0,"- ","- ",37.990989999999996,-121.3222,"SAN JOAQUIN",STOCKTON,-121.32465989000001,37.996259899999998
8320737,2017,2017-03-13,3905,2017-02-04,2027,2767,LAK,6,5,6,3905,0,0,0,,0,,"MARCH LN","PACIFIC AV",75.00,E,N,A,-,N,,,,,,,,,,Y,2,0,1,1,C,-,18,,,N,E,I,A,A,H,-,C,A,0,,,,,Y,,-,"- ",1,0,0,0,0,0,0,0,0,"- ","- ",37.991489999999999,-121.31228,"SAN JOAQUIN",STOCKTON,-121.31260056000001,37.991530750000003
8320741,2017,2018-02-10,3905,2017-02-04,0140,2741,SEA,6,5,6,3905,0,0,0,,0,,"FRESNO AV","RT 4",0.00,,Y,C,-,Y,SJ,10,4,-,-,15.800,I,6,W,Y,2,0,1,1,A,-,12,22450,A,N,E,I,A,B,H,-,C,D,0,,,,,Y,,A,01,1,0,0,0,0,0,0,0,0,"- ","- ",37.943809999999999,-121.31227,"SAN JOAQUIN",STOCKTON,-121.29961994999999,37.936299779999999
8320746,2017,2017-03-13,3905,2017-02-20,2229,2774,CIV,1,5,6,3905,0,0,0,,0,,"FULTON ST","ALVARADO AV",0.00,,Y,B,-,N,,,,,,,,,,Y,4,0,2,2,A,-,12,22450,A,F,D,C,A,B,H,-,C,D,0,,,,,Y,,A,01,0,0,2,0,0,0,0,0,0,"- ","- ",37.985639999999997,-121.29004999999999,"SAN JOAQUIN",STOCKTON,-121.29042997000001,37.985609969999999
8320781,2017,2017-03-13,3905,2017-02-27,1035,2277,LAK,1,5,6,3905,0,0,0,,0,,"PACIFIC AV","ROSE MARIE LN",0.00,,Y,A,-,N,,,,,,,,,,Y,4,0,1,3,A,-,09,21802,A,N,D,C,A,A,H,-,A,A,0,,,,,Y,,A,01,0,0,1,0,0,0,0,0,0,"- ","- ",37.988990000000001,-121.31131999999999,"SAN JOAQUIN",STOCKTON,-121.31182986,37.988799919999998
8325507,2017,2017-03-21,3902,2017-02-21,1424,27,,2,5,5,3902,0,0,0,,0,,"W ELM ST","N CHURCH ST",0.00,,Y,C,-,N,,,,,,,,,,Y,4,0,1,2,A,-,17,21451,A,N,D,C,A,B,H,-,A,A,0,,,,,Y,,A,01,0,0,1,0,0,0,0,0,0,"- ","- ",,,"SAN JOAQUIN",LODI,-121.27497998,38.135469890000003
8326877,2017,2017-03-30,3903,2017-02-14,0900,1751,,2,5,4,3903,0,0,0,,0,,"UNION RD","CENTER ST",50.00,N,N,A,-,N,,,,,,,,,,N,3,0,1,2,D,-,00,,,N,H,G,A,A,H,-,A,D,0,,Y,,,Y,,-,"- ",0,1,0,0,0,0,1,0,0,"- ","- ",37.798960000000001,-121.23504,"SAN JOAQUIN",MANTECA,-121.23493643,37.799327230000003
8326885,2017,2017-03-27,3903,2017-02-28,0707,3768,,2,5,4,3903,0,0,0,,0,,"YOSEMITE AV","COMMERCE AV",179.00,W,N,A,-,N,,,,,,,,,,Y,4,0,1,2,A,-,08,22107,,N,D,C,A,A,H,-,A,D,0,,,,,Y,,A,01,0,0,1,0,0,0,0,0,0,"- ","- ",37.797640000000001,-121.19373,"SAN JOAQUIN",MANTECA,-121.19434953,37.797469999999997
8326951,2017,2017-03-17,3903,2017-02-25,1443,3111,,6,5,4,3903,0,0,0,,0,,"E WOODWARD AV","MOFFAT BL",963.00,W,N,A,-,N,,,,,,,,,,Y,4,0,4,3,A,-,03,22350,,N,C,C,A,A,H,-,A,D,0,,,,,Y,,A,01,0,0,4,0,0,0,0,0,0,"- ","- ",37.775970000000001,-121.18358000000001,"SAN JOAQUIN",MANTECA,-121.18659832,37.775766750000003
8331806,2017,2017-04-11,3903,2017-03-08,1723,3768,,3,5,4,3903,0,0,0,,0,,"POPLAR AV","CENTER ST",10.00,S,N,A,-,N,,,,,,,,,,Y,3,0,1,2,A,-,09,21802,A,N,D,C,A,A,H,-,A,A,0,,,,,Y,,A,01,0,1,0,0,0,0,0,0,0,"- ","- ",37.799190000000003,-121.22027,"SAN JOAQUIN",MANTECA,-121.22019,37.79910254
8331818,2017,2017-04-11,3903,2017-03-17,1940,2160,,5,5,4,3903,0,0,0,,0,,"MISSION RIDGE DR","WIDGEON WY",60.00,E,N,A,-,N,,,,,,,,,,Y,3,0,1,1,C,-,18,,,N,E,I,A,A,H,-,C,D,0,,,,,Y,,-,"- ",0,1,0,0,0,0,0,0,0,"- ","- ",37.785179999999997,-121.23089,"SAN JOAQUIN",MANTECA,-121.23087289999999,37.78493435
8331839,2017,2017-04-11,3906,2017-03-30,1600,1475,126,4,5,5,3906,0,0,0,,0,004,"GRANT LINE RD","NAGLEE RD",0.00,,Y,A,-,N,,,,,,,,,,Y,3,0,2,2,A,-,12,21453,A,N,-,C,A,A,H,-,A,A,0,,,,,Y,,A,07,0,1,1,0,0,0,0,0,0,"- ","- ",,,"SAN JOAQUIN",TRACY,-121.46670985999999,37.754169900000001
8333927,2017,2017-03-30,3902,2017-02-26,1259,67,,7,5,5,3902,0,0,0,,0,,"LOWER SACRAMENTO RD","TOKAY ST",0.00,,Y,A,-,N,,,,,,,,,,N,4,0,1,2,A,-,12,21453,A,N,D,C,A,A,H,-,A,A,0,,,,,Y,,A,07,0,0,1,0,0,0,0,0,0,"- ","- ",,,"SAN JOAQUIN",LODI,-121.30672996,38.126309919999997
8346314,2017,2017-04-20,3906,2017-04-09,0653,1094,,7,5,5,3906,0,0,0,,0,003,"BYRON RD","LAMMERS RD",0.00,,Y,A,-,N,,,,,,,,,,Y,3,0,2,2,A,-,12,21453,A,N,A,C,A,A,H,-,A,A,0,,,,,Y,,A,01,0,2,0,0,0,0,0,0,0,"- ","- ",,,"SAN JOAQUIN",TRACY,-121.47529998,37.74867991
8346814,2017,2017-04-14,3902,2017-04-03,0718,DB72,,1,5,5,3902,0,0,0,,0,,"W LODI AV","S CORINTH AV",0.00,,Y,A,-,N,,,,,,,,,,Y,4,0,1,2,A,-,03,22350,,N,C,C,A,A,H,-,A,D,0,,,,,Y,,A,01,0,0,1,0,0,0,0,0,0,"- ","- ",,,"SAN JOAQUIN",LODI,-121.29412988,38.130049890000002
8347521,2017,2017-05-04,3906,2017-04-03,1247,1094,DISTR,1,5,5,3906,0,0,0,,0,003,"11TH ST","SAFEWAY PLAZA",200.00,E,N,A,-,N,,,,,,,,,,N,4,0,1,2,A,-,05,21650,,N,G,G,A,A,H,-,A,A,0,,Y,,,Y,,L,04,0,0,1,0,0,0,1,0,0,"- ","- ",,,"SAN JOAQUIN",TRACY,-121.44987702,37.739439410000003
8348566,2017,2017-04-28,3905,2017-04-01,1646,2645,SEA,6,5,6,3905,0,0,0,,0,,"CAROLYN WESTON BL","MANTHEY RD E",100.00,W,N,A,-,N,,,,,,,,,,Y,4,0,1,2,A,-,09,21802,A,N,B,C,A,A,H,-,A,A,0,,,,,Y,,A,01,0,0,1,0,0,0,0,0,0,"- ","- ",37.913029999999999,-121.2908,"SAN JOAQUIN",STOCKTON,-121.29492967,37.912109129999997
8348574,2017,2017-04-28,3905,2017-04-02,1405,2542,CIV,7,5,6,3905,0,0,0,,0,,"HARDING WY","HUNTER ST W",0.00,,Y,A,-,N,,,,,,,,,,N,4,0,1,1,A,-,03,22350,,N,E,J,A,A,H,-,A,D,0,,,Y,,Y,,C,02,0,0,1,0,0,0,0,0,1,"- ","- ",37.967770000000002,-121.29233000000001,"SAN JOAQUIN",STOCKTON,-121.29252986,37.967759889999996
8348593,2017,2017-04-28,3905,2017-04-06,1400,2537,LAK,4,5,6,3905,0,0,0,,0,,"FEATHER RIVER DR","DRIFTWOOD PL",2020.00,N,N,C,-,N,,,,,,,,,,Y,4,0,2,2,A,-,03,22350,,N,A,C,A,B,H,-,A,D,0,,,,,Y,,A,07,0,0,2,0,0,0,0,0,0,"- ","- ",37.989649999999997,-121.34675,"SAN JOAQUIN",STOCKTON,-121.34816621,37.99454042
8348623,2017,2017-05-01,3905,2017-02-23,2000,2797,CIV,4,5,6,3905,0,0,0,,0,,"ACACIA ST","HARRISON ST",0.00,,Y,A,-,N,,,,,,,,,,N,3,0,1,2,A,-,09,21804,A,N,D,G,A,A,H,-,C,D,0,,Y,,,Y,,L,04,0,1,0,0,0,0,1,0,0,"- ","- ",37.96114,-121.30149,"SAN JOAQUIN",STOCKTON,-121.30158996,37.961069889999997
8348625,2017,2017-05-01,3905,2017-04-04,1711,2463,LAK,2,5,6,3905,0,0,0,,0,,"PACIFIC AV","ROBINHOOD DR",394.00,N,N,A,-,N,,,,,,,,,,N,3,0,1,2,A,-,09,21801,A,N,D,G,A,A,H,-,A,A,0,,Y,,,Y,,A,01,0,1,0,0,0,0,1,0,0,"- ","- ",38.000779999999999,-121.31583999999999,"SAN JOAQUIN",STOCKTON,-121.31687794,38.001632800000003
83491014,2024,2024-08-05,3905,2024-06-09,1850,3158,,7,5,6,3905,0,0,0,,0,,"MORADA LN","GLACIER POINT DR",350.00,W,N,A,-,N,,,,,,,,,,Y,4,0,1,2,A,-,03,22350,,F,C,C,A,A,H,-,A,A,0,,,,,Y,,A,01,0,0,1,0,0,0,0,0,0,"- ","- ",38.036319732666016,-121.27240753173828,"SAN JOAQUIN",STOCKTON,-121.27345275878906,38.037021636962891
83491017,2024,2024-08-05,3905,2024-06-14,"321 ",3213,,5,5,6,3905,0,0,0,,0,,"NAVY DR","ARGONAUT ST",200.00,E,N,A,-,Y,,,,,,,,,,N,2,0,1,2,A,-,11,21954,A,F,G,B,D,A,H,-,C,D,0,Y,,,,Y,Y,N,60,1,0,0,0,1,0,0,0,0,"- ","- ",37.937019348144531,-121.30415344238281,"SAN JOAQUIN",STOCKTON,-121.30209350585938,37.937496185302734
8350976,2017,2017-05-01,3905,2017-04-15,1123,2542,PAR,6,5,6,3905,0,0,0,,0,,"WATERLOO RD","ROOSEVELT ST",0.00,,Y,A,-,N,,,,,,,,,,N,4,0,1,1,A,-,03,22350,,N,H,J,A,A,H,-,A,D,0,,,Y,,Y,,C,02,0,0,1,0,0,0,0,0,1,"- ","- ",37.967759999999998,-121.27178000000001,"SAN JOAQUIN",STOCKTON,-121.27196986,37.967949990000001
8351005,2017,2017-04-28,3905,2017-03-06,0759,2277,BEA,1,5,6,3905,0,0,0,,0,,"KELLEY DR","STANFIELD DR",0.00,,Y,B,-,N,,,,,,,,,,N,4,0,1,2,A,-,09,21802,A,N,D,C,A,A,H,-,A,A,0,,,,,Y,,A,01,0,0,1,0,0,0,0,0,0,"- ","- ",38.034010000000002,-121.36405000000001,"SAN JOAQUIN",STOCKTON,-121.3638299,38.034079920000003