CASE_ID,ACCIDENT_YEAR,PROC_DATE,JURIS,COLLISION_DATE,COLLISION_TIME,OFFICER_ID,REPORTING_DISTRICT,DAY_OF_WEEK,CHP_SHIFT,POPULATION,CNTY_CITY_LOC,SPECIAL_COND,BEAT_TYPE,CHP_BEAT_TYPE,CITY_DIVISION_LAPD,CHP_BEAT_CLASS,BEAT_NUMBER,PRIMARY_RD,SECONDARY_RD,DISTANCE,DIRECTION,INTERSECTION,WEATHER_1,WEATHER_2,STATE_HWY_IND,CALTRANS_COUNTY,CALTRANS_DISTRICT,STATE_ROUTE,ROUTE_SUFFIX,POSTMILE_PREFIX,POSTMILE,LOCATION_TYPE,RAMP_INTERSECTION,SIDE_OF_HWY,TOW_AWAY,COLLISION_SEVERITY,NUMBER_KILLED,NUMBER_INJURED,PARTY_COUNT,PRIMARY_COLL_FACTOR,PCF_CODE_OF_VIOL,PCF_VIOL_CATEGORY,PCF_VIOLATION,PCF_VIOL_SUBSECTION,HIT_AND_RUN,TYPE_OF_COLLISION,MVIW,PED_ACTION,ROAD_SURFACE,ROAD_COND_1,ROAD_COND_2,LIGHTING,CONTROL_DEVICE,CHP_ROAD_TYPE,PEDESTRIAN_ACCIDENT,BICYCLE_ACCIDENT,MOTORCYCLE_ACCIDENT,TRUCK_ACCIDENT,NOT_PRIVATE_PROPERTY,ALCOHOL_INVOLVED,STWD_VEHTYPE_AT_FAULT,CHP_VEHTYPE_AT_FAULT,COUNT_SEVERE_INJ,COUNT_VISIBLE_INJ,COUNT_COMPLAINT_PAIN,COUNT_PED_KILLED,COUNT_PED_INJURED,COUNT_BICYCLIST_KILLED,COUNT_BICYCLIST_INJURED,COUNT_MC_KILLED,COUNT_MC_INJURED,PRIMARY_RAMP,SECONDARY_RAMP,LATITUDE,LONGITUDE,COUNTY,CITY,POINT_X,POINT_Y
84698376,2025,2025-05-26,3905,2025-03-22,2304,2625,,6,5,6,3905,0,0,0,,0,,"STANISLAUS ST","SONORA ST",146.00,S,N,A,-,N,,,,,,,,,,N,4,0,2,5,A,-,01,23152,A,N,A,E,A,A,H,-,C,D,0,,,,,Y,Y,A,01,0,0,2,0,0,0,0,0,0,"- ","- ",37.950080871582031,-121.28092193603516,"SAN JOAQUIN",STOCKTON,-121.28080749511719,37.949726104736328
84698399,2025,2025-05-23,3905,2025-04-03,1400,7273,,4,5,6,3905,0,0,0,,0,,"SUTTER ST","HAZELTON AV",319.00,S,N,A,-,N,,,,,,,,,,N,4,0,3,2,A,-,09,21804,A,N,D,C,A,A,H,-,A,A,0,,,,Y,Y,,F,25,0,0,3,0,0,0,0,0,0,"- ","- ",37.946880340576172,-121.28553009033203,"SAN JOAQUIN",STOCKTON,-121.28404235839844,37.94659423828125
84698415,2025,2025-05-23,3905,2025-04-05,1647,7323,,6,5,6,3905,0,0,0,,0,,"HAMMER LN","TAM O SHANTER DR",100.00,W,N,B,-,N,,,,,,,,,,N,4,0,1,2,A,-,11,21955,,N,G,B,D,A,H,-,A,A,0,Y,,,,Y,,N,60,0,0,1,0,1,0,0,0,0,"- ","- ",38.020458221435547,-121.30091094970703,"SAN JOAQUIN",STOCKTON,-121.30088806152344,38.020881652832031
84698419,2025,2025-05-26,3905,2025-04-05,1830,3115,,6,5,6,3905,0,0,0,,0,,"WILSON WY","PARK ST",100.00,N,N,A,-,N,,,,,,,,,,Y,4,0,2,4,A,-,03,22350,,F,C,C,A,A,H,-,A,A,0,,,,,Y,,A,01,0,0,2,0,0,0,0,0,0,"- ","- ",37.962680816650391,-121.27333068847656,"SAN JOAQUIN",STOCKTON,-121.27351379394531,37.963058471679688
84699965,2025,2025-05-26,3905,2025-04-09,1902,2200,,3,5,6,3905,0,0,0,,0,,"HAMMER LN S FR RD","PEPPERTREE DR",0.00,,Y,A,-,N,,,,,,,,,,N,4,0,1,2,A,-,11,21954,A,N,G,B,D,A,H,-,B,D,0,Y,,,,Y,,N,60,0,0,1,0,1,0,0,0,0,"- ","- ",38.020870208740234,-121.34342193603516,"SAN JOAQUIN",STOCKTON,-121.34298706054688,38.021076202392578
84699973,2025,2025-05-26,3905,2025-04-11,1656,7009,,5,5,6,3905,0,0,0,,0,,"MARCH LN","HOLIDAY DR",66.00,W,N,A,-,N,,,,,,,,,,Y,4,0,1,2,A,-,03,22350,,N,C,C,A,A,H,-,A,A,0,,,,,Y,,A,01,0,0,1,0,0,0,0,0,0,"- ","- ",38.000709533691406,-121.29621124267578,"SAN JOAQUIN",STOCKTON,-121.29697418212891,38.000701904296875
84699978,2025,2025-05-26,3905,2025-04-12,1043,2463,,6,5,6,3905,0,0,0,,0,,"CENTER ST","MARKET ST",0.00,,Y,A,-,N,,,,,,,,,,Y,4,0,1,2,A,-,12,21453,A,N,D,C,A,A,H,-,A,A,0,,,,,Y,,A,01,0,0,1,0,0,0,0,0,0,"- ","- ",37.951519012451172,-121.29081726074219,"SAN JOAQUIN",STOCKTON,-121.29084777832031,37.951507568359375
84700041,2025,2025-05-26,3905,2025-04-23,"833 ",2463,,3,5,6,3905,0,0,0,,0,,"MARTIN LUTHER KING BL","B ST",487.00,W,N,A,-,N,,,,,,,,,,Y,4,0,2,1,A,-,03,22350,,N,E,I,A,A,H,-,A,D,0,,,,,Y,,A,01,0,0,2,0,0,0,0,0,0,"- ","- ",37.943721771240234,-121.25952911376953,"SAN JOAQUIN",STOCKTON,-121.26115417480469,37.943592071533203
84702834,2025,2025-05-28,3905,2025-04-17,"602 ",7366,,4,5,6,3905,0,0,0,,0,,"MARTIN LUTHER KING BL","MARIPOSA RD (W)",0.00,,Y,A,-,N,,,,,,,,,,Y,2,0,2,2,A,-,12,21453,A,N,D,C,A,A,H,-,B,A,0,,,,,Y,,A,01,1,0,1,0,0,0,0,0,0,"- ","- ",37.944248199462891,-121.25749206542969,"SAN JOAQUIN",STOCKTON,-121.25563812255859,37.944820404052734
84702883,2025,2025-05-28,3905,2025-04-22,"923 ",7349,,2,5,6,3905,0,0,0,,0,,"BENJAMIN HOLT DR","ALTURAS AV",0.00,,Y,A,-,N,,,,,,,,,,N,4,0,1,2,A,-,09,21800,C,N,A,C,A,A,H,-,A,A,0,,,,,Y,,-,"- ",0,0,1,0,0,0,0,0,0,"- ","- ",38.012058258056641,-121.31362915039062,"SAN JOAQUIN",STOCKTON,-121.31325531005859,38.011894226074219
84702944,2025,2025-05-29,3905,2025-04-05,2032,3234,,6,5,6,3905,0,0,0,,0,PARK,"WILSON WY","PARK ST",90.00,N,N,A,-,N,,,,,,,,,,Y,3,0,1,3,A,-,03,22350,,N,B,C,A,A,H,-,C,A,0,,,,,Y,,A,01,0,1,0,0,0,0,0,0,0,"- ","- ",37.962680816650391,-121.27333068847656,"SAN JOAQUIN",STOCKTON,-121.27350616455078,37.963031768798828
84704700,2025,2025-05-29,3905,2025-01-19,"226 ",2719,,7,5,6,3905,0,0,0,,0,,"MARIPOSA RD","EIGHTH ST",212.00,S,N,A,-,N,,,,,,,,,,N,1,1,0,2,A,-,11,21954,A,F,G,B,D,A,H,-,C,D,0,Y,,,,Y,,N,60,0,0,0,1,0,0,0,0,0,"- ","- ",37.937931060791016,-121.24295806884766,"SAN JOAQUIN",STOCKTON,-121.24223327636719,37.937923431396484
84706796,2025,2025-05-30,3905,2025-04-28,"756 ",2463,,1,5,6,3905,0,0,0,,0,,"CENTER ST","FIRST ST",0.00,,Y,A,-,N,,,,,,,,,,N,3,0,1,2,A,-,05,21650,1,N,D,G,A,A,H,-,A,A,0,,Y,,,Y,,L,04,0,1,0,0,0,0,1,0,0,"- ","- ",37.936901092529297,-121.28810882568359,"SAN JOAQUIN",STOCKTON,-121.28675079345703,37.937465667724609
84708205,2025,2025-06-02,3905,2025-04-14,2348,3195,,1,5,6,3905,0,0,0,,0,,"BROOKSIDE RD","PERSHING AV",0.00,,Y,A,-,N,,,,,,,,,,N,4,0,1,2,A,-,05,21650,1,N,H,G,A,A,H,-,C,A,0,,Y,,,Y,,L,04,0,0,1,0,0,0,1,0,0,"- ","- ",37.982189178466797,-121.31861877441406,"SAN JOAQUIN",STOCKTON,-121.31897735595703,37.981990814208984
84708580,2025,2025-06-02,3905,2025-04-23,2045,7035,,3,5,6,3905,0,0,0,,0,,"WEST LN","EIGHT MILE RD",20.00,S,N,A,-,N,,,,,,,,,,N,4,0,2,2,A,-,03,22350,,F,C,C,A,A,H,-,C,A,0,,,,,Y,,A,01,0,0,2,0,0,0,0,0,0,"- ","- ",38.056938171386719,-121.29618835449219,"SAN JOAQUIN",STOCKTON,-121.29633331298828,38.057403564453125
84708760,2025,2025-06-02,3906,2025-05-21,1343,903,,3,5,5,3906,0,0,0,,0,005,"GRANT LINE RD","HOLLY DR",0.00,,Y,A,-,N,,,,,,,,,,N,4,0,1,2,A,-,12,21453,A,N,D,C,A,A,H,-,A,A,0,,,,,Y,,A,01,0,0,1,0,0,0,0,0,0,"- ","- ",37.754180908203125,-121.42597198486328,"SAN JOAQUIN",TRACY,-121.42591857910156,37.754199981689453
84717058,2025,2025-06-09,3903,2025-05-09,1217,3768,,5,5,4,3903,0,0,0,,0,,"UNION RD","WILLIAMS CT",0.00,,Y,A,-,N,,,,,,,,,,N,4,0,1,3,A,-,03,22350,,N,C,D,A,A,H,-,A,A,0,,,,,Y,,D,22,0,0,1,0,0,0,0,0,0,"- ","- ",37.787208557128906,-121.23429107666016,"SAN JOAQUIN",MANTECA,-121.23426818847656,37.787166595458984
84719413,2025,2025-06-10,3905,2025-05-09,1322,7273,,5,5,6,3905,0,0,0,,0,,"MAIN ST","FILBERT ST",219.00,E,N,A,-,N,,,,,,,,,,Y,4,0,1,3,A,-,01,23152,A,M,E,I,A,A,H,-,A,A,0,,,,,Y,,A,08,0,0,1,0,0,0,0,0,0,"- ","- ",37.954608917236328,-121.25184631347656,"SAN JOAQUIN",STOCKTON,-121.25115203857422,37.954811096191406
84722374,2025,2025-06-11,3924,2025-05-01,1547,1275,,4,5,2,3920,0,0,0,,0,00C,"RIVER ISLANDS PKWY","MCKEE BLVD",5.00,E,-,A,-,N,,,,,,,,,,N,3,0,1,2,A,-,09,21804,A,N,D,C,A,A,H,-,A,A,0,,,Y,,Y,,C,03,0,1,0,0,0,0,0,0,1,"- ","- ",37.812408447265625,-121.3072509765625,"SAN JOAQUIN",LATHROP,-121.30669403076172,37.811016082763672
84725647,2025,2025-08-20,3905,2025-04-28,1520,2566,,1,5,6,3905,0,0,0,,0,,"PONCE DE LEON AV","SANTA PAULA WY",38.00,E,N,A,-,N,,,,,,,,,,N,3,0,3,2,A,-,09,21801,A,N,D,C,A,A,H,-,A,D,0,,,,,Y,,A,01,0,2,1,0,0,0,0,0,0,"- ","- ",38.030281066894531,-121.3197021484375,"SAN JOAQUIN",STOCKTON,-121.31936645507812,38.030101776123047
84725661,2025,2025-06-16,3905,2025-05-01,1515,3154,,4,5,6,3905,0,0,0,,0,,"AIRPORT WY","SIXTH ST",0.00,,Y,A,-,N,,,,,,,,,,N,4,0,1,3,A,-,03,22350,,N,C,C,A,A,H,-,A,D,0,,,,,Y,,A,01,0,0,1,0,0,0,0,0,0,"- ","- ",37.933998107910156,-121.26953887939453,"SAN JOAQUIN",STOCKTON,-121.26821136474609,37.934703826904297
84726115,2025,2025-06-16,3905,2025-04-26,"55  ",3189,,6,5,6,3905,0,0,0,,0,,"MARTIN LUTHER KING BL","STANISLAUS ST",0.00,,Y,C,-,N,,,,,,,,,,N,4,0,1,2,A,-,01,23152,A,N,C,C,A,B,H,-,C,D,0,,,,,Y,Y,D,22,0,0,1,0,0,0,0,0,0,"- ","- ",37.939640045166016,-121.27957153320312,"SAN JOAQUIN",STOCKTON,-121.27825164794922,37.940284729003906
84726140,2025,2025-06-16,3905,2025-05-06,1452,7164,,2,5,6,3905,0,0,0,,0,,"EIGHTH ST","MANTHEY RD",0.00,,Y,A,-,N,,,,,,,,,,N,4,0,1,2,A,-,09,21801,A,N,D,C,A,A,H,-,A,A,0,,,,,Y,,A,01,0,0,1,0,0,0,0,0,0,"- ","- ",37.926719665527344,-121.2965087890625,"SAN JOAQUIN",STOCKTON,-121.29628753662109,37.926628112792969
84726145,2025,2025-06-16,3905,2025-05-07,1107,7034,,3,5,6,3905,0,0,0,,0,,"EL PINAL DR","ALPINE AV",1175.00,S,N,A,-,N,,,,,,,,,,N,3,0,1,2,A,-,09,21804,A,N,D,C,A,A,H,-,A,D,0,,,,,Y,,A,01,0,1,0,0,0,0,0,0,0,"- ","- ",37.985988616943359,-121.27510070800781,"SAN JOAQUIN",STOCKTON,-121.27605438232422,37.983726501464844
84726152,2025,2025-06-16,3905,2025-05-08,1422,7273,,4,5,6,3905,0,0,0,,0,,"EL DORADO ST","YOKUTS AV",942.00,N,N,A,-,N,,,,,,,,,,Y,4,0,1,2,A,-,03,22350,,N,E,I,A,A,H,-,A,A,0,,,,,Y,,A,07,0,0,1,0,0,0,0,0,0,"- ","- ",37.998859405517578,-121.30525970458984,"SAN JOAQUIN",STOCKTON,-121.30636596679688,38.001026153564453
8472736,2017,2017-11-06,3900,2017-10-18,0724,7688,MANTE,3,5,2,3920,0,0,0,,0,,"YOSEMITE AV","GUTHMILLER RD",270.00,E,N,A,-,N,,,,,,,,,,Y,3,0,1,1,A,-,08,22107,,N,E,I,A,A,H,-,B,D,0,,,,,Y,,A,01,0,1,0,0,0,0,0,0,0,"- ","- ",,,"SAN JOAQUIN",LATHROP,-121.28416651000001,37.793359840000001
8472982,2017,2017-11-03,3905,2017-10-20,0757,1422,CIV,5,5,6,3905,0,0,0,,0,,"CHANNEL ST","CENTER ST",0.00,,Y,A,-,N,,,,,,,,,,Y,3,0,2,4,A,-,03,22350,,N,C,C,A,A,H,-,A,A,0,,,,,Y,,A,01,0,1,1,0,0,0,0,0,0,"- ","- ",37.954430000000002,-121.29159,"SAN JOAQUIN",STOCKTON,-121.29159987,37.954429939999997
8473014,2017,2017-11-29,3905,2017-10-09,1000,2463,CIV,1,5,6,3905,0,0,0,,0,,"WEBER AV","HUNTER ST",0.00,,Y,A,-,N,,,,,,,,,,N,3,0,1,2,A,-,05,21650,,F,H,G,A,A,H,-,A,A,0,,Y,,,Y,,L,04,0,1,0,0,0,0,1,0,0,"- ","- ",37.953969999999998,-121.28873,"SAN JOAQUIN",STOCKTON,-121.28879999999999,37.95401991
84731588,2025,2025-06-20,3905,2025-05-14,1302,2463,,3,5,6,3905,0,0,0,,0,,"HARDING WY","PACIFIC AV",0.00,,Y,A,-,N,,,,,,,,,,N,4,0,1,2,A,-,03,22350,,N,C,C,A,A,H,-,A,A,0,,,,,Y,,D,22,0,0,1,0,0,0,0,0,0,"- ","- ",37.966899871826172,-121.29769897460938,"SAN JOAQUIN",STOCKTON,-121.29791259765625,37.966831207275391
8473170,2017,2017-11-30,3905,2017-10-11,1525,2463,CIV,3,5,6,3905,0,0,0,,0,,"HARDING WY","CALIFORNIA ST",49.00,E,N,A,-,N,,,,,,,,,,Y,3,0,2,2,A,-,01,23152,A,N,A,C,A,A,H,-,A,A,0,,,,,Y,Y,A,01,0,1,1,0,0,0,0,0,0,"- ","- ",37.968400000000003,-121.28842,"SAN JOAQUIN",STOCKTON,-121.28845348,37.968457049999998
8473194,2017,2017-11-30,3905,2017-10-18,0820,3410,CIV,3,5,6,3905,0,0,0,,0,,"ALPINE AV","MONTEGO AV",112.00,W,N,A,-,N,,,,,,,,,,N,4,0,1,2,A,-,03,22350,,N,C,C,A,A,H,-,A,D,0,,,,,Y,,A,01,0,0,1,0,0,0,0,0,0,"- ","- ",37.98507,-121.27882,"SAN JOAQUIN",STOCKTON,-121.27957999,37.985065859999999
8473206,2017,2017-11-21,3905,2017-10-22,0910,1312,PAR,7,5,6,3905,0,0,0,,0,,"BOEING WY","B ST",0.00,,Y,A,-,N,,,,,,,,,,Y,3,0,2,2,A,-,12,22450,A,N,D,C,A,A,H,-,A,A,0,,,,,Y,,A,01,0,1,1,0,0,0,0,0,0,"- ","- ",37.908760000000001,-121.24523000000001,"SAN JOAQUIN",STOCKTON,-121.24529995,37.908969990000003
8473218,2017,2017-11-21,3905,2017-10-20,1513,2775,CIV,5,5,6,3905,0,0,0,,0,,"PACIFIC AV","DORRIS PL",0.00,,Y,A,-,N,,,,,,,,,,N,4,0,1,2,A,-,03,22350,,N,C,C,A,A,H,-,A,A,0,,,,,Y,,A,01,0,0,1,0,0,0,0,0,0,"- ","- ",37.971209999999999,-121.29989999999999,"SAN JOAQUIN",STOCKTON,-121.30009991,37.971169949999997
84733176,2025,2025-06-20,3905,2025-05-02,"740 ",7366,,5,5,6,3905,0,0,0,,0,,"HAMMER LN","LORRAINE AV",300.00,E,N,A,-,N,,,,,,,,,,Y,3,0,2,3,A,-,03,22350,,N,C,C,A,A,H,-,A,A,0,,,,Y,Y,,F,26,0,1,1,0,0,0,0,0,0,"- ","- ",38.020980834960938,-121.28357696533203,"SAN JOAQUIN",STOCKTON,-121.2822265625,38.020992279052734
84733190,2025,2025-06-20,3905,2025-05-09,1141,7366,,5,5,6,3905,0,0,0,,0,,"LAFAYETTE ST","EL DORADO ST",0.00,,Y,A,-,N,,,,,,,,,,Y,4,0,2,2,A,-,08,22107,,N,B,C,A,A,H,-,A,A,0,,,,,Y,,-,"- ",0,0,2,0,0,0,0,0,0,"- ","- ",37.949798583984375,-121.28900909423828,"SAN JOAQUIN",STOCKTON,-121.28899383544922,37.949832916259766
84738555,2025,2025-06-25,3903,2025-05-23,2220,6100,,5,5,4,3903,0,0,0,,0,,"AIRPORT WY","DAISYWOOD DR",1320.00,N,N,A,-,Y,,,,,,,,,,Y,4,0,1,1,A,-,03,22350,,N,E,I,A,A,D,-,D,D,0,,,,,Y,,A,01,0,0,1,0,0,0,0,0,0,"- ","- ",37.832160949707031,-121.25405120849609,"SAN JOAQUIN",MANTECA,-121.25409698486328,37.832427978515625
84741810,2025,2025-06-27,3905,2025-05-13,1328,7366,,2,5,6,3905,0,0,0,,0,,"AIRPORT WY","CHANNEL ST",100.00,S,N,A,-,N,,,,,,,,,,N,3,0,1,2,A,-,07,21658,A,N,C,E,A,A,H,-,A,D,0,,,,,Y,,A,01,0,1,0,0,0,0,0,0,0,"- ","- ",37.957210540771484,-121.27462005615234,"SAN JOAQUIN",STOCKTON,-121.27462005615234,37.957038879394531
84741833,2025,2025-06-27,3905,2025-05-16,2302,2625,,5,5,6,3905,0,0,0,,0,,"CHARTER WY","STOCKTON ST",0.00,,Y,A,-,N,,,,,,,,,,N,4,0,1,2,A,-,10,21950,A,N,G,B,B,A,H,-,C,A,0,Y,,,,Y,,A,01,0,0,1,0,1,0,0,0,0,"- ","- ",37.936241149902344,-121.30003356933594,"SAN JOAQUIN",STOCKTON,-121.29981994628906,37.936195373535156
84741840,2025,2025-06-30,3905,2025-05-19,1557,7164,,1,5,6,3905,0,0,0,,0,,"MCKINLEY AV","SPERRY RD",0.00,,Y,A,-,N,,,,,,,,,,Y,3,0,3,2,A,-,09,21801,A,N,D,C,A,A,H,-,A,A,0,,,,,Y,,A,07,0,2,1,0,0,0,0,0,0,"- ","- ",37.897209167480469,-121.27224731445312,"SAN JOAQUIN",STOCKTON,-121.27050018310547,37.897884368896484
84743294,2025,2025-06-30,3905,2025-05-13,"300 ",2947,,2,5,6,3905,0,0,0,,0,,"AIRPORT WY","FREMONT ST",0.00,,Y,A,-,N,,,,,,,,,,Y,4,0,1,3,A,-,12,21453,A,N,D,C,A,A,H,-,C,A,0,,,,,Y,,A,07,0,0,1,0,0,0,0,0,0,"- ","- ",37.960281372070312,-121.27542114257812,"SAN JOAQUIN",STOCKTON,-121.27554321289062,37.960361480712891
84743320,2025,2025-06-30,3905,2025-05-27,"637 ",2463,,2,5,6,3905,0,0,0,,0,,"MARTIN LUTHER KING BL","GOLDEN GATE AV",2351.00,W,N,A,-,N,,,,,,,,,,Y,3,0,1,2,A,-,08,22102,,N,D,C,A,A,H,-,A,D,0,,,,,Y,,A,01,0,1,0,0,0,0,0,0,0,"- ","- ",37.951000213623047,-121.24314880371094,"SAN JOAQUIN",STOCKTON,-121.24965667724609,37.947498321533203
84743322,2025,2025-06-30,3905,2025-05-27,"849 ",2775,,2,5,6,3905,0,0,0,,0,,"MARCH LN","PERSHING AV",0.00,,Y,A,-,N,,,,,,,,,,N,4,0,1,2,A,-,12,21453,A,N,D,C,A,A,H,-,A,A,0,,,,,Y,,A,01,0,0,1,0,0,0,0,0,0,"- ","- ",37.989238739013672,-121.32156372070312,"SAN JOAQUIN",STOCKTON,-121.32196807861328,37.989089965820312
84744280,2025,2025-06-30,3924,2025-05-21,"915 ",1275,,3,5,2,3920,0,0,0,,0,,"BRIGHTWOOD AV","CORAL TREE LN",50.00,E,-,A,-,N,,,,,,,,,,Y,4,0,1,1,A,-,03,22350,,N,E,I,A,A,H,-,A,D,0,,,,,Y,,A,01,0,0,1,0,0,0,0,0,0,"- ","- ",37.802059173583984,-121.35407257080078,"SAN JOAQUIN",LATHROP,,
84747108,2025,2025-07-07,3905,2025-05-29,2323,2907,,4,5,6,3905,0,0,0,,0,,"PACIFIC AV","BENJAMIN HOLT DR",75.00,N,N,A,-,N,,,,,,,,,,Y,4,0,1,3,A,-,03,22350,,F,C,C,A,A,H,-,C,A,0,,,,,Y,,A,01,0,0,1,0,0,0,0,0,0,"- ","- ",38.011249542236328,-121.32102966308594,"SAN JOAQUIN",STOCKTON,-121.32076263427734,38.011245727539062
8474804,2017,2017-11-14,3905,2017-09-11,1246,2277,LAK,1,5,6,3905,0,0,0,,0,,"PERSHING AV","MARCH LN",75.00,N,N,A,-,N,,,,,,,,,,N,4,0,1,2,B,-,22,,,N,D,C,A,A,H,-,A,A,0,,,,,Y,,J,48,0,0,1,0,0,0,0,0,0,"- ","- ",37.989240000000002,-121.32156000000001,"SAN JOAQUIN",STOCKTON,-121.32204563000001,37.989287089999998
8474942,2017,2017-11-17,3905,2017-08-20,0127,2675,CIV,7,5,6,3905,0,0,0,,0,,"PERSHING AV","ACACIA ST",132.00,S,N,A,-,N,,,,,,,,,,N,3,0,1,1,A,-,01,23152,A,N,E,I,A,A,H,-,C,D,0,,,,,Y,Y,A,01,0,1,0,0,0,0,0,0,0,"- ","- ",37.959449999999997,-121.31193,"SAN JOAQUIN",STOCKTON,-121.31191587000001,37.958945219999997
84751103,2025,2025-07-11,3905,2025-05-31,1901,3265,,6,5,6,3905,0,0,0,,0,,"CHARTER WY","TILLIE LEWIS DR",0.00,,Y,A,-,Y,SJ,,4," "," ",14.719,H,,L,Y,3,0,1,2,A,-,09,21453,C,F,A,C,A,A,H,-,A,A,0,,,,,Y,,A,01,0,1,0,0,0,0,0,0,0,"- ","- ",37.931468963623047,-121.31842803955078,"SAN JOAQUIN",STOCKTON,-121.318359375,37.931301116943359
84751238,2025,2025-07-07,3902,2025-05-19,2110,115,,1,5,5,3902,0,0,0,,0,001,"MILLS AVE","CAPELL DR",0.00,N,-,A,-,N,,,,,,,,,,N,2,0,2,2,A,-,03,22350,,N,D,C,A,A,H,-,C,D,0,,,,,Y,,M,96,1,1,0,0,0,0,0,0,0,"- ","- ",,,"SAN JOAQUIN",LODI,-121.29751586914062,38.132251739501953
84754818,2025,2025-07-09,3905,2025-06-05,"508 ",7349,,4,5,6,3905,0,0,0,,0,,"CHARTER WY","FRESNO AV",200.00,E,N,A,-,N,,,,,,,,,,Y,4,0,2,2,A,-,09,21804,A,N,D,C,A,A,H,-,B,A,0,,,,,Y,,A,07,0,0,2,0,0,0,0,0,0,"- ","- ",37.932498931884766,-121.31356048583984,"SAN JOAQUIN",STOCKTON,-121.31149291992188,37.933055877685547
84754822,2025,2025-07-09,3905,2025-06-05,1241,7349,,4,5,6,3905,0,0,0,,0,,"MARCH LN","PERSHING AV",135.00,W,N,A,-,N,,,,,,,,,,N,4,0,1,2,A,-,03,22350,,N,C,C,A,A,H,-,A,A,0,,,,,Y,,A,01,0,0,1,0,0,0,0,0,0,"- ","- ",37.988670349121094,-121.32272338867188,"SAN JOAQUIN",STOCKTON,-121.32241821289062,37.988979339599609
84758964,2025,2025-07-14,3902,2025-05-29,1442,31,,4,5,5,3902,0,0,0,,0,002,"VICTOR RD","GUILD AVE",0.00,N,-,A,-,Y,,,,,,,,,,N,3,0,2,2,A,-,12,22450,A,N,D,C,A,A,H,-,A,A,0,,,,Y,Y,,A,07,0,2,0,0,0,0,0,0,0,"- ","- ",,,"SAN JOAQUIN",LODI,-121.24794769287109,38.137680053710938
84759183,2025,2025-07-14,3903,2025-06-14,1324,3558,,6,5,4,3903,0,0,0,,0,,"UNION RD","VERNAL ST",0.00,,Y,A,-,N,,,,,,,,,,Y,3,0,2,2,A,-,09,21801,A,N,D,C,A,A,H,-,A,D,0,,,,,Y,,A,01,0,1,1,0,0,0,0,0,0,"- ","- ",37.795150756835938,-121.23478698730469,"SAN JOAQUIN",MANTECA,-121.23478698730469,37.795150756835938
84759340,2025,2025-07-14,3906,2025-06-19,2119,1825,,4,5,5,3906,0,0,0,,0,004,"ELEVENTH ST","ALDEN GLEN DR",793.00,W,N,A,-,N,,,,,,,,,,Y,4,0,1,2,A,-,09,21804,A,N,D,C,A,A,G,-,D,B,0,,,,,Y,,A,07,0,0,1,0,0,0,0,0,0,"- ","- ",37.739391326904297,-121.44821929931641,"SAN JOAQUIN",TRACY,-121.45088958740234,37.739421844482422
84761223,2025,2025-07-14,3924,2025-06-16,1356,1301,,1,5,2,3920,0,0,0,,0,00H,"ROTH RD","HARLAN RD",0.00,,Y,A,-,N,,,,,,,,,,Y,4,0,1,2,A,-,09,21802,A,N,D,C,A,A,H,-,A,A,0,,,,,Y,,-,33,0,0,1,0,0,0,0,0,0,"- ","- ",37.85552978515625,-121.28041839599609,"SAN JOAQUIN",LATHROP,-121.28044891357422,37.855594635009766
84761387,2025,2025-07-15,3906,2025-06-25,1356,2001,,3,5,5,3906,0,0,0,,0,004,"ELEVENTH ST","CORRAL HOLLOW RD",570.00,E,N,A,-,N,,,,,,,,,,Y,4,0,2,3,A,-,12,21453,A,N,D,C,A,A,H,-,A,A,0,,,,,Y,,A,01,0,0,2,0,0,0,0,0,0,"- ","- ",37.739299774169922,-121.45313262939453,"SAN JOAQUIN",TRACY,-121.45124816894531,37.739418029785156
84765984,2025,2025-07-17,3903,2025-06-24,"616 ",3615,,2,5,4,3903,0,0,0,,0,,"POWERS AV","HUTCHINGS ST",185.00,S,N,A,-,N,,,,,,,,,,Y,4,0,1,1,A,-,03,22350,,N,E,I,A,A,H,-,A,D,0,,,,,Y,,A,01,0,0,1,0,0,0,0,0,0,"- ","- ",37.795619964599609,-121.20487976074219,"SAN JOAQUIN",MANTECA,-121.20481872558594,37.795112609863281
84769222,2025,2025-07-24,3905,2025-06-04,"205 ",3197,,3,5,6,3905,0,0,0,,0,,"WEST LN","MARCH LN",0.00,,Y,A,-,N,,,,,,,,,,Y,2,0,2,2,A,-,09,21453,C,N,D,C,A,A,H,-,C,A,0,,,,,Y,,A,01,1,0,1,0,0,0,0,0,0,"- ","- ",38.002071380615234,-121.29015350341797,"SAN JOAQUIN",STOCKTON,-121.29084777832031,38.002140045166016
84769235,2025,2025-07-21,3905,2025-06-10,1725,2566,,2,5,6,3905,0,0,0,,0,,"MANCHESTER AV","MONTEREY AV",0.00,,Y,A,-,N,,,,,,,,,,N,3,0,1,2,A,-,12,22450,A,M,D,G,A,A,H,-,A,A,0,,Y,,,Y,,A,07,0,1,0,0,0,0,1,0,0,"- ","- ",37.973770141601562,-121.31262969970703,"SAN JOAQUIN",STOCKTON,-121.31288909912109,37.973628997802734
84769378,2025,2025-07-21,3906,2025-07-06,1340,903,,7,5,5,3906,0,0,0,,0,005,"GRANT LINE RD","BUTHMANN AVE",200.00,E,N,A,-,N,,,,,,,,,,Y,3,0,1,2,A,-,09,21804,A,N,D,C,A,A,H,-,A,D,0,,,,,Y,,A,01,0,1,0,0,0,0,0,0,0,"- ","- ",37.754188537597656,-121.43216705322266,"SAN JOAQUIN",TRACY,-121.43159484863281,37.754169464111328