CASE_ID,ACCIDENT_YEAR,PROC_DATE,JURIS,COLLISION_DATE,COLLISION_TIME,OFFICER_ID,REPORTING_DISTRICT,DAY_OF_WEEK,CHP_SHIFT,POPULATION,CNTY_CITY_LOC,SPECIAL_COND,BEAT_TYPE,CHP_BEAT_TYPE,CITY_DIVISION_LAPD,CHP_BEAT_CLASS,BEAT_NUMBER,PRIMARY_RD,SECONDARY_RD,DISTANCE,DIRECTION,INTERSECTION,WEATHER_1,WEATHER_2,STATE_HWY_IND,CALTRANS_COUNTY,CALTRANS_DISTRICT,STATE_ROUTE,ROUTE_SUFFIX,POSTMILE_PREFIX,POSTMILE,LOCATION_TYPE,RAMP_INTERSECTION,SIDE_OF_HWY,TOW_AWAY,COLLISION_SEVERITY,NUMBER_KILLED,NUMBER_INJURED,PARTY_COUNT,PRIMARY_COLL_FACTOR,PCF_CODE_OF_VIOL,PCF_VIOL_CATEGORY,PCF_VIOLATION,PCF_VIOL_SUBSECTION,HIT_AND_RUN,TYPE_OF_COLLISION,MVIW,PED_ACTION,ROAD_SURFACE,ROAD_COND_1,ROAD_COND_2,LIGHTING,CONTROL_DEVICE,CHP_ROAD_TYPE,PEDESTRIAN_ACCIDENT,BICYCLE_ACCIDENT,MOTORCYCLE_ACCIDENT,TRUCK_ACCIDENT,NOT_PRIVATE_PROPERTY,ALCOHOL_INVOLVED,STWD_VEHTYPE_AT_FAULT,CHP_VEHTYPE_AT_FAULT,COUNT_SEVERE_INJ,COUNT_VISIBLE_INJ,COUNT_COMPLAINT_PAIN,COUNT_PED_KILLED,COUNT_PED_INJURED,COUNT_BICYCLIST_KILLED,COUNT_BICYCLIST_INJURED,COUNT_MC_KILLED,COUNT_MC_INJURED,PRIMARY_RAMP,SECONDARY_RAMP,LATITUDE,LONGITUDE,COUNTY,CITY,POINT_X,POINT_Y
8706991,2018,2018-10-09,3905,2018-08-25,1828,7009,SEA,6,5,6,3905,0,0,0,,0,,"8TH ST","COMMERECE ST",0.00,,Y,A,-,N,,,,,,,,,,Y,3,0,3,2,A,-,09,21802,A,N,D,C,A,A,H,-,A,A,0,,,,,Y,,A,07,0,1,2,0,0,0,0,0,0,"- ","- ",37.928730010986328,-121.28511047363281,"SAN JOAQUIN",STOCKTON,-121.28488922119141,37.928768157958984
8706998,2018,2018-10-10,3905,2018-08-13,2216,1412,BEA,1,5,6,3905,0,0,0,,0,,"EIGHT MILE RD","THORNTON RD",0.00,,Y,A,-,N,,,,,,,,,,Y,4,0,1,2,A,-,01,23153,A,F,D,C,A,A,H,-,C,A,0,,,,,Y,Y,A,01,0,0,1,0,0,0,0,0,0,"- ","- ",,,"SAN JOAQUIN",STOCKTON,-121.35182952880859,38.057659149169922
8707014,2018,2018-10-10,3905,2018-08-10,1550,3409,CIV,5,5,6,3905,0,0,0,,0,,"PARK ST","HUNTER ST",0.00,,Y,A,-,N,,,,,,,,,,Y,4,0,1,2,A,-,12,21453,A,N,D,C,A,A,H,-,A,A,0,,,,,Y,,A,07,0,0,1,0,0,0,0,0,0,"- ","- ",37.959911346435547,-121.290283203125,"SAN JOAQUIN",STOCKTON,-121.29039764404297,37.95989990234375
8707016,2018,2018-10-10,3905,2018-08-27,0920,2402,VAL,1,5,6,3905,0,0,0,,0,,"MORADA LN","FOX CREEK DR",413.00,W,N,A,-,N,,,,,,,,,,Y,4,0,1,2,A,-,03,22350,,N,B,E,A,A,H,-,A,D,0,,,,,Y,,A,01,0,0,1,0,0,0,0,0,0,"- ","- ",38.036880493164062,-121.28137969970703,"SAN JOAQUIN",STOCKTON,-121.28269195556641,38.036941528320312
8707022,2018,2018-10-10,3905,2018-08-13,1439,2566,PAR,1,5,6,3905,0,0,0,,0,,"POCK LN","6TH ST",0.00,,Y,A,-,N,,,,,,,,,,N,3,0,2,2,A,-,09,21801,A,N,D,C,A,A,H,-,A,D,0,,,,,Y,,A,01,0,2,0,0,0,0,0,0,0,"- ","- ",37.939029693603516,-121.24909973144531,"SAN JOAQUIN",STOCKTON,-121.24899291992188,37.939300537109375
8707049,2018,2018-10-09,3905,2018-07-20,1537,2920,PAR,5,5,6,3905,0,0,0,,0,18-273,"AIRPORT WY","MINER AV",0.00,,Y,A,-,N,,,,,,,,,,Y,4,0,1,2,A,-,12,21453,A,N,D,C,A,A,H,-,A,A,0,,,,,Y,,D,22,0,0,1,0,0,0,0,0,0,"- ","- ",37.958259582519531,-121.27488708496094,"SAN JOAQUIN",STOCKTON,-121.27497863769531,37.958339691162109
8707050,2018,2018-10-10,3905,2018-08-23,0734,2525,SEA,4,5,6,3905,0,0,0,,0,,"NAVY DR","TILLIE LEWIS DR",1924.00,W,N,A,-,N,,,,,,,,,,Y,3,0,1,2,A,-,09,21801,A,N,D,C,A,A,D,-,A,D,0,,,,Y,Y,,A,01,0,1,0,0,0,0,0,0,0,"- ","- ",37.937671661376953,-121.3184814453125,"SAN JOAQUIN",STOCKTON,-121.32501983642578,37.937477111816406
8707066,2018,2018-10-09,3905,2018-08-25,1816,1393,BEA,6,5,6,3905,0,0,0,,0,,"LOWER SACRAMENTO RD","HAMMER LN",40.00,N,N,A,-,N,,,,,,,,,,Y,4,0,1,2,A,-,03,22350,,N,D,C,A,A,H,-,A,A,0,,,,,Y,,D,22,0,0,1,0,0,0,0,0,0,"- ","- ",38.021278381347656,-121.32347869873047,"SAN JOAQUIN",STOCKTON,-121.32323455810547,38.021095275878906
8707070,2018,2018-10-09,3905,2018-08-26,0911,3452,,7,5,6,3905,0,0,0,,0,,"AIRPORT WY","ARCH AIRPORT RD",0.00,,Y,A,-,N,,,,,,,,,,Y,3,0,1,2,A,-,12,21453,A,N,D,C,A,A,H,-,A,A,0,,,,Y,Y,,A,07,0,1,0,0,0,0,0,0,0,"- ","- ",37.901809692382812,-121.25480651855469,"SAN JOAQUIN",STOCKTON,-121.25469970703125,37.901958465576172
8707114,2018,2018-11-01,3905,2018-08-29,1450,2463,,3,5,6,3905,0,0,0,,0,,"KELLEY DR","VALLEY FORGE DR",0.00,,Y,A,-,N,,,,,,,,,,N,4,0,1,2,A,-,05,21650,1,M,H,G,A,A,H,-,A,A,0,,Y,,,Y,,L,04,0,0,1,0,0,0,1,0,0,"- ","- ",38.025928497314453,-121.35980224609375,"SAN JOAQUIN",STOCKTON,-121.35948944091797,38.026020050048828
8707360,2018,2018-10-10,3905,2018-08-27,1914,2719,BEA,1,5,6,3905,0,0,0,,0,,"BRIGHT STAR PL","COLDCREEK DR",150.00,E,N,A,-,N,,,,,,,,,,Y,4,0,1,2,A,-,01,23152,A,N,A,E,A,A,H,-,A,D,0,,,,,Y,Y,A,01,0,0,1,0,0,0,0,0,0,"- ","- ",38.054828643798828,-121.34188842773438,"SAN JOAQUIN",STOCKTON,-121.34138488769531,38.055023193359375
8708063,2018,2018-12-11,3905,2018-09-13,1211,2932,LAK,4,5,6,3905,0,0,0,,0,,"MARCH LN","RT 5",50.00,E,N,A,-,Y,SJ,10,5,-,-,29.807,R,1,N,Y,4,0,1,1,A,-,03,22350,,N,E,I,A,A,H,-,A,D,0,,,,,Y,Y,A,01,0,0,1,0,0,0,0,0,0,"- ","- ",37.985008239746094,-121.34233856201172,"SAN JOAQUIN",STOCKTON,-121.34220123291016,37.981906890869141
8708067,2018,2018-11-08,3905,2018-09-16,2005,2440,PAR,7,5,6,3905,0,0,0,,0,,"AIRPORT WY","SONORA ST",0.00,,Y,A,-,N,,,,,,,,,,Y,3,0,2,2,A,-,09,21804,,F,D,C,A,A,H,-,C,A,0,,,,,Y,,A,01,0,2,0,0,0,0,0,0,0,"- ","- ",37.951351165771484,-121.27308654785156,"SAN JOAQUIN",STOCKTON,-121.27310180664062,37.951450347900391
8708189,2018,2018-11-08,3905,2018-09-04,2005,,,2,5,6,3905,0,0,0,,0,,"RT 4","FRESNO AV",200.00,W,N,A,-,N,,,4,,,,,,,N,4,0,1,2,A,-,03,22350,,N,C,C,A,A,H,-,D,A,0,,,,,Y,,J,48,0,0,1,0,0,0,0,0,0,"- ","- ",37.932491302490234,-121.31369018554688,"SAN JOAQUIN",STOCKTON,-121.31369018554688,37.932491302490234
8709228,2018,2018-10-11,3905,2018-08-31,1022,2525,CIV,5,5,6,3905,0,0,0,,0,,"CENTER ST","ELM ST",0.00,,Y,A,-,N,,,,,,,,,,N,4,0,1,2,A,-,12,22450,A,F,D,C,A,A,H,-,A,A,0,,,,,Y,,A,01,0,0,1,0,0,0,0,0,0,"- ","- ",37.968341827392578,-121.29531860351562,"SAN JOAQUIN",STOCKTON,-121.29550170898438,37.96826171875
8709897,2018,2018-10-05,3905,2018-08-16,0602,2868,SEA,4,5,6,3905,0,0,0,,0,SEA,"FRESNO AV","NAVY DR",0.00,,Y,A,-,N,,,,,,,,,,Y,4,0,1,2,A,-,12,21453,A,N,D,C,A,A,H,-,B,A,0,,,,,Y,,A,07,0,0,1,0,0,0,0,0,0,"- ","- ",37.937629699707031,-121.31226348876953,"SAN JOAQUIN",STOCKTON,-121.31211090087891,37.937488555908203
8711670,2018,2018-11-21,3906,2018-10-22,1640,1505,,1,5,5,3906,0,0,0,,0,005,"PARKER AV","LOWELL AV",119.00,S,N,A,-,N,,,,,,,,,,Y,4,0,1,2,A,-,09,21801,A,N,D,C,A,A,H,-,A,D,0,,,,,Y,,A,01,0,0,1,0,0,0,0,0,0,"- ","- ",,,"SAN JOAQUIN",TRACY,-121.42990875244141,37.747474670410156
8711952,2018,2018-10-17,3905,2018-09-06,1541,3409,PAR,4,5,6,3905,0,0,0,,0,,"AIRPORT WY","ANDERSON ST",0.00,,Y,A,-,N,,,,,,,,,,Y,3,0,2,3,A,-,09,21802,A,N,D,C,A,A,H,-,A,A,0,,,,,Y,,A,01,0,1,1,0,0,0,0,0,0,"- ","- ",37.945339202880859,-121.27153015136719,"SAN JOAQUIN",STOCKTON,-121.27146911621094,37.945449829101562
8711980,2018,2018-10-17,3905,2018-09-13,1812,3409,SEA,4,5,6,3905,0,0,0,,0,,"MANTHEY RD","WILLIAM MOSS BL",2780.00,S,N,A,-,N,,,,,,,,,,Y,3,0,1,1,A,-,03,22350,,F,E,I,A,A,H,-,A,A,0,,,,,Y,,A,01,0,1,0,0,0,0,0,0,0,"- ","- ",37.907489776611328,-121.28987884521484,"SAN JOAQUIN",STOCKTON,-121.28578186035156,37.900505065917969
8711996,2018,2018-10-17,3905,2018-09-04,2135,2681,LAK,2,5,6,3905,0,0,0,,0,,"MARCH LN","EL DORADO ST",0.00,,Y,A,-,N,,,,,,,,,,N,2,0,1,2,A,-,11,21453,D,N,G,B,B,A,H,-,C,A,0,Y,,,,Y,,N,60,1,0,0,0,1,0,0,0,0,"- ","- ",37.996379852294922,-121.30506896972656,"SAN JOAQUIN",STOCKTON,-121.3057861328125,37.996238708496094
8717318,2018,2018-10-23,3901,2018-08-01,1308,D1,,3,5,2,3901,0,0,0,,0,,"MAIN ST","1ST ST",97.00,N,N,A,-,N,,,,,,,,,,Y,4,0,1,2,A,-,08,22107,,N,B,E,A,A,H,-,A,D,0,,,,,Y,,D,22,0,0,1,0,0,0,0,0,0,"- ","- ",,,"SAN JOAQUIN",ESCALON,-120.99397277832031,37.795394897460938
8717618,2018,2018-11-09,3906,2018-09-25,0632,1052,50,2,5,5,3906,0,0,0,,0,002,"LINNE RD","TRACY BL",2112.00,W,N,A,-,N,,,,,,,,,,Y,4,0,1,3,A,-,03,22350,,N,C,C,A,A,H,-,B,D,0,,,,,Y,,D,22,0,0,1,0,0,0,0,0,0,"- ","- ",,,"SAN JOAQUIN",TRACY,-121.44191741943359,37.695964813232422
8717685,2018,2018-10-17,3903,2018-09-02,1445,3558,,7,5,4,3903,0,0,0,,0,,"YOSEMITE AV","SAINT DOMINICS DR",0.00,,Y,A,-,N,,,,,,,,,,Y,4,0,1,1,A,-,03,22350,,N,E,I,A,A,H,-,A,A,0,,,,,Y,,A,01,0,0,1,0,0,0,0,0,0,"- ","- ",37.797218322753906,-121.24481964111328,"SAN JOAQUIN",MANTECA,-121.24472808837891,37.797328948974609
8717690,2018,2018-10-17,3903,2018-09-30,1614,3991,,7,5,4,3903,0,0,0,,0,,"MAYWOOD AV","CURTWOOD CT",0.00,,Y,A,-,N,,,,,,,,,,Y,4,0,1,2,A,-,08,22100,A,N,A,C,A,A,H,-,A,D,0,,,,,Y,,A,01,0,0,1,0,0,0,0,0,0,"- ","- ",37.820991516113281,-121.22383880615234,"SAN JOAQUIN",MANTECA,-121.22357940673828,37.821109771728516
8717702,2018,2018-10-25,3903,2018-09-26,1528,4069,,3,5,4,3903,0,0,0,,0,,"YOSEMITE AV","UNION RD",40.00,E,N,A,-,N,,,,,,,,,,N,4,0,1,2,A,-,"- ",,,F,C,C,A,A,H,-,A,A,0,,,,,Y,,A,07,0,0,1,0,0,0,0,0,0,"- ","- ",37.797210693359375,-121.23503112792969,"SAN JOAQUIN",MANTECA,-121.23477172851562,37.797409057617188
8717705,2018,2018-10-17,3903,2018-09-02,1408,1741,,7,5,4,3903,0,0,0,,0,,"UNION RD","LATHROP RD",227.00,S,N,A,-,N,,,,,,,,,,N,4,0,1,2,A,-,09,21804,A,N,D,C,A,A,A,-,A,A,0,,,,,Y,,A,01,0,0,1,0,0,0,0,0,0,"- ","- ",37.826381683349609,-121.23613739013672,"SAN JOAQUIN",MANTECA,-121.23593139648438,37.826431274414062
8717722,2018,2018-10-17,3903,2018-09-26,1215,4069,,3,5,4,3903,0,0,0,,0,,"CENTER ST","LINCOLN AV",0.00,,Y,A,-,N,,,,,,,,,,Y,4,0,1,2,A,-,09,21802,A,N,D,C,A,A,H,-,A,A,0,,,,,Y,,A,07,0,0,1,0,0,0,0,0,0,"- ","- ",37.799129486083984,-121.21408081054688,"SAN JOAQUIN",MANTECA,-121.21399688720703,37.799118041992188
8717738,2018,2018-10-17,3903,2018-09-16,2059,3928,,7,5,4,3903,0,0,0,,0,,"SPRECKELS AV","HISTORICAL PLAZA WY",0.00,,Y,A,-,N,,,,,,,,,,N,4,0,1,2,A,-,09,21804,A,F,D,C,A,A,H,-,C,D,0,,,Y,,Y,,A,07,0,0,1,0,0,0,0,0,1,"- ","- ",37.796501159667969,-121.19808197021484,"SAN JOAQUIN",MANTECA,-121.19806996,37.796350029999999
8717742,2018,2018-10-16,3903,2018-09-18,1723,4069,,2,5,4,3903,0,0,0,,0,,"POWERS AV","HUTCHINGS ST",0.00,,Y,A,-,N,,,,,,,,,,N,4,0,1,2,A,-,12,22450,A,N,H,G,A,A,H,-,A,A,0,,Y,,,Y,,L,04,0,0,1,0,0,0,1,0,0,"- ","- ",37.795570373535156,-121.20496368408203,"SAN JOAQUIN",MANTECA,-121.20482635498047,37.795619964599609
8718135,2018,2018-10-17,3902,2018-08-26,2131,AB36,,7,5,5,3902,0,0,0,,0,,"SOUTH CHEROKEE LN","ALMOND DR",3.00,S,N,A,-,N,,,,,,,,,,N,2,0,1,2,A,-,10,21950,A,F,G,B,D,A,H,-,C,D,0,Y,,,,Y,,A,01,1,0,0,0,1,0,0,0,0,"- ","- ",,,"SAN JOAQUIN",LODI,-121.26040649414062,38.111442565917969
8718408,2018,2018-11-08,3903,2018-09-15,1653,3930,,6,5,4,3903,0,0,0,,0,,"YOSEMITE AV","GRANT AV",0.00,,Y,A,-,N,,,,,,,,,,N,3,0,1,2,A,-,08,22107,,N,H,G,A,A,H,-,A,D,0,,Y,,,Y,,A,01,0,1,0,0,0,0,1,0,0,"- ","- ",37.797451019287109,-121.21531677246094,"SAN JOAQUIN",MANTECA,-121.21524047851562,37.797420501708984
8718489,2018,2018-11-06,3901,2018-08-29,1642,L21,,3,5,2,3901,0,0,0,,0,,"RT 120","BRENNAN RD",0.00,,Y,A,-,Y,SJ,10,120,-,-,15.860,I,5,E,N,3,0,1,2,A,-,09,21802,A,N,D,D,A,A,H,-,A,A,0,,,,,Y,,A,01,0,1,0,0,0,0,0,0,0,"- ","- ",,,"SAN JOAQUIN",ESCALON,-121.01499176025391,37.798526763916016
8726305,2018,2018-11-16,3900,2018-08-26,0236,160340,MANTE,7,5,2,3920,0,0,0,,0,009,"E LATHROP RD","HARLAN RD",0.00,,Y,A,-,N,,,,,,,,,,Y,4,0,1,2,A,-,01,23152,A,N,C,C,A,A,H,-,C,A,0,,,,,Y,Y,A,01,0,0,1,0,0,0,0,0,0,"- ","- ",,,"SAN JOAQUIN",LATHROP,-121.28690338134766,37.826370239257812
8729212,2018,2018-11-13,3902,2018-10-21,0226,JL101,,7,5,5,3902,0,0,0,,0,,"SOUTH CHEROKEE LN","E VINE ST",188.00,S,N,A,-,N,,,,,,,,,,N,4,0,2,2,A,-,09,21804,,N,D,C,A,A,H,-,C,D,0,,,,,Y,Y,A,01,0,0,2,0,0,0,0,0,0,"- ","- ",,,"SAN JOAQUIN",LODI,-121.26055145263672,38.122894287109375
8733250,2018,2019-01-15,3901,2018-10-01,0028,L5,,1,5,2,3901,0,0,0,,0,,"RT 120","HENRY RD",1056.00,W,N,A,-,Y,STA,10,120,-,-,20.000,H,-,W,Y,4,0,1,1,A,-,08,22107,,M,E,I,A,A,H,-,D,D,0,,,,,Y,,A,01,0,0,1,0,0,0,0,0,0,"- ","- ",,,"SAN JOAQUIN",ESCALON,-120.94525146484375,37.7938232421875
8734020,2018,2018-11-15,3902,2018-08-31,1246,JH6,,5,5,5,3902,0,0,0,,0,,"HAM LN","BURGUNDY DR",33.00,S,N,A,-,N,,,,,,,,,,N,4,0,1,2,A,-,03,22350,,N,C,C,A,A,H,-,A,D,0,,,,,Y,,A,01,0,0,1,0,0,0,0,0,0,"- ","- ",,,"SAN JOAQUIN",LODI,-121.28817749023438,38.1119384765625
8735789,2019,2019-02-12,3906,2019-01-22,1557,1233,,2,5,5,3906,0,0,0,,0,004,"LOWELL AV","CHESTER DR",0.00,,Y,A,-,N,,,,,,,,,,Y,4,0,1,2,A,-,09,21802,,N,D,C,A,A,H,-,A,A,0,,,,,Y,,D,22,0,0,1,0,0,0,0,0,0,"- ","- ",,,"SAN JOAQUIN",TRACY,-121.43995666503906,37.748241424560547
8736156,2018,2018-11-29,3905,2018-10-19,0516,2750,SEA,5,5,6,3905,0,0,0,,0,,"MCDOUGALD BL","BESS PL",0.00,,Y,A,-,N,,,,,,,,,,N,3,0,1,2,A,-,05,21202,A,N,H,G,A,A,H,-,C,D,0,,Y,,,Y,,L,04,0,1,0,0,0,0,1,0,0,"- ","- ",37.904998779296875,-121.29546356201172,"SAN JOAQUIN",STOCKTON,-121.29547119140625,37.904869079589844
8736214,2018,2018-11-19,3903,2018-10-06,1107,3878,"SAN J",6,5,4,3903,0,0,0,,0,,"SPRINGFIELD DR","AVALON AV",0.00,,Y,A,-,N,,,,,,,,,,N,4,0,1,2,A,-,07,21658,A,N,B,C,A,A,H,-,A,D,0,,,Y,,Y,,A,01,0,0,1,0,0,0,0,0,0,"- ","- ",,,"SAN JOAQUIN",MANTECA,-121.21080995,37.765930050000001
8736222,2018,2018-11-19,3903,2018-10-04,1342,2806,,4,5,4,3903,0,0,0,,0,002,"YOSEMITE AV","POWERS AV",230.00,E,N,A,-,N,,,,,,,,,,N,4,0,1,2,A,-,03,22350,,F,C,C,A,A,H,-,A,D,0,,,,,Y,,A,01,0,0,1,0,0,0,0,0,0,"- ","- ",37.797428131103516,-121.20503997802734,"SAN JOAQUIN",MANTECA,-121.20416259765625,37.797454833984375
8736606,2018,2018-11-26,3905,2018-10-30,1926,2463,LAK,2,5,6,3905,0,0,0,,0,,"PACIFIC AV","BENJAMIN HOLT DR",0.00,,Y,A,-,N,,,,,,,,,,Y,4,0,1,3,A,-,03,22350,,N,C,C,A,A,H,-,C,A,0,,,,,Y,,A,01,0,0,1,0,0,0,0,0,0,"- ","- ",38.011249542236328,-121.32102966308594,"SAN JOAQUIN",STOCKTON,-121.32068634033203,38.011051177978516
8736655,2018,2018-11-28,3905,2018-10-02,2020,2981,VAL,2,5,6,3905,0,0,0,,0,,"MORADA LN","FOX CREEK DR",561.00,W,N,A,-,N,,,,,,,,,,Y,2,0,1,3,A,-,03,22350,,N,C,E,A,A,H,-,C,D,0,,,,,Y,Y,D,22,1,0,0,0,0,0,0,0,0,"- ","- ",38.036880493164062,-121.28137969970703,"SAN JOAQUIN",STOCKTON,-121.28321075439453,38.036937713623047
8736662,2018,2018-11-29,3905,2018-10-18,1353,3409,SEA,4,5,6,3905,0,0,0,,0,,"EL DORADO ST","LOWELL AV",98.00,S,N,A,-,N,,,,,,,,,,N,4,0,1,2,A,-,21,22106,,N,D,C,A,A,H,-,A,D,0,,,,,Y,,A,01,0,0,1,0,0,0,0,0,0,"- ","- ",37.921211242675781,-121.27951049804688,"SAN JOAQUIN",STOCKTON,-121.27958679199219,37.920955657958984
8736675,2018,2019-02-28,3905,2018-10-14,1906,2466,,7,5,6,3905,0,0,0,,0,,"B ST","MICHAEL AV",95.00,N,N,A,-,N,,,,,,,,,,N,4,0,2,2,A,-,08,22107,,F,C,E,A,A,H,-,D,D,0,,,,,Y,,-,99,0,0,2,0,0,0,0,0,0,"- ","- ",37.925090789794922,-121.25170135498047,"SAN JOAQUIN",STOCKTON,-121.25200653076172,37.925510406494141
8736814,2018,2018-11-21,3905,2018-10-15,1742,2860,SEA,1,5,6,3905,0,0,0,,0,,"CHICAGO AV","COLORADO AV",400.00,E,N,A,-,N,,,,,,,,,,N,3,0,1,2,A,-,09,21801,A,N,H,G,A,A,H,-,A,D,0,,Y,,,Y,,A,01,0,1,0,0,0,0,1,0,0,"- ","- ",37.923248291015625,-121.29752349853516,"SAN JOAQUIN",STOCKTON,-121.29634857177734,37.923255920410156
8736826,2018,2018-11-21,3905,2018-10-16,2254,2750,SEA,2,5,6,3905,0,0,0,,0,,"8TH ST","EL DORADO ST",0.00,,Y,A,-,N,,,,,,,,,,Y,3,0,2,2,A,-,09,21801,A,F,D,C,A,A,H,-,C,A,0,,,,,Y,,A,01,0,1,1,0,0,0,0,0,0,"- ","- ",37.928909301757812,-121.28304290771484,"SAN JOAQUIN",STOCKTON,-121.28298187255859,37.929389953613281
8736877,2018,2018-11-26,3905,2018-10-19,2122,2768,VAL,5,5,6,3905,0,0,0,,0,,"MARCH LN","HOLIDAY DR",25.00,W,N,A,-,N,,,,,,,,,,N,2,0,1,2,A,-,03,22350,,N,C,C,A,A,H,-,C,A,0,,,Y,,Y,,A,01,1,0,0,0,0,0,0,0,1,"- ","- ",38.000709533691406,-121.29621124267578,"SAN JOAQUIN",STOCKTON,-121.29683685302734,38.000732421875
8736946,2018,2018-11-26,3905,2018-11-02,1150,2525,PAR,5,5,6,3905,0,0,0,,0,,"WILSON WY","LAFAYETTE ST",130.00,N,N,A,-,N,,,,,,,,,,N,4,0,2,2,A,-,07,21658,A,F,B,C,A,A,H,-,A,D,0,,,,,Y,,A,01,0,0,2,0,0,0,0,0,0,"- ","- ",37.9527587890625,-121.27073669433594,"SAN JOAQUIN",STOCKTON,-121.27084350585938,37.953189849853516
8737251,2018,2019-01-08,3902,2018-09-14,1432,WH54,,5,5,5,3902,0,0,0,,0,,"RT 12","S SCHOOL ST",158.00,N,N,A,-,Y,SJ,10,12,-,-,17.180,H,-,E,Y,4,0,1,4,A,-,04,21703,,N,C,C,A,A,H,-,A,D,0,,,,,Y,,A,07,0,0,1,0,0,0,0,0,0,"- ","- ",,,"SAN JOAQUIN",LODI,-121.27439880371094,38.115566253662109
8737255,2018,2019-01-07,3902,2018-09-10,1857,JA35,,1,5,5,3902,0,0,0,,0,,"CHEROKEE LN","VICTOR RD",0.00,,Y,A,-,N,,,,,,,,,,N,4,0,1,2,A,-,09,21801,A,M,D,C,A,A,H,-,B,A,0,,,,,Y,,A,01,0,0,1,0,0,0,0,0,0,"- ","- ",,,"SAN JOAQUIN",LODI,-121.26093292236328,38.137279510498047
8738833,2018,2019-01-30,3903,2018-10-07,1716,3930,,7,5,4,3903,0,0,0,,0,,"YOSEMITE AV","PESTANA AV",309.00,W,N,A,-,Y,SJ,10,120,-,-,6.380,H,-,W,Y,4,0,2,2,A,-,09,21801,A,N,D,C,A,A,H,-,A,D,0,,,,,Y,,A,01,0,0,2,0,0,0,0,0,0,"- ","- ",37.797618865966797,-121.18672943115234,"SAN JOAQUIN",MANTECA,-121.18788909912109,37.797531127929688
8740009,2018,2018-11-26,3905,2018-09-30,0735,1315,LAK,7,5,6,3905,0,0,0,,0,,"PACIFIC AV","LINCOLN RD",10.00,N,N,A,-,N,,,,,,,,,,Y,3,0,2,2,A,-,03,22350,,N,C,C,A,A,H,-,A,A,0,,,,,Y,,A,01,0,1,1,0,0,0,0,0,0,"- ","- ",38.013938903808594,-121.32206726074219,"SAN JOAQUIN",STOCKTON,-121.32176971435547,38.013767242431641
8740017,2018,2018-11-26,3905,2018-09-21,1449,2759,VAL,5,5,6,3905,0,0,0,,0,,"FRED RUSSO DR","ETCHEVERRY DR",30.00,N,N,A,-,N,,,,,,,,,,N,4,0,1,2,A,-,05,21460,A,N,D,C,A,A,H,-,A,A,0,,,,,Y,,A,01,0,0,1,0,0,0,0,0,0,"- ","- ",38.004249572753906,-121.27542877197266,"SAN JOAQUIN",STOCKTON,-121.27600860595703,38.004432678222656
8740065,2018,2018-11-26,3905,2018-08-14,1912,2833,LAK,2,5,6,3905,0,0,0,,0,,"MARCH LN","PRECISSI LN",0.00,,Y,A,-,N,,,,,,,,,,N,4,0,1,2,A,-,10,21950,A,N,G,B,B,A,H,-,A,A,0,Y,,,,Y,,A,01,0,0,1,0,1,0,0,0,0,"- ","- ",37.990718841552734,-121.31529998779297,"SAN JOAQUIN",STOCKTON,-121.31575012207031,37.990631103515625
8740083,2018,2019-01-17,3905,2018-10-18,1603,3409,PAR,4,5,6,3905,0,0,0,,0,,"HAZELTON AV","SHARON AV",0.00,,Y,A,-,N,,,,,,,,,,N,2,0,1,2,A,-,09,21802,A,N,D,G,A,A,H,-,A,A,0,,Y,,,Y,,L,04,1,0,0,0,0,0,1,0,0,"- ","- ",37.953079223632812,-121.25478363037109,"SAN JOAQUIN",STOCKTON,-121.25482177734375,37.953289031982422
8740114,2018,2018-12-12,3905,2018-10-04,1724,3410,LAK,4,5,6,3905,0,0,0,,0,,"LINCOLN RD","EL DORADO ST FR E RD",173.00,E,N,A,-,N,,,,,,,,,,Y,4,0,5,4,A,-,03,22350,,N,C,C,A,A,H,-,A,D,0,,,,,Y,,A,07,0,0,5,0,0,0,0,0,0,"- ","- ",38.01708984375,-121.31269836425781,"SAN JOAQUIN",STOCKTON,-121.31240844726562,38.016841888427734
8740118,2018,2019-01-30,3905,2018-10-02,0738,1312,CIV,2,5,6,3905,0,0,0,,0,,"MONTE DIABLO AV","RT 5",0.00,,Y,A,-,Y,SJ,10,5,-,-,27.872,R,4,S,N,4,0,1,2,A,-,10,21950,A,N,G,B,B,A,H,-,A,A,0,Y,,,,Y,,A,08,0,0,1,0,1,0,0,0,0,"- ",SO,37.957279205322266,-121.33029174804688,"SAN JOAQUIN",STOCKTON,-121.32865905761719,37.956760406494141
8740150,2018,2018-12-12,3905,2018-10-08,1630,7009,CIV,1,5,6,3905,0,0,0,,0,,"MARTIN LUTHER KING BL","LINCOLN ST",56.00,E,N,A,-,N,,,,,,,,,,Y,4,0,1,2,A,-,01,23152,A,M,C,C,A,A,H,-,A,A,0,,,,,Y,Y,A,01,0,0,1,0,0,0,0,0,0,"- ","- ",37.937538146972656,-121.29396820068359,"SAN JOAQUIN",STOCKTON,-121.29369354248047,37.937591552734375
8740151,2018,2019-01-17,3905,2018-10-10,1900,2463,CIV,3,5,6,3905,0,0,0,,0,,"AMERICAN ST","PARK ST",175.00,S,N,A,-,N,,,,,,,,,,N,3,0,1,2,A,-,11,21955,,N,G,B,E,A,H,-,D,D,0,Y,,,,Y,,N,60,0,1,0,0,1,0,0,0,0,"- ","- ",37.960758209228516,-121.28507232666016,"SAN JOAQUIN",STOCKTON,-121.28504943847656,37.960311889648438