CASE_ID,ACCIDENT_YEAR,PROC_DATE,JURIS,COLLISION_DATE,COLLISION_TIME,OFFICER_ID,REPORTING_DISTRICT,DAY_OF_WEEK,CHP_SHIFT,POPULATION,CNTY_CITY_LOC,SPECIAL_COND,BEAT_TYPE,CHP_BEAT_TYPE,CITY_DIVISION_LAPD,CHP_BEAT_CLASS,BEAT_NUMBER,PRIMARY_RD,SECONDARY_RD,DISTANCE,DIRECTION,INTERSECTION,WEATHER_1,WEATHER_2,STATE_HWY_IND,CALTRANS_COUNTY,CALTRANS_DISTRICT,STATE_ROUTE,ROUTE_SUFFIX,POSTMILE_PREFIX,POSTMILE,LOCATION_TYPE,RAMP_INTERSECTION,SIDE_OF_HWY,TOW_AWAY,COLLISION_SEVERITY,NUMBER_KILLED,NUMBER_INJURED,PARTY_COUNT,PRIMARY_COLL_FACTOR,PCF_CODE_OF_VIOL,PCF_VIOL_CATEGORY,PCF_VIOLATION,PCF_VIOL_SUBSECTION,HIT_AND_RUN,TYPE_OF_COLLISION,MVIW,PED_ACTION,ROAD_SURFACE,ROAD_COND_1,ROAD_COND_2,LIGHTING,CONTROL_DEVICE,CHP_ROAD_TYPE,PEDESTRIAN_ACCIDENT,BICYCLE_ACCIDENT,MOTORCYCLE_ACCIDENT,TRUCK_ACCIDENT,NOT_PRIVATE_PROPERTY,ALCOHOL_INVOLVED,STWD_VEHTYPE_AT_FAULT,CHP_VEHTYPE_AT_FAULT,COUNT_SEVERE_INJ,COUNT_VISIBLE_INJ,COUNT_COMPLAINT_PAIN,COUNT_PED_KILLED,COUNT_PED_INJURED,COUNT_BICYCLIST_KILLED,COUNT_BICYCLIST_INJURED,COUNT_MC_KILLED,COUNT_MC_INJURED,PRIMARY_RAMP,SECONDARY_RAMP,LATITUDE,LONGITUDE,COUNTY,CITY,POINT_X,POINT_Y
8926698,2019,2019-08-26,3905,2019-07-07,1310,2536,LAK,7,5,6,3905,0,0,0,,0,,"MARCH LN","PERSHING AV",47.00,E,N,A,-,N,,,,,,,,,,N,3,0,2,3,A,-,03,22350,,N,C,C,A,A,H,-,A,A,0,,,,,Y,,A,01,0,1,1,0,0,0,0,0,0,"- ","- ",37.989238739013672,-121.32156372070312,"SAN JOAQUIN",STOCKTON,-121.32181549072266,37.989128112792969
8926710,2019,2019-08-26,3905,2019-07-15,1625,2463,CIV,1,5,6,3905,0,0,0,,0,,"EL DORADO ST","MARKET ST",0.00,,Y,A,-,N,,,,,,,,,,Y,4,0,1,2,A,-,12,21453,A,N,D,C,A,A,H,-,A,A,0,,,,,Y,,A,01,0,0,1,0,0,0,0,0,0,"- ","- ",37.951728820800781,-121.28951263427734,"SAN JOAQUIN",STOCKTON,-121.28955078125,37.951728820800781
8926724,2019,2019-08-26,3905,2019-07-08,1019,2277,BEA,1,5,6,3905,0,0,0,,0,,"LOWER SACRAMENTO RD","MARLETTE RD S",500.00,N,N,A,-,N,,,,,,,,,,Y,4,0,1,1,A,-,03,22350,,N,F,J,A,A,H,-,A,D,0,,,,,Y,,A,01,0,0,1,0,0,0,0,0,0,"- ","- ",38.049991607666016,-121.31522369384766,"SAN JOAQUIN",STOCKTON,-121.31378173828125,38.051582336425781
8926883,2019,2019-08-28,3905,2019-06-25,0900,2277,CIV,2,5,6,3905,0,0,0,,0,,"ALPINE AV","CALIFORNIA ST",10.00,E,N,A,-,N,,,,,,,,,,N,3,0,1,2,A,-,11,21456,B,N,G,B,B,A,H,-,A,A,0,Y,,,,Y,,N,60,0,1,0,0,1,0,0,0,0,"- ","- ",37.981548309326172,-121.29316711425781,"SAN JOAQUIN",STOCKTON,-121.29348754882812,37.9815673828125
8929890,2019,2019-09-26,3906,2019-08-17,0637,1379,,6,5,5,3906,0,0,0,,0,006,"GRANT LINE RD","PARADISE AV",0.00,,Y,A,-,N,,,,,,,,,,Y,4,0,1,2,A,-,09,21800,A,N,D,C,A,A,H,-,A,A,0,,,,Y,Y,,A,07,0,0,1,0,0,0,0,0,0,"- ","- ",,,"SAN JOAQUIN",TRACY,-121.38948822021484,37.754310607910156
8932193,2019,2019-09-17,3902,2019-08-19,0653,EU68,,1,5,5,3902,0,0,0,,0,,"COVENTRY WY","ALMOND DR",0.00,,Y,A,-,N,,,,,,,,,,Y,2,0,1,2,A,-,09,21802,A,N,D,C,A,A,H,-,A,A,0,,,Y,,Y,,A,01,1,0,0,0,0,0,0,0,1,"- ","- ",,,"SAN JOAQUIN",LODI,-121.26509094238281,38.111251831054688
8932603,2019,2019-09-16,3902,2019-07-29,1138,RP64,,1,5,5,3902,0,0,0,,0,,"SOUTH CHURCH ST","SCHLENKER DR",78.00,N,N,A,-,N,,,,,,,,,,Y,3,0,2,2,A,-,09,21801,,N,D,C,A,A,A,-,A,D,0,,,,,Y,,A,01,0,2,0,0,0,0,0,0,0,"- ","- ",,,"SAN JOAQUIN",LODI,-121.27617645263672,38.110233306884766
8932611,2019,2019-09-16,3902,2019-07-06,2126,KV86,,6,5,5,3902,0,0,0,,0,,"E LOCKEFORD ST","BECKMAN RD",92.00,W,N,A,-,N,,,,,,,,,,N,2,0,1,2,C,-,18,,,N,G,B,D,A,H,-,C,D,0,Y,,,,Y,,-,"- ",1,0,0,0,1,0,0,0,0,"- ","- ",,,"SAN JOAQUIN",LODI,-121.25740814208984,38.138259887695312
8935779,2019,2019-09-25,3903,2019-08-20,0851,5135,,2,5,4,3903,0,0,0,,0,,"YOSEMITE AV","RAYLOW AV",0.00,,Y,A,-,N,,,,,,,,,,N,4,0,1,2,A,-,09,21804,A,N,D,C,A,A,H,-,A,D,0,,,,,Y,,A,01,0,0,1,0,0,0,0,0,0,"- ","- ",37.797420501708984,-121.20229339599609,"SAN JOAQUIN",MANTECA,-121.20226287841797,37.797470092773438
8939483,2019,2021-05-28,3902,2019-06-22,2112,MG84,,6,5,5,3902,0,0,0,,0,,"LOWER SACRAMENTO RD","VINE ST",490.00,N,N,A,-,N,,,,,,,,,,Y,1,1,0,2,A,-,03,22350,,N,B,C,A,A,H,-,C,D,0,,,Y,,Y,Y,C,02,0,0,0,0,0,0,0,1,0,"- ","- ",,,"SAN JOAQUIN",LODI,-121.30670928955078,38.124176025390625
8939565,2019,2020-01-31,3905,2019-09-10,1159,2291,CIV,2,5,6,3905,0,0,0,,0,,"MADISON ST","FLORA ST",0.00,,Y,A,-,N,,,,,,,,,,Y,1,1,0,2,A,-,09,21801,A,N,D,C,A,A,H,-,A,A,0,,,Y,,Y,Y,A,07,0,0,0,0,0,0,0,1,0,"- ","- ",37.960041046142578,-121.29576110839844,"SAN JOAQUIN",STOCKTON,-121.29586029052734,37.959991455078125
8940543,2019,2019-10-16,3906,2019-09-12,0750,1220,3906,4,5,5,3906,0,0,0,,0,002,"REDBRIDGE RD","HAMLET LN",0.00,,Y,A,-,N,,,,,,,,,,N,3,0,1,2,A,-,09,21802,A,N,-,G,A,A,H,-,A,A,0,,Y,,,Y,,L,04,0,1,0,0,0,0,1,0,0,"- ","- ",,,"SAN JOAQUIN",TRACY,-121.46771240234375,37.719978332519531
8941338,2019,2019-09-30,3906,2019-09-12,0711,1245,MSC,4,5,5,3906,0,0,0,,0,006,"WEST GRANTLINE RD","RT 205",21.00,E,N,A,-,N,,,,,,,,,,Y,3,0,2,2,D,-,00,,,N,D,C,A,A,H,-,A,A,0,,,,,Y,,-,"- ",0,2,0,0,0,0,0,0,0,"- ","- ",,,"SAN JOAQUIN",TRACY,-121.46360015869141,37.754032135009766
8942276,2019,2019-10-15,3906,2019-09-27,0730,1092,,5,5,5,3906,0,0,0,,0,002,"S TRACY BL","LINNE RD",600.00,N,N,A,-,N,,,,,,,,,,N,3,0,1,2,A,-,09,21801,A,N,D,G,A,A,H,-,A,D,0,,Y,,,Y,,L,04,0,1,0,0,0,0,1,0,0,"- ","- ",,,"SAN JOAQUIN",TRACY,-121.43470001220703,37.697650909423828
8943829,2019,2019-10-04,3905,2019-08-22,0920,3016,VAL,4,5,6,3905,0,0,0,,0,,"WEST LN","TORTUGA WY",313.00,S,N,A,-,N,,,,,,,,,,Y,3,0,1,1,A,-,01,23152,F,N,E,I,A,A,H,-,A,D,0,,,,,Y,,D,22,0,1,0,0,0,0,0,0,0,"- ","- ",37.995609283447266,-121.28762054443359,"SAN JOAQUIN",STOCKTON,-121.28770446777344,37.994808197021484
8945686,2019,2019-10-07,3905,2019-09-16,0503,3016,,1,5,6,3905,0,0,0,,0,,"GIBRALTAR CT","INDUSTRIAL DR",802.00,S,N,A,-,N,,,,,,,,,,Y,4,0,1,2,A,-,06,21755,,N,B,C,A,A,H,-,C,D,0,,,,Y,Y,,A,07,0,0,1,0,0,0,0,0,0,"- ","- ",37.908901214599609,-121.26622772216797,"SAN JOAQUIN",STOCKTON,-121.26541137695312,37.906879425048828
8945710,2019,2019-10-08,3905,2019-09-08,2040,2837,PAR,7,5,6,3905,0,0,0,,0,,"MARTIN LUTHER KING BL","MARIPOSA RD E",1402.00,E,N,A,-,N,,,,,,,,,,N,4,0,1,2,A,-,03,22350,,F,H,G,A,A,H,-,D,D,0,,Y,,,Y,,-,,0,0,1,0,0,0,1,0,0,"- ","- ",37.944721221923828,-121.25579833984375,"SAN JOAQUIN",STOCKTON,-121.25382995605469,37.945571899414062
8945713,2019,2019-10-03,3905,2019-09-15,1205,3410,VAL,7,5,6,3905,0,0,0,,0,,"MARCH LN","MONTAUBAN AV",18.00,E,N,A,-,N,,,,,,,,,,Y,3,0,2,2,A,-,03,22350,,N,C,C,A,A,H,-,A,A,0,,,,,Y,,A,01,0,2,0,0,0,0,0,0,0,"- ","- ",38.0035400390625,-121.28412628173828,"SAN JOAQUIN",STOCKTON,-121.28475952148438,38.003665924072266
8945739,2019,2019-10-08,3905,2019-09-09,1704,2992,LAK,1,5,6,3905,0,0,0,,0,,"PACIFIC AV","MARCH LN",670.00,N,N,A,-,N,,,,,,,,,,N,4,0,1,2,A,-,03,22350,,N,C,C,A,A,H,-,A,A,0,,,,Y,Y,,F,55,0,0,1,0,0,0,0,0,0,"- ","- ",37.991489410400391,-121.31227874755859,"SAN JOAQUIN",STOCKTON,-121.31352233886719,37.993171691894531
8945764,2019,2019-10-02,3905,2019-09-18,1141,2529,CIV,3,5,6,3905,0,0,0,,0,0CN,"WALNUT ST","FUNSTON AV",73.00,E,N,A,-,N,,,,,,,,,,Y,3,0,1,2,A,-,21,22106,,N,D,C,A,A,H,-,A,D,0,,,Y,,Y,,A,01,0,1,0,0,0,0,0,0,1,"- ","- ",37.972858428955078,-121.27365112304688,"SAN JOAQUIN",STOCKTON,-121.27363586425781,37.973011016845703
8945783,2019,2019-09-30,3905,2019-09-11,1415,3410,CIV,3,5,6,3905,0,0,0,,0,,"FILBERT ST","WEBER AV",55.00,S,N,A,-,N,,,,,,,,,,N,4,0,1,2,A,-,03,22350,,F,C,C,A,A,H,-,A,A,0,,,,,Y,,A,01,0,0,1,0,0,0,0,0,0,"- ","- ",37.960651397705078,-121.25402069091797,"SAN JOAQUIN",STOCKTON,-121.25410461425781,37.960735321044922
8945804,2019,2019-10-02,3905,2019-09-18,1512,2529,CIV,3,5,6,3905,0,0,0,,0,0CS,"FREMONT ST","AMERICAN ST",0.00,,Y,A,-,N,,,,,,,,,,Y,4,0,2,2,A,-,12,22450,A,N,D,C,A,A,H,-,A,A,0,,,,,Y,,A,01,0,0,2,0,0,0,0,0,0,"- ","- ",37.95880126953125,-121.28455352783203,"SAN JOAQUIN",STOCKTON,-121.28465270996094,37.958820343017578
8945806,2019,2019-09-30,3905,2019-09-06,0744,2952,CIV,5,5,6,3905,0,0,0,,0,,"ALPINE AV","MONTEGO AV",0.00,,Y,A,-,N,,,,,,,,,,N,3,0,1,1,A,-,03,22350,,N,E,J,A,A,H,-,A,A,0,,,,,Y,Y,A,01,0,1,0,0,0,0,0,0,0,"- ","- ",37.985099792480469,-121.27881622314453,"SAN JOAQUIN",STOCKTON,-121.27916717529297,37.98516845703125
8945811,2019,2019-09-30,3905,2019-09-08,1829,2827,LAK,7,5,6,3905,0,0,0,,0,,"ROSE MARIE LN","PERSHING AV",0.00,,Y,A,-,N,,,,,,,,,,N,4,0,1,2,A,-,09,21801,A,N,A,C,A,A,H,-,A,A,0,,,,,Y,,A,01,0,0,1,0,0,0,0,0,0,"- ","- ",37.986820220947266,-121.32038879394531,"SAN JOAQUIN",STOCKTON,-121.32080841064453,37.986618041992188
8945814,2019,2019-09-30,3905,2019-09-04,1919,2466,PAR,3,5,6,3905,0,0,0,,0,,"MARTIN LUTHER KING BL","DIAMOND ST",1500.00,E,N,A,-,N,,,,,,,,,,Y,3,0,1,3,A,-,05,21650,,F,D,C,A,A,H,-,B,D,0,,,,,Y,,A,01,0,1,0,0,0,0,0,0,0,"- ","- ",37.944721221923828,-121.25579833984375,"SAN JOAQUIN",STOCKTON,-121.25409698486328,37.945293426513672
8945816,2019,2019-10-02,3905,2019-09-04,1150,2952,PAR,3,5,6,3905,0,0,0,,0,,"GOLDEN GATE AV","MAIN ST",0.00,,Y,A,-,N,,,,,,,,,,N,4,0,1,2,A,-,03,22350,,N,G,B,F,A,H,-,A,A,0,Y,,,,Y,Y,A,08,0,0,1,0,1,0,0,0,0,"- ","- ",37.954189300537109,-121.24446105957031,"SAN JOAQUIN",STOCKTON,-121.24446868896484,37.954471588134766
8945819,2019,2019-10-02,3905,2019-09-16,1434,1312,PAR,1,5,6,3905,0,0,0,,0,,"MINER AV","EUGENIA ST",0.00,,Y,A,-,N,,,,,,,,,,Y,4,0,1,2,A,-,09,21801,A,N,A,C,A,A,H,-,A,D,0,,,,,Y,,A,01,0,0,1,0,0,0,0,0,0,"- ","- ",37.958869934082031,-121.27101898193359,"SAN JOAQUIN",STOCKTON,-121.27107238769531,37.958919525146484
8945831,2019,2019-10-02,3905,2019-09-15,2015,3410,CIV,7,5,6,3905,0,0,0,,0,,"ALPINE AV","WEST LN",986.00,W,N,A,-,N,,,,,,,,,,Y,3,0,2,1,A,-,03,22350,,N,E,I,A,A,H,-,C,D,0,,,,,Y,,A,01,0,2,0,0,0,0,0,0,0,"- ","- ",37.983940124511719,-121.28349304199219,"SAN JOAQUIN",STOCKTON,-121.28720092773438,37.983238220214844
8945834,2019,2019-09-30,3905,2019-09-11,1007,2277,LAK,3,5,6,3905,0,0,0,,0,,"MARCH LN","PERSHING AV",40.00,E,N,A,-,N,,,,,,,,,,N,4,0,2,2,A,-,03,22350,,M,C,C,A,A,H,-,A,A,0,,,,,Y,,A,07,0,0,2,0,0,0,0,0,0,"- ","- ",37.989238739013672,-121.32156372070312,"SAN JOAQUIN",STOCKTON,-121.32183837890625,37.989120483398438
8945839,2019,2019-10-10,3905,2019-09-11,0813,1312,CIV,3,5,6,3905,0,0,0,,0,,"EL DORADO ST10TH ST","PARK ST",0.00,,Y,A,-,N,,,,,,,,,,Y,4,0,1,2,A,-,12,21453,A,N,A,C,A,A,H,-,A,A,0,,,,,Y,,-,"- ",0,0,1,0,0,0,0,0,0,"- ","- ",37.959701538085938,-121.29158782958984,"SAN JOAQUIN",STOCKTON,-121.291702,37.959685999999998
8946418,2019,2019-10-07,3905,2019-08-09,0711,1422,PAR,5,5,6,3905,0,0,0,,0,,"AIRPORT WY","12TH ST",119.00,N,N,A,-,N,,,,,,,,,,Y,4,0,1,2,A,-,07,21658,A,N,B,C,A,A,H,-,A,D,0,,,,,Y,,D,22,0,0,1,0,0,0,0,0,0,"- ","- ",37.926509857177734,-121.26544189453125,"SAN JOAQUIN",STOCKTON,-121.26541137695312,37.926982879638672
8946552,2019,2019-10-07,3905,2019-08-19,0814,2649,BEA,1,5,6,3905,0,0,0,,0,,"HAMMER LN","LAN ARK DR",147.00,W,N,A,-,N,,,,,,,,,,Y,3,0,5,4,A,-,03,22350,,N,D,C,A,A,H,-,A,A,0,,,,,Y,,D,22,0,1,4,0,0,0,0,0,0,"- ","- ",38.021049499511719,-121.30973815917969,"SAN JOAQUIN",STOCKTON,-121.3099365234375,38.020992279052734
8946656,2019,2019-10-08,3905,2019-09-02,0650,7034,PAR,1,5,6,3905,0,0,0,,0,,"B ST","BOEING WY",420.00,N,N,A,-,N,,,,,,,,,,Y,4,0,1,2,A,-,09,21801,A,N,D,C,A,A,H,-,B,D,0,,,Y,,Y,,A,01,0,0,1,0,0,0,0,0,1,"- ","- ",37.908760070800781,-121.24523162841797,"SAN JOAQUIN",STOCKTON,-121.24600982666016,37.90997314453125
8946745,2019,2019-10-03,3905,2019-08-18,2204,2915,CIV,7,5,6,3905,0,0,0,,0,,"EL DORADO ST","ALPINE AV",0.00,,Y,A,-,N,,,,,,,,,,Y,3,0,3,2,A,-,12,21453,A,F,D,C,A,A,H,-,C,A,0,,,,,Y,,A,01,0,3,0,0,0,0,0,0,0,"- ","- ",37.980098724365234,-121.29897308349609,"SAN JOAQUIN",STOCKTON,-121.29930877685547,37.980018615722656
8946761,2019,2019-10-02,3905,2019-08-23,2305,2979,,5,5,6,3905,0,0,0,,0,,"MARCH LN","BIANCHI RD",0.00,,Y,A,-,N,,,,,,,,,,Y,3,0,3,2,A,-,12,21453,A,N,D,C,A,A,H,-,C,A,0,,,,,Y,,A,01,0,1,2,0,0,0,0,0,0,"- ","- ",38.0035400390625,-121.28412628173828,"SAN JOAQUIN",STOCKTON,-121.28475189208984,38.00347900390625
8946765,2019,2019-10-02,3905,2019-08-22,1748,2466,PAR,4,5,6,3905,0,0,0,,0,,"OAK ST","PILGRIM ST",0.00,,Y,A,-,N,,,,,,,,,,N,4,0,1,2,A,-,09,21802,A,N,D,C,A,A,H,-,A,A,0,,,,,Y,,A,01,0,0,1,0,0,0,0,0,0,"- ","- ",37.961048126220703,-121.2769775390625,"SAN JOAQUIN",STOCKTON,-121.27707672119141,37.961139678955078
8946798,2019,2019-10-03,3905,2019-08-28,1756,2466,VAL,3,5,6,3905,0,0,0,,0,,"HAMMER LN","HOLMAN RD",45.00,W,N,A,-,N,,,,,,,,,,N,4,0,2,2,A,-,03,22350,,N,C,C,A,A,H,-,A,A,0,,,,,Y,,A,01,0,0,2,0,0,0,0,0,0,"- ","- ",38.020980834960938,-121.27191162109375,"SAN JOAQUIN",STOCKTON,-121.27189636230469,38.021266937255859
8946803,2019,2019-10-03,3905,2019-08-07,1700,3410,CIV,3,5,6,3905,0,0,0,,0,,"WEST LN","HARDING WY",8.00,N,N,A,-,N,,,,,,,,,,N,4,0,1,2,A,-,03,22350,,F,C,C,A,A,H,-,A,A,0,,,,,Y,,A,01,0,0,1,0,0,0,0,0,0,"- ","- ",37.970100402832031,-121.27799224853516,"SAN JOAQUIN",STOCKTON,-121.27821350097656,37.970203399658203
8946807,2019,2019-10-03,3905,2019-08-17,2346,2819,LAK,6,5,6,3905,0,0,0,,0,,"PERSHING AV","MARCH LN",0.00,,Y,A,-,N,,,,,,,,,,Y,4,0,2,3,A,-,01,23152,A,N,C,C,A,A,H,-,C,A,0,,,,,Y,Y,A,01,0,0,2,0,0,0,0,0,0,"- ","- ",37.989238739013672,-121.32156372070312,"SAN JOAQUIN",STOCKTON,-121.32196807861328,37.989089965820312
8946819,2019,2019-10-03,3905,2019-08-16,0745,2719,CIV,5,5,6,3905,0,0,0,,0,,"PACIFIC AV","TUXEDO CT",0.00,,Y,A,-,N,,,,,,,,,,N,4,0,1,2,A,-,03,22350,,N,C,C,A,A,H,-,A,A,0,,,,,Y,,A,01,0,0,1,0,0,0,0,0,0,"- ","- ",37.971710205078125,-121.30026245117188,"SAN JOAQUIN",STOCKTON,-121.30048370361328,37.9716796875
8946843,2019,2019-10-03,3905,2019-08-15,1230,3410,LAK,4,5,6,3905,0,0,0,,0,,"PERSHING AV","ROSE MARIE LN",56.00,N,N,A,-,N,,,,,,,,,,N,4,0,1,2,A,-,03,22350,,N,C,C,A,A,H,-,A,A,0,,,,,Y,,A,01,0,0,1,0,0,0,0,0,0,"- ","- ",37.986820220947266,-121.32038879394531,"SAN JOAQUIN",STOCKTON,-121.32088470458984,37.986763000488281
8946847,2019,2019-10-11,3905,2019-08-13,0753,7034,CIV,2,5,6,3905,0,0,0,,0,,"MADISON ST","OAK ST",0.00,,Y,A,-,N,,,,,,,,,,N,4,0,3,2,A,-,12,21453,A,N,D,C,A,A,H,-,A,A,0,,,,,Y,,-,"- ",0,0,3,0,0,0,0,0,0,"- ","- ",37.958080291748047,-121.29524993896484,"SAN JOAQUIN",STOCKTON,-121.29531860351562,37.958049774169922
8946856,2019,2019-10-03,3905,2019-08-10,1726,7035,SEA,6,5,6,3905,0,0,0,,0,,"LINCOLN ST","MARTIN LUTHER KING BL",185.00,S,N,A,-,N,,,,,,,,,,Y,4,0,2,2,A,-,08,22103,,N,A,C,A,A,H,-,A,D,0,,,,,Y,,A,01,0,0,2,0,0,0,0,0,0,"- ","- ",37.937538146972656,-121.29396820068359,"SAN JOAQUIN",STOCKTON,-121.29373931884766,37.937065124511719
8946859,2019,2019-10-03,3905,2019-08-05,0958,3035,LAK,1,5,6,3905,0,0,0,,0,,"GRAND CANAL BL","DA VINCI DR",184.00,E,N,A,-,N,,,,,,,,,,N,3,0,1,2,A,-,09,21801,A,N,D,C,A,A,H,-,A,A,0,,,Y,,Y,,A,07,0,1,0,0,0,0,0,0,1,"- ","- ",37.983570098876953,-121.33930206298828,"SAN JOAQUIN",STOCKTON,-121.339111328125,37.983467102050781
8946868,2019,2019-10-03,3905,2019-08-08,2016,2680,PAR,4,5,6,3905,0,0,0,,0,,"PARK ST","UNION ST",0.00,,Y,A,-,N,,,,,,,,,,Y,4,0,1,2,A,-,12,22450,A,N,D,C,A,A,H,-,D,A,0,,,,,Y,,A,01,0,0,1,0,0,0,0,0,0,"- ","- ",37.961818695068359,-121.27852630615234,"SAN JOAQUIN",STOCKTON,-121.27867126464844,37.961891174316406
8947911,2019,2019-11-07,3900,2019-09-19,1840,165886,,4,5,2,3920,0,0,0,,0,009,"CAMBRIDGE DR","TORO LN",0.00,,Y,A,-,N,,,,,,,,,,N,3,0,1,2,A,-,12,22450,A,F,G,G,A,A,H,-,A,A,0,,Y,,,Y,,A,01,0,1,0,0,0,0,1,0,0,"- ","- ",,,"SAN JOAQUIN",LATHROP,-121.28362274169922,37.813758850097656
8957402,2019,2019-10-18,3903,2019-09-24,1435,3540,,2,5,4,3903,0,0,0,,0,,"WINTERS DR","ASSUNTA CT",0.00,,Y,A,-,N,,,,,,,,,,Y,3,0,2,1,A,-,03,22350,,N,E,I,A,A,H,-,A,D,0,,,,,Y,,A,01,0,1,1,0,0,0,0,0,0,"- ","- ",37.794658660888672,-121.24212646484375,"SAN JOAQUIN",MANTECA,-121.24196624755859,37.794780731201172
8957506,2019,2019-10-18,3903,2019-09-05,0725,3768,,4,5,4,3903,0,0,0,,0,,"WETMORE ST","MAIN ST",0.00,,Y,A,-,N,,,,,,,,,,N,3,0,1,2,A,-,10,21950,A,N,G,B,C,A,H,-,A,A,0,Y,,,,Y,,A,01,0,1,0,0,1,0,0,0,0,"- ","- ",37.793781280517578,-121.21637725830078,"SAN JOAQUIN",MANTECA,-121.21631622314453,37.793758392333984
8957937,2019,2019-10-15,3906,2019-10-05,1054,1092,,6,5,5,3906,0,0,0,,0,003,"BYRON RD","BELCONTE DR",2112.00,W,N,A,-,N,,,,,,,,,,Y,4,0,1,2,A,-,09,21801,A,N,D,C,A,A,H,-,A,D,0,,,,,Y,,A,07,0,0,1,0,0,0,0,0,0,"- ","- ",,,"SAN JOAQUIN",TRACY,-121.46311187744141,37.744766235351562
8958032,2019,2019-12-20,3906,2019-10-05,1441,1184,,6,5,5,3906,0,0,0,,0,001,"10TH ST","WINDELER AV",0.00,,Y,A,-,N,,,,,,,,,,Y,4,0,1,2,A,-,12,22450,,N,D,C,A,A,H,-,A,A,0,,,,,Y,,A,07,0,0,1,0,0,0,0,0,0,"- ","- ",,,"SAN JOAQUIN",TRACY,-121.43248748779297,37.738510131835938
8958232,2019,2020-02-04,3902,2019-09-01,1300,KD82,,7,5,5,3902,0,0,0,,0,,KETTLEMAN,"RT 99",130.00,E,N,A,-,Y,SJ,10,99,-,-,29.683,R,4,N,N,4,0,2,2,A,-,03,22350,,N,C,C,A,A,H,-,A,A,0,,,,,Y,,A,07,0,0,2,0,0,0,0,0,0,"- ",NF,,,"SAN JOAQUIN",LODI,-121.25729370117188,38.118740081787109
8958581,2019,2019-11-13,3906,2019-10-12,2211,1596,TRACY,6,5,5,3906,0,0,0,,0,001,"EAST ST","10TH ST",132.00,S,N,A,-,N,,,,,,,,,,N,3,0,1,2,A,-,08,22107,,M,C,E,A,A,H,-,C,D,0,,,,,Y,Y,A,07,0,1,0,0,0,0,0,0,0,"- ","- ",,,"SAN JOAQUIN",TRACY,-121.42384338378906,37.7381591796875
8958788,2019,2019-11-05,3906,2019-10-16,2214,1469,84,3,5,5,3906,0,0,0,,0,003,"BELCONTE DR","REDINGTON DR",208.00,N,N,A,-,N,,,,,,,,,,Y,3,0,1,1,A,-,01,23152,A,N,E,I,A,A,H,-,C,D,0,,,,,Y,Y,A,07,0,1,0,0,0,0,0,0,0,"- ","- ",,,"SAN JOAQUIN",TRACY,-121.45639801025391,37.741302490234375
8960848,2019,2019-11-22,3905,2019-09-07,1129,1312,CIV,6,5,6,3905,0,0,0,,0,,"ELM ST","PERSHING AV",4.00,W,N,A,-,N,,,,,,,,,,N,3,0,1,2,A,-,05,21650,1,N,D,G,A,A,H,-,A,A,0,,Y,,,Y,,L,04,0,1,0,0,0,0,1,0,0,"- ","- ",37.965011596679688,-121.31337738037109,"SAN JOAQUIN",STOCKTON,-121.31352233886719,37.964847564697266
8962636,2019,2019-10-24,3900,2019-10-10,0727,7688,,4,5,2,3920,0,0,0,,0,,"SPARTAN WY","GOLDEN VALLEY PKWY",0.00,,Y,A,-,N,,,,,,,,,,Y,3,0,1,2,A,-,12,22450,A,N,D,G,A,A,H,-,A,A,0,,Y,,,Y,,L,04,0,1,0,0,0,0,1,0,0,"- ","- ",,,"SAN JOAQUIN",LATHROP,-121.29563140869141,37.826221466064453
8967532,2019,2019-11-05,3906,2019-10-18,1800,10492,,5,5,5,3906,0,0,0,,0,003,"LOCUST DR","ALDEN GLEN DR",195.00,E,N,A,-,N,,,,,,,,,,N,4,0,1,2,A,-,09,21804,,N,C,C,A,A,H,-,A,D,0,,,,,Y,,A,01,0,0,1,0,0,0,0,0,0,"- ","- ",,,"SAN JOAQUIN",TRACY,-121.44492340087891,37.735713958740234
8970043,2019,2019-11-04,3900,2019-10-18,0824,7688,MANT,5,5,2,3920,0,0,0,,0,,"LATHROP RD","REV MAURICE COTTON",0.00,,Y,A,-,N,,,,,,,,,,N,3,0,1,2,A,-,10,21950,A,N,G,B,B,A,H,-,A,A,0,Y,,,,Y,,A,01,0,1,0,0,1,0,0,0,0,"- ","- ",,,"SAN JOAQUIN",LATHROP,-121.28561000000001,37.826369999999997
8976124,2019,2020-01-27,3906,2019-11-07,0914,1114,,4,5,5,3906,0,0,0,,0,006,"GRANT LINE RD","EAST ST",0.00,,Y,A,-,N,,,,,,,,,,Y,4,0,1,2,A,-,12,21453,,N,A,C,A,A,A,-,A,A,0,,,,,Y,,A,01,0,0,1,0,0,0,0,0,0,"- ","- ",,,"SAN JOAQUIN",TRACY,-121.42121887207031,37.75421142578125
8978420,2019,2019-12-13,3905,2019-10-16,0829,1312,VAL,3,5,6,3905,0,0,0,,0,,"HAMMER LN","WEST LN",10.00,E,N,A,-,N,,,,,,,,,,Y,4,0,1,2,A,-,03,22350,,N,C,C,A,A,H,-,A,A,0,,,,,Y,,A,01,0,0,1,0,0,0,0,0,0,"- ","- ",38.020931243896484,-121.29518127441406,"SAN JOAQUIN",STOCKTON,-121.29496765136719,38.021049499511719
8978428,2019,2019-12-13,3905,2019-10-14,0915,1312,PAR,1,5,6,3905,0,0,0,,0,,"WILSON WY","WASHINGTON ST",20.00,S,N,A,-,N,,,,,,,,,,N,4,0,1,2,A,-,03,22350,,N,C,C,A,A,H,-,A,A,0,,,,,Y,,D,23,0,0,1,0,0,0,0,0,0,"- ","- ",37.953720092773438,-121.27098846435547,"SAN JOAQUIN",STOCKTON,-121.27100372314453,37.953784942626953