CASE_ID,ACCIDENT_YEAR,PROC_DATE,JURIS,COLLISION_DATE,COLLISION_TIME,OFFICER_ID,REPORTING_DISTRICT,DAY_OF_WEEK,CHP_SHIFT,POPULATION,CNTY_CITY_LOC,SPECIAL_COND,BEAT_TYPE,CHP_BEAT_TYPE,CITY_DIVISION_LAPD,CHP_BEAT_CLASS,BEAT_NUMBER,PRIMARY_RD,SECONDARY_RD,DISTANCE,DIRECTION,INTERSECTION,WEATHER_1,WEATHER_2,STATE_HWY_IND,CALTRANS_COUNTY,CALTRANS_DISTRICT,STATE_ROUTE,ROUTE_SUFFIX,POSTMILE_PREFIX,POSTMILE,LOCATION_TYPE,RAMP_INTERSECTION,SIDE_OF_HWY,TOW_AWAY,COLLISION_SEVERITY,NUMBER_KILLED,NUMBER_INJURED,PARTY_COUNT,PRIMARY_COLL_FACTOR,PCF_CODE_OF_VIOL,PCF_VIOL_CATEGORY,PCF_VIOLATION,PCF_VIOL_SUBSECTION,HIT_AND_RUN,TYPE_OF_COLLISION,MVIW,PED_ACTION,ROAD_SURFACE,ROAD_COND_1,ROAD_COND_2,LIGHTING,CONTROL_DEVICE,CHP_ROAD_TYPE,PEDESTRIAN_ACCIDENT,BICYCLE_ACCIDENT,MOTORCYCLE_ACCIDENT,TRUCK_ACCIDENT,NOT_PRIVATE_PROPERTY,ALCOHOL_INVOLVED,STWD_VEHTYPE_AT_FAULT,CHP_VEHTYPE_AT_FAULT,COUNT_SEVERE_INJ,COUNT_VISIBLE_INJ,COUNT_COMPLAINT_PAIN,COUNT_PED_KILLED,COUNT_PED_INJURED,COUNT_BICYCLIST_KILLED,COUNT_BICYCLIST_INJURED,COUNT_MC_KILLED,COUNT_MC_INJURED,PRIMARY_RAMP,SECONDARY_RAMP,LATITUDE,LONGITUDE,COUNTY,CITY,POINT_X,POINT_Y
8978440,2019,2019-12-10,3905,2019-10-22,1652,7035,CIV,2,5,6,3905,0,0,0,,0,,"PACIFIC AV","MONTEREY AV",0.00,,Y,A,-,N,,,,,,,,,,Y,4,0,1,2,A,-,09,21802,A,N,D,C,A,A,H,-,A,A,0,,,,,Y,,D,22,0,0,1,0,0,0,0,0,0,"- ","- ",37.976051330566406,-121.30333709716797,"SAN JOAQUIN",STOCKTON,-121.30359649658203,37.975929260253906
8978448,2019,2019-12-04,3905,2019-09-19,0825,3006,BEA,4,5,6,3905,0,0,0,,0,,"EIGHT MILE RD","REGATTA LN",0.00,,Y,A,-,N,,,,,,,,,,N,3,0,1,2,A,-,08,22103,,N,D,C,A,A,C,-,A,D,0,,,,Y,Y,,F,26,0,1,0,0,0,0,0,0,0,"- ","- ",38.058109283447266,-121.39376068115234,"SAN JOAQUIN",STOCKTON,-121.39394378662109,38.057949066162109
8978506,2019,2019-12-31,3905,2019-09-22,1920,2997,CIVC,7,5,6,3905,0,0,0,,0,,"WEST LN","HARDING WY",20.00,N,N,A,-,N,,,,,,,,,,Y,3,0,1,2,A,-,01,23152,A,F,-,C,A,A,H,-,C,A,0,,,,,Y,Y,D,22,0,1,0,0,0,0,0,0,0,"- ","- ",37.970100402832031,-121.27799224853516,"SAN JOAQUIN",STOCKTON,-121.27822113037109,37.970233917236328
8978526,2019,2019-12-03,3905,2019-09-30,1644,2992,BEA,1,5,6,3905,0,0,0,,0,,"HAMMER LN","KELLEY DR",43.00,W,N,A,-,N,,,,,,,,,,N,4,0,2,3,A,-,09,21453,B,N,D,C,A,A,H,-,A,A,0,,,,,Y,,D,22,0,0,2,0,0,0,0,0,0,"- ","- ",38.021228790283203,-121.35652160644531,"SAN JOAQUIN",STOCKTON,-121.35630035400391,38.021270751953125
8978546,2019,2019-12-02,3905,2019-08-07,2120,2995,BEA,3,5,6,3905,0,0,0,,0,,"MARINERS DR","STURGEON RD",2143.00,S,N,A,-,N,,,,,,,,,,Y,4,0,1,2,A,-,03,22350,,N,C,C,A,A,H,-,C,D,0,,,,,Y,,A,01,0,0,1,0,0,0,0,0,0,"- ","- ",38.033359527587891,-121.36557769775391,"SAN JOAQUIN",STOCKTON,-121.36261749267578,38.027919769287109
8978803,2019,2020-01-13,3905,2019-10-02,1944,2747,,3,5,6,3905,0,0,0,,0,,"PERSHING AV","MONACO CT",0.00,,Y,A,-,N,,,,,,,,,,N,3,0,1,2,A,-,09,21802,,N,D,C,A,A,H,-,C,D,0,,,Y,,Y,,C,02,0,1,0,0,0,0,0,0,1,"- ","- ",37.988239288330078,-121.32108306884766,"SAN JOAQUIN",STOCKTON,-121.32151794433594,37.988048553466797
8978808,2019,2019-12-03,3905,2019-10-03,1635,3410,LAK,4,5,6,3905,0,0,0,,0,,"ROSE MARIE LN","MANCHESTER AV",166.00,W,N,A,-,N,,,,,,,,,,Y,4,0,2,2,A,-,09,21801,A,N,D,C,A,A,H,-,A,D,0,,,,,Y,,A,01,0,0,2,0,0,0,0,0,0,"- ","- ",37.9876708984375,-121.31684112548828,"SAN JOAQUIN",STOCKTON,-121.31775665283203,37.987361907958984
8978814,2019,2020-01-18,3905,2019-10-22,1841,2827,LAK,2,5,6,3905,0,0,0,,0,,"PACIFIC AV","ROBINHOOD DR",0.00,,Y,A,-,N,,,,,,,,,,N,4,0,1,2,A,-,10,21950,A,N,G,B,B,A,H,-,B,A,0,Y,,,,Y,,A,07,0,0,1,0,1,0,0,0,0,"- ","- ",38.000778198242188,-121.31584167480469,"SAN JOAQUIN",STOCKTON,-121.31646728515625,38.000598907470703
8978822,2019,2020-01-18,3905,2019-10-21,1405,1393,LAK,1,5,6,3905,0,0,0,,0,,"MARCH LN","GEORGETOWN PL",75.00,W,N,A,-,N,,,,,,,,,,Y,4,0,1,2,A,-,03,22350,,N,C,C,A,A,H,-,A,A,0,,,,,Y,,A,07,0,0,1,0,0,0,0,0,0,"- ","- ",37.991111755371094,-121.31369018554688,"SAN JOAQUIN",STOCKTON,-121.31433868408203,37.990806579589844
8978823,2019,2019-12-20,3905,2019-10-08,0910,2277,VAL,2,5,6,3905,0,0,0,,0,,"HOLMAN RD","WAKEMAN DR",0.00,,Y,A,-,N,,,,,,,,,,Y,3,0,1,2,A,-,12,21453,A,N,D,C,A,A,H,-,A,A,0,,,,,Y,,A,07,0,1,0,0,0,0,0,0,0,"- ","- ",38.023941040039062,-121.27150726318359,"SAN JOAQUIN",STOCKTON,-121.27134704589844,38.024089813232422
8978828,2019,2019-12-03,3905,2019-10-02,1528,2463,PAR,3,5,6,3905,0,0,0,,0,,"FREMONT ST","LAUREL ST",17.00,W,N,A,-,N,,,,,,,,,,N,4,0,1,2,A,-,08,22102,,F,B,C,A,A,H,-,A,D,0,,,,,Y,,A,01,0,0,1,0,0,0,0,0,0,"- ","- ",37.962039947509766,-121.26505279541016,"SAN JOAQUIN",STOCKTON,-121.26522827148438,37.962158203125
8978859,2019,2019-12-20,3905,2019-10-19,2125,2860,VAL,6,5,6,3905,0,0,0,,0,,"TAM O SHANTER DR","SWAIN RD",11.00,N,N,A,-,N,,,,,,,,,,N,4,0,2,2,A,-,17,21451,A,N,A,C,A,A,H,-,C,A,0,,,,,Y,,A,01,0,0,2,0,0,0,0,0,0,"- ","- ",38.010398864746094,-121.29662322998047,"SAN JOAQUIN",STOCKTON,-121.29619598388672,38.010417938232422
8978880,2019,2019-12-03,3905,2019-10-01,2026,2837,PAR,2,5,6,3905,0,0,0,,0,,"WILSON WY","WASHINGTON ST",0.00,,Y,A,-,N,,,,,,,,,,Y,4,0,1,2,A,-,12,21453,A,N,A,C,A,A,H,-,C,A,0,,,,,Y,Y,A,08,0,0,1,0,0,0,0,0,0,"- ","- ",37.953720092773438,-121.27098846435547,"SAN JOAQUIN",STOCKTON,-121.27101898193359,37.953838348388672
8980527,2019,2020-01-22,3906,2019-11-14,1738,1563,,4,5,5,3906,0,0,0,,0,002,"SYCAMORE PKWY","DOVE DR",0.00,,Y,A,-,N,,,,,,,,,,N,3,0,1,2,A,-,09,21802,B,M,D,G,A,A,H,-,C,D,0,,Y,,,Y,,D,22,0,1,0,0,0,0,1,0,0,"- ","- ",,,"SAN JOAQUIN",TRACY,-121.43991851806641,37.715259552001953
8981359,2019,2020-01-10,3900,2019-11-09,0946,152780,MANTE,6,5,2,3920,0,0,0,,0,009,"LOUISE AV","MANTHEY RD",0.00,,Y,A,-,N,,,,,,,,,,N,4,0,2,2,A,-,03,22350,,N,C,C,A,A,H,-,A,A,0,,,,,Y,,A,01,0,0,2,0,0,0,0,0,0,"- ","- ",37.811698913574219,-121.29740142822266,"SAN JOAQUIN",LATHROP,-121.29734039306641,37.81182861328125
8986186,2019,2020-01-27,3905,2019-11-02,2045,1536,PAR,6,5,6,3905,0,0,0,,0,,"MARIPOSA RD","FARMINGTON RD",0.00,,Y,A,-,N,,,,,,,,,,Y,4,0,2,2,A,-,09,21453,C,N,D,C,A,A,H,-,C,A,0,,,,,Y,,E,22,0,0,2,0,0,0,0,0,0,"- ","- ",37.937931060791016,-121.24295806884766,"SAN JOAQUIN",STOCKTON,-121.24285888671875,37.938228607177734
8986221,2019,2020-02-12,3905,2019-10-27,0508,2932,SEA,7,5,6,3905,0,0,0,,0,,"CHARTER WY","STOCKTON ST",0.00,,Y,A,-,Y,SJ,10,4,-,-,15.800,I,5,W,Y,3,0,1,2,A,-,12,21453,A,N,D,C,A,A,H,-,D,A,0,,,,Y,Y,,A,01,0,1,0,0,0,0,0,0,0,"- ","- ",37.936241149902344,-121.30003356933594,"SAN JOAQUIN",STOCKTON,-121.29962158203125,37.936298370361328
8986331,2019,2019-12-02,3905,2019-10-23,0752,2277,LAK,3,5,6,3905,0,0,0,,0,,"MARCH LN","PLUM TREE PLZ",50.00,W,N,A,-,N,,,,,,,,,,N,3,0,1,2,A,-,06,21760,C,N,H,G,A,A,H,-,A,A,0,,Y,,,Y,,A,07,0,1,0,0,0,0,1,0,0,"- ","- ",37.997791290283203,-121.30301666259766,"SAN JOAQUIN",STOCKTON,-121.30382537841797,37.997608184814453
8986336,2019,2019-12-16,3905,2019-10-29,1157,2277,BEA,2,5,6,3905,0,0,0,,0,,"LAN ARK DR","IRIS AV",10.00,S,N,A,-,N,,,,,,,,,,N,4,0,1,2,A,-,10,21950,A,F,G,B,B,A,H,-,A,D,0,Y,,,,Y,,A,01,0,0,1,0,1,0,0,0,0,"- ","- ",38.022060394287109,-121.30988311767578,"SAN JOAQUIN",STOCKTON,-121.30959320068359,38.021923065185547
8986360,2019,2019-12-16,3905,2019-10-20,2149,2711,VAL,7,5,6,3905,0,0,0,,0,,"WEST LN","MORADA LN",0.00,,Y,A,-,N,,,,,,,,,,Y,3,0,3,2,A,-,12,21453,A,N,A,C,A,A,H,-,C,A,0,,,,,Y,,A,01,0,2,1,0,0,0,0,0,0,"- ","- ",38.036911010742188,-121.29518890380859,"SAN JOAQUIN",STOCKTON,-121.29512786865234,38.036869049072266
8986387,2019,2019-12-03,3905,2019-10-28,2352,2788,VAL,1,5,6,3905,0,0,0,,0,,"MARANATHA DR","BRYANT DR",38.00,S,N,A,-,N,,,,,,,,,,Y,4,0,1,1,A,-,03,22350,,N,E,I,A,A,H,-,C,D,0,,,,,Y,,A,01,0,0,1,0,0,0,0,0,0,"- ","- ",38.026790618896484,-121.26438903808594,"SAN JOAQUIN",STOCKTON,-121.26412963867188,38.026866912841797
8986430,2019,2020-01-23,3905,2019-11-04,1505,2463,CIV,1,5,6,3905,0,0,0,,0,,"PACIFIC AV","MONTEREY AV",0.00,,Y,A,-,N,,,,,,,,,,N,4,0,1,2,A,-,09,21801,A,N,D,C,A,A,H,-,A,D,0,,,,,Y,,A,01,0,0,1,0,0,0,0,0,0,"- ","- ",37.976051330566406,-121.30333709716797,"SAN JOAQUIN",STOCKTON,-121.30359649658203,37.975929260253906
8986474,2019,2020-01-23,3905,2019-11-08,1815,3410,VAL,5,5,6,3905,0,0,0,,0,,"EIGHT MILES RD","RT 99",423.00,W,N,A,-,N,,,,,,,,,,Y,3,0,3,3,A,-,03,22350,,N,C,C,A,A,H,-,C,A,0,,,,,Y,,A,07,0,1,2,0,0,0,0,0,0,"- ","- ",38.057209014892578,-121.26119995117188,"SAN JOAQUIN",STOCKTON,-121.26275634765625,38.057418823242188
8987833,2019,2020-01-23,3906,2019-11-01,1045,1441,,5,5,5,3906,0,0,0,,0,004,"GRANT LINE RD","JOE POMBO PKWY",0.00,,Y,A,-,N,,,,,,,,,,Y,4,0,2,3,A,-,08,22107,,N,A,C,A,A,H,-,A,A,0,,,,,Y,,A,01,0,0,2,0,0,0,0,0,0,"- ","- ",,,"SAN JOAQUIN",TRACY,-121.45915222167969,37.754199981689453
8987837,2019,2020-01-23,3905,2019-11-03,1555,7035,CIV,7,5,6,3905,0,0,0,,0,,"STANISLAUS ST","OAK ST",0.00,,Y,A,-,N,,,,,,,,,,Y,3,0,2,2,A,-,09,21802,A,N,D,C,A,A,H,-,A,A,0,,,Y,,Y,,C,02,0,1,1,0,0,0,0,0,1,"- ","- ",37.959991455078125,-121.28350067138672,"SAN JOAQUIN",STOCKTON,-121.28357696533203,37.960048675537109
8989852,2019,2020-02-18,3905,2019-11-24,2028,99999,,7,5,6,3905,0,0,0,,0,,"FRONTAGE RD","CHRISTIAN LIFE WY",98.00,S,N,A,-,N,,,,,,,,,,Y,2,0,1,1,A,-,01,23152,A,N,E,I,A,A,H,-,D,D,0,,,,,Y,Y,A,01,1,0,0,0,0,0,0,0,0,"- ","- ",38.023941040039062,-121.25881195068359,"SAN JOAQUIN",STOCKTON,-121.25880432128906,38.024028778076172
8990490,2019,2020-01-16,3906,2019-11-30,1834,1596,TRACY,6,5,5,3906,0,0,0,,0,003,"WEST 11TH ST","PRIVATE DRIVEWAY OF SAFEWAY",0.00,,-,A,-,N,,,,,,,,,,Y,4,0,1,2,A,-,12,21453,,N,D,C,A,B,H,-,C,A,0,,,,,Y,,D,22,0,0,1,0,0,0,0,0,0,"- ","- ",,,"SAN JOAQUIN",TRACY,,
8993233,2019,2019-12-12,3905,2019-09-27,2137,2850,VAL,5,5,6,3905,0,0,0,,0,,"MARCH LN","QUAIL LAKES DR",0.00,,Y,A,-,N,,,,,,,,,,Y,4,0,2,3,A,-,09,21453,C,N,A,C,A,A,H,-,C,A,0,,,,,Y,,A,01,0,0,2,0,0,0,0,0,0,"- ","- ",37.98516845703125,-121.33952331542969,"SAN JOAQUIN",STOCKTON,-121.33998870849609,37.984889984130859
8993253,2019,2019-12-12,3905,2019-09-25,1311,7034,SEA,3,5,6,3905,0,0,0,,0,,"MARTIN LUTHER KING BL","VAN BUREN ST",75.00,E,N,A,-,N,,,,,,,,,,N,4,0,1,2,A,-,07,21658,A,F,B,C,A,A,H,-,A,D,0,,,,,Y,,A,01,0,0,1,0,0,0,0,0,0,"- ","- ",37.937759399414062,-121.29267120361328,"SAN JOAQUIN",STOCKTON,-121.29230499267578,37.937828063964844
8993257,2019,2019-12-13,3905,2019-09-05,0939,1315,LAK,4,5,6,3905,0,0,0,,0,,"PERSHING AV","ROSE MARIE LN",0.00,,Y,A,-,N,,,,,,,,,,N,4,0,2,2,A,-,12,21453,A,N,D,C,A,A,H,-,A,A,0,,,,,Y,,A,01,0,0,2,0,0,0,0,0,0,"- ","- ",37.986820220947266,-121.32038879394531,"SAN JOAQUIN",STOCKTON,-121.32080841064453,37.986618041992188
8993269,2019,2019-12-13,3905,2019-09-26,1608,2536,LAK,4,5,6,3905,0,0,0,,0,,"YOKUTS AV","CLAREMONT AV",237.00,E,N,A,-,N,,,,,,,,,,N,4,0,1,2,A,-,08,22107,,F,H,G,A,A,H,-,A,D,0,,Y,,,Y,,A,01,0,0,1,0,0,0,1,0,0,"- ","- ",37.997859954833984,-121.30962371826172,"SAN JOAQUIN",STOCKTON,-121.30933380126953,37.997894287109375
8996078,2019,2020-01-07,3901,2019-11-26,0328,L28,,2,5,2,3901,0,0,0,,0,,"MCHENRY AV","CATHERINE WY",463.00,S,N,A,-,N,,,,,,,,,,Y,3,0,2,1,A,-,08,22107,,N,E,I,A,A,H,-,C,D,0,,,,,Y,,A,01,0,1,1,0,0,0,0,0,0,"- ","- ",37.787479400634766,-120.99640655517578,"SAN JOAQUIN",ESCALON,-120.99631500244141,37.784427642822266
8996112,2019,2020-01-08,3901,2019-10-25,2259,L31,,5,5,2,3901,0,0,0,,0,,"1ST ST","MAIN ST",0.00,,Y,A,-,N,,,,,,,,,,N,2,0,1,2,A,-,09,21802,A,N,H,G,A,A,H,-,C,A,0,,Y,,,Y,,L,04,1,0,0,0,0,0,1,0,0,"- ","- ",37.795269012451172,-120.99413299560547,"SAN JOAQUIN",ESCALON,-120.99372863769531,37.795211791992188
90004722,2015,2015-10-19,9265,2015-06-10,0030,019489,,3,3,9,3900,0,1,1,,2,505,"I-5 S/B FROM SR-12 E/B",SR-12,350.00,S,N,A,-,Y,,,5,,,,R,,S,Y,4,0,1,1,A,-,08,22107,,N,F,A,A,A,H,-,D,D,0,,,,,Y,,A,01,0,0,1,0,0,0,0,0,0,"- ","- ",38.11307,-121.39673000000001,"SAN JOAQUIN",UNINCORPORATED,-121.39673000000001,38.11307
90005052,2015,2015-10-19,9266,2015-07-10,1640,017920,,5,2,9,3900,0,1,1,,1,015,"I-205 W/B","MACARTHUR DRIVE",1000.00,E,N,A,-,Y,,,205,,,,,,W,N,4,0,1,2,A,-,03,22350,,F,C,C,A,A,H,-,A,D,0,,,,,Y,,-,99,0,0,1,0,0,0,0,0,0,"- ","- ",37.765389999999996,-121.40236,"SAN JOAQUIN",UNINCORPORATED,-121.40235909,37.765012849999998
90005074,2015,2015-10-19,9266,2015-07-13,2010,013650,,1,2,9,3900,0,2,4,,1,023,"CHRISMAN ROAD","SR-132 W/B",795.00,N,N,A,-,N,,,,,,,,,,Y,4,0,1,2,A,-,09,21801,A,N,D,C,A,A,H,-,B,A,0,,,,,Y,,D,22,0,0,1,0,0,0,0,0,0,"- ","- ",37.641069999999999,-121.39782,"SAN JOAQUIN",UNINCORPORATED,-121.397638,37.640776000000002
90005507,2015,2015-10-19,9265,2015-07-03,1920,019136,,5,2,9,3900,0,1,3,,2,006,"SR-99 S/B","JAHANT RD",1800.00,S,N,A,-,Y,,,99,,,,,,S,Y,4,0,1,2,A,-,03,22350,,N,C,C,A,A,H,-,A,D,0,,,,,Y,,D,22,0,0,1,0,0,0,0,0,0,"- ","- ",38.199159999999999,-121.26316,"SAN JOAQUIN",UNINCORPORATED,-121.26306674999999,38.19916233
90005521,2015,2015-10-19,9265,2015-07-04,1225,016479,,6,1,9,3900,0,1,1,,2,505,"SR-12 EB TO I-5 SB",SR-12,1040.00,S,N,A,-,Y,,,,,,,,,,N,3,0,1,1,A,-,08,22107,,N,E,I,A,A,H,-,A,D,0,,,,,Y,,D,22,0,1,0,0,0,0,0,0,0,"- ","- ",38.1128,-121.3964,"SAN JOAQUIN",UNINCORPORATED,,
90005925,2015,2015-10-19,9266,2015-07-09,1537,015969,,4,2,9,3900,0,3,5,,2,001,"11TH STREET W/B","GRANT LINE ROAD",0.00,,Y,A,-,N,,,,,,,,,,Y,4,0,1,3,A,-,15,26453,,N,C,C,A,A,H,-,A,A,0,,,,,Y,,A,08,0,0,1,0,0,0,0,0,0,"- ","- ",37.75338,-121.35159,"SAN JOAQUIN",UNINCORPORATED,-121.35200399999999,37.753056000000001
90006066,2015,2015-10-19,9265,2015-07-10,1515,17405,,5,2,4,3903,0,1,3,,2,025,"SR-120 W/B",SR-99,1373.00,W,N,A,-,Y,,,120,,,,,,W,N,4,0,1,2,A,-,07,21658,A,N,B,C,A,A,H,-,A,D,0,,,,,Y,,E,22,0,0,1,0,0,0,0,0,0,"- ","- ",37.783529999999999,-121.19280000000001,"SAN JOAQUIN",MANTECA,-121.19279991000001,37.783506819999999
90006169,2015,2015-10-19,9265,2015-07-10,0230,018850,,5,3,9,3900,0,2,4,,1,072,"WEST LN","MORADA LN",2851.00,N,N,B,-,N,,,,,,,,,,Y,4,0,1,1,A,-,08,22107,,N,E,I,A,A,H,-,D,D,0,,,,,Y,,A,01,0,0,1,0,0,0,0,0,0,"- ","- ",38.044939999999997,-121.29546999999999,"SAN JOAQUIN",UNINCORPORATED,-121.29541714,38.044694270000001
90006240,2015,2015-10-19,9265,2015-07-11,1620,018590,,6,2,5,3902,0,1,3,,2,006,"SR-99 S/B","TURNER RD",1056.00,S,N,B,-,Y,,,99,,,,,,S,Y,4,0,2,1,A,-,08,22107,,N,E,I,A,A,D,-,A,D,0,,,,,Y,,A,01,0,0,2,0,0,0,0,0,0,"- ","- ",38.143059999999998,-121.25994,"SAN JOAQUIN",LODI,-121.26052838,38.142768650000001
90006515,2015,2015-10-19,9265,2015-07-15,0725,015490,,3,1,9,3900,0,1,3,,1,062,"WATERLOO RD. (SR-88)","PICCOLI RD",15.00,E,N,A,-,Y,,,88,,,,,,,N,2,0,1,2,A,-,10,21950,,N,G,B,B,A,H,-,A,D,0,Y,,,,Y,,D,22,1,0,0,0,1,0,0,0,0,"- ","- ",37.986800000000002,-121.24681,"SAN JOAQUIN",UNINCORPORATED,-121.24681476000001,37.986806690000002
90006741,2015,2015-10-19,9265,2015-07-13,1721,019774,,1,2,9,3900,0,2,4,,1,072,"PERSHING AVE","HAMMER LN",200.00,N,N,A,-,N,,,,,,,,,,Y,4,0,1,2,A,-,03,22350,,N,C,C,A,A,H,-,A,A,0,,,,,Y,,A,01,0,0,1,0,0,0,0,0,0,"- ","- ",38.02176,-121.33002,"SAN JOAQUIN",UNINCORPORATED,-121.32998631,38.021579129999999
90006920,2015,2015-10-19,9266,2015-07-17,1407,019532,,5,2,5,3906,0,1,1,,2,014,"I-205 E/B","TRACY BLVD",2112.00,W,N,A,-,Y,,,205,,,,,,E,Y,4,0,2,3,A,-,08,22107,,N,E,I,A,A,H,-,A,D,0,,,,Y,Y,,D,22,0,0,2,0,0,0,0,0,0,"- ","- ",37.762120000000003,-121.44302,"SAN JOAQUIN",TRACY,-121.44299404,37.762026609999999
90007004,2015,2015-10-19,9265,2015-07-16,0105,018850,,4,3,9,3900,0,1,3,,1,092,"SR-12 E/B","GUARD RD",2904.00,E,N,A,-,Y,,,12,,,,,,E,Y,3,0,2,1,A,-,08,22107,,N,F,A,A,A,H,-,D,D,0,,,Y,,Y,,C,02,0,1,1,0,0,0,0,0,2,"- ","- ",38.116030000000002,-121.41251,"SAN JOAQUIN",UNINCORPORATED,-121.41250972,38.116119009999998
90007661,2015,2015-10-19,9265,2015-07-01,0842,17405,,3,1,9,3900,0,3,5,,2,020,"UNION RD.","COELHO RD.",849.00,N,N,A,-,N,,,,,,,,,,Y,3,0,1,2,A,-,01,23152,E,N,B,C,A,A,H,-,A,D,0,,,,,Y,,D,22,0,1,0,0,0,0,0,0,0,"- ","- ",37.854379999999999,-121.23698,"SAN JOAQUIN",UNINCORPORATED,-121.23703507,37.854201269999997
90007842,2015,2015-10-19,9265,2015-07-20,0635,019387,,1,1,9,3900,0,2,4,,1,093,"THORNTON ROAD",SR-12,1056.00,N,N,A,-,N,,,,,,,,,,Y,3,0,1,1,A,-,08,22107,,N,E,I,A,A,H,-,A,D,0,,,,,Y,,D,22,0,1,0,0,0,0,0,0,0,"- ","- ",38.120399999999997,-121.39700000000001,"SAN JOAQUIN",UNINCORPORATED,-121.39554,38.115920000000003
90007856,2015,2015-10-19,9265,2015-07-20,1125,019888,,1,1,9,3900,0,3,5,,2,030,"ROTH RD","I-5 N/B TO ROTH RD.",0.00,,Y,A,-,N,,,,,,,,,,Y,4,0,1,2,A,-,09,21802,A,N,D,C,A,A,H,-,A,A,0,,,,,Y,,A,01,0,0,1,0,0,0,0,0,0,"- ","- ",37.85577,-121.28113,"SAN JOAQUIN",UNINCORPORATED,-121.281273,37.855528
90008268,2015,2015-10-19,9265,2015-07-24,2015,018850,,5,2,9,3900,0,3,5,,2,090,"SR-99 W. FRONTAGE ROAD","COLLIER ROAD",451.00,N,N,A,-,Y,,,99,,,,,,,N,4,0,1,2,A,-,09,21804,A,N,D,C,A,A,H,-,A,D,0,,,,,Y,,A,01,0,0,1,0,0,0,0,0,0,"- ","- ",38.219450000000002,-121.27204999999999,"SAN JOAQUIN",UNINCORPORATED,-121.27164734999999,38.219699900000002
90009250,2015,2015-10-19,9265,2015-07-26,0250,018850,,7,3,9,3900,0,1,3,,2,004,"SR-99 N/B","HAMMER LN",4065.00,S,N,A,-,Y,,,,,,,,,,Y,2,0,1,1,A,-,01,23152,A,N,E,I,A,A,H,-,D,D,0,,,,,Y,Y,A,01,1,0,0,0,0,0,0,0,0,"- ","- ",38.035429999999998,-121.15286999999999,"SAN JOAQUIN",UNINCORPORATED,-121.25803999999999,38.021099999999997
90009273,2015,2015-10-19,9265,2015-07-27,2200,019307,,1,3,9,3900,0,1,3,,1,041,"LOWER JONES ROAD","WHISKEY SLOUGH RD",2640.00,W,N,A,-,N,,,,,,,,,,Y,3,0,1,1,A,-,01,23152,A,N,E,J,A,A,H,-,D,D,0,,,,,Y,Y,A,01,0,1,0,0,0,0,0,0,0,"- ","- ",37.5625,-121.2612,"SAN JOAQUIN",UNINCORPORATED,-121.43645302,37.93985077
90009436,2015,2015-10-19,9266,2015-08-10,1202,013608,,1,1,9,3900,0,1,1,,2,024,"I-5 N/B","STEWART RD U/C",600.00,N,N,A,-,Y,,,5,,,,,,N,Y,4,0,1,2,A,-,03,22350,,N,C,C,A,A,H,-,A,D,0,,,,,Y,,D,22,0,0,1,0,0,0,0,0,0,"- ","- ",37.781370000000003,-121.31187,"SAN JOAQUIN",UNINCORPORATED,-121.3119408,37.781464560000003
90009766,2015,2015-10-19,9265,2015-07-31,0730,015756,,5,1,9,3900,0,1,3,,1,013,"SR-4 E/B","BUCKMAN RD",30.00,W,N,A,-,Y,,,4,,,,,,E,Y,4,0,2,2,A,-,03,22350,,N,C,C,A,A,H,-,A,D,0,,,,,Y,,A,01,0,0,2,0,0,0,0,0,0,"- ","- ",37.930169999999997,-120.99731,"SAN JOAQUIN",UNINCORPORATED,-120.99730893,37.93007248
90009920,2015,2015-10-19,9265,2015-07-29,1925,019336,,3,2,9,3900,0,1,3,,2,001,"SR-99 N/B","LATHROP RD",5280.00,N,N,A,-,Y,,,,,,,,,,Y,4,0,1,2,D,-,00,,,N,B,C,A,A,H,-,A,D,0,,,,Y,Y,,-,"- ",0,0,1,0,0,0,0,0,0,"- ","- ",37.792639999999999,-121.28530000000001,"SAN JOAQUIN",UNINCORPORATED,-121.21782302,37.841142740000002
90009935,2015,2015-10-19,9265,2015-08-01,1815,019991,,6,2,4,3903,0,1,3,,2,025,"SR-120 E/B","MAIN ST",2875.00,E,N,A,-,Y,,,120,,,,,,E,Y,4,0,1,2,A,-,03,22350,,N,C,C,A,A,H,-,A,D,0,,,,,Y,,A,08,0,0,1,0,0,0,0,0,0,"- ","- ",37.783479999999997,-121.20578,"SAN JOAQUIN",MANTECA,-121.20578046,37.78320746
90009977,2015,2015-10-19,9265,2015-08-02,1333,018501,,7,1,5,3902,0,1,1,,2,505,"SR-12 E/B TO I-5 S/B",SR-12,1000.00,S,N,A,-,Y,,,,,,,,,,Y,3,0,1,1,A,-,08,22107,,N,F,I,A,A,H,-,A,D,0,,,Y,,Y,,C,02,0,1,0,0,0,0,0,0,1,"- ","- ",38.113300000000002,-121.39685,"SAN JOAQUIN",LODI,,
90010069,2015,2015-10-19,9265,2015-08-03,1448,018661,,1,2,9,3900,0,1,3,,1,042,"SR-4 E/B TO SR-99 S/B","FILBERT ST",2000.00,E,N,A,-,Y,,,4,,,,R,,E,Y,4,0,2,3,A,-,03,22350,,N,B,C,A,A,H,-,A,D,0,,,,Y,Y,,A,01,0,0,2,0,0,0,0,0,0,"- ","- ",37.959679999999999,-121.24159,"SAN JOAQUIN",UNINCORPORATED,-121.24159,37.959679999999999