CASE_ID,ACCIDENT_YEAR,PROC_DATE,JURIS,COLLISION_DATE,COLLISION_TIME,OFFICER_ID,REPORTING_DISTRICT,DAY_OF_WEEK,CHP_SHIFT,POPULATION,CNTY_CITY_LOC,SPECIAL_COND,BEAT_TYPE,CHP_BEAT_TYPE,CITY_DIVISION_LAPD,CHP_BEAT_CLASS,BEAT_NUMBER,PRIMARY_RD,SECONDARY_RD,DISTANCE,DIRECTION,INTERSECTION,WEATHER_1,WEATHER_2,STATE_HWY_IND,CALTRANS_COUNTY,CALTRANS_DISTRICT,STATE_ROUTE,ROUTE_SUFFIX,POSTMILE_PREFIX,POSTMILE,LOCATION_TYPE,RAMP_INTERSECTION,SIDE_OF_HWY,TOW_AWAY,COLLISION_SEVERITY,NUMBER_KILLED,NUMBER_INJURED,PARTY_COUNT,PRIMARY_COLL_FACTOR,PCF_CODE_OF_VIOL,PCF_VIOL_CATEGORY,PCF_VIOLATION,PCF_VIOL_SUBSECTION,HIT_AND_RUN,TYPE_OF_COLLISION,MVIW,PED_ACTION,ROAD_SURFACE,ROAD_COND_1,ROAD_COND_2,LIGHTING,CONTROL_DEVICE,CHP_ROAD_TYPE,PEDESTRIAN_ACCIDENT,BICYCLE_ACCIDENT,MOTORCYCLE_ACCIDENT,TRUCK_ACCIDENT,NOT_PRIVATE_PROPERTY,ALCOHOL_INVOLVED,STWD_VEHTYPE_AT_FAULT,CHP_VEHTYPE_AT_FAULT,COUNT_SEVERE_INJ,COUNT_VISIBLE_INJ,COUNT_COMPLAINT_PAIN,COUNT_PED_KILLED,COUNT_PED_INJURED,COUNT_BICYCLIST_KILLED,COUNT_BICYCLIST_INJURED,COUNT_MC_KILLED,COUNT_MC_INJURED,PRIMARY_RAMP,SECONDARY_RAMP,LATITUDE,LONGITUDE,COUNTY,CITY,POINT_X,POINT_Y
90583038,2017,2017-10-30,9265,2017-10-10,1714,019657,,2,2,9,3900,0,1,3,,2,001,"SR-99 S/B","AUSTIN RD",3442.00,S,N,A,-,Y,,,99,,,,,,S,Y,4,0,2,3,A,-,03,22350,,N,C,C,A,A,H,-,A,D,0,,,,,Y,,D,22,0,0,2,0,0,0,0,0,0,"- ","- ",37.7682,-121.17028000000001,"SAN JOAQUIN",UNINCORPORATED,-121.17024499,37.768258029999998
90583336,2017,2017-10-31,9265,2017-10-12,1438,018452,,4,2,9,3900,0,1,1,,2,505,"I-5 S/B","EIGHT MILE RD",150.00,N,N,A,-,Y,,,5,,,,,,S,Y,4,0,4,3,A,-,03,22350,,N,B,C,A,A,H,-,A,D,0,,,,,Y,,A,07,0,0,4,0,0,0,0,0,0,"- ","- ",38.058349999999997,-121.37304,"SAN JOAQUIN",UNINCORPORATED,-121.37300702,38.05836043
90583758,2017,2017-10-31,9266,2017-10-21,1605,018711,,6,2,9,3900,0,3,5,,2,002,"DURHAM FERRY RD.","KASSON ROAD",2050.00,W,N,A,-,N,,,,,,,,,,Y,4,0,1,1,A,-,03,22350,,N,E,I,A,A,H,-,A,D,0,,,,,Y,,A,08,0,0,1,0,0,0,0,0,0,"- ","- ",37.668050000000001,-121.27743,"SAN JOAQUIN",UNINCORPORATED,-121.27784597,37.668266760000002
90584900,2017,2017-11-01,9265,2017-10-26,0700,019182,,4,1,9,3900,0,2,4,,1,082,"ALPINE AVE","PLYMOUTH RD",70.00,E,N,A,-,N,,,,,,,,,,N,4,0,1,2,A,-,03,22350,,N,C,C,A,A,H,-,B,A,0,,,,,Y,,A,08,0,0,1,0,0,0,0,0,0,"- ","- ",37.97054,-121.33713,"SAN JOAQUIN",UNINCORPORATED,-121.33702809,37.970577059999997
90585050,2017,2017-11-01,9265,2017-10-30,0655,018694,,1,1,3,3904,0,1,3,,2,001,"SR-99 N/B","JACK TONE ROAD",2112.00,S,N,B,-,Y,,,99,,,,,,N,Y,4,0,4,5,A,-,03,22350,,M,C,C,A,A,H,-,B,D,0,,,,,Y,,A,01,0,0,4,0,0,0,0,0,0,"- ","- ",37.748240000000003,-121.13602,"SAN JOAQUIN",RIPON,-121.13599354999999,37.748286460000003
90585459,2017,2017-11-06,9265,2017-10-15,0235,019136,,7,3,9,3900,0,1,3,,2,004,"SR-99 S/B","HAMMER LN",1000.00,S,N,A,-,Y,,,99,,,,,,S,Y,2,0,1,2,A,-,01,23152,A,F,C,C,A,A,H,-,C,D,0,,,Y,,Y,Y,A,01,1,0,0,0,0,0,0,0,1,"- ","- ",38.015450000000001,-121.25832,"SAN JOAQUIN",UNINCORPORATED,-121.25823957999999,38.015451290000001
90586011,2017,2017-11-02,9265,2017-08-11,2040,019341,,5,2,9,3900,0,3,5,,2,060,"CLEMENTS RD","BRANDT RD",3062.00,N,N,A,-,N,,,,,,,,,,Y,1,1,4,1,C,-,18,,,N,H,H,A,A,H,-,D,D,0,,,,,Y,,-,"- ",1,2,1,0,0,0,0,0,0,"- ","- ",38.156390000000002,-121.07792999999999,"SAN JOAQUIN",UNINCORPORATED,-121.07791389,38.156428069999997
90586527,2017,2017-11-03,9265,2017-11-02,0020,020651,,4,3,9,3900,0,2,4,,1,023,"TWO RIVERS RD","DIVISION RD",3907.00,S,N,A,-,N,,,,,,,,,,Y,4,0,1,1,A,-,03,22350,,N,E,I,A,A,H,-,D,D,0,,,,,Y,,D,22,0,0,1,0,0,0,0,0,0,"- ","- ",37.673169999999999,-121.24275,"SAN JOAQUIN",UNINCORPORATED,-121.24289729,37.673553030000001
90586956,2017,2017-11-03,9265,2017-11-01,2005,019666,,3,2,9,3900,0,3,5,,2,010,"RIVER RD","BRENNAN RD",1200.00,W,N,A,-,N,,,,,,,,,,Y,3,0,1,3,A,-,08,22107,,N,E,I,A,A,H,-,D,D,0,,,,,Y,,A,01,0,1,0,0,0,0,0,0,0,"- ","- ",37.755960000000002,-121.07796999999999,"SAN JOAQUIN",UNINCORPORATED,-121.01796537,37.756015509999997
90587797,2017,2017-11-06,9265,2017-10-21,1040,018289,,6,1,9,3900,0,2,4,,1,091,"WEST LANE","EIGHT MILE ROAD",2600.00,S,N,A,-,N,,,,,,,,,,Y,4,0,1,2,A,-,03,22350,,N,C,C,A,A,H,-,A,D,0,,,,,Y,,A,01,0,0,1,0,0,0,0,0,0,"- ","- ",38.050280000000001,-121.29563,"SAN JOAQUIN",UNINCORPORATED,-121.29580016,38.050332359999999
90588000,2017,2017-11-06,9266,2017-10-27,1520,014807,,5,2,9,3900,0,2,4,,2,029,"VALPICO ROAD","LAMMERS ROAD",2500.00,E,N,A,-,Y,,,,,,,,,,Y,2,0,2,2,A,-,08,22107,,N,E,I,A,A,H,-,A,D,0,,,,,Y,,A,07,1,0,1,0,0,0,0,0,0,"- ","- ",37.710590000000003,-121.46773,"SAN JOAQUIN",UNINCORPORATED,-121.46789681,37.710549579999999
90588210,2017,2017-11-06,9266,2017-10-27,1115,014807,,5,1,2,3920,0,1,1,,2,024,"I-5 S/B","PARADISE CUT U/C",100.00,S,N,A,-,Y,,,5,,,,,,S,Y,3,0,1,2,A,-,07,21658,A,F,F,A,A,A,H,-,A,D,0,,,Y,,Y,,-,99,0,1,0,0,0,0,0,0,1,"- ","- ",37.771329999999999,-121.32634,"SAN JOAQUIN",LATHROP,-121.32634933999999,37.771342699999998
90591021,2017,2017-11-09,9265,2017-10-06,1715,17405,,5,2,9,3900,0,1,3,,1,011,SR-120,"SEXTON RD.",0.00,,Y,A,-,Y,,,120,,,,,,,Y,4,0,3,2,A,-,09,21802,A,N,D,C,A,A,H,-,A,A,0,,,,,Y,,A,01,0,0,3,0,0,0,0,0,0,"- ","- ",37.798789999999997,-121.03386,"SAN JOAQUIN",UNINCORPORATED,-121.03385869,37.798646269999999
90591320,2017,2017-11-09,9265,2017-10-30,1145,019387,,1,1,9,3900,0,1,3,,1,041,"STATE ROUTE 4","WHISKEY SLOUGH ROAD",1115.00,E,N,A,-,Y,,,4,,,,,,,Y,4,0,2,2,A,-,05,21460,A,M,B,C,A,A,H,-,A,D,0,,,,,Y,,D,22,0,0,2,0,0,0,0,0,0,"- ","- ",37.926909999999999,-121.4255,"SAN JOAQUIN",UNINCORPORATED,-121.42550005,37.926903639999999
9059185,2020,2020-05-20,3906,2020-03-10,1734,1655,,2,5,5,3906,0,0,0,,0,002,"GLENBRIAR CIR","JAMES W SMITH DR",0.00,,Y,A,-,N,,,,,,,,,,Y,3,0,1,2,A,-,22,23123,5,N,C,E,A,A,H,-,A,D,0,,,,,Y,,D,22,0,1,0,0,0,0,0,0,0,"- ","- ",,,"SAN JOAQUIN",TRACY,-121.42489624023438,37.705421447753906
90591922,2017,2017-11-10,9265,2017-11-03,1130,015756,,5,1,9,3900,0,1,3,,1,042,"SR-4 E/B","FILBERT ST",1584.00,E,N,A,-,Y,,,4,,,,,,E,Y,4,0,1,1,A,-,08,22107,,N,E,I,A,A,H,-,A,D,0,,,,,Y,,A,07,0,0,1,0,0,0,0,0,0,"- ","- ",37.960920000000002,-121.24751000000001,"SAN JOAQUIN",UNINCORPORATED,-121.24750783,37.96081461
90591985,2017,2017-11-10,9265,2017-11-09,0750,015490,,4,1,9,3900,0,1,3,,2,004,"SR-99 S/B","WATERLOO RD",350.00,S,N,B,-,Y,,,99,,,,,,S,Y,4,0,1,2,A,-,03,22350,,N,C,C,A,B,H,-,A,D,0,,,,,Y,,A,01,0,0,1,0,0,0,0,0,0,"- ","- ",37.983179999999997,-121.25035,"SAN JOAQUIN",UNINCORPORATED,-121.25019286,37.983184999999999
90592684,2017,2017-11-13,9266,2017-11-03,0440,019717,,5,3,9,3900,0,1,3,,1,011,SR-4,"TRACY BLVD",3696.00,W,N,B,-,Y,,,4,,,,,,,Y,2,0,2,3,A,-,05,21460,A,N,A,C,A,A,H,-,D,D,0,,,,,Y,,A,01,1,0,1,0,0,0,0,0,0,"- ","- ",37.897210000000001,-121.47863,"SAN JOAQUIN",UNINCORPORATED,-121.47862768,37.897174630000002
90593146,2017,2017-11-13,9266,2017-11-09,1615,014808,,4,2,9,3900,0,2,4,,2,027,"DURHAM FERRY RD.","BIRD RD.",175.00,W,N,B,-,N,,,,,,,,,,N,3,0,1,2,A,-,03,22350,,N,C,G,A,A,H,-,A,A,0,,Y,,,Y,,A,01,0,1,0,0,0,0,1,0,0,"- ","- ",37.667169999999999,-121.36229,"SAN JOAQUIN",UNINCORPORATED,-121.36192466,37.667160670000001
90593614,2017,2017-11-14,9265,2017-10-31,2300,020071,,2,3,9,3900,0,3,5,,2,050,"ANTEROS AVE","DRAKE AVE",43.00,N,N,A,-,N,,,,,,,,,,Y,3,0,1,1,A,-,01,23152,A,N,E,I,A,A,H,-,D,D,0,,,,,Y,Y,A,01,0,1,0,0,0,0,0,0,0,"- ","- ",37.954430000000002,-121.23772,"SAN JOAQUIN",UNINCORPORATED,-121.23779571999999,37.954422409999999
90593724,2017,2017-11-14,9266,2017-11-11,1500,014807,,6,2,5,3906,0,1,1,,2,014,"I-205 E/B","BYRON ROAD",2112.00,E,N,A,-,Y,,,,,,,,,,Y,4,0,2,2,A,-,03,22350,,N,C,C,A,A,H,-,A,D,0,,,,,Y,,D,22,0,0,2,0,0,0,0,0,0,"- ","- ",37.746470000000002,-121.48166999999999,"SAN JOAQUIN",TRACY,-121.46919779,37.751490150000002
90593982,2017,2017-11-14,9265,2017-11-04,0042,019073,,6,3,9,3900,0,3,5,,2,090,"SR-99 W. FRONTAGE RD.","COLLIER RD",429.00,N,N,B,-,N,,,,,,,,,,Y,3,0,1,1,A,-,01,23152,A,N,E,I,A,B,H,-,C,D,0,,,,,Y,Y,A,01,0,1,0,0,0,0,0,0,0,"- ","- ",38.219540000000002,-121.273,"SAN JOAQUIN",UNINCORPORATED,-121.27144585000001,38.21937054
90593987,2017,2017-11-14,9266,2017-11-06,0830,018324,,1,1,9,3900,0,1,1,,2,014,"I-205 W/B","MOUNTAIN HOUSE PKWY",100.00,E,N,A,-,Y,,,205,,,,,,W,N,4,0,1,2,A,-,03,22350,,N,C,C,A,A,H,-,A,D,0,,,,,Y,,A,01,0,0,1,0,0,0,0,0,0,"- ","- ",37.742539999999998,-121.53107,"SAN JOAQUIN",UNINCORPORATED,-121.53106871999999,37.742561369999997
90594224,2017,2017-11-14,9266,2017-11-14,0020,018330,,2,3,9,3900,0,2,4,,2,030,"MOUNTAIN HOUSE PKWY","I-205 W/B",825.00,N,N,B,-,N,,,,,,,,,,Y,4,0,1,2,A,-,07,21658,A,F,C,C,A,B,H,-,C,D,0,,,,Y,Y,,-,"- ",0,0,1,0,0,0,0,0,0,"- ","- ",37.74588,-121.53176999999999,"SAN JOAQUIN",UNINCORPORATED,-121.53176999999999,37.74588
90594557,2017,2017-11-15,9266,2017-11-13,1615,013668,,1,2,9,3900,0,3,5,,2,002,"VALPICO ROAD","CORRAL HOLLOW ROAD",2412.00,E,N,B,-,N,,,,,,,,,,Y,4,0,1,2,A,-,03,22350,,N,C,C,A,A,H,-,A,D,0,,,,,Y,,A,01,0,0,1,0,0,0,0,0,0,"- ","- ",37.710599999999999,-121.44448,"SAN JOAQUIN",UNINCORPORATED,-121.44456105,37.710607869999997
9059472,2020,2020-03-23,3906,2020-03-04,1552,1549,47,3,5,5,3906,0,0,0,,0,002,"VALPICO RD","GLENBRIAR CIR",618.00,W,N,A,-,N,,,,,,,,,,Y,3,0,3,4,A,-,03,22350,,N,C,C,A,A,H,-,A,A,0,,,,,Y,,A,07,0,1,2,0,0,0,0,0,0,"- ","- ",,,"SAN JOAQUIN",TRACY,-121.42286682128906,37.710601806640625
90594962,2017,2017-11-15,9265,2017-11-14,0500,017021,,2,3,9,3900,0,3,5,,2,060,"WIMER RD",SR-26,6864.00,S,N,E,-,N,,,,,,,,,,Y,4,0,1,1,A,-,08,22107,,N,F,A,A,B,H,-,D,D,0,,,,Y,Y,,G,25,0,0,1,0,0,0,0,0,0,"- ","- ",38.347610000000003,-121.23654999999999,"SAN JOAQUIN",UNINCORPORATED,-120.93571,38.082821789999997
90595598,2017,2017-11-16,9265,2017-11-03,1800,020550,,5,2,9,3900,0,3,5,,2,060,"LIBERTY RD","MACKVILLE RD",3700.00,E,N,B,-,N,,,,,,,,,,Y,3,0,1,1,A,-,01,23152,A,N,E,I,A,B,H,-,B,D,0,,,,,Y,Y,D,22,0,1,0,0,0,0,0,0,0,"- ","- ",38.235689999999998,-121.07572999999999,"SAN JOAQUIN",UNINCORPORATED,-121.07605977,38.235602980000003
90595763,2017,2017-11-16,9265,2017-11-09,0455,019341,,4,3,9,3900,0,3,5,,2,030,"LOOMIS ROAD","SR-99 W. FRONTAGE ROAD",0.00,,Y,A,-,N,,,,,,,,,,Y,3,0,1,2,A,-,09,21802,A,N,D,C,A,A,H,-,D,A,0,,,,Y,Y,,G,25,0,1,0,0,0,0,0,0,0,"- ","- ",37.931350000000002,-121.23403,"SAN JOAQUIN",UNINCORPORATED,-121.23410998999999,37.931439939999997
90595770,2017,2017-11-16,9265,2017-11-10,1920,019888,,5,2,4,3903,0,1,1,,2,502,"I-5 N/B",SR-120,4100.00,N,N,A,-,Y,,,,,,,,,,Y,4,0,2,2,A,-,03,22350,,N,C,C,A,A,H,-,C,D,0,,,,,Y,,A,01,0,0,2,0,0,0,0,0,0,"- ","- ",37.800190000000001,-121.29958999999999,"SAN JOAQUIN",MANTECA,-121.22175999,37.783159990000001
90596456,2017,2018-10-05,9265,2017-10-04,2109,019341,,3,2,9,3900,0,1,3,,1,061,SR-26,"IONE ST",197.00,E,N,A,-,Y,,,,,,,,,,Y,1,2,2,2,A,-,09,21801,A,N,D,C,A,A,H,-,D,D,0,,,,,Y,Y,A,01,1,0,1,0,0,0,0,0,0,"- ","- ",38.011299999999999,-121.0509,"SAN JOAQUIN",UNINCORPORATED,-121.08602539,38.020441580000004
90597965,2017,2017-11-20,9265,2017-11-16,1950,020550,,4,2,4,3903,0,1,3,,2,001,"SR-99 N/B","LOUISE AVE",1000.00,N,N,A,-,Y,,,99,,,,,,N,Y,3,0,2,1,A,-,08,22107,,N,F,A,A,B,H,-,D,D,0,,,,,Y,,A,01,0,1,1,0,0,0,0,0,0,"- ","- ",37.814059999999998,-121.20690999999999,"SAN JOAQUIN",MANTECA,-121.2069556,37.814004130000001
90598013,2017,2017-11-20,9265,2017-11-17,1500,015490,,5,2,9,3900,0,3,5,,2,050,"MCALLEN RD","WILSON WAY",450.00,W,N,A,-,N,,,,,,,,,,N,4,0,1,3,A,-,03,22350,,M,C,C,A,A,H,-,A,D,0,,,,,Y,,A,01,0,0,1,0,0,0,0,0,0,"- ","- ",38.000419999999998,-121.26184000000001,"SAN JOAQUIN",UNINCORPORATED,-121.26178727999999,38.000457400000002
90599151,2017,2017-11-21,9265,2017-11-19,1945,019246,,7,2,4,3903,0,1,3,,2,025,"SR-120 E/B","UNION RD",205.00,E,N,A,-,Y,,,,,,,,,,Y,4,0,3,2,A,-,03,22350,,N,C,C,A,A,H,-,D,D,0,,,,,Y,,A,01,0,0,3,0,0,0,0,0,0,"- ","- ",37.465890000000002,-121.13593,"SAN JOAQUIN",MANTECA,-121.23335062,37.783132870000003
90601135,2017,2017-11-22,9266,2017-11-22,1210,015098,,3,1,9,3900,0,1,1,,1,015,"I-205 E/B","MACARTHUR DRIVE",900.00,E,N,A,-,Y,,,,,,,,,,N,4,0,1,2,A,-,03,22350,,N,C,D,A,A,H,-,A,D,0,,,,,Y,,A,01,0,0,1,0,0,0,0,0,0,"- ","- ",37.764589999999998,-121.41237,"SAN JOAQUIN",UNINCORPORATED,-121.41170759000001,37.764565580000003
90602620,2017,2017-11-27,9265,2017-11-11,2136,#13193,,6,2,9,3900,0,1,1,,2,504,"I-5 N/B","BENJAMIN HOLT DR",1584.00,S,N,A,-,Y,,,,,,,,,,Y,3,0,1,2,A,-,03,22350,,N,C,C,A,A,H,-,C,D,0,,,,Y,Y,,A,01,0,1,0,0,0,0,0,0,0,"- ","- ",,,"SAN JOAQUIN",UNINCORPORATED,-121.34958889000001,38.000642089999999
90603762,2017,2017-11-28,9266,2017-11-24,1325,018888,,5,1,5,3906,0,1,1,,2,014,"I-205 E/B","TRACY BLVD",1056.00,W,N,A,-,Y,,,205,,,,,,E,Y,4,0,1,2,A,-,03,22350,,N,C,C,A,A,H,-,A,D,0,,,,,Y,,A,01,0,0,1,0,0,0,0,0,0,"- ","- ",37.762810000000002,-121.43548,"SAN JOAQUIN",TRACY,-121.43548024,37.762797560000003
90604206,2017,2017-11-28,9266,2017-11-27,1810,015805,,1,2,9,3900,0,3,5,,2,002,"LINNE ROAD","CHRISMAN ROAD",1500.00,E,N,A,-,N,,,,,,,,,,N,2,0,1,2,A,-,05,21202,A,N,C,G,A,A,H,-,D,D,0,,Y,,,Y,,L,04,1,0,0,0,0,0,1,0,0,"- ","- ",37.696150000000003,-121.39239000000001,"SAN JOAQUIN",UNINCORPORATED,-121.39291519,37.696173510000001
90605164,2017,2017-11-29,9265,2017-11-23,1615,015490,,4,2,9,3900,0,1,3,,1,062,SR-88,"BRUMBY RD",528.00,W,N,B,-,Y,,,88,,,,,,,Y,2,0,1,1,A,-,08,22107,,N,F,A,A,A,H,-,A,D,0,,,,,Y,,A,01,1,0,0,0,0,0,0,0,0,"- ","- ",38.052529999999997,-121.18832999999999,"SAN JOAQUIN",UNINCORPORATED,-121.1882574,38.052556299999999
90605211,2017,2017-11-29,9265,2017-11-23,0655,017123,,4,1,6,3905,0,1,1,,2,504,"I-5 N/B","BENJAMIN HOLT DR",1800.00,S,N,B,G,Y,,,5,,,,,,N,Y,4,0,1,2,A,-,07,21658,A,M,B,C,A,A,H,-,B,D,0,,,,,Y,,-,99,0,0,1,0,0,0,0,0,0,"- ","- ",37.999270000000003,-121.34923000000001,"SAN JOAQUIN",STOCKTON,-121.34908711999999,37.999325829999997
90607850,2017,2017-12-01,9265,2017-11-24,1928,018784,,5,2,9,3900,0,1,1,,2,504,"I-5 N/B","EIGHT MILE RD",1584.00,S,N,A,-,Y,,,5,,,,,,N,Y,3,0,1,2,A,-,01,23152,A,N,C,C,A,A,H,-,C,D,0,,,,,Y,Y,D,22,0,1,0,0,0,0,0,0,0,"- ","- ",38.053629999999998,-121.37102,"SAN JOAQUIN",UNINCORPORATED,-121.37114387,38.053591300000001
90608111,2017,2017-12-01,9266,2017-11-26,1445,014808,,7,2,5,3906,0,1,1,,1,015,"I-205 W/B","HOLLY DR. O/C",597.00,W,N,B,-,Y,,,,,,,,,,Y,4,0,1,2,A,-,03,22350,,N,C,C,A,A,H,-,A,D,0,,,,,Y,,A,01,0,0,1,0,0,0,0,0,0,"- ","- ",37.630200000000002,-121.4289,"SAN JOAQUIN",TRACY,-121.42800531,37.763078659999998
90608209,2017,2017-12-01,9265,2017-11-29,1705,019128,,3,2,9,3900,0,1,3,,2,001,"SR-99 S/B","MAIN STREET",850.00,N,N,A,-,Y,,,,,,,,,,Y,3,0,1,2,A,-,03,22350,,N,B,C,A,A,H,-,C,D,0,,,Y,,Y,,C,02,0,1,0,0,0,0,0,0,1,"- ","- ",37.741019999999999,-121.12363999999999,"SAN JOAQUIN",UNINCORPORATED,,
90608465,2017,2017-12-04,9266,2017-11-27,0600,018324,,1,1,5,3906,0,1,1,,2,014,"I-205 W/B","GRANT LINE ROAD",528.00,E,N,B,-,Y,,,205,,,,,,W,N,4,0,1,2,A,-,21,22106,,N,C,C,A,B,H,-,D,D,0,,,,,Y,,A,01,0,0,1,0,0,0,0,0,0,"- ","- ",37.757040000000003,-121.45623000000001,"SAN JOAQUIN",TRACY,-121.45625822,37.75710935
90608862,2017,2017-12-04,9265,2017-11-25,1820,020785,,6,2,2,3920,0,1,1,,2,502,"I-5 N/B",SR-120,175.00,N,N,A,-,Y,,,5,,,,,,N,Y,4,0,1,2,A,-,01,23152,A,F,B,C,A,A,H,-,D,D,0,,,,,Y,Y,A,01,0,0,1,0,0,0,0,0,0,"- ","- ",37.78792,-121.30244,"SAN JOAQUIN",LATHROP,-121.30250116000001,37.78797119
90611133,2017,2017-12-06,9265,2017-12-04,1420,019387,,1,2,6,3905,1,4,S,,2,901,"CALIFORNIA STREET","WORTH STREET",350.00,N,N,A,-,N,,,,,,,,,,N,3,0,1,1,C,-,18,,,N,H,A,A,A,H,-,A,A,0,,,,,Y,,-,"- ",0,1,0,0,0,0,0,0,0,"- ","- ",37.945610000000002,-121.28247,"SAN JOAQUIN",STOCKTON,-121.28242203000001,37.945610289999998
90611827,2017,2017-12-06,9266,2017-12-04,1750,013668,,1,2,9,3900,0,2,4,,1,023,"CHRISMAN ROAD","SCHULTE ROAD",27.00,S,N,A,-,N,,,,,,,,,,Y,4,0,1,3,A,-,03,22350,,N,C,C,A,A,H,-,B,D,0,,,,,Y,,E,22,0,0,1,0,0,0,0,0,0,"- ","- ",37.72513,-121.39812999999999,"SAN JOAQUIN",UNINCORPORATED,-121.39819946,37.725145840000003
90612459,2017,2017-12-07,9266,2017-11-30,1645,014808,,4,2,9,3900,0,1,3,,1,025,SR-33,"VERNALIS RD.",0.00,,Y,B,-,Y,,,33,,,,,,,Y,3,0,3,2,A,-,09,21801,A,N,A,C,A,A,H,-,A,A,0,,,,,Y,,D,22,0,3,0,0,0,0,0,0,0,"- ","- ",37.638689999999997,-121.29609000000001,"SAN JOAQUIN",UNINCORPORATED,-121.29611536,37.638663180000002
90612820,2017,2017-12-08,9265,2017-12-07,2310,020785,,4,3,9,3900,0,3,5,,2,090,"SR-99 W. FRONTAGE RD.","EMERSON RD.",10.00,N,N,A,-,N,,,99,,,,,,,Y,4,0,1,1,A,-,08,22107,,N,E,I,A,A,H,-,D,D,0,,,,,Y,,A,01,0,0,1,0,0,0,0,0,0,"- ","- ",38.21313,-121.26761,"SAN JOAQUIN",UNINCORPORATED,-121.26749518,38.213202899999999
90613002,2017,2017-12-08,9265,2017-12-02,0135,019073,,6,3,9,3900,0,1,3,,1,063,"SR-12 (VICTOR RD)","FOX RD",0.00,,Y,B,-,Y,,,12,,,,,,,Y,3,0,1,1,A,-,01,23152,A,N,E,I,A,A,H,-,D,D,0,,,,,Y,Y,A,01,0,1,0,0,0,0,0,0,0,"- ","- ",38.138089999999998,-121.17278,"SAN JOAQUIN",UNINCORPORATED,-121.17277993,38.13807259
90613446,2017,2017-12-11,9266,2017-12-02,1445,014808,,6,2,9,3900,0,1,3,,1,011,SR-4,"OLD RIVER BRIDGE",1794.00,E,N,B,-,Y,,,4,,,,,,,Y,3,0,1,1,A,-,01,23152,A,N,E,I,A,A,H,-,A,D,0,,,,,Y,Y,A,01,0,1,0,0,0,0,0,0,0,"- ","- ",37.890050000000002,-121.56326,"SAN JOAQUIN",UNINCORPORATED,-121.56325979,37.890000370000003
9061352,2020,2020-06-04,3906,2020-02-22,1335,1094,,6,5,5,3906,0,0,0,,0,003,"CORRAL HOLLOW RD","KROHN RD",200.00,S,N,A,-,N,,,,,,,,,,Y,2,0,1,2,A,-,09,21801,A,N,D,C,A,A,H,-,A,A,0,,,Y,,Y,,A,01,1,0,0,0,0,0,0,0,1,"- ","- ",,,"SAN JOAQUIN",TRACY,-121.45303344726562,37.73712158203125
9061360,2020,2020-06-04,3906,2020-02-23,1650,10492,,7,5,5,3906,0,0,0,,0,006,"GRANT LINE RD","PARADISE RD",35.00,E,N,A,-,N,,,,,,,,,,Y,4,0,1,2,A,-,03,22350,,N,C,C,A,A,H,-,B,A,0,,,,,Y,,A,01,0,0,1,0,0,0,0,0,0,"- ","- ",,,"SAN JOAQUIN",TRACY,-121.38948822021484,37.754310607910156
90616221,2017,2017-12-13,9265,2017-12-04,1830,020071,,1,2,9,3900,0,2,4,,1,051,"MAIN ST","ORO AVE",120.00,W,N,A,-,N,,,,,,,,,,N,4,0,1,2,A,-,03,22350,,N,C,C,A,A,H,-,D,A,0,,,,,Y,,A,01,0,0,1,0,0,0,0,0,0,"- ","- ",37.95393,-121.23462000000001,"SAN JOAQUIN",UNINCORPORATED,-121.23468468999999,37.953941829999998
9061978,2020,2020-03-23,3903,2020-02-18,0711,3991,,2,5,4,3903,0,0,0,,0,,"YOSEMITE AV","AIRPORT WY",0.00,,Y,A,-,N,,,,,,,,,,Y,3,0,2,2,A,-,01,23153,,F,B,C,A,A,H,-,A,D,0,,,,,Y,Y,A,01,0,1,1,0,0,0,0,0,0,"- ","- ",37.797248840332031,-121.25232696533203,"SAN JOAQUIN",MANTECA,-121.25222015380859,37.797328948974609
9061994,2020,2020-03-23,3903,2020-02-28,1535,2393,,5,5,4,3903,0,0,0,,0,,"LATHROP RD","ARROWSMITH DR",140.00,W,N,A,-,N,,,,,,,,,,N,4,0,1,2,A,-,09,21804,B,N,D,C,A,A,H,-,A,D,0,,,,,Y,,D,22,0,0,1,0,0,0,0,0,0,"- ","- ",37.826370239257812,-121.23374176025391,"SAN JOAQUIN",MANTECA,-121.23397827148438,37.826431274414062
90620404,2017,2017-12-19,9265,2017-12-05,1627,018289,,2,2,9,3900,0,3,5,,2,090,"ARMSTRONG ROAD","DEVRIES ROAD",150.00,E,N,A,-,N,,,,,,,,,,Y,4,0,1,1,A,-,08,22107,,N,E,I,A,A,H,-,A,D,0,,,,,Y,,A,01,0,0,1,0,0,0,0,0,0,"- ","- ",38.086739999999999,-121.35147000000001,"SAN JOAQUIN",UNINCORPORATED,-121.35162878,38.086728520000001
90622316,2017,2017-12-21,9265,2017-11-19,1710,019657,,7,2,9,3900,0,3,5,,2,060,"CHEROKEE RD","LAGORIO RD",30.00,E,N,A,-,N,,,,,,,,,,N,2,0,1,2,A,-,08,22107,,N,C,G,A,A,H,-,B,D,0,,Y,,,Y,,A,01,1,0,0,0,0,0,1,0,0,"- ","- ",38.010890000000003,-121.22995,"SAN JOAQUIN",UNINCORPORATED,-121.23002,38.010770000000001