CASE_ID,ACCIDENT_YEAR,PROC_DATE,JURIS,COLLISION_DATE,COLLISION_TIME,OFFICER_ID,REPORTING_DISTRICT,DAY_OF_WEEK,CHP_SHIFT,POPULATION,CNTY_CITY_LOC,SPECIAL_COND,BEAT_TYPE,CHP_BEAT_TYPE,CITY_DIVISION_LAPD,CHP_BEAT_CLASS,BEAT_NUMBER,PRIMARY_RD,SECONDARY_RD,DISTANCE,DIRECTION,INTERSECTION,WEATHER_1,WEATHER_2,STATE_HWY_IND,CALTRANS_COUNTY,CALTRANS_DISTRICT,STATE_ROUTE,ROUTE_SUFFIX,POSTMILE_PREFIX,POSTMILE,LOCATION_TYPE,RAMP_INTERSECTION,SIDE_OF_HWY,TOW_AWAY,COLLISION_SEVERITY,NUMBER_KILLED,NUMBER_INJURED,PARTY_COUNT,PRIMARY_COLL_FACTOR,PCF_CODE_OF_VIOL,PCF_VIOL_CATEGORY,PCF_VIOLATION,PCF_VIOL_SUBSECTION,HIT_AND_RUN,TYPE_OF_COLLISION,MVIW,PED_ACTION,ROAD_SURFACE,ROAD_COND_1,ROAD_COND_2,LIGHTING,CONTROL_DEVICE,CHP_ROAD_TYPE,PEDESTRIAN_ACCIDENT,BICYCLE_ACCIDENT,MOTORCYCLE_ACCIDENT,TRUCK_ACCIDENT,NOT_PRIVATE_PROPERTY,ALCOHOL_INVOLVED,STWD_VEHTYPE_AT_FAULT,CHP_VEHTYPE_AT_FAULT,COUNT_SEVERE_INJ,COUNT_VISIBLE_INJ,COUNT_COMPLAINT_PAIN,COUNT_PED_KILLED,COUNT_PED_INJURED,COUNT_BICYCLIST_KILLED,COUNT_BICYCLIST_INJURED,COUNT_MC_KILLED,COUNT_MC_INJURED,PRIMARY_RAMP,SECONDARY_RAMP,LATITUDE,LONGITUDE,COUNTY,CITY,POINT_X,POINT_Y
90703378,2018,2018-04-11,9266,2018-04-09,1320,013650,,1,1,9,3900,0,1,1,,1,015,"I-205 W/B","BANTA RXR U/C",675.00,W,N,A,-,Y,,,205,,,,,,W,N,4,0,1,3,A,-,03,22350,,N,C,C,A,A,H,-,A,D,0,,,,,Y,,A,08,0,0,1,0,0,0,0,0,0,"- ","- ",37.766208648681641,-121.34236907958984,"SAN JOAQUIN",UNINCORPORATED,-121.34237670898438,37.766300201416016
90704817,2018,2018-04-13,9265,2018-04-08,0227,020313,,7,3,9,3900,0,1,3,,2,004,"PELTIER RD","DUSTIN RD",13.00,E,N,A,-,N,,,,,,,,,,Y,4,0,1,2,A,-,01,23152,A,N,A,C,A,A,D,H,D,D,0,,,,,Y,Y,A,01,0,0,1,0,0,0,0,0,0,"- ","- ",38.188808441162109,-121.22516632080078,"SAN JOAQUIN",UNINCORPORATED,-121.22554779052734,38.189121246337891
90706303,2018,2018-04-16,9265,2018-04-10,1428,019387,,2,2,6,3905,0,1,1,,2,503,"INTERSTATE 5 SOUTHBOUND","CHARTER WAY",200.00,S,N,B,-,Y,,,5,,,,,,S,Y,4,0,2,2,A,-,03,22350,,N,C,C,A,A,D,-,A,D,0,,,,,Y,,A,01,0,0,2,0,0,0,0,0,0,"- ","- ",37.935901641845703,-121.29743957519531,"SAN JOAQUIN",STOCKTON,-121.29755401611328,37.935878753662109
90707033,2018,2018-04-17,9266,2018-03-30,1618,020083,,5,2,2,3920,0,1,1,,2,024,"I-5 N/B","STEWART ROAD",300.00,S,N,A,-,Y,,,5,,,,,,N,Y,3,0,4,4,A,-,03,22350,,N,C,C,A,A,H,-,A,D,0,,,,,Y,,D,22,0,2,2,0,0,0,0,0,0,"- ","- ",37.778850555419922,-121.31522369384766,"SAN JOAQUIN",LATHROP,-121.31529998779297,37.778968811035156
90708208,2018,2018-04-18,9265,2018-04-06,1630,17405,,5,2,9,3900,0,3,5,,2,010,"FRENCH CAMP RD.","PRESCOTT RD.",0.00,,Y,B,-,N,,,,,,,,,,Y,4,0,2,2,A,-,09,21801,A,N,D,C,A,A,H,-,A,D,0,,,,,Y,,D,22,0,0,2,0,0,0,0,0,0,"- ","- ",37.839298248291016,-121.16700744628906,"SAN JOAQUIN",UNINCORPORATED,-121.16700744628906,37.839321136474609
90708605,2018,2018-04-19,9266,2018-04-08,2015,021956,,7,2,9,3900,0,1,3,,1,026,"SR-132 W/B","WELTY ROAD",565.00,W,N,A,-,Y,,,132,,,,,,W,Y,4,0,1,1,A,-,01,23152,A,N,F,A,A,A,H,-,D,D,0,,,,,Y,Y,A,01,0,0,1,0,0,0,0,0,0,"- ","- ",37.638198852539062,-121.28810119628906,"SAN JOAQUIN",UNINCORPORATED,-121.28810119628906,37.638236999511719
90709211,2018,2018-04-19,9265,2018-04-15,1520,017123,,7,2,9,3900,0,2,4,,1,072,"RIVARA RD","PERSHING AVE",0.00,,Y,A,-,N,,,,,,,,,,Y,4,0,1,2,A,-,09,21802,A,N,D,C,A,A,H,-,A,A,0,,,,,Y,,A,07,0,0,1,0,0,0,0,0,0,"- ","- ",38.018569946289062,-121.33004760742188,"SAN JOAQUIN",UNINCORPORATED,-121.32994842529297,38.018550872802734
90710931,2018,2018-04-23,9266,2018-04-13,0415,021975,,5,3,9,3900,0,1,3,,1,011,SR-4,"MIDDLE RIVER BRIDGE",6864.00,W,N,A,-,Y,,,4,,,,,,,Y,4,0,1,2,A,-,03,22350,,N,C,C,A,A,H,-,D,D,0,,,,,Y,,A,01,0,0,1,0,0,0,0,0,0,"- ","- ",37.890209197998047,-121.51434326171875,"SAN JOAQUIN",UNINCORPORATED,-121.51432800292969,37.890094757080078
90711667,2018,2018-04-24,9266,2018-04-19,0430,019012,,4,3,9,3900,0,1,1,,2,021,"I-580 W/B","MOUNTAIN HOUSE PKWY",850.00,W,N,A,-,Y,,,580,,,,,,W,Y,4,0,1,4,A,-,03,22350,,N,C,C,A,A,H,-,D,D,0,,,,,Y,,A,01,0,0,1,0,0,0,0,0,0,"- ","- ",37.721481323242188,-121.53736114501953,"SAN JOAQUIN",UNINCORPORATED,-121.53729248046875,37.721549987792969
90712141,2018,2018-04-24,9265,2018-04-15,1900,018511,,7,2,9,3900,0,2,4,,1,064,"EIGHT MILE RD","HILDRETH LN",805.00,W,N,B,G,N,,,,,,,,,,Y,4,0,1,1,A,-,08,22107,,N,E,I,A,A,H,-,A,D,0,,,,,Y,,A,07,0,0,1,0,0,0,0,0,0,"- ","- ",38.05767822265625,-121.22936248779297,"SAN JOAQUIN",UNINCORPORATED,-121.22904968261719,38.057624816894531
90713084,2018,2018-04-25,9265,2018-03-28,2013,#13193,,3,2,9,3900,0,1,1,,2,503,"I-5 S/B",SR-4,500.00,S,N,A,-,Y,,,,,,,,,,Y,3,0,2,1,A,-,08,22107,,N,E,I,A,A,H,-,C,D,0,,,,,Y,,A,01,0,2,0,0,0,0,0,0,0,"- ","- ",,,"SAN JOAQUIN",UNINCORPORATED,,
90713188,2018,2018-04-25,9265,2018-04-19,1621,017405,,4,2,4,3903,0,1,3,,2,001,"SR-99 S/B","AUSTIN RD.",2270.00,N,N,A,-,Y,,,99,,,,,,S,N,4,0,1,2,A,-,03,22350,,N,C,C,A,A,H,-,A,D,0,,,,,Y,,A,07,0,0,1,0,0,0,0,0,0,"- ","- ",37.778720855712891,-121.18512725830078,"SAN JOAQUIN",MANTECA,-121.18524169921875,37.778553009033203
90713539,2018,2018-04-26,9266,2018-04-21,1520,020599,,6,2,5,3906,0,1,1,,1,015,"I-205 E/B","HOLLY DR",100.00,E,N,A,-,Y,,,205,,,,,,E,Y,4,0,1,2,A,-,03,22350,,N,C,C,A,A,H,-,A,D,0,,,,,Y,,A,01,0,0,1,0,0,0,0,0,0,"- ","- ",37.762931823730469,-121.42575836181641,"SAN JOAQUIN",TRACY,-121.42575836181641,37.762802124023438
90713835,2018,2018-04-26,9265,2018-04-20,1402,17405,,5,2,3,3904,0,1,3,,2,001,"SR-99 N/B","FULTON AVE. O/C",305.00,S,N,A,-,Y,,,99,,,,,,N,Y,4,0,3,2,A,-,03,22350,,N,C,C,A,A,H,-,A,D,0,,,,,Y,,A,01,0,0,3,0,0,0,0,0,0,"- ","- ",37.746078491210938,-121.13243103027344,"SAN JOAQUIN",RIPON,-121.13238525390625,37.746162414550781
90713852,2018,2018-04-26,9265,2018-04-21,1640,019387,,6,2,6,3905,0,1,1,,2,503,"I-5 S/B TO CHARTER WAY","CHARTER WAY",20.00,N,N,A,-,Y,,,5,,,,R,,S,N,4,0,2,2,A,-,21,22106,,N,C,C,A,A,H,-,A,D,0,,,,,Y,,A,07,0,0,2,0,0,0,0,0,0,"- ","- ",37.936748504638672,-121.29844665527344,"SAN JOAQUIN",STOCKTON,-121.29844665527344,37.936748504638672
90715241,2018,2018-04-27,9265,2018-04-23,0510,018511,,1,3,9,3900,0,2,4,,1,091,"WEST LN","HAM LN",528.00,S,N,A,-,N,,,,,,,,,,Y,4,0,1,1,A,-,08,22107,,N,E,J,A,A,H,-,D,A,0,,,,,Y,,A,07,0,0,1,0,0,0,0,0,0,"- ","- ",38.041900634765625,-121.17330169677734,"SAN JOAQUIN",UNINCORPORATED,-121.28885650634766,38.074378967285156
90715659,2018,2018-04-27,9265,2018-04-25,1220,015490,,3,1,9,3900,0,1,3,,2,004,"SR-99 N/B","FREMONT ST",1056.00,N,N,A,-,Y,,,99,,,,,,N,Y,3,0,1,2,A,-,01,23152,F,N,C,C,A,A,H,-,A,D,0,,,,,Y,,A,01,0,1,0,0,0,0,0,0,0,"- ","- ",37.973678588867188,-121.24726104736328,"SAN JOAQUIN",UNINCORPORATED,-121.24726104736328,37.973678588867188
90716995,2018,2018-05-01,9265,2018-04-15,2100,019774,,7,2,9,3900,0,3,5,,2,060,"LIBERTY RD","CHEROKEE LN",2308.00,E,N,B,-,N,,,,,,,,,,N,2,0,1,2,A,-,03,22350,,N,H,G,A,A,H,-,D,D,0,,Y,,,Y,,A,01,1,0,0,0,0,0,1,0,0,"- ","- ",38.233360290527344,-121.25541687011719,"SAN JOAQUIN",UNINCORPORATED,-121.25553131103516,38.233345031738281
90717094,2018,2018-05-01,9265,2018-04-17,1630,019657,,2,2,9,3900,0,2,4,,1,091,"EIGHT MILE RD","LOWER SACRAMENTO RD",380.00,E,N,A,-,N,,,,,,,,,,N,4,0,1,2,A,-,03,22350,,N,C,C,A,A,H,-,A,D,0,,,,,Y,,A,01,0,0,1,0,0,0,0,0,0,"- ","- ",38.057640075683594,-121.30919647216797,"SAN JOAQUIN",UNINCORPORATED,-121.31057739257812,38.057609558105469
90718015,2018,2018-05-02,9266,2018-04-25,0210,021956,,3,3,9,3900,0,1,3,,1,025,SR-33,"I-5 N/B",1056.00,S,N,A,-,N,,,33,,,,,,,Y,4,0,1,1,A,-,01,23152,A,N,F,A,A,A,H,-,D,D,0,,,,,Y,Y,A,01,0,0,1,0,0,0,0,0,0,"- ","- ",37.678470611572266,-121.33960723876953,"SAN JOAQUIN",UNINCORPORATED,-121.33967590332031,37.678401947021484
90719437,2018,2018-05-03,9266,2018-04-25,0548,021956,,3,3,9,3900,0,1,1,,2,014,"MOUNTAIN HOUSE PKWY OFF RAMP","MOUNTAIN HOUSE PKWY",528.00,E,N,A,-,Y,,,,,,,,,,Y,4,0,2,3,A,-,03,22350,,N,C,C,A,A,H,-,D,D,0,,,,,Y,,A,01,0,0,2,0,0,0,0,0,0,"- ","- ",37.742610931396484,-121.5283203125,"SAN JOAQUIN",UNINCORPORATED,,
90719579,2018,2018-05-03,9265,2018-04-27,1705,015756,,5,2,9,3900,0,1,3,,2,001,"SR-99 S/B","AUSTIN ROAD",2406.00,N,N,A,-,Y,,,99,,,,,,S,Y,4,0,2,1,C,-,18,,,N,E,J,A,A,H,-,A,D,0,,,,,Y,,-,"- ",0,0,2,0,0,0,0,0,0,"- ","- ",37.778289794921875,-121.18424987792969,"SAN JOAQUIN",UNINCORPORATED,-121.18436431884766,37.778057098388672
90719613,2018,2018-05-03,9266,2018-04-28,1705,018711,,6,2,5,3906,0,1,1,,1,015,"I-205 E/B","MACARTHUR DRIVE",60.00,E,N,A,-,Y,,,205,,,,,,E,N,4,0,1,2,A,-,03,22350,,N,C,C,A,A,H,-,A,D,0,,,,,Y,,A,01,0,0,1,0,0,0,0,0,0,"- ","- ",37.764308929443359,-121.41298675537109,"SAN JOAQUIN",TRACY,-121.41300201416016,37.764366149902344
90719916,2018,2018-05-04,9265,2018-04-27,1542,013444,,5,2,9,3900,0,1,3,,2,006,"SR-99 S/B","COLLIER RD",1584.00,S,N,A,-,Y,,,99,,,,,,S,Y,3,0,2,1,A,-,08,22107,,N,E,I,A,A,H,-,A,D,0,,,,,Y,,A,01,0,2,0,0,0,0,0,0,0,"- ","- ",38.2135009765625,-121.26782989501953,"SAN JOAQUIN",UNINCORPORATED,-121.26772308349609,38.213565826416016
90720813,2018,2018-05-07,9265,2018-04-25,1855,019888,,3,2,3,3904,0,1,3,,2,001,"SR-99 S/B FROM MAIN ST.","MAIN ST",247.00,S,N,A,-,Y,,,99,,,,R,,S,N,4,0,1,3,A,-,03,22350,,N,C,C,A,A,H,-,A,D,0,,,,,Y,,D,22,0,0,1,0,0,0,0,0,0,"- ","- ",37.738910675048828,-121.12079620361328,"SAN JOAQUIN",RIPON,-121.12079620361328,37.738910675048828
90721373,2018,2018-05-07,9265,2018-05-01,1640,019387,,2,2,6,3905,0,1,3,,1,042,"SR-4 W/B","WILSON WAY",1584.00,W,N,A,-,Y,,,4,,,,,,W,Y,4,0,1,2,A,-,03,22350,,N,C,C,A,A,H,-,A,D,0,,,,,Y,,A,07,0,0,1,0,0,0,0,0,0,"- ","- ",37.952709197998047,-121.27559661865234,"SAN JOAQUIN",STOCKTON,-121.27559661865234,37.952693939208984
90722304,2018,2018-05-08,9265,2018-05-02,0637,016639,,3,1,9,3900,0,1,3,,1,092,SR-12,"POTATO SLOUGH BRIDGE",5280.00,W,N,A,-,Y,,,12,,,,,,,Y,4,0,1,2,A,-,03,22350,,N,D,C,A,A,D,-,A,D,0,,,,,Y,,A,01,0,0,1,0,0,0,0,0,0,"- ","- ",38.113498687744141,-121.52195739746094,"SAN JOAQUIN",UNINCORPORATED,-121.52196502685547,38.113632202148438
90723070,2018,2018-05-09,9265,2018-04-27,1710,017405,,5,2,9,3900,0,1,3,,2,001,"SR-99 S/B","JACK TONE RD.",3326.00,N,N,A,-,Y,,,99,,,,,,S,Y,4,0,1,3,A,-,03,22350,,N,C,C,A,A,H,-,A,D,0,,,,,Y,,A,01,0,0,1,0,0,0,0,0,0,"- ","- ",37.757598876953125,-121.15203857421875,"SAN JOAQUIN",UNINCORPORATED,-121.15206909179688,37.757545471191406
90723726,2018,2018-05-10,9265,2018-04-30,1547,019413,,1,2,6,3905,0,1,3,,1,042,"SR-4 E/B","FILBERT ST",127.00,W,N,B,-,Y,,,4,,,,,,E,Y,2,0,2,5,A,-,03,22350,,N,C,C,A,A,H,-,A,D,0,,,,,Y,,D,22,1,0,1,0,0,0,0,0,0,"- ","- ",37.959400177001953,-121.25418853759766,"SAN JOAQUIN",STOCKTON,-121.25421142578125,37.959484100341797
90723933,2018,2018-05-10,9265,2018-05-04,0740,017989,,5,1,9,3900,0,3,5,,2,020,"MCKINLEY AVE","INDUSTRIAL AVE",620.00,S,N,A,-,N,,,,,,,,,,Y,4,0,1,2,A,-,09,21804,A,N,B,C,A,A,H,-,A,D,0,,,,,Y,,A,01,0,0,1,0,0,0,0,0,0,"- ","- ",37.905078887939453,-121.27317810058594,"SAN JOAQUIN",UNINCORPORATED,-121.27313995361328,37.905048370361328
90724917,2018,2018-05-11,9265,2018-05-04,1020,019128,,5,1,9,3900,0,2,4,,1,051,"DEL MAR AVENUE","WASHINGTON ST.",0.00,,Y,A,-,N,,,,,,,,,,Y,4,0,1,2,A,-,12,22450,A,N,D,C,A,A,H,-,A,A,0,,,,,Y,,D,22,0,0,1,0,0,0,0,0,0,"- ","- ",37.964401245117188,-121.23078918457031,"SAN JOAQUIN",UNINCORPORATED,-121.23036956787109,37.964450836181641
90725673,2018,2018-05-14,9265,2018-05-03,1800,020785,,4,2,3,3904,0,1,3,,2,001,"SR-99 S/B","MAIN ST",300.00,S,N,A,-,Y,,,99,,,,,,S,Y,4,0,1,3,A,-,03,22350,,N,C,C,A,A,H,-,A,D,0,,,,,Y,,D,22,0,0,1,0,0,0,0,0,0,"- ","- ",37.738658905029297,-121.12004852294922,"SAN JOAQUIN",RIPON,-121.12005615234375,37.738655090332031
90725873,2018,2018-05-14,9266,2018-05-10,1855,020083,,4,2,9,3900,0,1,1,,2,014,"I-205 E/B","MOUNTAIN HOUSE PKWY",250.00,W,N,A,-,Y,,,205,,,,,,E,Y,4,0,1,2,A,-,03,22350,,N,C,C,A,A,H,-,A,A,0,,,,,Y,,A,07,0,0,1,0,0,0,0,0,0,"- ","- ",37.742168426513672,-121.53257751464844,"SAN JOAQUIN",UNINCORPORATED,-121.53256225585938,37.742465972900391
90726830,2018,2018-05-15,9265,2018-05-03,2210,019888,,4,3,9,3900,0,1,1,,2,502,"I-5 N/B","LOUISE AVE",1780.00,S,N,A,-,Y,,,,,,,,,,Y,3,0,2,2,A,-,01,23152,A,N,B,C,A,A,H,-,D,D,0,,,,,Y,Y,A,01,0,1,1,0,0,0,0,0,0,"- ","- ",37.806968688964844,-121.29720306396484,"SAN JOAQUIN",UNINCORPORATED,-121.29705810546875,37.807117462158203
90726850,2018,2018-05-15,9265,2018-05-04,1025,015756,,5,1,9,3900,0,1,3,,1,013,"JACK TONE RD",SR-4,0.00,,Y,A,-,Y,,,,,,,,,,Y,4,0,2,2,A,-,12,21367,B,N,D,C,A,A,D,-,A,A,0,,,,,Y,,A,01,0,0,2,0,0,0,0,0,0,"- ","- ",37.942100524902344,-121.14804077148438,"SAN JOAQUIN",UNINCORPORATED,-121.14214324951172,37.736629486083984
90727648,2018,2018-05-16,9265,2018-04-27,2100,019888,,5,2,6,3905,0,1,1,,2,503,"I-5 S/B","WEBER AVE",494.00,S,N,A,-,Y,,,5,,,,,,S,Y,3,0,1,2,A,-,08,22107,,N,D,C,A,A,H,-,C,D,0,,,,,Y,,A,07,0,1,0,0,0,0,0,0,0,"- ","- ",37.950611114501953,-121.30481719970703,"SAN JOAQUIN",STOCKTON,-121.30467987060547,37.950893402099609
90728368,2018,2018-05-17,9265,2018-04-13,1535,17405,,5,2,4,3903,1,1,3,,2,001,"SR-99 S/B","AUSTIN RD.",210.00,N,N,A,-,Y,,,99,,,,,,S,Y,4,0,2,8,A,-,03,22350,,M,C,C,A,A,H,-,A,D,0,,,,,Y,,H,17,0,0,2,0,0,0,0,0,0,"- ","- ",37.775051116943359,-121.17990112304688,"SAN JOAQUIN",MANTECA,-121.17990875244141,37.775035858154297
90729032,2018,2018-05-18,9265,2018-05-10,1400,015490,,4,2,9,3900,0,1,3,,2,004,"SR-99 N/B","CHEROKEE RD",2640.00,N,N,A,-,Y,,,99,,,,,,N,Y,4,0,2,2,A,-,03,22350,,N,C,C,A,A,H,-,A,D,0,,,,,Y,,A,01,0,0,2,0,0,0,0,0,0,"- ","- ",37.999580383300781,-121.25554656982422,"SAN JOAQUIN",UNINCORPORATED,-121.25562286376953,37.999549865722656
90729265,2018,2018-05-18,9266,2018-05-11,2235,020599,,5,3,9,3900,0,2,4,,1,016,"CHRISMAN ROAD","ELEVENTH STREET",0.00,,Y,A,-,N,,,,,,,,,,Y,4,0,1,2,A,-,01,23152,A,N,C,C,A,A,H,-,C,D,0,,,,,Y,Y,D,22,0,0,1,0,0,0,0,0,0,"- ","- ",37.739601135253906,-121.39830780029297,"SAN JOAQUIN",UNINCORPORATED,-121.39830780029297,37.739799499511719
90730373,2018,2018-05-21,9265,2018-05-13,1345,019387,,7,1,9,3900,0,2,4,,1,082,"PLYMOUTH ROAD","MICHIGAN AVENUE",0.00,,Y,A,-,N,,,,,,,,,,Y,4,0,1,2,A,-,12,22450,A,N,D,C,A,A,H,-,A,A,0,,,,,Y,,A,01,0,0,1,0,0,0,0,0,0,"- ","- ",37.967388153076172,-121.33611297607422,"SAN JOAQUIN",UNINCORPORATED,-121.33606719970703,37.967460632324219
90730643,2018,2018-05-21,9266,2018-05-15,0508,018751,,2,3,5,3906,0,1,1,,2,014,"I-205 W/B","GRANT LINE ROAD",1600.00,E,N,A,-,Y,,,205,,,,,,W,Y,4,0,1,2,A,-,03,22350,,N,B,C,A,A,H,-,B,D,0,,,Y,,Y,,C,02,0,0,1,0,0,0,0,0,1,"- ","- ",37.755790710449219,-121.45973968505859,"SAN JOAQUIN",TRACY,-121.45970916748047,37.755706787109375
90732329,2018,2018-05-23,9265,2018-05-14,2029,019073,,1,2,9,3900,0,3,5,,2,060,"SR-99 S/B","KETTLEMAN LN",2112.00,S,N,A,-,Y,,,99,,,,,,S,Y,4,0,1,3,A,-,03,22350,,N,C,C,A,A,D,-,B,A,0,,,,,Y,,A,01,0,0,1,0,0,0,0,0,0,"- ","- ",38.11029052734375,-121.25930023193359,"SAN JOAQUIN",UNINCORPORATED,-121.25929260253906,38.11029052734375
9073325,2020,2020-06-10,3905,2020-02-18,1334,1312,CIV,2,5,6,3905,0,0,0,,0,,"PARK ST","SUTTER ST",0.00,,Y,B,-,N,,,,,,,,,,N,4,0,1,4,A,-,09,21802,A,N,D,C,A,A,H,-,A,A,0,,,,,Y,,A,01,0,0,1,0,0,0,0,0,0,"- ","- ",37.960338592529297,-121.28766632080078,"SAN JOAQUIN",STOCKTON,-121.28775787353516,37.960338592529297
9073341,2020,2020-07-21,3905,2020-03-07,1218,2463,PAR,6,5,6,3905,0,0,0,,0,,"AIRPORT WY","OAK ST",0.00,,Y,B,-,N,,,,,,,,,,Y,4,0,1,2,A,-,12,21453,A,N,D,C,A,A,H,-,A,A,0,,,,,Y,,A,01,0,0,1,0,0,0,0,0,0,"- ","- ",37.961261749267578,-121.27568054199219,"SAN JOAQUIN",STOCKTON,-121.27581024169922,37.961360931396484
90733523,2018,2018-05-24,9265,2018-05-16,1230,015756,,3,1,9,3900,0,3,5,,2,010,"GAWNE RD","VAN ALLEN RD",3168.00,W,N,A,-,N,,,,,,,,,,Y,4,0,1,1,A,-,08,22107,,N,E,I,A,A,H,-,A,D,0,,,,,Y,,A,01,0,0,1,0,0,0,0,0,0,"- ","- ",37.892501831054688,-121.06632995605469,"SAN JOAQUIN",UNINCORPORATED,-121.06631469726562,37.892547607421875
90736116,2018,2018-05-29,9266,2018-05-21,0510,019312,,1,3,9,3900,0,2,4,,1,016,"GRANT LINE ROAD","STONERIDGE DRIVE",100.00,W,N,A,-,N,,,,,,,,,,Y,3,0,2,2,A,-,08,22107,,N,A,C,A,A,H,-,D,D,0,,,,,Y,,A,01,0,1,1,0,0,0,0,0,0,"- ","- ",37.753868103027344,-121.35514068603516,"SAN JOAQUIN",UNINCORPORATED,-121.35513305664062,37.753887176513672
90736312,2018,2018-05-29,9265,2018-05-17,1325,015490,,4,1,9,3900,0,1,3,,2,004,"SR-99 S/B","WATERLOO RD",400.00,N,N,A,-,Y,,,99,,,,,,S,N,4,0,1,2,A,-,03,22350,,N,C,C,A,A,H,-,A,D,0,,,,,Y,,D,22,0,0,1,0,0,0,0,0,0,"- ","- ",37.985771179199219,-121.25035095214844,"SAN JOAQUIN",UNINCORPORATED,-121.25037384033203,37.985763549804688
90736984,2018,2018-05-30,9265,2018-05-12,1430,17405,,6,2,4,3903,0,1,3,,2,025,"SR-120 E/B","MAIN ST.",161.00,E,N,A,-,Y,,,120,,,,,,E,Y,4,0,6,3,A,-,03,22350,,N,C,C,A,A,H,-,A,D,0,,,,,Y,,D,22,0,0,6,0,0,0,0,0,0,"- ","- ",37.783161163330078,-121.21524810791016,"SAN JOAQUIN",MANTECA,-121.21524810791016,37.783210754394531
9073722,2020,2020-08-27,3905,2020-04-01,1103,2466,CIV,3,5,6,3905,0,0,0,,0,,"PARK ST","LINCOLN ST",0.00,,Y,A,-,N,,,,,,,,,,Y,4,0,1,2,A,-,12,22450,A,F,D,C,A,A,H,-,A,A,0,,,,,Y,,A,01,0,0,1,0,0,0,0,0,0,"- ","- ",37.957859039306641,-121.30062103271484,"SAN JOAQUIN",STOCKTON,-121.29947662353516,37.958351135253906
9073727,2020,2020-08-27,3905,2020-04-03,1256,7035,VAL,5,5,6,3905,0,0,0,,0,,"WEST LN","CLOWES ST",10.00,N,N,A,-,N,,,,,,,,,,Y,4,0,1,1,A,-,03,22350,,N,E,I,A,A,H,-,A,D,0,,,,,Y,,A,07,0,0,1,0,0,0,0,0,0,"- ","- ",38.000450134277344,-121.28952789306641,"SAN JOAQUIN",STOCKTON,-121.28955841064453,37.998954772949219
9073732,2020,2020-08-27,3905,2020-04-07,1713,2992,VAL,2,5,6,3905,0,0,0,,0,,"BIANCHI RD","GREENSBORO WY",150.00,E,N,A,-,N,,,,,,,,,,,4,0,1,2,A,-,03,22350,,F,C,C,A,A,H,-,A,D,0,,,,,Y,,-,99,0,0,1,0,0,0,0,0,0,"- ","- ",37.996559143066406,-121.29347229003906,"SAN JOAQUIN",STOCKTON,-121.29347991943359,37.996658325195312
9073734,2020,2020-08-03,3905,2020-04-07,1654,2463,CIV,2,5,6,3905,0,0,0,,0,,"PACIFIC AV","KNOLES WY",0.00,,Y,A,-,Y,,,,,,,,,,Y,4,0,1,2,A,-,09,21801,A,N,D,C,A,A,H,-,A,A,0,,,,,Y,,A,07,0,0,1,0,0,0,0,0,0,"- ","- ",37.980171203613281,-121.30814361572266,"SAN JOAQUIN",STOCKTON,-121.30729675292969,37.980659484863281
90737931,2018,2018-05-31,9266,2018-05-24,1750,018711,,4,2,5,3906,0,1,1,,1,015,"I-205 E/B","MACARTHUR DRIVE",150.00,W,N,B,-,Y,,,205,,,,,,E,N,4,0,1,2,A,-,03,22350,,N,C,C,A,A,H,-,A,D,0,,,,,Y,,A,01,0,0,1,0,0,0,0,0,0,"- ","- ",37.763389587402344,-121.42140960693359,"SAN JOAQUIN",TRACY,-121.42137145996094,37.763118743896484
90738563,2018,2018-05-31,9265,2018-05-23,1425,016382,,3,2,2,3920,0,1,1,,2,502,"I-5 S/B","LATHROP RD",3300.00,N,N,A,-,Y,,,5,,,,,,S,Y,3,0,1,1,A,-,08,22107,,N,F,A,A,A,H,-,A,D,0,,,,,Y,,A,01,0,1,0,0,0,0,0,0,0,"- ","- ",37.835189819335938,-121.28748321533203,"SAN JOAQUIN",LATHROP,-121.28707122802734,37.835094451904297
90740051,2018,2018-06-04,9265,2018-05-19,0420,020785,,6,3,9,3900,0,2,4,,1,093,"DAVIS RD","EIGHT MILE RD",5072.00,N,N,A,-,N,,,,,,,,,,Y,2,0,4,2,A,-,01,23152,A,N,B,C,A,A,H,-,D,D,0,,,,,Y,Y,A,01,1,0,3,0,0,0,0,0,0,"- ","- ",38.084640502929688,-121.33396911621094,"SAN JOAQUIN",UNINCORPORATED,-121.33335113525391,38.057598114013672
90741994,2018,2018-06-06,9265,2018-05-23,1525,016639,,3,2,9,3900,0,1,1,,2,503,"I-5 S/B","FRENCH CAMP RD",1500.00,N,N,A,-,Y,,,5,,,,,,S,Y,3,0,2,3,A,-,03,22350,,N,C,C,A,A,H,-,A,D,0,,,,,Y,,A,07,0,2,0,0,0,0,0,0,0,"- ","- ",37.904731750488281,-121.28662872314453,"SAN JOAQUIN",UNINCORPORATED,-121.28672027587891,37.904697418212891