CASE_ID,ACCIDENT_YEAR,PROC_DATE,JURIS,COLLISION_DATE,COLLISION_TIME,OFFICER_ID,REPORTING_DISTRICT,DAY_OF_WEEK,CHP_SHIFT,POPULATION,CNTY_CITY_LOC,SPECIAL_COND,BEAT_TYPE,CHP_BEAT_TYPE,CITY_DIVISION_LAPD,CHP_BEAT_CLASS,BEAT_NUMBER,PRIMARY_RD,SECONDARY_RD,DISTANCE,DIRECTION,INTERSECTION,WEATHER_1,WEATHER_2,STATE_HWY_IND,CALTRANS_COUNTY,CALTRANS_DISTRICT,STATE_ROUTE,ROUTE_SUFFIX,POSTMILE_PREFIX,POSTMILE,LOCATION_TYPE,RAMP_INTERSECTION,SIDE_OF_HWY,TOW_AWAY,COLLISION_SEVERITY,NUMBER_KILLED,NUMBER_INJURED,PARTY_COUNT,PRIMARY_COLL_FACTOR,PCF_CODE_OF_VIOL,PCF_VIOL_CATEGORY,PCF_VIOLATION,PCF_VIOL_SUBSECTION,HIT_AND_RUN,TYPE_OF_COLLISION,MVIW,PED_ACTION,ROAD_SURFACE,ROAD_COND_1,ROAD_COND_2,LIGHTING,CONTROL_DEVICE,CHP_ROAD_TYPE,PEDESTRIAN_ACCIDENT,BICYCLE_ACCIDENT,MOTORCYCLE_ACCIDENT,TRUCK_ACCIDENT,NOT_PRIVATE_PROPERTY,ALCOHOL_INVOLVED,STWD_VEHTYPE_AT_FAULT,CHP_VEHTYPE_AT_FAULT,COUNT_SEVERE_INJ,COUNT_VISIBLE_INJ,COUNT_COMPLAINT_PAIN,COUNT_PED_KILLED,COUNT_PED_INJURED,COUNT_BICYCLIST_KILLED,COUNT_BICYCLIST_INJURED,COUNT_MC_KILLED,COUNT_MC_INJURED,PRIMARY_RAMP,SECONDARY_RAMP,LATITUDE,LONGITUDE,COUNTY,CITY,POINT_X,POINT_Y
90827968,2018,2018-10-03,9265,2018-09-21,1751,17405,,5,2,9,3900,0,3,5,,2,030,"HOWARD RD.","ROBERTS RD.",0.00,,Y,A,-,N,,,,,,,,,,Y,2,0,2,2,A,-,09,21801,A,N,A,C,A,A,H,-,A,D,0,,,,Y,Y,,G,25,1,1,0,0,0,0,0,0,0,"- ","- ",37.877418518066406,-121.34085845947266,"SAN JOAQUIN",UNINCORPORATED,-121.34239959716797,37.877399444580078
90828057,2018,2018-10-03,9265,2018-09-21,2215,019136,,5,3,9,3900,0,2,4,,1,072,"WEST LN","ALPINE AVE",18.00,N,N,A,-,N,,,,,,,,,,N,4,0,1,3,A,-,10,21950,A,F,D,G,B,A,H,-,C,A,0,Y,,,,Y,,A,01,0,0,1,0,1,0,0,0,0,"- ","- ",37.984081268310547,-121.28401184082031,"SAN JOAQUIN",UNINCORPORATED,-121.28392791748047,37.9840087890625
90828935,2018,2018-10-04,9265,2018-09-25,0820,016382,,2,1,3,3904,0,1,3,,2,001,"SR-99 S/B","MAIN ST",2800.00,N,N,A,-,Y,,,99,,,,,,S,Y,3,0,2,1,A,-,08,22107,,N,E,I,A,A,H,-,A,D,0,,,,,Y,,D,22,0,2,0,0,0,0,0,0,0,"- ","- ",37.743721008300781,-121.12850952148438,"SAN JOAQUIN",RIPON,-121.12852478027344,37.743690490722656
90828974,2018,2018-10-04,9265,2018-09-25,0307,018511,,2,3,9,3900,0,3,5,,2,060,"HWY 99 E. FRONTAGE ROAD","ARMSTRONG RD",425.00,N,N,A,-,N,,,,,,,,,,Y,3,0,1,1,A,-,08,22107,,N,E,I,A,A,H,-,D,D,0,,,,,Y,,A,01,0,1,0,0,0,0,0,0,0,"- ","- ",38.088638305664062,-121.25949096679688,"SAN JOAQUIN",UNINCORPORATED,-121.2601318359375,38.088607788085938
90829017,2018,2018-10-04,9265,2018-09-28,1655,020513,,5,2,6,3905,0,1,3,,1,042,"SR-4 E/B","MAIN ST",460.00,W,N,A,-,Y,,,4,,,,,,E,Y,4,0,1,2,A,-,03,22350,,N,B,C,A,A,H,-,A,D,0,,,,,Y,,A,01,0,0,1,0,0,0,0,0,0,"- ","- ",37.95458984375,-121.26657867431641,"SAN JOAQUIN",STOCKTON,-121.26660919189453,37.95465087890625
90829464,2018,2018-10-05,9265,2018-09-26,0750,016639,,3,1,9,3900,0,2,4,,1,074,"BENJAMIN HOLT DR","VICKSBURG PL",300.00,E,N,A,-,N,,,,,,,,,,Y,3,0,1,2,A,-,03,22350,,N,C,C,A,A,H,-,A,D,0,,,,,Y,,A,01,0,1,0,0,0,0,0,0,0,"- ","- ",38.008831024169922,-121.32823944091797,"SAN JOAQUIN",UNINCORPORATED,-121.32729339599609,38.009147644042969
90829915,2018,2018-10-05,9265,2018-09-25,2055,020651,,2,2,4,3903,0,1,3,,2,001,"SR-99 N/B","LOUISE AVE",503.00,S,N,A,-,Y,,,99,,,,,,N,Y,3,0,2,2,A,-,08,22107,,F,B,C,A,A,H,-,C,D,0,,,,,Y,,-,99,0,1,1,0,0,0,0,0,0,"- ","- ",37.805789947509766,-121.19817352294922,"SAN JOAQUIN",MANTECA,-121.19765472412109,37.806423187255859
90832383,2018,2018-10-09,9265,2018-09-18,0250,019489,,2,3,6,3905,0,1,1,,2,504,"I-5 N/B","HAMMER LN",3400.00,S,N,A,-,Y,,,5,,,,,,N,Y,4,0,1,2,A,-,03,22350,,N,C,C,A,A,H,-,D,D,0,,,,Y,Y,,D,22,0,0,1,0,0,0,0,0,0,"- ","- ",38.012168884277344,-121.35440063476562,"SAN JOAQUIN",STOCKTON,-121.35423278808594,38.012245178222656
90833750,2018,2018-10-11,9265,2018-10-01,1634,018289,,1,2,9,3900,0,2,4,,1,053,"ALPINE AVENUE","BELVEDERE AVENUE",0.00,,Y,A,-,N,,,,,,,,,,Y,4,0,3,2,A,-,09,21802,A,N,D,C,A,A,H,-,A,A,0,,,,,Y,,A,01,0,0,3,0,0,0,0,0,0,"- ","- ",37.987560272216797,-121.26959991455078,"SAN JOAQUIN",UNINCORPORATED,-121.26963806152344,37.98760986328125
90835646,2018,2018-10-15,9265,2018-10-03,0641,019073,,3,1,9,3900,0,1,3,,2,025,"SR-120 W/B","UNION RD",0.34,E,N,B,-,Y,,,,,,,,,,Y,4,0,3,3,A,-,03,22350,,N,C,C,A,A,H,-,A,D,0,,,,,Y,,A,01,0,0,3,0,0,0,0,0,0,"- ","- ",37.783390045166016,-121.22765350341797,"SAN JOAQUIN",UNINCORPORATED,-121.23407745361328,37.783420562744141
90838364,2018,2018-10-17,9265,2018-10-07,0110,018784,,7,3,6,3905,0,1,1,,2,503,"I-5 N/B","8TH ST",200.00,S,N,A,-,Y,,,5,,,,,,N,N,3,0,1,1,A,-,08,22107,,N,F,A,A,A,H,-,C,D,0,,,,,Y,,A,01,0,1,0,0,0,0,0,0,0,"- ","- ",37.926040649414062,-121.29399871826172,"SAN JOAQUIN",STOCKTON,-121.29405975341797,37.926017761230469
90838584,2018,2018-10-18,9265,2018-09-28,2240,019307,,5,3,2,3920,0,1,1,,2,502,"I-5 S/B","ROTH ROAD",2650.00,S,N,A,-,Y,,,5,,,,,,S,Y,4,0,1,2,A,-,03,22350,,N,C,C,A,A,H,-,D,D,0,,,,,Y,,A,01,0,0,1,0,0,0,0,0,0,"- ","- ",37.848400115966797,-121.28388214111328,"SAN JOAQUIN",LATHROP,-121.28395080566406,37.848415374755859
90838936,2018,2018-10-18,9265,2018-10-07,0100,020260,,7,3,6,3905,0,1,1,,2,503,"I-5 N/B","EIGHTH STREET",110.00,S,N,A,-,Y,,,5,,,,,,N,Y,4,0,1,2,A,-,03,22350,,M,C,C,A,A,H,-,D,D,0,,,,,Y,,A,01,0,0,1,0,0,0,0,0,0,"- ","- ",37.926719665527344,-121.2943115234375,"SAN JOAQUIN",STOCKTON,-121.2943115234375,37.926719665527344
90838970,2018,2018-10-18,9265,2018-10-07,1045,019073,,7,1,9,3900,0,2,4,,1,053,"WILSON WAY","ALPINE AVE",284.00,N,N,A,-,N,,,,,,,,,,Y,4,0,1,2,A,-,03,22350,,N,C,C,A,A,H,-,A,A,0,,,,,Y,,A,01,0,0,1,0,0,0,0,0,0,"- ","- ",37.988498687744141,-121.26853942871094,"SAN JOAQUIN",UNINCORPORATED,-121.26837921142578,37.988525390625
90839100,2018,2018-10-18,9265,2018-09-25,0130,019307,,2,3,9,3900,0,1,1,,2,504,"I-5 S/B","EIGHT MILE RD",1650.00,S,N,A,-,Y,,,5,,,,,,S,Y,4,0,1,1,A,-,08,22107,,N,E,I,A,A,H,-,D,D,0,,,,,Y,,A,01,0,0,1,0,0,0,0,0,0,"- ","- ",38.051651000976562,-121.37081146240234,"SAN JOAQUIN",UNINCORPORATED,-121.370849609375,38.0516357421875
9083962,2020,2020-07-24,3902,2020-01-26,1711,WH54,,7,5,5,3902,0,0,0,,0,,"SOUTH CHEROKEE LN","KETTLEMAN LN",617.00,N,N,A,-,N,,,,,,,,,,N,4,0,2,2,A,-,04,21703,,N,C,C,A,A,H,-,A,D,0,,,,,Y,,A,01,0,0,2,0,0,0,0,0,0,"- ","- ",,,"SAN JOAQUIN",LODI,-121.26047515869141,38.118015289306641
9083970,2020,2020-07-24,3902,2020-01-24,1805,RP64,,5,5,5,3902,0,0,0,,0,,"W LODI AV","SOUTH CHURCH ST",0.00,,Y,A,-,N,,,,,,,,,,N,4,0,1,2,A,-,09,21801,,N,D,C,A,A,H,-,C,A,0,,,,,Y,,A,01,0,0,1,0,0,0,0,0,0,"- ","- ",,,"SAN JOAQUIN",LODI,-121.27532958984375,38.130199432373047
90839883,2018,2018-10-19,9266,2018-09-04,2336,015805,,2,3,9,3900,0,1,3,,1,026,"SR-132 E/B","CHRISMAN ROAD",1255.00,E,N,A,-,Y,,,132,,,,,,E,Y,1,1,0,2,A,-,03,22350,,N,G,B,F,A,D,-,D,A,0,Y,,,,Y,,A,07,0,0,0,1,0,0,0,0,0,"- ","- ",37.638378143310547,-121.39322662353516,"SAN JOAQUIN",UNINCORPORATED,-121.39323425292969,37.638317108154297
9084085,2020,2020-06-09,3902,2020-02-09,0034,DB72,,7,5,5,3902,0,0,0,,0,,"SOUTH CENTRAL AV","E LODI AV",3.00,N,N,A,-,N,,,,,,,,,,Y,4,0,1,1,A,-,03,22350,A,N,E,I,A,A,H,-,C,A,0,,,Y,,Y,,C,02,0,0,1,0,0,0,0,0,1,"- ","- ",,,"SAN JOAQUIN",LODI,-121.26520538330078,38.130779266357422
90840979,2018,2018-10-22,9265,2018-10-10,1555,019413,,3,2,9,3900,0,2,4,,1,051,"MAIN ST","WAGNER AVE",60.00,E,N,A,-,N,,,,,,,,,,Y,4,0,2,2,A,-,03,22350,,N,C,C,A,A,H,-,A,A,0,,,,,Y,,D,22,0,0,2,0,0,0,0,0,0,"- ","- ",37.955741882324219,-121.22734832763672,"SAN JOAQUIN",UNINCORPORATED,-121.22740173339844,37.955699920654297
90841985,2018,2018-10-23,9265,2018-10-14,1710,019387,,7,2,6,3905,0,1,1,,2,504,"INTERSTATE 5 SOUTHBOUND","HAMMER LANE",925.00,S,N,A,-,Y,,,5,,,,,,S,Y,4,0,1,3,A,-,03,22350,,N,C,C,A,A,H,-,A,D,0,,,,,Y,,D,22,0,0,1,0,0,0,0,0,0,"- ","- ",38.019191741943359,-121.35782623291016,"SAN JOAQUIN",STOCKTON,-121.35793304443359,38.019138336181641
90842115,2018,2018-10-23,9265,2018-09-17,2317,019657,,1,3,6,3905,0,1,1,,2,503,"I-5 S/B","CHURCH ST",225.00,S,N,A,-,Y,,,5,,,,,,S,Y,3,0,1,1,A,-,01,23152,G,N,E,I,A,A,H,-,D,D,0,,,,,Y,Y,A,01,0,1,0,0,0,0,0,0,0,"- ","- ",37.945301055908203,-121.299072265625,"SAN JOAQUIN",STOCKTON,-121.29914855957031,37.945278167724609
90843319,2018,2018-10-24,9265,2018-10-15,2158,018694,,1,2,9,3900,0,3,5,,2,010,"SR-99 E. FRONTAGE RD.","AUSTIN ROAD",3168.00,S,N,A,-,N,,,99,,,,,,,N,2,0,1,2,A,-,03,22350,,N,B,B,E,A,H,-,D,D,0,Y,,,,Y,,A,01,1,0,0,0,1,0,0,0,0,"- ","- ",37.770160675048828,-121.17273712158203,"SAN JOAQUIN",UNINCORPORATED,-121.17282867431641,37.770004272460938
90843664,2018,2018-10-24,9265,2018-10-23,1620,017405,,2,2,9,3900,0,3,5,,2,010,"MARIPOSA RD.","AUSTIN RD.",1267.00,E,N,A,-,N,,,,,,,,,,Y,4,0,1,2,A,-,08,22107,,N,E,I,A,A,H,-,A,D,0,,,,,Y,,E,22,0,0,1,0,0,0,0,0,0,"- ","- ",37.912818908691406,-121.17986297607422,"SAN JOAQUIN",UNINCORPORATED,-121.18402862548828,37.911800384521484
90844028,2018,2018-10-24,9266,2018-10-22,0655,018217,,1,1,9,3900,0,1,1,,2,021,"I-580 W/B","MOUNTAIN HOUSE PKWY",2570.00,W,N,A,-,Y,,,580,,,,,,W,Y,4,0,2,3,A,-,03,22350,,N,C,C,A,A,H,-,B,D,0,,,,Y,Y,,G,25,0,0,2,0,0,0,0,0,0,"- ","- ",37.725311279296875,-121.54171752929688,"SAN JOAQUIN",UNINCORPORATED,-121.54159545898438,37.725452423095703
90844384,2018,2018-10-25,9266,2018-10-17,1445,015432,,3,2,9,3900,0,2,4,,1,016,"11TH STREET E/B","BIRD ROAD",0.00,,Y,A,-,N,,,,,,,,,,Y,2,0,4,2,A,-,01,23152,A,N,D,C,A,A,H,-,A,A,0,,,,,Y,Y,A,07,1,1,2,0,0,0,0,0,0,"- ","- ",37.745681762695312,-121.36177062988281,"SAN JOAQUIN",UNINCORPORATED,-121.36179351806641,37.745941162109375
90846401,2018,2018-10-26,9265,2018-10-08,1545,019182,,1,2,9,3900,0,3,5,,2,010,"VAN ALLEN RD","ALLEN RD",5.00,S,N,A,-,N,,,,,,,,,,N,4,0,1,2,A,-,05,21752,D,N,H,G,A,A,H,-,A,D,0,,Y,,,Y,,A,01,0,0,1,0,0,0,1,0,0,"- ","- ",37.783920288085938,-121.05162811279297,"SAN JOAQUIN",UNINCORPORATED,-121.05172729492188,37.783847808837891
90846623,2018,2018-10-26,9265,2018-10-20,0113,018511,,6,3,9,3900,0,3,5,,2,060,"CHERRYLAND AVE","LEONARDINI RD",20.00,N,N,A,-,N,,,,,,,,,,Y,2,0,1,1,A,-,08,22107,,N,E,I,A,A,H,-,D,D,0,,,,,Y,,A,07,1,0,0,0,0,0,0,0,0,"- ","- ",38.004901885986328,-121.24851989746094,"SAN JOAQUIN",UNINCORPORATED,-121.24862670898438,38.005599975585938
90846683,2018,2018-10-26,9265,2018-09-14,0425,018850,,5,3,9,3900,0,3,5,,2,010,"MURPHY RD","FRENCH CAMP RD",0.00,,Y,A,-,N,,,,,,,,,,Y,1,1,0,2,A,-,09,21802,A,N,D,C,A,A,H,-,D,A,0,,,Y,,Y,,D,22,0,0,0,0,0,0,0,1,0,"- ","- ",37.805519104003906,-121.10719299316406,"SAN JOAQUIN",UNINCORPORATED,-121.10743713378906,37.805629730224609
90849973,2018,2018-10-31,9266,2018-10-23,0750,019532,,2,1,9,3900,0,2,4,,2,030,"GREAT VALLEY PKY.","MUSTANG WAY",0.00,,Y,A,-,N,,,,,,,,,,Y,4,0,1,2,A,-,09,21801,A,N,D,C,A,A,H,-,A,D,0,,,,,Y,,A,08,0,0,1,0,0,0,0,0,0,"- ","- ",37.768058776855469,-121.55702972412109,"SAN JOAQUIN",UNINCORPORATED,-121.55702972,37.768058779999997
90851699,2018,2018-11-02,9265,2018-10-26,1428,017405,,5,2,6,3905,0,1,3,,1,042,"SR-4 E/B","FILBERT ST",95.00,W,N,A,-,Y,,,4,,,,,,E,Y,4,0,1,3,A,-,03,22350,,N,C,C,A,A,H,-,A,D,0,,,,,Y,,A,01,0,0,1,0,0,0,0,0,0,"- ","- ",37.959438323974609,-121.25405120849609,"SAN JOAQUIN",STOCKTON,-121.25407409667969,37.959522247314453
90852705,2018,2018-11-05,9266,2018-10-27,1345,018888,,6,1,5,3906,0,1,1,,2,014,"I-205 E/B","CORRAL HOLLOW ROAD",528.00,W,N,A,-,Y,,,205,,,,,,E,Y,4,0,1,1,A,-,08,22107,,N,F,A,A,A,H,-,A,D,0,,,Y,,Y,,C,02,0,0,1,0,0,0,0,0,1,"- ","- ",37.757511138916016,-121.45429229736328,"SAN JOAQUIN",TRACY,-121.45430755615234,37.757556915283203
90853114,2018,2018-11-05,9265,2018-10-24,0748,018767,,3,1,4,3903,0,1,3,,2,025,"SR-120 E/B","MAIN ST",2640.00,E,N,A,-,Y,,,120,,,,,,E,Y,4,0,1,2,A,-,03,22350,,N,C,C,A,A,H,-,A,D,0,,,,,Y,,A,01,0,0,1,0,0,0,0,0,0,"- ","- ",37.783149719238281,-121.19840240478516,"SAN JOAQUIN",MANTECA,-121.19840240478516,37.783203125
90853934,2018,2018-11-06,9266,2018-10-30,0815,018217,,2,1,9,3900,0,1,1,,2,021,"I-580 W/B","CORRAL HOLLOW ROAD",1480.00,E,N,A,-,Y,,,580,,,,,,W,Y,3,0,1,1,A,-,08,22107,,N,F,A,A,A,H,-,A,D,0,,,,,Y,,D,22,0,1,0,0,0,0,0,0,0,"- ","- ",37.667591094970703,-121.44918823242188,"SAN JOAQUIN",UNINCORPORATED,-121.44921112060547,37.667552947998047
90854406,2018,2018-11-06,9265,2018-10-26,1602,013238,,5,2,9,3900,0,3,5,,2,030,"POCK LN","CARPENTER RD.",22.00,S,N,A,-,N,,,,,,,,,,Y,3,0,3,2,A,-,08,22100,,N,B,C,A,A,H,-,A,A,0,,,,,Y,,D,22,0,3,0,0,0,0,0,0,0,"- ","- ",37.921890258789062,-121.24159240722656,"SAN JOAQUIN",UNINCORPORATED,-121.24192810058594,37.921783447265625
90854579,2018,2018-11-06,9265,2018-10-25,1028,015756,,4,1,9,3900,0,1,3,,1,061,SR-26,"MURRAY RD",0.00,,Y,A,-,Y,,,26,,,,,,,Y,2,0,1,2,A,-,05,21752,D,N,B,C,A,A,H,-,A,D,0,,,Y,,Y,,C,02,1,0,0,0,0,0,0,0,1,"- ","- ",38.010990142822266,-121.11373138427734,"SAN JOAQUIN",UNINCORPORATED,-121.11373138427734,38.011001586914062
90854708,2018,2018-11-07,9265,2018-10-26,1633,017405,,5,2,9,3900,0,1,3,,2,003,"SR-99 N/B","FRENCH CAMP RD.",8976.00,N,N,A,-,Y,,,99,,,,,,N,Y,3,0,1,1,A,-,08,22107,,N,E,I,A,A,H,-,A,D,0,,,,,Y,,D,22,0,1,0,0,0,0,0,0,0,"- ","- ",37.884601593017578,-121.22006225585938,"SAN JOAQUIN",UNINCORPORATED,-121.22015380859375,37.884597778320312
90855124,2018,2018-11-07,9265,2018-10-29,1631,017537,,1,2,9,3900,0,3,5,,2,090,"SACRAMENTO ST","NEW HOPE RD",600.00,S,N,A,-,N,,,,,,,,,,Y,4,0,1,2,A,-,05,21460,A,N,D,C,A,A,H,-,A,D,0,,,,,Y,,A,01,0,0,1,0,0,0,0,0,0,"- ","- ",38.229320526123047,-121.42378234863281,"SAN JOAQUIN",UNINCORPORATED,-121.42378997802734,38.230293273925781
90855894,2018,2018-11-08,9266,2018-10-07,0545,020083,,7,3,9,3900,0,2,4,,1,016,"ELEVENTH STREET","SOUTH BIRD ROAD",0.00,,Y,A,-,N,,,,,,,,,,Y,2,0,2,2,A,-,01,23153,A,N,D,C,A,A,H,-,C,A,0,,,,,Y,Y,A,01,1,1,0,0,0,0,0,0,0,"- ","- ",37.745899200439453,-121.36209869384766,"SAN JOAQUIN",UNINCORPORATED,-121.36179351806641,37.745941162109375
90855931,2018,2018-11-08,9266,2018-10-29,0622,020083,,1,1,9,3900,0,1,1,,2,014,"I-205 W/B","HANSEN ROAD",150.00,E,N,A,-,Y,,,205,,,,,,W,N,4,0,1,2,A,-,03,22350,,N,C,C,A,A,D,-,C,D,0,,,,,Y,,A,01,0,0,1,0,0,0,0,0,0,"- ","- ",37.7412109375,-121.51193237304688,"SAN JOAQUIN",UNINCORPORATED,-121.51192474365234,37.741340637207031
90858757,2018,2018-11-13,9265,2018-11-08,0650,019182,,4,1,9,3900,0,3,5,,2,050,"NEWTON RD","CHEROKEE RD",1584.00,N,N,A,-,N,,,,,,,,,,Y,4,0,2,2,A,-,03,22350,,N,C,C,A,A,H,-,A,D,0,,,,,Y,,A,07,0,0,2,0,0,0,0,0,0,"- ","- ",37.993061065673828,-121.25714111328125,"SAN JOAQUIN",UNINCORPORATED,-121.25713348388672,37.993064880371094
90859189,2018,2018-11-13,9265,2018-11-09,1355,019073,,5,1,9,3900,0,2,4,,1,051,"MAIN ST","DR. MARTIN LUTHER KING BLVD",97.00,E,N,A,-,N,,,,,,,,,,Y,4,0,1,2,A,-,09,21801,A,N,D,C,A,A,H,-,A,D,0,,,,,Y,,A,07,0,0,1,0,0,0,0,0,0,"- ","- ",37.9541015625,-121.23725128173828,"SAN JOAQUIN",UNINCORPORATED,-121.23737335205078,37.954116821289062
90860365,2018,2018-11-15,9265,2018-11-03,2139,019996,,6,2,9,3900,0,1,3,,1,061,SR-26,"DARRIGO LN",460.00,E,N,A,-,Y,,,26,,,,,,,Y,2,0,2,1,A,-,01,23152,A,N,E,I,A,A,H,-,D,D,0,,,,,Y,Y,A,01,1,0,1,0,0,0,0,0,0,"- ","- ",37.974990844726562,-121.22885131835938,"SAN JOAQUIN",UNINCORPORATED,-121.22882080078125,37.974895477294922
90862093,2018,2018-11-16,9265,2018-10-25,0718,016382,,4,1,6,3905,0,1,1,,2,503,"I-5 S/B","PERSHING AVE",600.00,S,N,A,-,Y,,,5,,,,,,S,Y,4,0,1,3,A,-,08,22107,,N,B,C,A,A,H,-,A,D,0,,,,,Y,,A,01,0,0,1,0,0,0,0,0,0,"- ","- ",37.953701019287109,-121.31046295166016,"SAN JOAQUIN",STOCKTON,-121.31044006347656,37.953739166259766
90862159,2018,2018-11-19,9266,2018-11-05,0528,021956,,1,3,9,3900,0,1,1,,2,014,I-205,"MOUNTAIN HOUSE PKWY",2640.00,E,N,A,-,Y,,,205,,,,,,,Y,4,0,1,2,A,-,07,21658,A,N,B,C,A,A,H,-,C,D,0,,,Y,,Y,Y,A,01,0,0,1,0,0,0,0,0,1,"- ","- ",37.742149353027344,-121.52522277832031,"SAN JOAQUIN",UNINCORPORATED,-121.52521514892578,37.742183685302734
90864454,2018,2018-11-20,9265,2018-11-15,1104,015630,,4,1,9,3900,0,1,3,,1,067,SR-88,SR-12,1584.00,N,N,A,-,Y,,,,,,,,,,Y,3,0,1,1,A,-,08,22107,,N,E,I,A,A,H,-,A,D,0,,,,,Y,,A,01,0,1,0,0,0,0,0,0,0,"- ","- ",38.202999114990234,-121.06700134277344,"SAN JOAQUIN",UNINCORPORATED,-121.16053771972656,38.142814636230469
90865054,2018,2018-11-21,9265,2018-11-19,0438,020260,,1,3,4,3903,0,1,3,,2,001,"STATE ROUTE 99 S/B","LOUISE AVENUE",50.00,N,N,A,-,Y,,,,,,,,,,Y,4,0,1,2,A,-,03,22350,,N,C,C,A,A,H,-,D,D,0,,,,,Y,,A,01,0,0,1,0,0,0,0,0,0,"- ","- ",37.484348297119141,-121.12178039550781,"SAN JOAQUIN",MANTECA,-121.20488739013672,37.812049865722656
90865101,2018,2018-11-21,9265,2018-11-19,0745,019128,,1,1,9,3900,0,1,1,,2,503,"MATTHEWS ROAD","MANTHEY ROAD",20.00,E,N,B,-,N,,,,,,,,,,N,4,0,1,2,A,-,03,22350,,N,C,C,A,A,H,-,A,A,0,,,,,Y,,J,41,0,0,1,0,0,0,0,0,0,"- ","- ",37.882209777832031,-121.28031158447266,"SAN JOAQUIN",UNINCORPORATED,-121.28028869628906,37.882194519042969
90865535,2018,2018-11-22,9265,2018-11-18,1730,019795,,7,2,9,3900,0,1,1,,2,502,"I-5 S/B","EL DORADO ST",150.00,S,N,A,-,Y,,,5,,,,,,S,Y,4,0,2,3,A,-,03,22350,,N,C,C,A,A,H,-,C,D,0,,,,,Y,,A,01,0,0,2,0,0,0,0,0,0,"- ","- ",37.872810363769531,-121.27787780761719,"SAN JOAQUIN",UNINCORPORATED,-121.27781677246094,37.872810363769531
90866752,2018,2018-11-26,9265,2018-11-15,2211,013193,,4,3,9,3900,0,1,3,,1,092,"SR-12 W/B","GLASSCOCK RD",112.00,W,N,A,-,Y,,,12,,,,,,W,Y,3,0,1,1,A,-,01,23152,A,N,E,I,A,A,H,-,C,D,0,,,,,Y,Y,A,01,0,1,0,0,0,0,0,0,0,"- ","- ",38.115451812744141,-121.48610687255859,"SAN JOAQUIN",UNINCORPORATED,-121.48610687255859,38.115428924560547
90868596,2018,2018-11-27,9266,2018-11-21,1200,018217,,3,1,5,3906,0,1,1,,1,015,"I-205 E/B","HOLLY DR",450.00,E,N,B,-,Y,,,205,,,,,,E,Y,4,0,4,3,A,-,03,22350,,N,C,C,A,A,H,-,A,D,0,,,,,Y,,A,01,0,0,4,0,0,0,0,0,0,"- ","- ",37.763229370117188,-121.42111968994141,"SAN JOAQUIN",TRACY,-121.42111206054688,37.763156890869141
90868708,2018,2018-11-27,9265,2018-11-26,2358,019774,,1,3,9,3900,0,1,1,,2,502,"I-5 N/B","EL DORADO ST",2115.00,S,N,A,-,Y,,,5,,,,,,N,Y,4,0,1,1,A,-,08,22107,,N,F,A,A,A,H,-,C,D,0,,,,,Y,,A,07,0,0,1,0,0,0,0,0,0,"- ","- ",37.868698120117188,-121.27838134765625,"SAN JOAQUIN",UNINCORPORATED,-121.27822875976562,37.868656158447266
90869069,2018,2018-11-28,9265,2018-11-17,1045,013444,,6,1,9,3900,0,2,4,,1,091,"WEST LN","ARMSTRONG RD",100.00,S,N,A,-,N,,,,,,,,,,Y,4,0,2,2,A,-,01,23152,A,N,C,C,A,A,H,-,A,D,0,,,,,Y,Y,D,22,0,0,2,0,0,0,0,0,0,"- ","- ",38.08612060546875,-121.27841949462891,"SAN JOAQUIN",UNINCORPORATED,-121.27860260009766,38.086185455322266
90870383,2018,2018-11-29,9266,2018-11-27,1600,014717,,2,2,5,3906,0,1,1,,2,014,"I-205 E/B","GRANT LINE ROAD",1400.00,W,N,B,-,Y,,,205,,,,,,E,Y,4,0,4,3,A,-,03,22350,,N,C,C,A,A,H,-,A,D,0,,,,,Y,,A,07,0,0,4,0,0,0,0,0,0,"- ","- ",37.752281188964844,-121.4674072265625,"SAN JOAQUIN",TRACY,-121.46738433837891,37.752208709716797
90873756,2018,2018-12-03,9266,2018-11-23,1700,018888,,5,2,9,3900,0,2,4,,1,016,"GRANT LINE ROAD","6TH ST",500.00,W,N,C,-,N,,,,,,,,,,Y,4,0,2,1,A,-,03,22350,,N,E,I,A,B,H,-,D,A,0,,,,,Y,,A,07,0,0,2,0,0,0,0,0,0,"- ","- ",37.754631042480469,-121.37773895263672,"SAN JOAQUIN",UNINCORPORATED,-121.37657165527344,37.754661560058594
90874047,2018,2018-12-03,9266,2018-11-26,1657,019012,,1,2,9,3900,0,1,3,,1,026,"SR-132 E/B","GREENWOOD ROAD",800.00,W,N,A,-,Y,,,132,,,,,,E,Y,3,0,1,2,A,-,03,22350,,N,C,C,A,A,H,-,A,D,0,,,,,Y,,A,01,0,1,0,0,0,0,0,0,0,"- ","- ",37.638198852539062,-121.28199768066406,"SAN JOAQUIN",UNINCORPORATED,-121.28199768066406,37.638278961181641