CASE_ID,ACCIDENT_YEAR,PROC_DATE,JURIS,COLLISION_DATE,COLLISION_TIME,OFFICER_ID,REPORTING_DISTRICT,DAY_OF_WEEK,CHP_SHIFT,POPULATION,CNTY_CITY_LOC,SPECIAL_COND,BEAT_TYPE,CHP_BEAT_TYPE,CITY_DIVISION_LAPD,CHP_BEAT_CLASS,BEAT_NUMBER,PRIMARY_RD,SECONDARY_RD,DISTANCE,DIRECTION,INTERSECTION,WEATHER_1,WEATHER_2,STATE_HWY_IND,CALTRANS_COUNTY,CALTRANS_DISTRICT,STATE_ROUTE,ROUTE_SUFFIX,POSTMILE_PREFIX,POSTMILE,LOCATION_TYPE,RAMP_INTERSECTION,SIDE_OF_HWY,TOW_AWAY,COLLISION_SEVERITY,NUMBER_KILLED,NUMBER_INJURED,PARTY_COUNT,PRIMARY_COLL_FACTOR,PCF_CODE_OF_VIOL,PCF_VIOL_CATEGORY,PCF_VIOLATION,PCF_VIOL_SUBSECTION,HIT_AND_RUN,TYPE_OF_COLLISION,MVIW,PED_ACTION,ROAD_SURFACE,ROAD_COND_1,ROAD_COND_2,LIGHTING,CONTROL_DEVICE,CHP_ROAD_TYPE,PEDESTRIAN_ACCIDENT,BICYCLE_ACCIDENT,MOTORCYCLE_ACCIDENT,TRUCK_ACCIDENT,NOT_PRIVATE_PROPERTY,ALCOHOL_INVOLVED,STWD_VEHTYPE_AT_FAULT,CHP_VEHTYPE_AT_FAULT,COUNT_SEVERE_INJ,COUNT_VISIBLE_INJ,COUNT_COMPLAINT_PAIN,COUNT_PED_KILLED,COUNT_PED_INJURED,COUNT_BICYCLIST_KILLED,COUNT_BICYCLIST_INJURED,COUNT_MC_KILLED,COUNT_MC_INJURED,PRIMARY_RAMP,SECONDARY_RAMP,LATITUDE,LONGITUDE,COUNTY,CITY,POINT_X,POINT_Y
91072538,2019,2019-09-11,9265,2019-09-02,1404,021781,,1,2,9,3900,0,1,3,,1,013,SR-4,"SONORA ROAD",955.00,W,N,A,-,Y,,,4,,,,,,,Y,2,0,3,2,A,-,09,21801,A,N,D,C,A,A,H,-,A,D,0,,,,,Y,,A,07,1,2,0,0,0,0,0,0,0,"- ","- ",37.930118560791016,-120.98462677001953,"SAN JOAQUIN",UNINCORPORATED,-120.98462677001953,37.930164337158203
9107302,2020,2020-11-18,3905,2020-05-02,1506,2992,CIV,6,5,6,3905,0,0,0,,0,,"PERSHING AV","COUNTRY CLUB BL",0.00,,Y,A,-,N,,,,,,,,,,N,4,0,2,2,A,-,03,22350,,M,C,C,A,A,H,-,A,A,0,,,,,Y,,-,99,0,0,2,0,0,0,0,0,0,"- ","- ",37.969070434570312,-121.31611633300781,"SAN JOAQUIN",STOCKTON,-121.31513977050781,37.969470977783203
9107306,2020,2020-11-18,3905,2020-05-04,1621,2566,BEA,1,5,6,3905,0,0,0,,0,,"KELLEY DR","WARWICK CT",106.00,N,N,A,-,N,,,,,,,,,,Y,3,0,1,2,A,-,08,22107,,N,D,E,A,A,H,-,A,D,0,,,,,Y,,A,01,0,1,0,0,0,0,0,0,0,"- ","- ",38.015560150146484,-121.35469818115234,"SAN JOAQUIN",STOCKTON,-121.35450744628906,38.01593017578125
9107308,2020,2020-11-18,3905,2020-05-04,1830,2992,CIV,1,5,6,3905,0,0,0,,0,,"COUNTRY CLUB BL","PERSHING AV",0.00,,Y,A,-,N,,,,,,,,,,N,4,0,1,2,A,-,09,21801,A,M,D,C,A,A,H,-,A,A,0,,,,,Y,,-,99,0,0,1,0,0,0,0,0,0,"- ","- ",37.969070434570312,-121.31611633300781,"SAN JOAQUIN",STOCKTON,-121.31513977050781,37.969470977783203
9107315,2020,2020-11-18,3905,2020-05-04,1238,1312,CIV,1,5,6,3905,0,0,0,,0,,"CENTER ST","WASHINGTON ST",0.00,,Y,A,-,N,,,,,,,,,,N,4,0,1,2,A,-,09,21801,A,N,D,C,A,A,H,-,A,A,0,,,,,Y,,A,01,0,0,1,0,0,0,0,0,0,"- ","- ",37.949909210205078,-121.291748046875,"SAN JOAQUIN",STOCKTON,-121.29054260253906,37.950469970703125
9107365,2020,2020-08-04,3905,2020-04-19,2026,2724,BEA,7,5,6,3905,0,0,0,,0,,"E IRES ST","STRATHAVEN WY",80.00,W,N,A,-,N,,,,,,,,,,N,4,0,1,3,A,-,03,22350,,N,B,E,A,A,H,-,C,D,0,,,,,Y,,A,07,0,0,1,0,0,0,0,0,0,"- ","- ",,,"SAN JOAQUIN",STOCKTON,-121.31252288818359,38.022506713867188
9107370,2020,2020-08-04,3905,2020-04-24,1434,7034,PAR,5,5,6,3905,0,0,0,,0,,"FARMINGTON RD","MARIPOSA RD",400.00,E,N,A,-,Y,,,,,,,,,,N,4,0,1,2,A,-,08,22107,,N,D,C,A,A,H,-,A,D,0,,,,,Y,,A,01,0,0,1,0,0,0,0,0,0,"- ","- ",37.937370300292969,-121.24417877197266,"SAN JOAQUIN",STOCKTON,-121.24160003662109,37.938652038574219
91075481,2019,2019-09-16,9266,2019-09-14,1515,018751,,6,2,9,3900,0,1,1,,2,014,"I-205 E/B","BYRON ROAD",2244.00,W,N,A,-,Y,,,,,,,,,,Y,2,0,1,2,A,-,03,22350,,N,C,C,A,A,H,-,A,D,0,,,Y,,Y,,C,02,1,0,0,0,0,0,0,0,1,"- ","- ",37.748279571533203,-121.48281097412109,"SAN JOAQUIN",UNINCORPORATED,-121.48258972167969,37.746002197265625
91076286,2019,2019-09-17,9265,2019-09-06,1600,013539,,5,2,9,3900,0,1,3,,2,001,"MCKINLEY AVE","YOSEMITE AVE",2000.00,S,N,A,-,N,,,,,,,,,,Y,4,0,2,2,A,-,08,22107,,N,D,C,A,A,H,-,A,D,0,,,,,Y,,A,01,0,0,2,0,0,0,0,0,0,"- ","- ",37.791038513183594,-121.27040863037109,"SAN JOAQUIN",UNINCORPORATED,-121.27056121826172,37.791606903076172
91078146,2019,2019-09-19,9265,2019-09-10,0650,015629,,2,1,9,3900,0,1,1,,2,505,"I-5 S/B","PELTIER ROAD",1584.00,S,N,A,-,Y,,,,,,,,,,Y,4,0,1,1,A,-,08,22107,,N,E,I,A,A,H,-,A,D,0,,,,,Y,,A,01,0,0,1,0,0,0,0,0,0,"- ","- ",38.110069274902344,-121.24053955078125,"SAN JOAQUIN",UNINCORPORATED,,
91078663,2019,2019-09-19,9265,2019-09-06,0822,018767,,5,1,9,3900,0,3,5,,2,060,"COLLIER RD","BRUELLA RD",0.00,,Y,A,-,N,,,,,,,,,,Y,4,0,1,3,A,-,09,21802,A,N,D,C,A,A,H,-,A,D,0,,,,Y,Y,,G,25,0,0,1,0,0,0,0,0,0,"- ","- ",38.218631744384766,-121.20825958251953,"SAN JOAQUIN",UNINCORPORATED,-121.208251953125,38.218639373779297
91080695,2019,2019-09-23,9265,2019-09-12,1745,021414,,4,2,9,3900,0,1,3,,1,092,SR-12,"DEVRIES RD",1320.00,W,N,A,-,Y,,,12,,,,,,,Y,3,0,1,1,A,-,08,22107,,N,F,A,A,A,H,-,A,D,0,,,,,Y,,A,07,0,1,0,0,0,0,0,0,0,"- ","- ",38.115821838378906,-121.35703277587891,"SAN JOAQUIN",UNINCORPORATED,-121.35703277587891,38.115825653076172
91081104,2019,2019-09-23,9266,2019-09-16,0610,019012,,1,1,9,3900,0,1,1,,2,014,"I-205 W/B","MOUNTAIN HOUSE PKWY",1800.00,W,N,B,-,Y,,,205,,,,,,W,Y,4,0,1,3,A,-,07,21658,A,N,B,C,A,A,H,-,A,D,0,,,Y,,Y,,A,01,0,0,1,0,0,0,0,0,1,"- ","- ",37.742969512939453,-121.53916931152344,"SAN JOAQUIN",UNINCORPORATED,-121.53916168212891,37.743072509765625
91085602,2019,2019-09-27,9265,2019-09-18,1705,018955,,3,2,6,3905,0,1,1,,2,503,"I-5 N/B","MONTE DIABLO AVE",2640.00,S,N,A,-,Y,,,5,,,,,,N,N,4,0,1,2,A,-,04,21703,,N,C,C,A,A,H,-,A,D,0,,,,,Y,,A,07,0,0,1,0,0,0,0,0,0,"- ","- ",37.956119537353516,-121.31986236572266,"SAN JOAQUIN",STOCKTON,-121.31986236572266,37.956146240234375
91085677,2019,2019-09-27,9265,2019-09-19,1300,019073,,4,1,9,3900,0,3,5,,2,080,"FAIRWAY DR","YACHT HARBOR DR",650.00,E,N,A,-,N,,,,,,,,,,Y,3,0,1,1,A,-,01,23152,A,N,E,I,A,A,H,-,A,D,0,,,,,Y,Y,A,01,0,1,0,0,0,0,0,0,0,"- ","- ",37.966720581054688,-121.35926055908203,"SAN JOAQUIN",UNINCORPORATED,-121.36038970947266,37.966060638427734
91086803,2019,2019-09-30,9266,2019-09-17,1006,019012,,2,1,9,3900,0,2,4,,2,031,"GRANT LINE ROAD","MOUNTAIN HOUSE PARKWAY",1715.00,W,N,A,-,N,,,,,,,,,,Y,3,0,1,2,A,-,03,22350,,N,C,C,A,A,H,-,A,D,0,,,,,Y,,A,01,0,1,0,0,0,0,0,0,0,"- ","- ",37.7576904296875,-121.53395843505859,"SAN JOAQUIN",UNINCORPORATED,-121.53762054443359,37.757534027099609
91087514,2019,2019-10-01,9265,2019-09-10,1405,019657,,2,2,6,3905,0,1,3,,1,042,"SR-4 E/B","UNION ST",50.00,W,N,A,-,Y,,,4,,,,,,E,Y,3,0,4,3,A,-,03,22350,,N,C,C,A,A,H,-,A,D,0,,,,,Y,,A,07,0,3,1,0,0,0,0,0,0,"- ","- ",37.952239990234375,-121.27629089355469,"SAN JOAQUIN",STOCKTON,-121.27630615234375,37.952350616455078
91087808,2019,2019-10-01,9266,2019-09-25,1600,021241,,3,2,9,3900,0,3,5,,2,001,"DELTA AVE","TOM PAINE RD.",1584.00,W,N,A,-,N,,,,,,,,,,Y,4,0,1,1,A,-,01,23152,A,N,E,I,A,A,H,-,D,D,0,,,,,Y,Y,A,01,0,0,1,0,0,0,0,0,0,"- ","- ",37.798408508300781,-121.39647674560547,"SAN JOAQUIN",UNINCORPORATED,-121.39674377441406,37.798477172851562
91088335,2019,2019-10-01,9266,2019-09-20,1725,018888,,5,2,9,3900,0,3,5,,2,001,"NAGLEE ROAD","BETHANY ROAD",525.00,S,N,A,-,N,,,,,,,,,,Y,2,0,2,1,A,-,03,22350,,N,E,I,A,A,H,-,A,D,0,,,,,Y,Y,A,01,1,0,1,0,0,0,0,0,0,"- ","- ",37.780399322509766,-121.46320343017578,"SAN JOAQUIN",UNINCORPORATED,-121.46356201171875,37.781742095947266
91088553,2019,2019-10-02,9265,2019-09-21,1335,017989,,6,1,9,3900,0,3,5,,2,090,"THORNTON RD","DEVRIES RD",1056.00,S,N,A,-,N,,,,,,,,,,Y,4,0,1,2,A,-,03,22350,,N,C,C,A,A,H,-,A,D,0,,,,,Y,,A,01,0,0,1,0,0,0,0,0,0,"- ","- ",38.071849822998047,-121.3519287109375,"SAN JOAQUIN",UNINCORPORATED,-121.35195922851562,38.072036743164062
91089182,2019,2019-10-02,9265,2019-09-30,1300,015490,,1,1,9,3900,0,3,5,,2,060,"ALPINE RD","LIVE OAK RD",400.00,N,N,A,-,N,,,,,,,,,,N,3,0,1,2,A,-,03,22350,,N,H,G,A,A,H,-,A,D,0,,Y,,,Y,,L,04,0,1,0,0,0,0,1,0,0,"- ","- ",38.080699920654297,-121.21472930908203,"SAN JOAQUIN",UNINCORPORATED,-121.21472930908203,38.080642700195312
91089189,2019,2019-10-02,9265,2019-09-20,1055,017989,,5,1,9,3900,0,3,5,,2,070,"EIGHT MILE RD","HAM LN",1056.00,E,N,A,-,N,,,,,,,,,,Y,4,0,1,2,A,-,03,22350,,N,B,C,A,A,H,-,A,A,0,,,,,Y,,D,22,0,0,1,0,0,0,0,0,0,"- ","- ",38.057498931884766,-121.28466796875,"SAN JOAQUIN",UNINCORPORATED,-121.28350067138672,38.057460784912109
91090083,2019,2019-10-03,9265,2019-09-25,1724,017537,,3,2,6,3905,0,1,1,,2,503,"I-5 N/B","DOWNING AVE",2376.00,S,N,A,-,Y,,,5,,,,,,N,Y,4,0,2,2,A,-,03,22350,,N,C,C,A,A,H,-,A,D,0,,,,,Y,,A,01,0,0,2,0,0,0,0,0,0,"- ","- ",37.906730651855469,-121.28713989257812,"SAN JOAQUIN",STOCKTON,-121.287109375,37.906742095947266
91090644,2019,2019-10-04,9266,2019-10-02,1550,018751,,3,2,9,3900,0,2,4,,1,016,"GRANT LINE ROAD","BERRY ROAD",115.00,E,N,A,-,N,,,,,,,,,,Y,3,0,1,2,A,-,03,22350,,N,C,C,A,A,H,-,A,D,0,,,,,Y,,D,22,0,1,0,0,0,0,0,0,0,"- ","- ",37.754051208496094,-121.35784149169922,"SAN JOAQUIN",UNINCORPORATED,-121.35770416259766,37.754093170166016
91091586,2019,2019-10-07,9266,2019-09-30,0427,021956,,1,3,9,3900,0,2,4,,2,013,"GRANT LINE ROAD","HANSEN ROAD",0.00,,Y,A,-,N,,,,,,,,,,Y,4,0,1,2,A,-,03,22350,,N,D,C,A,A,H,-,D,A,0,,,,,Y,,A,01,0,0,1,0,0,0,0,0,0,"- ","- ",37.758201599121094,-121.51319885253906,"SAN JOAQUIN",UNINCORPORATED,-121.51323699951172,37.758220672607422
91092001,2019,2019-10-07,9266,2019-10-07,0745,018217,,1,1,9,3900,0,1,1,,2,021,"I-580 W/B","CORRAL HOLLOW ROAD",550.00,E,N,A,-,Y,,,580,,,,,,W,Y,4,0,2,2,A,-,03,22350,,N,C,C,A,A,H,-,A,D,0,,,,,Y,,A,01,0,0,2,0,0,0,0,0,0,"- ","- ",37.671428680419922,-121.45572662353516,"SAN JOAQUIN",UNINCORPORATED,-121.45568084716797,37.671504974365234
91093030,2019,2019-10-08,9266,2019-09-26,0810,014808,,4,1,9,3900,0,1,1,,2,021,"I-580 W/B","CORRAL HOLLOW RD.",750.00,W,N,A,-,Y,,,,,,,,,,Y,2,0,1,3,A,-,08,22107,,N,B,C,A,A,H,-,A,D,0,,,,Y,Y,,A,01,1,0,0,0,0,0,0,0,0,"- ","- ",37.673469543457031,-121.45939636230469,"SAN JOAQUIN",UNINCORPORATED,-121.45917510986328,37.673606872558594
91093422,2019,2019-10-09,9266,2019-10-02,0640,015029,,3,1,9,3900,0,1,1,,2,021,"I-580 W/B","CORRAL HOLLOW CREEK",420.00,E,N,A,-,Y,,,580,,,,,,W,Y,3,0,1,2,A,-,03,22350,,N,C,C,A,A,H,-,B,D,0,,,,,Y,,D,22,0,1,0,0,0,0,0,0,0,"- ","- ",37.669120788574219,-121.45201110839844,"SAN JOAQUIN",UNINCORPORATED,-121.45194244384766,37.669223785400391
91093638,2019,2019-10-09,9265,2019-09-21,0019,019307,,6,3,9,3900,0,2,4,,1,082,"ALPINE AVE","PLYMOUTH RD",0.00,,Y,A,-,Y,,,,,,,,,,Y,4,0,2,2,A,-,01,23152,A,N,D,C,A,A,H,-,C,A,0,,,,,Y,Y,A,01,0,0,2,0,0,0,0,0,0,"- ","- ",37.970508575439453,-121.33730316162109,"SAN JOAQUIN",UNINCORPORATED,-121.33725738525391,37.97052001953125
91094955,2019,2019-10-10,9265,2019-09-22,1655,019657,,7,2,9,3900,0,1,3,,1,062,SR-88,"BEAR CREEK",35.00,W,N,A,-,Y,,,88,,,,,,,Y,3,0,2,1,A,-,01,23152,A,N,E,I,A,A,H,-,A,D,0,,,,,Y,Y,A,01,0,2,0,0,0,0,0,0,0,"- ","- ",38.091739654541016,-121.18132781982422,"SAN JOAQUIN",UNINCORPORATED,-121.18135833740234,38.091747283935547
91096764,2019,2019-10-14,9266,2019-10-06,1910,018888,,7,2,9,3900,0,2,4,,2,029,"VALPICO ROAD","CORRAL HOLLOW ROAD",800.00,W,N,A,-,N,,,,,,,,,,Y,3,0,2,4,A,-,01,23152,A,N,C,C,A,A,H,-,A,A,0,,,,,Y,Y,A,01,0,1,1,0,0,0,0,0,0,"- ","- ",37.710590362548828,-121.45597076416016,"SAN JOAQUIN",UNINCORPORATED,-121.45566558837891,37.710586547851562
91096789,2019,2019-10-14,9266,2019-10-04,1158,018544,,5,1,9,3900,0,2,4,,1,016,"11TH STREET","BANTA ROAD",776.00,W,N,A,-,N,,,,,,,,,,Y,4,0,1,5,A,-,03,22350,,N,C,C,A,A,H,-,A,D,0,,,,,Y,,A,01,0,0,1,0,0,0,0,0,0,"- ","- ",37.739761352539062,-121.38275909423828,"SAN JOAQUIN",UNINCORPORATED,-121.38267517089844,37.739658355712891
9109694,2020,2020-10-29,3903,2020-05-30,1207,3768,,6,5,4,3903,0,0,0,,0,,"YOSEMITE AV","GRANT AV",0.00,,Y,A,-,N,,,,,,,,,,Y,4,0,1,2,A,-,12,22450,,N,D,C,A,A,H,-,A,A,0,,,,,Y,,A,08,0,0,1,0,0,0,0,0,0,"- ","- ",37.797451019287109,-121.21531677246094,"SAN JOAQUIN",MANTECA,-121.21524047851562,37.797420501708984
9109698,2020,2020-10-29,3903,2020-05-18,0956,1751,,1,5,4,3903,0,0,0,,0,,"UNION RD","CENTER ST",0.00,,Y,B,-,N,,,,,,,,,,Y,4,0,1,2,A,-,12,21453,A,N,D,D,A,A,H,-,A,A,0,,,,,Y,,A,01,0,0,1,0,0,0,0,0,0,"- ","- ",37.798961639404297,-121.23503875732422,"SAN JOAQUIN",MANTECA,-121.23493194580078,37.799190521240234
91098750,2019,2019-10-16,9265,2019-10-05,1800,020248,,6,2,9,3900,0,1,3,,1,062,"COLLIER RD","SR-99 N/B",1426.00,E,N,A,-,N,,,,,,,,,,Y,3,0,1,2,A,-,09,21801,A,N,D,C,A,A,H,-,E,D,0,,,,,Y,,A,01,0,1,0,0,0,0,0,0,0,"- ","- ",38.218341827392578,-121.265380859375,"SAN JOAQUIN",UNINCORPORATED,-121.265380859375,38.218341827392578
91098784,2019,2019-10-21,9265,2019-10-06,0145,021781,,7,3,9,3900,0,3,5,,2,060,"NORTH ORO AVENUE","MINER AVE",20.00,N,N,A,-,N,,,,,,,,,,N,4,0,1,2,A,-,21,22106,,M,C,C,A,A,H,-,A,D,0,,,,,Y,,A,01,0,0,1,0,0,0,0,0,0,"- ","- ",,,"SAN JOAQUIN",UNINCORPORATED,-121.23921966552734,37.96710205078125
91098866,2019,2019-10-16,9266,2019-10-09,0635,014717,,3,1,9,3900,0,2,4,,1,023,"CHRISMAN ROAD","SCHULTE ROAD",1875.00,S,N,A,-,N,,,,,,,,,,Y,2,0,1,2,A,-,09,21801,A,N,A,C,A,A,H,-,B,D,0,,,Y,,Y,,C,02,1,0,0,0,0,0,0,0,1,"- ","- ",37.720008850097656,-121.39813995361328,"SAN JOAQUIN",UNINCORPORATED,-121.39816284179688,37.720069885253906
91098972,2019,2019-10-16,9265,2019-10-07,1001,017405,,1,1,9,3900,0,1,1,,2,502,"I-5 S/B","ROTH RD.",1690.00,N,N,A,-,Y,,,5,,,,,,S,N,4,0,1,2,A,-,03,22350,,N,C,C,A,A,H,-,A,D,0,,,,,Y,,D,22,0,0,1,0,0,0,0,0,0,"- ","- ",37.8602294921875,-121.28092193603516,"SAN JOAQUIN",UNINCORPORATED,-121.28097534179688,37.860244750976562
91099025,2019,2019-10-16,9265,2019-10-05,1540,013539,,6,2,4,3903,0,1,3,,2,025,"SR-120 E/B","UNION ROAD",1670.00,E,N,A,-,Y,,,120,,,,,,E,N,4,0,2,2,A,-,03,22350,,N,C,C,A,A,H,-,A,D,0,,,,,Y,,A,01,0,0,2,0,0,0,0,0,0,"- ","- ",37.783138275146484,-121.22841644287109,"SAN JOAQUIN",MANTECA,-121.22841644287109,37.783157348632812
91099694,2019,2019-10-17,9265,2019-09-26,1800,018850,,4,2,9,3900,0,1,3,,2,006,"SR-99 N/B","WOODBRIDGE RD",1300.00,N,N,A,-,Y,,,99,,,,,,N,Y,4,0,1,3,A,-,04,21703,,N,B,C,A,A,H,-,A,D,0,,,,Y,Y,,A,01,0,0,1,0,0,0,0,0,0,"- ","- ",38.163631439208984,-121.26171875,"SAN JOAQUIN",UNINCORPORATED,-121.26173400878906,38.163627624511719
91099817,2019,2019-10-17,9265,2019-09-23,0838,015756,,1,1,9,3900,0,2,4,,1,014,"DODDS RD","MARIPOSA ROAD",0.00,,Y,A,-,N,,,,,,,,,,Y,2,0,3,2,A,-,09,21802,A,N,D,C,A,A,H,-,A,A,0,,,,,Y,,A,01,3,0,0,0,0,0,0,0,0,"- ","- ",37.856670379638672,-121.04239654541016,"SAN JOAQUIN",UNINCORPORATED,-121.0423583984375,37.856678009033203
91099883,2019,2020-01-09,9265,2019-09-30,0630,018767,,1,1,9,3900,0,3,5,,2,010,"RIVER RD","SEXTON RD",0.00,,Y,A,-,N,,,,,,,,,,Y,3,0,2,3,A,-,09,21802,A,N,D,C,A,A,H,-,B,D,0,,,,,Y,,A,01,0,1,1,0,0,0,0,0,0,"- ","- ",37.988948822021484,-121.26805114746094,"SAN JOAQUIN",UNINCORPORATED,-121.03270721435547,37.755119323730469
91100224,2019,2019-10-18,9265,2019-10-09,1650,013539,,3,2,2,3920,0,1,1,,2,502,"I-5 N/B","ROTH ROAD",1600.00,S,N,A,-,Y,,,5,,,,,,N,Y,4,0,1,2,A,-,03,22350,,N,C,C,A,A,H,-,A,D,0,,,,,Y,,A,01,0,0,1,0,0,0,0,0,0,"- ","- ",37.85150146484375,-121.28298950195312,"SAN JOAQUIN",LATHROP,-121.28291320800781,37.851482391357422
91100415,2019,2019-10-18,9265,2019-10-10,0608,017405,,4,1,2,3920,0,1,1,,2,502,"I-5 S/B","ROTH RD.",2587.00,S,N,A,-,Y,,,5,,,,,,S,Y,4,0,2,5,A,-,03,22350,,N,C,C,A,A,H,-,D,D,0,,,,,Y,,A,01,0,0,2,0,0,0,0,0,0,"- ","- ",37.848548889160156,-121.28386688232422,"SAN JOAQUIN",LATHROP,-121.28392028808594,37.848560333251953
91100548,2019,2019-10-18,9265,2019-10-11,1137,015629,,5,1,6,3905,0,1,1,,2,504,"I-5 N/B TO EIGHT MILE ROAD","EIGHT MILE RD",100.00,S,N,A,-,Y,,,,,,,,,,Y,4,0,1,2,A,-,03,22350,,N,C,C,A,A,H,-,A,A,0,,,,,Y,,A,01,0,0,1,0,0,0,0,0,0,"- ","- ",38.034519195556641,-121.22322845458984,"SAN JOAQUIN",STOCKTON,-121.37241363525391,38.057651519775391
91100814,2019,2019-10-18,9265,2019-10-12,1210,019128,,6,1,9,3900,0,1,3,,2,001,"SR-99 N/B","MAIN STREET",2640.00,S,N,A,-,Y,,,,,,,,,,Y,4,0,1,3,A,-,03,22350,,N,C,C,A,A,D,-,A,D,0,,,,,Y,,A,01,0,0,1,0,0,0,0,0,0,"- ","- ",37.734119415283203,-121.11473846435547,"SAN JOAQUIN",UNINCORPORATED,-121.23842620849609,37.952751159667969
91101365,2019,2019-10-21,9265,2019-10-10,0330,019666,,4,3,4,3903,0,1,3,,2,025,"SR-120 W/B","MAIN ST",3100.00,E,N,A,-,Y,,,120,,,,,,W,Y,4,0,1,2,A,-,03,22350,,N,C,C,A,A,H,-,D,D,0,,,,,Y,,A,01,0,0,1,0,0,0,0,0,0,"- ","- ",37.78350830078125,-121.20500946044922,"SAN JOAQUIN",MANTECA,-121.20500946044922,37.783527374267578
91102656,2019,2019-10-22,9266,2019-10-19,1115,018544,,6,1,9,3900,0,1,3,,1,025,"SCHAEFER RD",SR-33,8.00,E,N,A,-,Y,,,,,,,,,,Y,4,0,3,2,A,-,08,22107,,N,D,C,A,A,H,-,A,A,0,,,,,Y,,D,22,0,0,3,0,0,0,0,0,0,"- ","- ",37.634059906005859,-121.29094696044922,"SAN JOAQUIN",UNINCORPORATED,-121.29099273681641,37.634006500244141
9110608,2020,2020-08-21,3906,2020-06-10,0501,1674,58,3,5,5,3906,0,0,0,,0,003,"SCHULTE RD","LAMMERS RD",1508.00,W,N,A,-,N,,,,,,,,,,Y,4,0,1,1,A,-,03,22350,,N,F,A,A,A,H,-,B,D,0,,,,,Y,,A,01,0,0,1,0,0,0,0,0,0,"- ","- ",,,"SAN JOAQUIN",TRACY,-121.481201171875,37.721248626708984
91107715,2019,2019-10-28,9266,2019-10-25,2151,021975,,5,2,9,3900,0,1,1,,1,015,"I-205 E/B","EL RANCHO",300.00,E,N,A,-,Y,,,205,,,,,,E,N,4,0,1,2,A,-,03,22350,,N,C,C,A,A,H,-,D,D,0,,,,,Y,,A,01,0,0,1,0,0,0,0,0,0,"- ","- ",37.76470947265625,-121.37525939941406,"SAN JOAQUIN",UNINCORPORATED,-121.37525939941406,37.764774322509766
91108917,2019,2019-10-29,9265,2019-10-21,1047,015629,,1,1,9,3900,0,1,1,,2,505,"I-5 N/B TO WALNUT GROVE ROAD","WALNUT GROVE RD",18.00,N,N,A,-,Y,,,,,,,,,,Y,4,0,1,1,C,-,18,,,N,E,I,A,A,H,-,A,D,0,,,,,Y,,-,"- ",0,0,1,0,0,0,0,0,0,"- ","- ",38.135631561279297,-121.25760650634766,"SAN JOAQUIN",UNINCORPORATED,,
91109270,2019,2019-10-29,9266,2019-10-25,1535,018365,,5,2,9,3900,0,1,1,,2,021,"I-580 E/B","PATTERSON PASS ROAD",10560.00,E,N,A,-,Y,,,580,,,,,,E,Y,4,0,1,3,A,-,04,21703,,N,C,C,A,A,H,-,A,D,0,,,,,Y,,D,22,0,0,1,0,0,0,0,0,0,"- ","- ",37.703670501708984,-121.50926971435547,"SAN JOAQUIN",UNINCORPORATED,-121.50932312011719,37.703578948974609
91109529,2019,2019-10-30,9265,2019-10-22,1020,013515,,2,1,9,3900,0,2,4,,1,052,"MCALLEN ROAD","WILSON WAY",60.00,W,N,A,-,N,,,,,,,,,,N,4,0,1,2,A,-,05,21460,A,F,B,C,A,A,H,-,A,A,0,,,,,Y,,A,01,0,0,1,0,0,0,0,0,0,"- ","- ",38.000438690185547,-121.2606201171875,"SAN JOAQUIN",UNINCORPORATED,-121.26044464111328,38.000419616699219
91111348,2019,2019-11-01,9265,2019-10-12,1050,018694,,6,1,9,3900,0,1,3,,2,001,"SR-99 N/B","AUSTIN ROAD",850.00,S,N,A,-,Y,,,99,,,,,,N,Y,2,0,1,2,A,-,03,22350,,N,C,C,A,A,H,-,A,D,0,,,Y,,Y,,C,02,1,0,0,0,0,0,0,0,1,"- ","- ",37.773151397705078,-121.17727661132812,"SAN JOAQUIN",UNINCORPORATED,-121.17724609375,37.773189544677734
91111410,2019,2019-11-01,9266,2019-10-25,1410,018365,,5,2,9,3900,0,2,4,,1,023,"CHRISMAN ROAD","SR-132 W/B",0.00,,Y,A,-,N,,,,,,,,,,N,4,0,2,2,A,-,09,21802,B,N,D,C,A,A,H,-,A,A,0,,,,,Y,,A,01,0,0,2,0,0,0,0,0,0,"- ","- ",37.639091491699219,-121.39755249023438,"SAN JOAQUIN",UNINCORPORATED,-121.397603,37.639049999999997
91111497,2019,2019-11-01,9265,2019-10-24,0305,015408,,4,3,9,3900,0,2,4,,1,024,"AIRPORT WAY","SAN JOAQUIN RIVER",1056.00,N,N,A,-,N,,,,,,,,,,Y,4,0,1,2,A,-,05,21460,A,N,B,C,A,A,H,-,D,D,0,,,,,Y,,D,22,0,0,1,0,0,0,0,0,0,"- ","- ",37.678619384765625,-121.26011657714844,"SAN JOAQUIN",UNINCORPORATED,-121.26011657714844,37.678619384765625