CASE_ID,ACCIDENT_YEAR,PROC_DATE,JURIS,COLLISION_DATE,COLLISION_TIME,OFFICER_ID,REPORTING_DISTRICT,DAY_OF_WEEK,CHP_SHIFT,POPULATION,CNTY_CITY_LOC,SPECIAL_COND,BEAT_TYPE,CHP_BEAT_TYPE,CITY_DIVISION_LAPD,CHP_BEAT_CLASS,BEAT_NUMBER,PRIMARY_RD,SECONDARY_RD,DISTANCE,DIRECTION,INTERSECTION,WEATHER_1,WEATHER_2,STATE_HWY_IND,CALTRANS_COUNTY,CALTRANS_DISTRICT,STATE_ROUTE,ROUTE_SUFFIX,POSTMILE_PREFIX,POSTMILE,LOCATION_TYPE,RAMP_INTERSECTION,SIDE_OF_HWY,TOW_AWAY,COLLISION_SEVERITY,NUMBER_KILLED,NUMBER_INJURED,PARTY_COUNT,PRIMARY_COLL_FACTOR,PCF_CODE_OF_VIOL,PCF_VIOL_CATEGORY,PCF_VIOLATION,PCF_VIOL_SUBSECTION,HIT_AND_RUN,TYPE_OF_COLLISION,MVIW,PED_ACTION,ROAD_SURFACE,ROAD_COND_1,ROAD_COND_2,LIGHTING,CONTROL_DEVICE,CHP_ROAD_TYPE,PEDESTRIAN_ACCIDENT,BICYCLE_ACCIDENT,MOTORCYCLE_ACCIDENT,TRUCK_ACCIDENT,NOT_PRIVATE_PROPERTY,ALCOHOL_INVOLVED,STWD_VEHTYPE_AT_FAULT,CHP_VEHTYPE_AT_FAULT,COUNT_SEVERE_INJ,COUNT_VISIBLE_INJ,COUNT_COMPLAINT_PAIN,COUNT_PED_KILLED,COUNT_PED_INJURED,COUNT_BICYCLIST_KILLED,COUNT_BICYCLIST_INJURED,COUNT_MC_KILLED,COUNT_MC_INJURED,PRIMARY_RAMP,SECONDARY_RAMP,LATITUDE,LONGITUDE,COUNTY,CITY,POINT_X,POINT_Y
91263056,2020,2020-07-03,9266,2020-07-01,1000,014808,,3,1,9,3900,0,3,5,,2,002,"BANTA RD.","LINNE RD.",5280.00,N,N,A,-,N,,,,,,,,,,Y,4,0,1,2,A,-,08,22107,,N,D,C,A,A,H,-,A,D,0,,,,Y,Y,,A,07,0,0,1,0,0,0,0,0,0,"- ","- ",37.711700439453125,-121.37979888916016,"SAN JOAQUIN",UNINCORPORATED,-121.37983703613281,37.710700988769531
91263647,2020,2020-07-06,9266,2020-06-29,0750,018217,,1,1,9,3900,0,2,4,,1,016,"11TH ST","BIRD ROAD",20.00,E,N,A,-,N,,,,,,,,,,Y,4,0,1,2,A,-,03,22350,,N,C,C,A,A,H,-,A,A,0,,,,,Y,,D,22,0,0,1,0,0,0,0,0,0,"- ","- ",37.745559692382812,-121.36238861083984,"SAN JOAQUIN",UNINCORPORATED,-121.36174011230469,37.745975494384766
91263781,2020,2020-07-06,9265,2020-04-25,0311,022365,,6,3,6,3905,0,1,3,,1,042,"SR-4 E/B","MAIN ST",12.00,E,N,A,-,Y,,,4,,,,,,E,Y,1,1,0,2,A,-,11,21954,A,N,G,B,E,A,H,-,D,D,0,Y,,,,Y,,N,60,0,0,0,1,0,0,0,0,0,"- ","- ",37.955471038818359,-121.26534271240234,"SAN JOAQUIN",STOCKTON,-121.26531982421875,37.955436706542969
91264239,2020,2020-07-07,9265,2020-06-18,1614,018955,,4,2,4,3903,0,1,3,,2,025,"SR-120 W/B","UNION RD",2000.00,E,N,A,-,Y,,,120,,,,,,W,N,4,0,1,1,C,-,18,,,N,H,A,A,A,H,-,A,D,0,,,,,Y,,-,"- ",0,0,1,0,0,0,0,0,0,"- ","- ",37.783489227294922,-121.22734069824219,"SAN JOAQUIN",MANTECA,-121.22734069824219,37.783500671386719
91264258,2020,2020-07-07,9265,2020-06-20,2030,021644,,6,2,9,3900,0,1,3,,2,004,"SR-99 N/B","CHEROKEE RD",1702.00,N,N,A,-,Y,,,99,,,,,,N,Y,3,0,1,2,A,-,08,22107,,N,F,C,A,A,H,-,B,D,0,,,,Y,Y,,A,07,0,1,0,0,0,0,0,0,0,"- ","- ",37.996681213378906,-121.25453186035156,"SAN JOAQUIN",UNINCORPORATED,-121.25447082519531,37.9967041015625
91265008,2020,2020-07-08,9265,2020-06-30,1635,019182,,2,2,2,3920,0,1,1,,2,502,"I-5 N/B","ROTH RD",1056.00,S,N,A,-,Y,,,5,,,,,,N,N,4,0,1,2,A,-,03,22350,,N,C,C,A,A,H,-,A,D,0,,,,,Y,,A,01,0,0,1,0,0,0,0,0,0,"- ","- ",37.852439880371094,-121.28273773193359,"SAN JOAQUIN",LATHROP,-121.28268432617188,37.852424621582031
91266785,2020,2020-07-10,9265,2020-07-04,0950,019489,,6,1,9,3900,0,1,3,,1,067,SR-88,"LIBERTY RD",0.00,,Y,A,-,Y,,,88,,,,,,,N,4,0,2,2,A,-,12,22450,A,N,D,C,A,A,H,-,A,A,0,,,,,Y,,D,22,0,0,2,0,0,0,0,0,0,"- ","- ",38.235958099365234,-121.05062866210938,"SAN JOAQUIN",UNINCORPORATED,-121.05094146728516,38.236213684082031
91268912,2020,2020-07-15,9266,2020-07-14,1655,018751,,2,2,9,3900,0,2,4,,1,016,"11TH ST","GRANT LINE ROAD",0.00,,Y,A,-,N,,,,,,,,,,Y,4,0,1,2,A,-,09,21803,A,N,B,C,A,A,H,-,A,D,0,,,,,Y,,A,07,0,0,1,0,0,0,0,0,0,"- ","- ",37.756401062011719,-121.35115051269531,"SAN JOAQUIN",UNINCORPORATED,-121.35182399999999,37.753304
91270402,2020,2020-07-17,9265,2020-07-11,1846,022356,,6,2,9,3900,0,1,3,,1,066,SR-26,"FINE RD",0.00,,Y,A,-,Y,,,26,,,,,,,Y,3,0,1,2,A,-,09,21802,A,N,D,C,A,A,H,-,A,A,0,,,,,Y,,-,98,0,1,0,0,0,0,0,0,0,"- ","- ",38.031829833984375,-121.05019378662109,"SAN JOAQUIN",UNINCORPORATED,-121.05018615722656,38.031826019287109
9127295,2020,2020-09-30,3906,2020-07-25,1100,10492,,6,5,5,3906,0,0,0,,0,004,"W GRANT LINE RD","W GRANT LINE RD 3580",0.00,,Y,A,-,N,,,,,,,,,,Y,3,0,3,2,A,-,03,22350,,N,C,C,A,A,H,-,A,A,0,,,,,Y,,A,07,0,1,2,0,0,0,0,0,0,"- ","- ",,,"SAN JOAQUIN",TRACY,,
91273608,2020,2020-07-23,9266,2020-07-21,1640,018751,,2,2,9,3900,0,1,3,,1,026,"SR-132 E/B",SR-33,2000.00,W,N,A,-,Y,,,132,,,,,,E,Y,3,0,4,3,A,-,03,22350,,N,C,C,A,A,H,-,A,D,0,,,,,Y,,D,22,0,1,3,0,0,0,0,0,0,"- ","- ",37.638080596923828,-121.3115234375,"SAN JOAQUIN",UNINCORPORATED,-121.3115234375,37.637977600097656
91274165,2020,2020-07-24,9265,2020-07-16,1015,013515,,4,1,9,3900,0,2,4,,1,065,"SR-99 E. FRONTAGE ROAD","FOPPIANO LANE",1056.00,S,N,A,-,N,,,,,,,,,,Y,3,0,1,1,A,-,03,22350,,N,E,I,A,A,H,-,A,D,0,,,,,Y,,A,01,0,1,0,0,0,0,0,0,0,"- ","- ",38.021339416503906,-121.25450134277344,"SAN JOAQUIN",UNINCORPORATED,-121.25497436523438,38.02227783203125
91274857,2020,2020-07-27,9265,2020-07-15,0530,020785,,3,3,9,3900,0,3,5,,2,060,"FINE RD","FLOOD RD",730.00,N,N,A,-,N,,,,,,,,,,Y,3,0,2,2,A,-,14,25803,A,N,C,C,A,A,H,-,D,D,0,,,,,Y,,M,46,0,2,0,0,0,0,0,0,0,"- ","- ",38.018299102783203,-121.04979705810547,"SAN JOAQUIN",UNINCORPORATED,-121.04989624023438,38.018753051757812
91274864,2020,2020-07-27,9265,2020-07-15,1600,018289,,3,2,9,3900,0,1,3,,2,004,"STATE ROUTE 99 N/B FROM STATE ROUTE 26","STATE ROUTE 26",650.00,N,N,A,-,Y,,,99,,,,R,,N,Y,3,0,1,3,A,-,03,22350,,N,C,C,A,A,H,-,A,A,0,,,,,Y,,A,01,0,1,0,0,0,0,0,0,0,"- ","- ",37.971778869628906,-121.24614715576172,"SAN JOAQUIN",UNINCORPORATED,-121.24614715576172,37.971778869628906
9127551,2020,2020-11-13,3905,2020-07-03,1412,7034,CIV,5,5,6,3905,0,0,0,,0,,"CALIFORNIA ST","WEBER AV",0.00,,Y,A,-,N,,,,,,,,,,Y,4,0,1,2,A,-,09,21801,A,N,D,C,A,A,H,-,A,A,0,,,,,Y,,A,01,0,0,1,0,0,0,0,0,0,"- ","- ",37.954601287841797,-121.28481292724609,"SAN JOAQUIN",STOCKTON,-121.284912109375,37.954681396484375
91276424,2020,2020-07-29,9266,2020-07-22,1954,019012,,3,2,9,3900,0,2,4,,2,032,"BYRON ROAD","MOUNTAIN HOUSE PKWY",300.00,E,N,A,-,N,,,,,,,,,,Y,4,0,1,2,A,-,03,22350,,N,C,C,A,A,H,-,A,D,0,,,,,Y,,A,07,0,0,1,0,0,0,0,0,0,"- ","- ",37.781379699707031,-121.529052734375,"SAN JOAQUIN",UNINCORPORATED,-121.53002166748047,37.781658172607422
9127817,2020,2020-11-17,3905,2020-08-24,1819,2536,LAK,1,5,6,3905,0,0,0,,0,,"DA VINCI DR","MARCH LN",128.00,S,N,A,-,N,,,,,,,,,,N,4,0,1,2,A,-,03,22350,,F,C,C,A,A,H,-,A,D,0,,,,,Y,,A,07,0,0,1,0,0,0,0,0,0,"- ","- ",37.98516845703125,-121.33952331542969,"SAN JOAQUIN",STOCKTON,-121.33984375,37.984397888183594
91279963,2020,2020-08-03,9265,2020-07-23,1000,017989,,4,1,9,3900,0,3,5,,2,090,"THORNTON RD","BARBER RD",528.00,N,N,A,-,N,,,,,,,,,,Y,4,0,1,1,A,-,08,22107,,N,E,I,A,A,H,-,A,D,0,,,,,Y,,A,01,0,0,1,0,0,0,0,0,0,"- ","- ",38.247341156005859,-121.43206024169922,"SAN JOAQUIN",UNINCORPORATED,-121.43226799999999,38.247675000000001
91281054,2020,2020-08-05,9265,2020-07-24,1900,022356,,5,2,9,3900,0,1,3,,1,061,SR-26,"ALPINE RD",2740.00,W,N,A,-,Y,,,26,,,,,,,Y,3,0,1,1,A,-,01,23152,A,N,F,A,A,A,H,-,A,D,0,,,,,Y,Y,A,07,0,1,0,0,0,0,0,0,0,"- ","- ",37.982601165771484,-121.20117950439453,"SAN JOAQUIN",UNINCORPORATED,-121.20114135742188,37.9825439453125
91281957,2020,2020-08-06,9265,2020-07-28,1745,017439,,2,2,4,3903,0,1,3,,2,025,"SR-120 E/B","MAIN ST.",2640.00,E,N,A,-,Y,,,120,,,,,,E,Y,3,0,1,4,A,-,03,22350,,N,C,C,A,A,H,-,A,D,0,,,,,Y,,A,01,0,1,0,0,0,0,0,0,0,"- ","- ",37.783149719238281,-121.20778656005859,"SAN JOAQUIN",MANTECA,-121.20778656005859,37.783206939697266
91283451,2020,2020-08-10,9266,2020-06-25,0855,014808,,4,1,9,3900,0,1,1,,2,021,"I-580 E/B","GAFFERY RD. U/C",339.00,W,N,A,-,Y,,,580,,,,,,E,Y,2,0,2,1,A,-,08,22107,,N,E,I,A,A,H,-,A,D,0,,,,,Y,,A,01,1,1,0,0,0,0,0,0,0,"- ","- ",37.594039916992188,-121.33747100830078,"SAN JOAQUIN",UNINCORPORATED,-121.33763885498047,37.593814849853516
91283518,2020,2020-08-10,9265,2020-07-31,1652,020313,,5,2,9,3900,0,3,5,,2,020,"FRENCH CAMP RD",SR-120,440.00,N,N,A,-,N,,,,,,,,,,Y,4,0,1,2,A,-,03,22350,,N,D,C,A,A,H,-,A,D,0,,,,,Y,,A,01,0,0,1,0,0,0,0,0,0,"- ","- ",37.798671722412109,-121.09342193603516,"SAN JOAQUIN",UNINCORPORATED,-121.09371185302734,37.798763275146484
91284222,2020,2020-08-11,9266,2020-08-06,2258,021956,,4,3,9,3900,0,1,1,,1,015,"I-205 E/B","EL RANCHO",2640.00,E,N,A,-,Y,,,205,,,,,,E,Y,4,0,1,2,A,-,03,22350,,N,C,C,A,A,H,-,D,D,0,,,,,Y,,A,01,0,0,1,0,0,0,0,0,0,"- ","- ",37.7647705078125,-121.36128234863281,"SAN JOAQUIN",UNINCORPORATED,-121.36128234863281,37.764797210693359
91284419,2020,2020-08-11,9265,2020-07-31,1140,019413,,5,1,9,3900,0,3,5,,2,010,"FRENCH CAMP RD","MURPHY RD",728.00,E,N,A,-,N,,,,,,,,,,Y,2,0,2,2,A,-,09,21801,A,N,D,C,A,A,H,-,A,D,0,,,,,Y,,D,22,1,0,1,0,0,0,0,0,0,"- ","- ",37.804340362548828,-121.10500335693359,"SAN JOAQUIN",UNINCORPORATED,-121.1053466796875,37.804523468017578
91285672,2020,2020-08-13,9266,2020-08-12,1515,018365,,3,2,9,3900,0,1,1,,2,014,"I-205 E/B","TRACY BLVD",3168.00,W,N,A,-,Y,,,205,,,,,,E,Y,4,0,1,2,A,-,03,22350,,N,C,C,A,A,H,-,A,D,0,,,,,Y,,A,07,0,0,1,0,0,0,0,0,0,"- ","- ",37.760650634765625,-121.44689178466797,"SAN JOAQUIN",UNINCORPORATED,-121.44686889648438,37.760601043701172
9128697,2020,2020-09-26,3905,2020-07-25,1012,2277,VAL,6,5,6,3905,0,0,0,,0,,"WEST LN","BIANCHI RD",200.00,S,N,A,-,N,,,,,,,,,,N,4,0,1,2,A,-,03,22350,,N,C,C,A,A,H,-,A,A,0,,,,,Y,,A,07,0,0,1,0,0,0,0,0,0,"- ","- ",37.9976806640625,-121.28845977783203,"SAN JOAQUIN",STOCKTON,-121.28882598876953,37.997127532958984
91288326,2020,2020-08-18,9265,2020-05-31,2330,020071,,7,3,2,3920,0,1,1,,2,502,"I-5 S/B","LATHROP RD",4752.00,N,N,A,-,Y,,,5,,,,,,S,Y,1,1,0,2,A,-,01,23152,A,N,C,D,A,A,H,-,D,D,0,,,,Y,Y,Y,A,01,0,0,0,0,0,0,0,0,0,"- ","- ",37.838569641113281,-121.28630065917969,"SAN JOAQUIN",LATHROP,-121.28627014160156,37.838565826416016
91288988,2020,2020-08-19,9266,2020-08-16,1230,018217,,7,1,9,3900,0,1,1,,1,015,"I-205 W/B","I-5 S/B",1480.00,W,N,A,-,Y,,,205,,,,,,W,Y,4,0,1,1,A,-,08,22107,,N,E,I,A,A,H,-,A,D,0,,,,,Y,,A,07,0,0,1,0,0,0,0,0,0,"- ","- ",37.766761779785156,-121.33808898925781,"SAN JOAQUIN",UNINCORPORATED,-121.33808898925781,37.766719818115234
91290213,2020,2020-08-21,9266,2020-08-08,2337,021975,,6,3,9,3900,0,2,4,,2,030,"W. LEGACY DR.","MERCADO ST.",230.00,W,N,A,-,N,,,,,,,,,,N,2,0,1,1,A,-,08,22107,,N,F,A,A,A,H,-,D,D,0,,,Y,,Y,,C,02,1,0,0,0,0,0,0,0,1,"- ","- ",37.775081634521484,-121.54891967773438,"SAN JOAQUIN",UNINCORPORATED,-121.54889678955078,37.774982452392578
91291571,2020,2020-08-24,9265,2020-08-14,1420,021526,,5,2,9,3900,0,2,4,,1,091,"LOWER SACRAMENTO RD","EIGHT MILE RD",1848.00,N,N,A,-,N,,,,,,,,,,Y,4,0,3,1,A,-,03,22350,,N,E,I,A,A,H,-,A,D,0,,,,,Y,,A,01,0,0,3,0,0,0,0,0,0,"- ","- ",38.062709808349609,-121.31067657470703,"SAN JOAQUIN",UNINCORPORATED,-121.31057739257812,38.057609558105469
91293046,2020,2020-08-26,9266,2020-08-19,0030,019717,,3,3,9,3900,0,1,1,,2,014,"I-205 W/B","MOUNTAIN HOUSE PKWY",1267.00,W,N,A,-,Y,,,205,,,,,,W,Y,4,0,1,1,A,-,08,22107,,N,E,I,A,A,H,-,C,D,0,,,,,Y,,A,01,0,0,1,0,0,0,0,0,0,"- ","- ",37.742759704589844,-121.53623962402344,"SAN JOAQUIN",UNINCORPORATED,-121.53623199462891,37.742881774902344
91293191,2020,2020-08-26,9265,2020-08-15,1655,022134,,6,2,9,3900,0,3,5,,2,060,"CLEMENTS RD","COMSTOCK RD",0.00,,Y,A,-,N,,,,,,,,,,Y,4,0,1,1,A,-,01,23152,G,N,E,I,A,A,H,-,A,A,0,,,,,Y,Y,E,22,0,0,1,0,0,0,0,0,0,"- ","- ",38.045078277587891,-121.07766723632812,"SAN JOAQUIN",UNINCORPORATED,-121.07772064208984,38.045169830322266
91293504,2020,2020-08-27,9265,2020-08-20,1515,019182,,4,2,9,3900,0,2,4,,1,031,"FRENCH CAMP RD","SR-99 E. FRONTAGE RD.",0.00,,Y,A,-,Y,,,,,,,,,,Y,4,0,3,2,A,-,12,21453,A,N,D,C,A,A,H,-,A,A,0,,,,,Y,,A,01,0,0,3,0,0,0,0,0,0,"- ","- ",37.859401702880859,-121.217041015625,"SAN JOAQUIN",UNINCORPORATED,-121.21880340576172,37.859951019287109
91293546,2020,2020-08-27,9266,2020-08-25,1350,020083,,2,1,9,3900,0,2,4,,2,030,"MOUNTAIN HOUSE PKWY","VON SOSTEN ROAD",20.00,S,N,B,-,N,,,,,,,,,,N,4,0,1,2,A,-,03,22350,,N,C,C,A,A,H,-,A,A,0,,,,Y,Y,,G,27,0,0,1,0,0,0,0,0,0,"- ","- ",37.750808715820312,-121.53157043457031,"SAN JOAQUIN",UNINCORPORATED,-121.53170776367188,37.750946044921875
91293668,2020,2020-08-27,9265,2020-08-20,1415,017439,,4,2,3,3904,0,1,3,,2,001,"SR-99 N/B","MAIN ST.",528.00,S,N,A,-,Y,,,99,,,,,,N,N,3,0,2,2,A,-,17,23114,A,M,H,C,A,A,H,-,A,D,0,,,,,Y,,E,22,0,2,0,0,0,0,0,0,0,"- ","- ",37.7310791015625,-121.11119842529297,"SAN JOAQUIN",RIPON,-121.11100769042969,37.731307983398438
91293823,2020,2020-08-27,9266,2020-08-17,1428,020083,,1,2,9,3900,0,1,3,,1,011,SR-4,"MIDDLE RIVER",1056.00,E,N,A,-,Y,,,4,,,,,,,N,4,0,1,2,A,-,03,22350,,N,C,C,A,A,H,-,A,D,0,,,,,Y,,A,01,0,0,1,0,0,0,0,0,0,"- ","- ",37.892978668212891,-121.48686981201172,"SAN JOAQUIN",UNINCORPORATED,-121.48687744140625,37.892990112304688
91293884,2020,2020-08-27,9265,2020-08-23,1500,020513,,7,2,9,3900,0,3,5,,2,070,"LOWER SACRAMENTO RD","GRIDER WAY",15.00,N,N,A,-,N,,,,,,,,,,N,4,0,1,3,A,-,03,22350,,N,C,C,A,A,H,-,A,D,0,,,,,Y,,A,01,0,0,1,0,0,0,0,0,0,"- ","- ",38.044811248779297,-121.32087707519531,"SAN JOAQUIN",UNINCORPORATED,-121.32098388671875,38.044658660888672
91295235,2020,2020-08-28,9265,2020-08-22,0905,017989,,6,1,6,3905,0,1,1,,2,503,"I-5 N/B","COUNTRY CLUB BLVD",515.00,S,N,A,-,Y,,,5,,,,,,N,Y,4,0,3,2,A,-,08,22107,,N,E,I,A,A,H,-,A,D,0,,,,,Y,,A,01,0,0,3,0,0,0,0,0,0,"- ","- ",37.963031768798828,-121.33463287353516,"SAN JOAQUIN",STOCKTON,-121.33475494384766,37.962978363037109
91295406,2020,2020-08-28,9265,2020-08-25,1640,019885,,2,2,9,3900,0,1,1,,2,505,"I-5 N/B",SR-12,5808.00,N,N,A,-,Y,,,5,,,,,,N,Y,3,0,1,1,A,-,01,23152,A,N,E,I,A,A,H,-,A,D,0,,,,,Y,Y,A,01,0,1,0,0,0,0,0,0,0,"- ","- ",38.131401062011719,-121.39913940429688,"SAN JOAQUIN",UNINCORPORATED,-121.39924621582031,38.131416320800781
91297417,2020,2020-09-02,9265,2020-08-25,0617,018511,,2,1,9,3900,0,3,5,,2,060,"KETTLEMAN LN","VINTAGE RD",198.00,E,N,A,-,N,,,,,,,,,,Y,2,0,3,3,A,-,03,22350,,N,C,C,A,A,H,-,B,D,0,,,,,Y,,A,07,1,1,1,0,0,0,0,0,0,"- ","- ",38.115871429443359,-121.22824859619141,"SAN JOAQUIN",UNINCORPORATED,-121.22835540771484,38.115867614746094
91298593,2020,2020-09-03,9265,2020-08-28,1135,017405,,5,1,2,3920,0,1,1,,2,502,"I-5 N/B","SR-120 W/B",568.00,N,N,A,-,Y,,,5,,,,,,N,N,4,0,1,2,A,-,03,22350,,F,C,C,A,A,H,-,A,D,0,,,,,Y,,A,01,0,0,1,0,0,0,0,0,0,"- ","- ",37.790809631347656,-121.30094909667969,"SAN JOAQUIN",LATHROP,-121.30093383789062,37.790805816650391
9129915,2020,2020-09-29,3905,2020-07-14,0630,2128,CIV,2,5,6,3905,0,0,0,,0,,"CENTER ST","MAPLE ST",0.00,,Y,A,-,N,,,,,,,,,,N,4,0,1,2,A,-,09,21802,A,N,D,C,A,A,H,-,A,A,0,,,,,Y,,A,01,0,0,1,0,0,0,0,0,0,"- ","- ",37.970500946044922,-121.29615020751953,"SAN JOAQUIN",STOCKTON,-121.29637145996094,37.970451354980469
9129919,2020,2020-10-12,3905,2020-07-11,0707,2277,LAK,6,5,6,3905,0,0,0,,0,,"MARCH LN","PACIFIC AV",0.00,,Y,A,-,N,,,,,,,,,,Y,3,0,2,2,A,-,12,21453,A,N,D,C,A,A,H,-,A,A,0,,,,,Y,,D,22,0,2,0,0,0,0,0,0,0,"- ","- ",37.991489410400391,-121.31227874755859,"SAN JOAQUIN",STOCKTON,-121.31282043457031,37.991420745849609
91299373,2020,2020-09-04,9265,2020-08-30,0320,021625,,7,3,6,3905,0,1,3,,1,042,"SR-4 E/B","EL DORADO ST",415.00,E,N,A,-,Y,,,4,,,,,,E,Y,4,0,2,2,A,-,03,22350,,F,C,C,A,A,H,-,D,D,0,,,,,Y,,A,01,0,0,2,0,0,0,0,0,0,"- ","- ",37.950351715087891,-121.28758239746094,"SAN JOAQUIN",STOCKTON,-121.28759765625,37.950447082519531
91301451,2020,2020-09-09,9265,2020-08-29,1510,021781,,6,2,9,3900,0,3,5,,2,020,"AUSTIN ROAD","ARCH ROAD",0.00,,Y,A,-,N,,,,,,,,,,Y,2,0,1,2,A,-,12,21453,A,N,D,C,A,A,H,-,A,A,0,,,,Y,Y,,A,01,1,0,0,0,0,0,0,0,0,"- ","- ",37.903579711914062,-121.183837890625,"SAN JOAQUIN",UNINCORPORATED,-121.18386077880859,37.905349731445312
91302604,2020,2020-09-10,9265,2020-08-30,1715,021644,,7,2,9,3900,0,2,4,,1,091,"WEST LN","ARMSTRONG RD",45.00,N,N,A,-,N,,,,,,,,,,Y,4,0,1,1,A,-,01,23152,F,N,A,I,A,A,H,-,A,D,0,,,,,Y,,A,01,0,0,1,0,0,0,0,0,0,"- ","- ",38.08660888671875,-121.27871704101562,"SAN JOAQUIN",UNINCORPORATED,-121.27861022949219,38.086582183837891
91302934,2020,2020-09-11,9266,2020-09-10,2133,021704,,4,2,9,3900,0,2,4,,2,020,"KASSON ROAD","DURHAM FERRY ROAD",500.00,W,N,A,-,N,,,,,,,,,,Y,4,0,1,1,A,-,08,22107,,N,E,I,A,A,H,-,D,D,0,,,,,Y,,A,01,0,0,1,0,0,0,0,0,0,"- ","- ",37.673328399658203,-121.27394104003906,"SAN JOAQUIN",UNINCORPORATED,-121.27398681640625,37.67327880859375
9130395,2020,2020-11-16,3905,2020-07-16,1351,7034,SEA,4,5,6,3905,0,0,0,,0,,"EL DORADO ST","8TH ST",0.00,,Y,A,-,N,,,,,,,,,,Y,3,0,1,2,A,-,01,23153,A,N,D,C,A,A,H,-,A,A,0,,,,,Y,Y,A,01,0,1,0,0,0,0,0,0,0,"- ","- ",37.928909301757812,-121.28304290771484,"SAN JOAQUIN",STOCKTON,-121.28298187255859,37.929389953613281
9130396,2020,2020-11-16,3905,2020-07-17,0951,1422,CIV,5,5,6,3905,0,0,0,,0,,"PERSHING AV","HARDING WY",0.00,,Y,A,-,N,,,,,,,,,,Y,3,0,2,2,A,-,12,21453,A,N,D,C,A,A,H,-,A,A,0,,,,,Y,,A,01,0,1,1,0,0,0,0,0,0,"- ","- ",37.964328765869141,-121.31320190429688,"SAN JOAQUIN",STOCKTON,-121.31331634521484,37.964168548583984
9130400,2020,2020-11-17,3905,2020-07-19,1908,2466,CIV,7,5,6,3905,0,0,0,,0,,"LINCOLN ST","HARDING WY",170.00,N,N,A,-,N,,,,,,,,,,,3,0,1,2,A,-,08,22107,,F,B,G,A,A,H,-,A,D,0,,Y,,,Y,,-,99,0,1,0,0,0,0,1,0,0,"- ","- ",37.996269226074219,-121.30146789550781,"SAN JOAQUIN",STOCKTON,-121.30178070068359,37.966651916503906
91304970,2020,2020-09-15,9265,2020-09-03,0340,020785,,4,3,9,3900,0,1,3,,1,092,SR-12,"MOKELUMNE RIVER",1147.00,E,N,A,-,Y,,,12,,,,,,,Y,2,0,2,1,A,-,08,22107,,N,E,I,A,A,H,-,D,D,0,,,,,Y,,A,07,2,0,0,0,0,0,0,0,0,"- ","- ",38.124740600585938,-121.57717132568359,"SAN JOAQUIN",UNINCORPORATED,-121.57717895507812,38.124717712402344
91305033,2020,2020-09-15,9265,2020-09-04,1748,022134,,5,2,6,3905,0,1,1,,2,503,"I-5 N/B","TELEGRAPH AVE",1000.00,N,N,A,-,Y,,,,,,,,,,N,4,0,1,3,A,-,07,21658,A,N,B,C,A,A,H,-,A,D,0,,,,Y,Y,,G,25,0,0,1,0,0,0,0,0,0,"- ","- ",37.975460052490234,-121.33979797363281,"SAN JOAQUIN",STOCKTON,-121.33991241455078,37.976119995117188
91305605,2020,2020-09-16,9265,2020-09-05,1159,018836,,6,1,6,3905,0,1,1,,2,503,"I-5 N/B","FRENCH CAMP RD",900.00,N,N,A,-,Y,,,5,,,,,,N,Y,4,0,1,2,A,-,03,22350,,N,C,C,A,A,H,-,A,D,0,,,,,Y,,A,08,0,0,1,0,0,0,0,0,0,"- ","- ",37.899589538574219,-121.28459930419922,"SAN JOAQUIN",STOCKTON,-121.2845458984375,37.899612426757812
91305684,2020,2020-09-16,9265,2020-09-06,0656,015630,,7,1,9,3900,0,2,4,,1,014,"MARIPOSA ROAD","VAN ALLEN ROAD",0.00,,Y,A,-,N,,,,,,,,,,Y,3,0,2,2,A,-,01,23152,,N,D,C,A,A,H,-,B,A,0,,,,Y,Y,Y,D,22,0,1,1,0,0,0,0,0,0,"- ","- ",37.514400482177734,-121.03150177001953,"SAN JOAQUIN",UNINCORPORATED,-121.05419921875,37.862430572509766
91306474,2020,2020-09-17,9265,2020-09-01,1413,019413,,2,2,9,3900,0,2,4,,1,082,"ALPINE AVE","RYDE AVE",0.00,,Y,A,-,N,,,,,,,,,,Y,3,0,2,2,A,-,12,21453,A,N,D,C,A,A,H,-,A,A,0,,,,,Y,,A,08,0,2,0,0,0,0,0,0,0,"- ","- ",37.970298767089844,-121.33831787109375,"SAN JOAQUIN",UNINCORPORATED,-121.33831024169922,37.970268249511719
91307074,2020,2020-09-18,9265,2020-09-10,1235,019073,,4,1,9,3900,0,1,1,,2,502,I-5,"HOSPITAL RD",44.00,N,N,F,-,Y,,,5,,,,,,,N,4,0,1,4,A,-,04,21703,,N,C,C,A,A,H,-,A,D,0,,,,,Y,,A,01,0,0,1,0,0,0,0,0,0,"- ","- ",37.885910034179688,-121.27989196777344,"SAN JOAQUIN",UNINCORPORATED,-121.27993011474609,37.885894775390625
91307193,2020,2020-09-18,9265,2020-09-11,1705,013539,,5,2,9,3900,0,3,5,,2,030,"ROBERTS ROAD","HOWARD ROAD",5755.00,N,N,B,-,N,,,,,,,,,,Y,3,0,1,1,A,-,08,22107,,N,E,I,A,A,H,-,A,D,0,,,,,Y,,D,22,0,1,0,0,0,0,0,0,0,"- ","- ",37.892101287841797,-121.34316253662109,"SAN JOAQUIN",UNINCORPORATED,-121.34239959716797,37.877399444580078