CASE_ID,ACCIDENT_YEAR,PROC_DATE,JURIS,COLLISION_DATE,COLLISION_TIME,OFFICER_ID,REPORTING_DISTRICT,DAY_OF_WEEK,CHP_SHIFT,POPULATION,CNTY_CITY_LOC,SPECIAL_COND,BEAT_TYPE,CHP_BEAT_TYPE,CITY_DIVISION_LAPD,CHP_BEAT_CLASS,BEAT_NUMBER,PRIMARY_RD,SECONDARY_RD,DISTANCE,DIRECTION,INTERSECTION,WEATHER_1,WEATHER_2,STATE_HWY_IND,CALTRANS_COUNTY,CALTRANS_DISTRICT,STATE_ROUTE,ROUTE_SUFFIX,POSTMILE_PREFIX,POSTMILE,LOCATION_TYPE,RAMP_INTERSECTION,SIDE_OF_HWY,TOW_AWAY,COLLISION_SEVERITY,NUMBER_KILLED,NUMBER_INJURED,PARTY_COUNT,PRIMARY_COLL_FACTOR,PCF_CODE_OF_VIOL,PCF_VIOL_CATEGORY,PCF_VIOLATION,PCF_VIOL_SUBSECTION,HIT_AND_RUN,TYPE_OF_COLLISION,MVIW,PED_ACTION,ROAD_SURFACE,ROAD_COND_1,ROAD_COND_2,LIGHTING,CONTROL_DEVICE,CHP_ROAD_TYPE,PEDESTRIAN_ACCIDENT,BICYCLE_ACCIDENT,MOTORCYCLE_ACCIDENT,TRUCK_ACCIDENT,NOT_PRIVATE_PROPERTY,ALCOHOL_INVOLVED,STWD_VEHTYPE_AT_FAULT,CHP_VEHTYPE_AT_FAULT,COUNT_SEVERE_INJ,COUNT_VISIBLE_INJ,COUNT_COMPLAINT_PAIN,COUNT_PED_KILLED,COUNT_PED_INJURED,COUNT_BICYCLIST_KILLED,COUNT_BICYCLIST_INJURED,COUNT_MC_KILLED,COUNT_MC_INJURED,PRIMARY_RAMP,SECONDARY_RAMP,LATITUDE,LONGITUDE,COUNTY,CITY,POINT_X,POINT_Y
91932378,2022,2022-12-02,9265,2022-11-29,0425,018784,,2,3,9,3900,0,1,3,,2,025,"SR-120 W/B","I-5 S/B",75.00,W,N,A,-,Y,,,,,,,,,,N,3,0,1,2,A,-,03,22350,,N,C,C,A,A,H,-,D,D,0,,,,,Y,,A,01,0,1,0,0,0,0,0,0,0,"- ","- ",37.787479400634766,-121.30403900146484,"SAN JOAQUIN",UNINCORPORATED,-121.21022796630859,37.783519744873047
91932379,2022,2022-12-02,9265,2022-11-29,0814,020313,,2,1,9,3900,0,1,1,,2,502,"I-5 S/B","ROTH RD",1700.00,N,N,A,-,Y,SJ,,5,,R,19.930,H,,L,N,4,0,1,2,A,-,03,22350,,N,C,C,A,A,H,-,A,D,0,,,,,Y,,D,22,0,0,1,0,0,0,0,0,0,"- ","- ",37.860260009765625,-121.28096771240234,"SAN JOAQUIN",UNINCORPORATED,-121.28096771240234,37.860260009765625
91933940,2022,2022-12-05,9265,2022-08-14,0135,022042,,7,3,9,3900,0,3,5,,2,060,"COLLIER ROAD","ELLIOTT ROAD",0.00,,Y,A,-,N,,,,,,,,,,Y,1,1,2,2,A,-,12,22450,A,N,B,C,A,A,H,-,D,A,0,,,,,Y,,A,07,0,1,1,0,0,0,0,0,0,"- ","- ",38.219280242919922,-121.17135620117188,"SAN JOAQUIN",UNINCORPORATED,-121.17127990722656,38.219257354736328
91934086,2022,2022-12-05,9266,2022-11-27,0605,018217,,7,1,9,3900,0,2,4,,2,020,"KASSON ROAD","I-5 SOUTHBOUND",630.00,E,N,A,-,Y,,,,,,,,,,N,4,0,1,1,A,-,08,22107,,N,E,I,A,A,H,-,D,D,0,,,,,Y,,A,01,0,0,1,0,0,0,0,0,0,"- ","- ",37.749401092529297,-121.34571838378906,"SAN JOAQUIN",UNINCORPORATED,,
91937533,2022,2022-12-08,9265,2022-12-02,1700,022282,,5,2,9,3900,0,1,1,,2,505,"5 S/B",SR-12,2400.00,S,N,A,-,Y,SJ,,5,,,39.050,H,,L,Y,4,0,1,2,A,-,16,29004,B,N,B,C,A,A,H,-,B,A,0,,,,,Y,,E,22,0,0,1,0,0,0,0,0,0,"- ","- ",38.109401702880859,-121.39354705810547,"SAN JOAQUIN",UNINCORPORATED,-121.39359283447266,38.109375
91938592,2022,2022-12-09,9265,2022-10-08,0227,018784,,6,3,9,3900,0,2,4,,1,052,"FILBERT STREET","HARDING WAY",86.00,N,N,A,-,N,,,,,,,,,,Y,1,1,0,5,A,-,01,23152,G,N,C,E,A,A,H,-,D,D,0,,,,,Y,Y,A,01,0,0,0,0,0,0,0,0,0,"- ","- ",37.9739990234375,-121.26004791259766,"SAN JOAQUIN",UNINCORPORATED,-121.26004791259766,37.973918914794922
91938617,2022,2022-12-09,9265,2022-12-03,2000,021968,,6,2,9,3900,0,1,1,,2,502,"I-5 S/B","FRENCH CAMP RD",1056.00,S,N,C,-,Y,SJ,,5,,R,22.071,H,,L,N,4,0,2,1,A,-,08,22107,,M,E,8,A,B,H,-,C,D,0,,,,,Y,,A,01,0,0,2,0,0,0,0,0,0,"- ","- ",37.890830993652344,-121.28183746337891,"SAN JOAQUIN",UNINCORPORATED,-121.28172302246094,37.890857696533203
91939655,2022,2022-12-12,9265,2022-11-08,0700,017405,,2,1,9,3900,0,3,5,,2,010,"CAMPBELL AVE.","MAGNOLIA AVE.",1320.00,S,N,B,C,N,,,,,,,,,,Y,4,0,1,1,A,-,08,22107,,N,E,C,A,B,H,-,A,D,0,,,,,Y,,D,22,0,0,1,0,0,0,0,0,0,"- ","- ",37.813869476318359,-120.97878265380859,"SAN JOAQUIN",UNINCORPORATED,-120.97879791259766,37.813991546630859
91940869,2022,2022-12-13,9266,2022-12-03,0300,020279,,6,3,9,3900,0,3,5,,2,002,"BANTA RD","ELEVENTH ST",9504.00,S,N,A,-,N,,,,,,,,,,Y,3,0,1,1,A,-,08,22107,,N,E,I,A,A,H,-,D,D,0,,,,,Y,,A,01,0,1,0,0,0,0,0,0,0,"- ","- ",37.714141845703125,-121.37980651855469,"SAN JOAQUIN",UNINCORPORATED,-121.37985229492188,37.713615417480469
91941180,2022,2022-12-13,9266,2022-12-05,1508,021822,,1,2,9,3900,0,2,4,,1,016,"11TH STREET W/B","BIRD ROAD",33.00,E,N,A,-,N,,,,,,,,,,Y,3,0,1,2,A,-,03,22350,,N,C,C,A,A,H,-,A,D,0,,,,,Y,,A,01,0,1,0,0,0,0,0,0,0,"- ","- ",37.746120452880859,-121.36177825927734,"SAN JOAQUIN",UNINCORPORATED,-121.36170959472656,37.746002197265625
9194144,2020,2021-02-09,3905,2020-12-03,1028,2598,,4,5,6,3905,0,0,0,,0,,"PERSHING AV","ACACIA ST",0.00,,Y,A,-,N,,,,,,,,,,Y,3,0,3,2,A,-,12,21453,A,N,D,C,A,A,H,-,A,A,0,,,,,Y,,-,"- ",0,2,1,0,0,0,0,0,0,"- ","- ",37.959449768066406,-121.31192779541016,"SAN JOAQUIN",STOCKTON,-121.31201171875,37.959300994873047
9194149,2020,2021-02-05,3905,2020-12-03,1710,2466,LAK,4,5,6,3905,0,0,0,,0,,"EL DORADO ST","MARCH LN",45.00,N,N,A,-,N,,,,,,,,,,N,4,0,3,2,A,-,03,22350,,M,C,C,A,A,H,-,A,A,0,,,,,Y,,A,01,0,0,3,0,0,0,0,0,0,"- ","- ",37.996379852294922,-121.30506896972656,"SAN JOAQUIN",STOCKTON,-121.30580139160156,37.996364593505859
91942600,2022,2022-12-14,9265,2022-12-11,0214,021440,,7,3,9,3900,0,1,1,,2,505,"I-5 S/B","TURNER RD",2587.00,N,N,B,C,Y,SJ,,5,,,42.191,H,,L,Y,3,0,1,1,A,-,01,23152,A,N,F,A,A,B,H,-,D,D,0,,,,,Y,Y,A,01,0,1,0,0,0,0,0,0,0,"- ","- ",38.153549194335938,-121.39977264404297,"SAN JOAQUIN",UNINCORPORATED,-121.39960479736328,38.153553009033203
9194503,2020,2021-01-12,3905,2020-11-22,0509,2980,PAR,7,5,6,3905,0,0,0,,0,,"AIRPORT WAY","SPERRY RD",0.00,,Y,A,-,N,,,,,,,,,,Y,4,0,1,3,A,-,12,21453,A,F,D,C,A,A,H,-,C,A,0,,,,,Y,,A,07,0,0,1,0,0,0,0,0,0,"- ","- ",37.901809692382812,-121.25480651855469,"SAN JOAQUIN",STOCKTON,-121.25485229492188,37.901920318603516
91947010,2022,2022-12-20,9266,2022-12-10,2220,019091,,6,3,2,3920,0,1,1,,2,024,"I-5 S/B","STEWART RD",1584.00,S,N,C,-,Y,SJ,,5,,R,13.487,H,,L,Y,4,0,1,2,A,-,03,22350,,N,C,C,A,B,H,-,D,D,0,,,,,Y,,A,07,0,0,1,0,0,0,0,0,0,"- ","- ",37.775669097900391,-121.32045745849609,"SAN JOAQUIN",LATHROP,-121.3204345703125,37.775646209716797
9194945,2020,2021-01-14,3905,2020-11-26,0111,2947,BEA,4,5,6,3905,0,0,0,,0,,"HAMMER LN","KELLEY DR",150.00,W,N,A,-,N,,,,,,,,,,Y,4,0,1,1,A,-,03,22350,,F,E,I,A,A,H,-,C,D,0,,,,,Y,,A,01,0,0,1,0,0,0,0,0,0,"- ","- ",38.021228790283203,-121.35652160644531,"SAN JOAQUIN",STOCKTON,-121.35667419433594,38.021270751953125
9194953,2020,2021-01-14,3905,2020-10-24,0623,1196,BEA,6,5,6,3905,0,0,0,,0,,"DAVID RD","THORNTON RD",19.00,E,N,A,-,N,,,,,,,,,,Y,4,0,1,1,A,-,07,21658,A,N,E,I,A,A,H,-,C,A,0,,,,,Y,,A,01,0,0,1,0,0,0,0,0,0,"- ","- ",38.028949737548828,-121.33229064941406,"SAN JOAQUIN",STOCKTON,-121.33209228515625,38.028682708740234
9194957,2020,2021-01-14,3905,2020-11-20,1908,2466,LAK,5,5,6,3905,0,0,0,,0,,"PERSHING AV","BROOKSIDE RD",40.00,S,N,A,-,N,,,,,,,,,,Y,3,0,1,1,A,-,03,22350,,M,E,I,A,A,H,-,C,A,0,,,,,Y,Y,A,01,0,1,0,0,0,0,0,0,0,"- ","- ",37.982078552246094,-121.31858062744141,"SAN JOAQUIN",STOCKTON,-121.31893920898438,37.981884002685547
91949729,2022,2022-12-22,9295,2022-12-17,1734,022217,,6,2,9,3900,0,3,5,,2,005,"RIDGE RD","LOGANS ALLEY",225.00,W,N,A,-,N,,,,,,,,,,N,2,0,1,2,A,-,11,21954,A,N,G,B,E,A,H,-,D,D,0,Y,,,,Y,Y,N,60,1,0,0,0,1,0,0,0,0,"- ","- ",38.413509368896484,-120.67562103271484,"SAN JOAQUIN",UNINCORPORATED,-120.67555236816406,38.413448333740234
9194976,2020,2021-01-21,3905,2020-11-12,1100,1422,VAL,4,5,6,3905,0,0,0,,0,,"ACAPULCO WY","PONCE DE LEON AV",0.00,,Y,A,-,N,,,,,,,,,,Y,4,0,1,3,A,-,09,21801,A,N,D,C,A,A,H,-,A,A,0,,,,,Y,,A,01,0,0,1,0,0,0,0,0,0,"- ","- ",38.030288696289062,-121.32089233398438,"SAN JOAQUIN",STOCKTON,-121.32068634033203,38.030101776123047
91953188,2022,2022-12-27,9265,2022-12-12,1238,021440,,1,1,6,3905,0,1,1,,2,503,"I-5 S/B","DOWNING AVE",1795.00,N,N,D,-,Y,SJ,,5,,R,24.020,H,,L,Y,2,0,2,2,A,-,03,22350,,N,C,C,A,A,H,-,A,D,0,,,,,Y,,A,01,1,1,0,0,0,0,0,0,0,"- ","- ",37.917911529541016,-121.29148864746094,"SAN JOAQUIN",STOCKTON,-121.29148864746094,37.917911529541016
91953710,2022,2022-12-28,9295,2022-12-17,2030,022217,,6,2,9,3900,0,3,5,,2,002,"FIVE MILE DR","GOLF LINKS DR",2500.00,W,N,A,-,N,,,,,,,,,,Y,4,0,1,1,A,-,01,23152,A,N,E,I,A,A,H,-,D,D,0,,,,,Y,Y,D,22,0,0,1,0,0,0,0,0,0,"- ","- ",38.358791351318359,-120.96881866455078,"SAN JOAQUIN",UNINCORPORATED,,
91954496,2022,2022-12-28,9266,2022-12-17,1745,021822,,6,2,9,3900,0,1,1,,2,024,"I-5 S/B","STEWART ROAD UNDERCROSSING",1200.00,S,N,A,-,Y,SJ,,5,,R,13.686,H,,L,Y,4,0,2,3,A,-,07,21658,A,N,C,C,A,A,H,-,C,D,0,,,,,Y,,A,01,0,0,2,0,0,0,0,0,0,"- ","- ",37.777580261230469,-121.3177490234375,"SAN JOAQUIN",UNINCORPORATED,-121.31775665283203,37.777587890625
91955494,2022,2022-12-29,9265,2022-12-18,1815,022407,,7,2,4,3903,0,1,3,,2,025,"SR-120 E/B","SOUTH MAIN ST",1792.00,W,N,A,-,Y,SJ,,120,,R,4.984,H,,R,Y,4,0,1,5,A,-,03,22350,,N,C,C,A,A,H,-,C,D,0,,,,,Y,,A,01,0,0,1,0,0,0,0,0,0,"- ","- ",37.783168792724609,-121.22183227539062,"SAN JOAQUIN",MANTECA,-121.22183227539062,37.783176422119141
91955869,2022,2022-12-29,9265,2022-12-16,0714,017405,,5,1,9,3900,0,3,5,,2,010,"JACK TONE RD.","VERDON RD.",2429.00,S,N,E,-,N,,,,,,,,,,Y,3,0,3,3,A,-,06,21751,,N,A,C,A,A,H,-,A,D,0,,,,Y,Y,,D,22,0,2,1,0,0,0,0,0,0,"- ","- ",37.877281188964844,-121.14662170410156,"SAN JOAQUIN",UNINCORPORATED,-121.14662933349609,37.877262115478516
91956485,2022,2022-12-30,9266,2022-12-17,2300,019091,,6,3,9,3900,0,1,3,,1,026,"SR-132 E/B TO SR-33",SR-132,105.00,N,N,A,-,Y,,,,,,,,,,Y,3,0,1,1,A,-,01,23152,A,N,E,I,A,A,H,-,C,D,0,,,,,Y,Y,A,07,0,1,0,0,0,0,0,0,0,"- ","- ",37.638378143310547,-121.29164886474609,"SAN JOAQUIN",UNINCORPORATED,-121.29164886474609,37.638378143310547
91956654,2022,2022-12-30,9266,2022-12-22,0555,013650,,4,3,9,3900,0,2,4,,1,016,"GRANT LINE ROAD","BIRD ROAD",1584.00,W,N,B,-,N,,,,,,,,,,Y,4,0,1,3,A,-,03,22350,,N,C,C,A,A,H,-,D,D,0,,,,,Y,,D,22,0,0,1,0,0,0,0,0,0,"- ","- ",37.754318237304688,-121.3675537109375,"SAN JOAQUIN",UNINCORPORATED,-121.36731719970703,37.754310607910156
91959794,2022,2023-01-04,9265,2022-12-20,1306,022365,,2,1,9,3900,0,1,1,,2,502,I-5,"LOUISE AVE",1795.00,N,N,A,-,Y,SJ,,5,,R,16.837,H,,R,Y,3,0,2,3,A,-,03,22350,,N,C,C,A,A,H,-,A,D,0,,,,,Y,,A,01,0,2,0,0,0,0,0,0,0,"- ","- ",37.816791534423828,-121.29393005371094,"SAN JOAQUIN",UNINCORPORATED,-121.29362487792969,37.816715240478516
91960875,2022,2023-01-05,9265,2022-12-22,1735,022407,,4,2,4,3903,0,1,3,,2,001,"SR-99 N/B","AUSTIN RD",25.00,S,N,B,-,Y,SJ,,99,,,4.871,H,,R,Y,3,0,2,3,A,-,03,22350,,N,C,C,A,A,H,-,C,D,0,,,,,Y,,A,08,0,1,1,0,0,0,0,0,0,"- ","- ",37.774600982666016,-121.17900085449219,"SAN JOAQUIN",MANTECA,-121.17903137207031,37.774574279785156
91961159,2022,2023-01-05,9266,2022-12-29,0520,013650,,4,3,9,3900,0,1,1,,1,015,"I-205 E/B","MACARTHUR DRIVE",1056.00,W,N,C,-,Y,SJ,,205,,R,7.909,H,,L,Y,4,0,1,2,A,-,03,22350,,N,C,C,A,B,H,-,D,D,0,,,,,Y,,A,01,0,0,1,0,0,0,0,0,0,"- ","- ",37.763870239257812,-121.41889953613281,"SAN JOAQUIN",UNINCORPORATED,-121.41888427734375,37.763790130615234
91961816,2022,2023-01-06,9265,2022-12-26,0420,022123,,1,3,9,3900,0,1,1,,2,505,"I-5 S/B",SR-12,175.00,S,N,B,E,Y,SJ,,5,,,39.525,H,,L,Y,4,0,1,1,A,-,08,22107,,N,E,I,A,A,H,-,C,D,0,,,,,Y,,A,07,0,0,1,0,0,0,0,0,0,"- ","- ",38.115360260009766,-121.39775085449219,"SAN JOAQUIN",UNINCORPORATED,-121.3978271484375,38.115337371826172
91961912,2022,2023-01-06,9265,2022-12-26,1730,020785,,1,2,9,3900,0,1,1,,2,505,"I-5 N/B",SR-12,210.00,N,N,B,-,Y,SJ,,5,,,39.626,H,,R,Y,4,0,2,3,A,-,03,22350,,N,C,C,A,A,H,-,D,D,0,,,,,Y,,A,07,0,0,2,0,0,0,0,0,0,"- ","- ",38.116710662841797,-121.398193359375,"SAN JOAQUIN",UNINCORPORATED,-121.39815521240234,38.116722106933594
91961965,2022,2023-01-06,9265,2022-12-27,0235,022072,,2,3,9,3900,0,1,3,,2,004,"SR-99 S/B","EIGHT MILE",5280.00,N,N,B,C,Y,SJ,,99,,,26.444,H,,L,N,4,0,1,1,A,-,01,23152,A,N,E,I,A,B,H,-,D,D,0,,,,,Y,Y,A,01,0,0,1,0,0,0,0,0,0,"- ","- ",38.072101593017578,-121.25981903076172,"SAN JOAQUIN",UNINCORPORATED,-121.25988006591797,38.072097778320312
91963526,2022,2023-01-09,9266,2022-12-30,1745,021822,,5,2,9,3900,0,1,1,,2,014,"I-205 E/B FROM MTN HOUSE N/B","MOUNTAIN HOUSE PARKWAY",1003.00,E,N,C,-,Y,SJ,,205,,,1.646,H,,R,Y,4,0,1,2,A,-,03,22350,,M,C,C,A,B,H,-,C,A,0,,,,,Y,,-,99,0,0,1,0,0,0,0,0,0,"- ","- ",37.741989135742188,-121.52677154541016,"SAN JOAQUIN",UNINCORPORATED,-121.52675628662109,37.742088317871094
91963548,2022,2023-01-09,9265,2022-09-25,1358,021830,,7,1,9,3900,0,2,4,,1,015,"DOVE RD","ESCALON BELLOTA RD",0.00,,Y,A,-,N,,,,,,,,,,N,1,1,1,2,A,-,01,23152,A,N,D,C,A,A,H,-,A,A,0,,,Y,,Y,Y,C,02,0,1,0,0,0,0,0,1,0,"- ","- ",37.849441528320312,-120.99838256835938,"SAN JOAQUIN",UNINCORPORATED,-120.99837493896484,37.84942626953125
91964497,2022,2023-01-10,9265,2022-12-31,0730,021364,,6,1,9,3900,0,1,1,,2,505,"I-5 S/B",SR-12,700.00,N,N,B,C,Y,SJ,,5,,,39.718,H,,L,Y,4,0,1,1,A,-,03,22350,,N,E,I,A,B,H,-,B,D,0,,,,,Y,,A,01,0,0,1,0,0,0,0,0,0,"- ","- ",38.117988586425781,-121.39897155761719,"SAN JOAQUIN",UNINCORPORATED,-121.39910125732422,38.117950439453125
91964767,2022,2023-01-10,9265,2022-09-18,0437,022499,,7,3,9,3900,0,1,3,,1,061,SR-26,"PINASCO RD",140.00,W,N,B,-,Y,SJ,,26,,,5.373,H,,R,N,1,1,0,2,A,-,03,22350,,F,G,B,E,A,H,-,D,D,0,Y,,,,Y,Y,A,01,0,0,0,1,0,0,0,0,0,"- ","- ",37.993320465087891,-121.17476654052734,"SAN JOAQUIN",UNINCORPORATED,-121.17477416992188,37.993324279785156
91966556,2023,2023-01-12,9265,2023-01-06,1435,022407,,5,2,9,3900,0,1,3,,2,006,"SR-99 S/B","EMERSON RD",930.00,S,N,B,-,Y,SJ,,99," "," ",36.102,H,,L,Y,4,0,1,1,A,-,08,22107,,N,E,I,A,A,H,-,A,D,0,,,,,Y,,D,22,0,0,1,0,0,0,0,0,0,"- ","- ",38.210910797119141,-121.26621246337891,"SAN JOAQUIN",UNINCORPORATED,-121.26606750488281,38.210968017578125
91967219,2023,2023-01-12,9265,2023-01-05,1628,022217,,4,2,9,3900,0,1,3,,2,004,"SR-99 S/B","WATERLOO RD",1160.00,S,N,B,-,Y,SJ,,99," "," ",20.109,H,,L,Y,2,0,1,1,A,-,08,22107,,N,E,I,A,B,H,-,A,D,0,,,,,Y,,A,01,1,0,0,0,0,0,0,0,0,"- ","- ",37.981369018554688,-121.24997711181641,"SAN JOAQUIN",UNINCORPORATED,-121.25008392333984,37.981365203857422
91967639,2022,2023-01-13,9465,2022-12-10,2149,020071,,6,2,9,3900,0,3,5,,2,030,"MITCHELL ROAD","RIVERSIDE DRIVE",0.00,,Y,C,-,N,,,,,,,,,,Y,3,0,2,3,A,-,09,21800,D,N,A,C,A,B,D,-,E,B,0,,,,,Y,,A,01,0,1,1,0,0,0,0,0,0,"- ","- ",37.625629425048828,-120.94809722900391,"SAN JOAQUIN",UNINCORPORATED,,
91968333,2023,2023-01-13,9265,2023-01-08,1933,022217,,7,2,9,3900,0,1,3,,2,004,"SR-99 S/B","EIGHT MILE RD",4440.00,N,N,B,-,Y,SJ,,99," "," ",26.273,H,,L,Y,2,0,2,1,A,-,08,22107,,N,E,I,A,A,H,-,D,D,0,,,,,Y,,A,01,2,0,0,0,0,0,0,0,0,"- ","- ",38.069618225097656,-121.25975036621094,"SAN JOAQUIN",UNINCORPORATED,-121.25983428955078,38.069618225097656
91972120,2022,2023-01-19,9265,2022-12-23,0245,020071,,5,3,2,3920,0,1,1,,2,502,"I-5 N/B","LATHROP RD",510.00,S,N,A,-,Y,SJ,,5,,R,17.429,H,,R,Y,3,0,1,1,A,-,08,22107,,N,F,A,A,A,H,-,D,D,0,,,,,Y,,A,01,0,1,0,0,0,0,0,0,0,"- ","- ",37.824901580810547,-121.29036712646484,"SAN JOAQUIN",LATHROP,-121.29046630859375,37.824924468994141
91972852,2022,2023-01-20,9320,2022-12-11,2120,019759,,7,2,9,3900,0,1,S,,2,904,"SR-4 E/B","OLD RIVER BRIDGE",5280.00,E,N,A,-,Y,SJ,,4,,,1.075,H,,R,N,4,0,1,2,A,-,08,22107,,M,B,C,A,A,H,-,D,A,0,,,,,Y,Y,A,01,0,0,1,0,0,0,0,0,0,"- ","- ",37.890048980712891,-121.55117797851562,"SAN JOAQUIN",UNINCORPORATED,-121.55117797851562,37.890056610107422
91974727,2023,2023-01-23,9266,2023-01-13,1855,022498,,5,2,9,3900,0,1,1,,2,014,"I-205 W/B TO MOUNTAIN HOUSE PARWAY","MOUNTAIN HOUSE PARKWAY",40.00,E,N,A,-,Y,,,,,,,,,,N,4,0,1,2,A,-,03,22350,,N,C,C,A,A,H,-,C,A,0,,,,,Y,,D,22,0,0,1,0,0,0,0,0,0,"- ","- ",37.743000030517578,-121.53128051757812,"SAN JOAQUIN",UNINCORPORATED,-121.53128051757812,37.743000030517578
91975721,2023,2023-01-24,9265,2023-01-13,1603,021830,,5,2,9,3900,0,1,3,,1,042,"SR-4 W/B","B ST",70.00,E,N,B,-,Y,SJ,,4," ",R,18.153,H,,L,N,4,0,1,1,A,-,03,22350,,N,E,J,A,A,H,-,A,D,0,,,,,Y,,A,01,0,0,1,0,0,0,0,0,0,"- ","- ",37.956550598144531,-121.26428985595703,"SAN JOAQUIN",UNINCORPORATED,-121.26418304443359,37.956451416015625
91975771,2023,2023-01-24,9265,2023-01-14,1340,017537,,6,1,9,3900,0,1,3,,2,006,"SR-99 N/B","JAHANT RD",480.00,N,N,B,C,Y,SJ,,99," "," ",35.685,H,,R,N,4,0,4,1,A,-,03,22350,,N,E,I,A,B,H,-,A,D,0,,,,,Y,,A,01,0,0,4,0,0,0,0,0,0,"- ","- ",38.20526123046875,-121.26319122314453,"SAN JOAQUIN",UNINCORPORATED,-121.2630615234375,38.205272674560547
91977186,2023,2023-01-25,9265,2023-01-16,1733,022407,,1,2,4,3903,0,1,3,,2,025,"SR-120 E/B","SOUTH MAIN ST",2519.00,W,N,B,-,Y,SJ,,120," ",R,4.828,H,,R,N,4,0,2,3,A,-,08,22107,,F,B,C,A,A,H,-,C,D,0,,,,,Y,,-,99,0,0,2,0,0,0,0,0,0,"- ","- ",37.783191680908203,-121.22467041015625,"SAN JOAQUIN",MANTECA,-121.22467041015625,37.783168792724609
91977376,2022,2023-01-25,9265,2022-11-28,0200,022499,,1,3,9,3900,0,2,4,,1,014,"MARIPOSA RD","KAISER RD",2179.00,E,N,A,-,N,,,,,,,,,,Y,1,1,1,2,A,-,01,23152,F,N,D,C,A,A,H,-,D,D,0,,,,Y,Y,,E,22,0,1,0,0,0,0,0,0,0,"- ","- ",37.908538818359375,-121.15859222412109,"SAN JOAQUIN",UNINCORPORATED,-121.15865325927734,37.908527374267578
91977989,2023,2023-01-26,9265,2023-01-11,1355,021968,,3,1,9,3900,0,2,4,,1,053,"WATERLOO RD","N. NEWPORT AVE",120.00,E,N,C,-,N,,,,,,,,,,Y,3,0,1,2,A,-,01,23152,A,N,B,C,A,B,H,-,A,D,0,,,,,Y,Y,A,01,0,1,0,0,0,0,0,0,0,"- ","- ",37.978080749511719,-121.26006317138672,"SAN JOAQUIN",UNINCORPORATED,-121.26014709472656,37.978118896484375
91978807,2023,2023-01-26,9265,2023-01-20,1845,021968,,5,2,2,3920,0,1,1,,2,502,"I-5 N/B",SR-120,2640.00,N,N,A,-,Y,SJ,,5," ",R,15.357,H,,R,N,4,0,1,2,A,-,03,22350,,N,C,C,A,A,H,-,C,D,0,,,,,Y,,A,01,0,0,1,0,0,0,0,0,0,"- ","- ",37.795989990234375,-121.30056762695312,"SAN JOAQUIN",LATHROP,-121.30062866210938,37.795993804931641
91980717,2023,2023-01-27,9266,2023-01-22,"306 ",021241,,7,3,9,3900,0,1,1,,1,015,"I-205 E/B","EL RANCHO",2000.00,W,N,A,-,Y,SJ,,205," ",R,9.232,H,,R,Y,4,0,1,2,A,-,03,22350,,N,C,C,A,A,H,-,D,D,0,,,,,Y,,A,07,0,0,1,0,0,0,0,0,0,"- ","- ",37.764778137207031,-121.3948974609375,"SAN JOAQUIN",UNINCORPORATED,-121.3948974609375,37.764732360839844
91981990,2023,2023-01-30,9265,2023-01-19,1425,022134,,4,2,9,3900,0,3,5,,2,080,"ALPINE AVE","DELANO AVE",250.00,W,N,A,-,N,,,,,,,,,,N,4,0,5,4,A,-,03,22350,,N,C,C,A,A,H,-,A,D,0,,,,,Y,,A,08,0,0,5,0,0,0,0,0,0,"- ","- ",37.969451904296875,-121.34146881103516,"SAN JOAQUIN",UNINCORPORATED,-121.34137725830078,37.969478607177734
91982139,2023,2023-01-30,9265,2023-01-21,"210 ",022315,,6,3,4,3903,0,1,3,,2,001,"S/B SR-99","LATHROP RD.",6706.00,N,N,A,-,Y,SJ,,99," "," ",10.474,H,,R,Y,4,0,1,2,A,-,01,23152,A,M,C,C,A,A,H,-,D,D,0,,,,,Y,Y,A,01,0,0,1,0,0,0,0,0,0,"- ","- ",37.845188140869141,-121.21824645996094,"SAN JOAQUIN",MANTECA,-121.21800994873047,37.845195770263672
91985236,2023,2023-02-02,9265,2023-01-25,1140,023156,,3,1,5,3902,0,1,3,,2,004,"SR-99 S/B","KETTLEMAN LN.",200.00,S,N,A,-,Y,SJ,,99," "," ",29.446,H,,L,N,4,0,1,3,A,-,04,21703,,N,C,C,A,A,H,-,A,D,0,,,,,Y,,A,01,0,0,1,0,0,0,0,0,0,"- ","- ",38.11553955078125,-121.25817108154297,"SAN JOAQUIN",LODI,-121.25817108154297,38.11553955078125
91985256,2023,2023-02-02,9265,2023-01-26,"100 ",022315,,4,3,6,3905,0,1,3,,1,042,"N/B SR-99 TO SR-4","MYRTLE ST.",1300.00,S,N,A,-,Y,SJ,,99," "," ",18.639,H,,R,Y,3,0,2,1,A,-,03,22350,,N,E,I,A,A,H,-,C,D,0,,,,,Y,,A,01,0,2,0,0,0,0,0,0,0,"- ","- ",37.961299896240234,-121.24141693115234,"SAN JOAQUIN",STOCKTON,-121.24163818359375,37.961238861083984