CASE_ID,ACCIDENT_YEAR,PROC_DATE,JURIS,COLLISION_DATE,COLLISION_TIME,OFFICER_ID,REPORTING_DISTRICT,DAY_OF_WEEK,CHP_SHIFT,POPULATION,CNTY_CITY_LOC,SPECIAL_COND,BEAT_TYPE,CHP_BEAT_TYPE,CITY_DIVISION_LAPD,CHP_BEAT_CLASS,BEAT_NUMBER,PRIMARY_RD,SECONDARY_RD,DISTANCE,DIRECTION,INTERSECTION,WEATHER_1,WEATHER_2,STATE_HWY_IND,CALTRANS_COUNTY,CALTRANS_DISTRICT,STATE_ROUTE,ROUTE_SUFFIX,POSTMILE_PREFIX,POSTMILE,LOCATION_TYPE,RAMP_INTERSECTION,SIDE_OF_HWY,TOW_AWAY,COLLISION_SEVERITY,NUMBER_KILLED,NUMBER_INJURED,PARTY_COUNT,PRIMARY_COLL_FACTOR,PCF_CODE_OF_VIOL,PCF_VIOL_CATEGORY,PCF_VIOLATION,PCF_VIOL_SUBSECTION,HIT_AND_RUN,TYPE_OF_COLLISION,MVIW,PED_ACTION,ROAD_SURFACE,ROAD_COND_1,ROAD_COND_2,LIGHTING,CONTROL_DEVICE,CHP_ROAD_TYPE,PEDESTRIAN_ACCIDENT,BICYCLE_ACCIDENT,MOTORCYCLE_ACCIDENT,TRUCK_ACCIDENT,NOT_PRIVATE_PROPERTY,ALCOHOL_INVOLVED,STWD_VEHTYPE_AT_FAULT,CHP_VEHTYPE_AT_FAULT,COUNT_SEVERE_INJ,COUNT_VISIBLE_INJ,COUNT_COMPLAINT_PAIN,COUNT_PED_KILLED,COUNT_PED_INJURED,COUNT_BICYCLIST_KILLED,COUNT_BICYCLIST_INJURED,COUNT_MC_KILLED,COUNT_MC_INJURED,PRIMARY_RAMP,SECONDARY_RAMP,LATITUDE,LONGITUDE,COUNTY,CITY,POINT_X,POINT_Y
9351385,2021,2021-11-17,3905,2021-10-01,0954,3069,BEA,5,5,6,3905,0,0,0,,0,,"SCOTT CREEK DR","MOKELUMNE CT",0.00,,Y,A,-,N,,,,,,,,,,N,4,0,1,2,A,-,12,22450,,N,D,C,A,A,H,-,A,A,0,,,,,Y,,A,07,0,0,1,0,0,0,0,0,0,"- ","- ",38.055919647216797,-121.38375854492188,"SAN JOAQUIN",STOCKTON,-121.38381958007812,38.055816650390625
9351627,2021,2021-11-13,3905,2021-09-30,1001,2674,SEA,4,5,6,3905,0,0,0,,0,,"MARTIN LUTHER KING BL","SAN JOAQUIN ST",0.00,,Y,A,-,N,,,,,,,,,,Y,3,0,1,1,A,-,03,22350,,N,E,I,A,A,H,-,A,D,0,,,,,Y,,A,01,0,1,0,0,0,0,0,0,0,"- ","- ",37.939361572265625,-121.28356170654297,"SAN JOAQUIN",STOCKTON,-121.28343963623047,37.939445495605469
9352491,2021,2021-11-17,3905,2021-10-15,1324,7034,CIV,5,5,6,3905,0,0,0,,0,,"HARDING WY","WEST LN",75.00,E,N,A,-,N,,,,,,,,,,N,4,0,1,2,A,-,03,22350,,N,C,C,A,A,H,-,A,A,0,,,,,Y,,A,01,0,0,1,0,0,0,0,0,0,"- ","- ",37.970100402832031,-121.27799224853516,"SAN JOAQUIN",STOCKTON,-121.2779541015625,37.970222473144531
9353707,2021,2021-11-09,3905,2021-09-19,1119,2277,VAL,7,5,6,3905,0,0,0,,0,,"WEST LN","TORTUGA WY",300.00,S,N,A,-,N,,,,,,,,,,,3,0,1,2,A,-,03,22350,,N,C,C,A,A,H,-,A,A,0,,,,,Y,,A,07,0,1,0,0,0,0,0,0,0,"- ","- ",37.995609283447266,-121.28762054443359,"SAN JOAQUIN",STOCKTON,-121.2877197265625,37.994842529296875
9353715,2021,2021-11-09,3905,2021-09-25,1219,3070,PAR,6,5,6,3905,0,0,0,,0,,"WILSON WY","PARK ST",0.00,,Y,A,-,N,,,,,,,,,,,2,0,1,2,A,-,11,21456,B,N,G,B,B,A,H,-,A,A,0,Y,,,,Y,,N,60,1,0,0,0,1,0,0,0,0,"- ","- ",37.962669372558594,-121.27332305908203,"SAN JOAQUIN",STOCKTON,-121.2734375,37.962791442871094
9354165,2021,2021-11-10,3905,2021-09-23,1030,2645,CIV,4,5,6,3905,0,0,0,,0,,"CALIFORNIA ST","PARK ST",0.00,,Y,A,-,N,,,,,,,,,,N,4,0,2,2,A,-,17,21451,A,F,A,C,A,A,H,-,A,A,0,,,,,Y,,A,01,0,0,2,0,0,0,0,0,0,"- ","- ",37.959980010986328,-121.28756713867188,"SAN JOAQUIN",STOCKTON,-121.28649139404297,37.960559844970703
9354181,2021,2021-11-10,3905,2021-09-21,1136,1541,CIV,2,5,6,3905,0,0,0,,0,,"OAK ST","BAKER ST",0.00,,Y,A,-,N,,,,,,,,,,N,3,0,2,2,A,-,09,21802,A,N,D,C,A,A,H,-,A,A,0,,,,,Y,,A,01,0,2,0,0,0,0,0,0,0,"- ","- ",37.956809997558594,-121.30307006835938,"SAN JOAQUIN",STOCKTON,-121.30312347412109,37.95672607421875
9354185,2021,2021-11-10,3905,2021-09-20,1136,3009,SEA,1,5,6,3905,0,0,0,,0,,"ANDERSON ST","LINCOLN ST",0.00,,Y,A,-,N,,,,,,,,,,N,3,0,1,2,A,-,05,21650,1,N,D,G,A,A,H,-,A,A,0,,Y,,,Y,,L,04,0,1,0,0,0,0,1,0,0,"- ","- ",37.941520690917969,-121.29501342773438,"SAN JOAQUIN",STOCKTON,-121.294921875,37.941471099853516
9354717,2021,2021-11-09,3900,2021-10-20,1650,165886,LATHR,3,5,2,3920,0,0,0,,0,009,"J ST","HARLAN RD",0.00,,Y,B,-,N,,,,,,,,,,N,4,0,1,2,A,-,08,22107,,N,D,G,A,A,H,-,A,A,0,,Y,,,Y,,A,01,0,0,1,0,0,0,1,0,0,"- ","- ",,,"SAN JOAQUIN",LATHROP,-121.29106903076172,37.822338104248047
9355302,2021,2021-11-06,3900,2021-09-10,1630,168393,3900,5,5,2,3920,0,0,0,,0,009,"LATHROPE RD","GOLDEN VALLEY PKWY",0.00,,Y,A,-,N,,,,,,,,,,N,4,0,1,2,A,-,03,22350,,N,H,G,A,A,H,-,A,A,0,,Y,,,Y,,A,01,0,0,1,0,0,0,1,0,0,"- ","- ",,,"SAN JOAQUIN",LATHROP,-121.29541778564453,37.826217651367188
9355406,2021,2021-12-16,3905,2021-10-11,1854,1541,BEA,1,5,6,3905,0,0,0,,0,,"CRESTVIEW CIR","SCOTT CREEK DR",8.00,N,N,A,-,N,,,,,,,,,,,4,0,1,2,A,-,10,21950,A,N,G,B,B,A,H,-,C,A,0,Y,,,,Y,,D,22,0,0,1,0,1,0,0,0,0,"- ","- ",38.054649353027344,-121.39166259765625,"SAN JOAQUIN",STOCKTON,-121.39170074462891,38.054523468017578
9356023,2021,2021-10-29,3906,2021-10-15,0323,1469,97,5,5,5,3906,0,0,0,,0,00S,"MACARTHUR DR","GRANT LINE RD",1976.00,S,N,A,-,N,,,,,,,,,,Y,2,0,1,1,A,-,01,23152,A,N,E,I,A,A,H,-,C,-,0,,,,,Y,Y,A,01,1,0,0,0,0,0,0,0,0,"- ","- ",,,"SAN JOAQUIN",TRACY,-121.41292572021484,37.749519348144531
93589189,2024,2024-08-05,9265,2024-07-23,"630 ",015629,,2,1,9,3900,0,3,5,,2,050,"SUNSET AVENUE","CHARLES STREET",15.00,N,N,A,-,N,,,,,,,,,,N,3,0,1,2,A,-,12,22450,A,F,B,G,A,A,H,-,A,A,0,,Y,,,Y,,-,99,0,1,0,0,0,0,1,0,0,"- ","- ",37.978919982910156,-121.25865173339844,"SAN JOAQUIN",UNINCORPORATED,-121.25863647460938,37.9788818359375
9358930,2021,2021-11-12,3905,2021-10-08,1720,2542,SEA,5,5,6,3905,0,0,0,,0,,"FRESNO AV","8TH ST",0.00,,Y,A,-,N,,,,,,,,,,Y,4,0,2,2,A,-,09,21801,A,N,D,C,A,A,H,-,A,A,0,,,,,Y,,A,01,0,0,2,0,0,0,0,0,0,"- ","- ",37.926799774169922,-121.31239318847656,"SAN JOAQUIN",STOCKTON,-121.31217956542969,37.926666259765625
9358935,2021,2021-11-12,3905,2021-10-13,1457,7035,PAR,3,5,6,3905,0,0,0,,0,,"AIRPORT WY","RALPH AV",0.00,,Y,A,-,N,,,,,,,,,,N,3,0,1,2,A,-,12,21453,A,N,D,C,A,A,H,-,A,A,0,,,Y,,Y,,-,"- ",0,1,0,0,0,0,0,0,1,"- ","- ",37.919940948486328,-121.26209259033203,"SAN JOAQUIN",STOCKTON,-121.26182556152344,37.920158386230469
9361910,2021,2021-11-29,3905,2021-07-30,2332,2625,PAR,5,5,6,3905,0,0,0,,0,,"RALPH AV","BELLEVIEW AV",15.00,E,N,A,-,N,,,,,,,,,,Y,3,0,1,1,A,-,03,22350,,M,E,I,A,A,H,-,C,D,0,,,,,Y,,A,01,0,1,0,0,0,0,0,0,0,"- ","- ",37.920841217041016,-121.25845336914062,"SAN JOAQUIN",STOCKTON,-121.25856781005859,37.920989990234375
9362126,2021,2021-12-29,3906,2021-11-02,1115,1376,,2,5,5,3906,0,0,0,,0,006,"MACARTHUR DR","RT 205",22.00,S,N,B,-,Y,SJ,10,205,-,R,7.987,R,4,E,Y,4,0,1,2,A,-,08,22107,,F,C,C,A,A,H,-,A,D,0,,,Y,,Y,Y,-,,0,0,1,0,0,0,0,0,1,"- ",EF,,,"SAN JOAQUIN",TRACY,-121.41722106933594,37.76373291015625
9362761,2021,2021-11-30,3902,2021-09-30,1816,CA103,,4,5,5,3902,0,0,0,,0,,"S GUILD AV","AUTO CENTER DR",273.00,N,N,A,-,N,,,,,,,,,,N,2,0,1,1,B,-,22,,,N,F,A,A,A,H,-,A,D,0,,,Y,,Y,,C,02,1,0,0,0,0,0,0,0,1,"- ","- ",,,"SAN JOAQUIN",LODI,-121.24772644042969,38.120380401611328
9367379,2021,2021-12-10,3906,2021-10-27,1356,10492,,3,5,5,3906,0,0,0,,0,006,"GRANT LINE RD","COLONY DR",0.00,,Y,A,-,N,,,,,,,,,,Y,4,0,3,2,A,-,09,21802,A,N,D,C,A,A,H,-,A,A,0,,,,,Y,,A,01,0,0,3,0,0,0,0,0,0,"- ","- ",,,"SAN JOAQUIN",TRACY,-121.41806030273438,37.754226684570312
9368000,2021,2021-12-14,3903,2021-10-31,1616,5530,,7,5,4,3903,0,0,0,,0,,"WEST YOSEMITE AV","WINTERS DR",180.00,E,N,A,-,N,,,,,,,,,,Y,4,0,1,2,A,-,07,21658,A,N,A,E,A,A,H,-,A,D,0,,,,,Y,,A,01,0,0,1,0,0,0,0,0,0,"- ","- ",37.797401428222656,-121.24535369873047,"SAN JOAQUIN",MANTECA,-121.24198913574219,37.797340393066406
9368038,2021,2021-12-22,3903,2021-10-10,2333,5542,,7,5,4,3903,0,0,0,,0,,"BEDFORD LN","KOMENICH DR",0.00,,Y,A,-,N,,,,,,,,,,,3,0,1,2,-,-,"- ",,,F,B,E,A,A,H,-,C,D,0,,,,,Y,,A,01,0,1,0,0,0,0,0,0,0,"- ","- ",37.823570251464844,-121.24748992919922,"SAN JOAQUIN",MANTECA,-121.24748992919922,37.823581695556641
9368091,2021,2021-12-08,3903,2021-10-21,1828,3878,,4,5,4,3903,0,0,0,,0,,"E WOODWARD AV","MOFFAT BL",10.00,E,N,A,-,N,,,,,,,,,,N,3,0,2,2,A,-,09,21802,A,N,D,C,A,A,H,-,D,D,0,,,,,Y,,A,01,0,2,0,0,0,0,0,0,0,"- ","- ",37.775909423828125,-121.18334197998047,"SAN JOAQUIN",MANTECA,-121.18328857421875,37.77587890625
9370205,2021,2021-12-23,3902,2021-10-29,1901,WH54,,5,5,5,3902,0,0,0,,0,,"E HARNEY LN",CHEROKEE,13.00,W,N,A,-,N,,,,,,,,,,Y,3,0,2,2,A,-,03,22350,,N,C,-,A,A,H,-,C,A,0,,,,,Y,,A,01,0,2,0,0,0,0,0,0,0,"- ","- ",,,"SAN JOAQUIN",LODI,-121.26184844970703,38.101577758789062
9370207,2021,2021-12-23,3902,2021-10-27,0202,BH11,,3,5,5,3902,0,0,0,,0,,"SOUTH STOCKTON ST","MAPLE ST",70.00,S,N,A,-,N,,,,,,,,,,Y,3,0,1,2,A,-,01,23152,F,N,C,E,A,A,H,-,C,D,0,,,,,Y,,A,01,0,1,0,0,0,0,0,0,0,"- ","- ",,,"SAN JOAQUIN",LODI,-121.26970672607422,38.124519348144531
9370670,2021,2021-12-29,3900,2021-11-05,0914,160340,3900,5,5,2,3920,0,0,0,,0,009,"HARLAN RD","OLD HARLAN RD",0.00,,Y,A,-,N,,,,,,,,,,Y,4,0,2,3,A,-,03,22350,,N,C,D,A,A,H,-,A,A,0,,,,,Y,,A,01,0,0,2,0,0,0,0,0,0,"- ","- ",,,"SAN JOAQUIN",LATHROP,-121.28955841064453,37.824111938476562
9370671,2021,2021-12-28,3900,2021-11-19,1343,160340,3900,5,5,2,3920,0,0,0,,0,009,"CAMBRIDGE DR","MINGO WY",0.00,,Y,A,-,N,,,,,,,,,,N,4,0,1,2,A,-,09,21802,A,N,-,C,A,A,H,-,A,A,0,,,,,Y,,A,01,0,0,1,0,0,0,0,0,0,"- ","- ",,,"SAN JOAQUIN",LATHROP,-121.28359222412109,37.813114166259766
9374619,2021,2021-12-16,3900,2021-11-24,0645,7688,LATHR,3,5,2,3920,0,0,0,,0,,"HARLAN RD","ROTH RD",1000.00,S,N,A,-,N,,,,,,,,,,Y,4,0,2,2,A,-,03,22350,,N,C,C,A,A,H,-,A,D,0,,,,,Y,,A,01,0,0,2,0,0,0,0,0,0,"- ","- ",,,"SAN JOAQUIN",LATHROP,-121.28180694580078,37.853111267089844
93768353,2024,2024-08-07,9266,2024-07-26,2312,022773,,5,3,5,3906,0,1,1,,1,015,"I-205 E/B","MACARTHUR DRIVE",2000.00,E,N,A,-,Y,SJ,,205," ",R,8.530,H,,R,N,3,0,2,2,A,-,03,22350,,N,C,C,A,A,H,-,D,D,0,,,,,Y,Y,A,01,0,1,1,0,0,0,0,0,0,"- ","- ",37.764701843261719,-121.40763854980469,"SAN JOAQUIN",TRACY,-121.40763854980469,37.764698028564453
93768635,2024,2024-08-07,9265,2024-07-23,1226,022407,,2,1,4,3903,0,1,3,,2,025,"SR-120 E/B","MAIN ST",821.00,W,N,A,-,Y,SJ,,120," ",R,5.150,H,,R,Y,2,0,4,5,A,-,03,22350,,N,C,C,A,A,H,-,A,D,0,,,,Y,Y,,F,26,1,0,3,0,0,0,0,0,0,"- ","- ",37.783180236816406,-121.21878814697266,"SAN JOAQUIN",MANTECA,-121.21878814697266,37.783191680908203
93769211,2024,2024-08-08,9265,2024-07-27,"410 ",022072,,6,3,9,3900,0,2,4,,1,053,"WILSON WAY S/B","STOCKTON DIVERTING CANAL",2112.00,N,N,A,-,N,,,,,,,,,,Y,2,0,1,2,A,-,09,21804,B,N,D,C,A,A,H,-,D,D,0,,,,Y,Y,,A,01,1,0,0,0,0,0,0,0,0,"- ","- ",37.995368957519531,-121.26441955566406,"SAN JOAQUIN",UNINCORPORATED,,
93769405,2024,2024-08-08,9265,2024-07-28,"40  ",022072,,7,3,9,3900,0,1,3,,2,001,"SR-99 N/B","FRENCH CAMP RD",2640.00,S,N,A,-,Y,SJ,,99," "," ",10.951,H,,R,Y,4,0,1,2,A,-,08,22107,,M,B,C,A,A,H,-,D,D,0,,,,,Y,,A,07,0,0,1,0,0,0,0,0,0,"- ","- ",37.85205078125,-121.21836090087891,"SAN JOAQUIN",UNINCORPORATED,-121.21830749511719,37.85205078125
9377731,2021,2022-01-12,3906,2021-12-21,1610,1138,,2,5,5,3906,0,0,0,,0,001,"MAC ARTHUR DR","SCHULTE RD",0.00,,Y,B,-,N,,,,,,,,,,Y,4,0,1,4,A,-,12,21453,A,N,D,C,A,A,H,-,A,-,0,,,,,Y,,D,22,0,0,1,0,0,0,0,0,0,"- ","- ",37.772518157958984,-121.41644287109375,"SAN JOAQUIN",TRACY,-121.41648101806641,37.725147247314453
9378855,2021,2021-12-30,3902,2021-10-22,1443,MC100,,5,5,5,3902,0,0,0,,0,,"RT 12","SOUTH HUTCHINS ST",498.00,W,N,B,-,Y,SJ,10,12,-,-,16.830,H,-,E,N,4,0,1,2,A,-,17,21209,,N,D,C,A,B,H,-,A,A,0,,,,,Y,,A,01,0,0,1,0,0,0,0,0,0,"- ","- ",,,"SAN JOAQUIN",LODI,-121.28086090087891,38.115375518798828
9379478,2021,2022-01-25,3902,2021-08-08,0025,CA103,,7,5,5,3902,0,0,0,,0,,"RT 12","SOUTH CHURCH ST",149.00,E,N,A,-,Y,SJ,10,12,-,-,17.120,H,-,E,N,2,0,1,2,A,-,00,21954,,F,G,B,D,A,H,-,C,D,0,Y,,,,Y,,N,60,1,0,0,0,1,0,0,0,0,"- ","- ",,,"SAN JOAQUIN",LODI,-121.27550506591797,38.115520477294922
9380401,2021,2022-01-19,3900,2021-12-13,0326,151272,MANTE,1,5,2,3920,0,0,0,,0,009,"SPARTAN WY","STANFORD CROSSING",0.00,,Y,C,-,N,,,,,,,,,,Y,3,0,1,1,A,-,03,22350,,M,F,I,A,B,H,-,C,D,0,,,,,Y,,A,01,0,1,0,0,0,0,0,0,0,"- ","- ",,,"SAN JOAQUIN",LATHROP,-121.306529,37.824272999999998
9381330,2022,2022-01-27,3906,2022-01-11,1737,1180,,2,5,5,3906,0,0,0,,0,001,"MOUNT DIABLO AV","C ST",0.00,,Y,A,-,N,,,,,,,,,,N,3,0,1,2,A,-,10,21954,B,N,G,B,D,A,H,-,C,A,0,Y,,,,Y,,A,07,0,1,0,0,1,0,0,0,0,"- ","- ",,,"SAN JOAQUIN",TRACY,-121.42655944824219,37.728889465332031
9382899,2021,2022-01-05,3906,2021-12-15,0311,1709,,3,5,5,3906,0,0,0,,0,003,"LAMMERS RD","JAGUAR RUN",330.00,S,N,A,-,N,,,,,,,,,,Y,4,0,1,1,A,-,01,23152,B,N,A,I,A,A,H,-,C,D,0,,,,,Y,Y,A,01,0,0,1,0,0,0,0,0,0,"- ","- ",,,"SAN JOAQUIN",TRACY,-121.47653961181641,37.733623504638672
93898990,2024,2024-08-08,9266,2024-07-28,2150,021936,,7,2,9,3900,0,3,5,,2,001,"TRACY BOULEVARD","CLIFTON COURT ROAD",3385.00,S,N,A,-,N,,,,,,,,,,N,3,0,2,1,A,-,08,22107,,N,F,A,A,A,H,-,D,D,0,,,,,Y,,A,01,0,1,1,0,0,0,0,0,0,"- ","- ",37.833370208740234,-121.45066070556641,"SAN JOAQUIN",UNINCORPORATED,-121.45074462890625,37.833396911621094
9390005,2021,2022-02-03,3904,2021-10-28,0721,P103,3,4,5,3,3904,0,0,0,,0,00B,"WEST MAIN ST","N JACK TONE RD",0.00,,Y,A,-,N,,,,,,,,,,Y,4,0,1,2,A,-,17,21451,A,N,A,C,A,A,H,-,A,A,0,,,,,Y,,A,01,0,0,1,0,0,0,0,0,0,"- ","- ",37.739509582519531,-121.14219665527344,"SAN JOAQUIN",RIPON,-121.14221954345703,37.739521026611328
9390748,2021,2022-03-09,3903,2021-11-06,1624,4002,,6,5,4,3903,0,0,0,,0,,"SPRECKELS AV","NORMAN DR",150.00,N,N,A,-,N,,,,,,,,,,Y,3,0,1,2,A,-,09,21804,A,N,D,C,A,A,H,-,A,D,0,,,,,Y,,B,07,0,1,0,0,0,0,0,0,0,"- ","- ",37.794761657714844,-121.19793701171875,"SAN JOAQUIN",MANTECA,-121.19799041748047,37.795230865478516
9390749,2021,2022-02-18,3903,2021-11-07,0126,5535,,7,5,4,3903,0,0,0,,0,,"WEST LOUISE AV","NORTH UNION RD",145.00,E,N,A,-,N,,,,,,,,,,Y,4,0,1,1,A,-,03,22350,,N,B,I,A,A,H,-,C,D,0,,,,,Y,Y,A,01,0,0,1,0,0,0,0,0,0,"- ","- ",37.811939239501953,-121.23412322998047,"SAN JOAQUIN",MANTECA,-121.23477172851562,37.811988830566406
9390750,2021,2022-01-21,3903,2021-11-11,0934,3540,,4,5,4,3903,0,0,0,,0,,"E NORTH ST","N SHERMAN AV",0.00,,Y,A,-,N,,,,,,,,,,Y,3,0,2,2,A,-,09,21802,A,N,D,C,A,A,H,-,A,A,0,,,,,Y,,A,01,0,2,0,0,0,0,0,0,0,"- ","- ",37.801010131835938,-121.21278381347656,"SAN JOAQUIN",MANTECA,-121.21279144287109,37.801017761230469
9391548,2021,2022-01-25,3902,2021-11-05,0812,MC100,,5,5,5,3902,0,0,0,,0,,"SACRAMENTO ST","TAMARACK DR",0.00,,Y,A,-,N,,,,,,,,,,N,4,0,2,2,A,-,08,22107,,N,A,C,A,A,H,-,A,D,0,,,,,Y,,D,22,0,0,2,0,0,0,0,0,0,"- ","- ",,,"SAN JOAQUIN",LODI,-121.27357482910156,38.117214202880859
9392484,2021,2022-02-10,3903,2021-12-09,1801,3905,,4,5,4,3903,0,0,0,,0,,"SOUTH AIRPORT WY","DANIELS ST",50.00,S,N,A,-,N,,,,,,,,,,N,3,0,1,3,A,-,03,22350,,N,C,C,A,A,H,-,B,A,0,,,,,Y,,D,22,0,1,0,0,0,0,0,0,0,"- ","- ",37.786529541015625,-121.25218200683594,"SAN JOAQUIN",MANTECA,-121.25220489501953,37.786384582519531
9392487,2021,2022-03-14,3903,2021-12-18,2006,4002,,6,5,4,3903,0,0,0,,0,,"WEST YOSEMITE AV","LOCUST AV",103.00,E,N,B,-,N,,,,,,,,,,Y,2,0,1,3,A,-,01,23152,A,N,C,E,A,A,H,-,C,D,0,,,,,Y,Y,A,01,1,0,0,0,0,0,0,0,0,"- ","- ",37.797389984130859,-121.2257080078125,"SAN JOAQUIN",MANTECA,-121.2265625,37.797420501708984
9392707,2021,2022-02-11,3903,2021-12-10,1821,4002,,5,5,4,3903,0,0,0,,0,,"E NORTH ST","ROOSEVELT AV",156.00,E,N,A,-,N,,,,,,,,,,Y,3,0,2,2,A,-,03,22350,,N,C,C,A,-,H,-,C,D,0,,,,,Y,,A,01,0,2,0,0,0,0,0,0,0,"- ","- ",37.801040649414062,-121.20789337158203,"SAN JOAQUIN",MANTECA,-121.20736694335938,37.801048278808594
9392713,2021,2022-02-01,3903,2021-12-21,1331,3768,,2,5,4,3903,0,0,0,,0,,"HISTORICAL PLAZA WY","COMMERCE AV",0.00,,Y,A,-,N,,,,,,,,,,N,4,0,1,2,A,-,21,22106,,N,D,D,A,A,H,-,-,D,0,,,,,Y,,A,01,0,0,1,0,0,0,0,0,0,"- ","- ",37.795509338378906,-121.19384002685547,"SAN JOAQUIN",MANTECA,-121.19399261474609,37.795536041259766
9403296,2021,2022-04-06,3900,2021-12-15,0825,160340,3900,3,5,2,3920,0,0,0,,0,009,"EAST LOUISE AV","RT 5",0.00,,Y,A,-,Y,SJ,10,5,-,R,16.261,R,4,S,N,4,0,1,2,A,-,03,22350,,N,C,C,A,A,H,-,A,A,0,,,,Y,Y,,G,25,0,0,1,0,0,0,0,0,0,"- ","- ",,,"SAN JOAQUIN",LATHROP,-121.29689025878906,37.808734893798828
9409105,2022,2022-03-07,3903,2022-01-14,1940,5624,,5,5,4,3903,0,0,0,,0,,"EAST YOSEMITE AV","NORTHWOOD AV",172.00,E,N,A,-,N,,,,,,,,,,N,3,0,2,2,A,-,09,21804,A,N,B,C,A,A,H,-,B,A,0,,,,Y,Y,,A,81,0,2,0,0,0,0,0,0,0,"- ","- ",37.797569274902344,-121.19339752197266,"SAN JOAQUIN",MANTECA,-121.19313812255859,37.797470092773438
9414044,2022,2022-03-16,3900,2022-02-10,1225,151272,MANTE,4,5,2,3920,0,0,0,,0,009,"LATHROP RD","RT 5",0.00,,Y,A,-,Y,SJ,10,5,-,R,17.284,R,4,S,N,3,0,1,2,A,-,12,21453,A,N,D,C,A,A,H,-,A,A,0,,,Y,,Y,,C,02,0,1,0,0,0,0,0,0,1,"- ",SO,,,"SAN JOAQUIN",LATHROP,-121.29155731201172,37.822933197021484
9415010,2022,2022-03-01,3906,2022-02-19,1447,1697,,6,5,5,3906,0,0,0,,0,004,"LINCOLN BL","DUNCAN RD",0.00,,Y,A,-,N,,,,,,,,,,Y,3,0,2,2,A,-,08,22107,,N,B,C,A,A,H,-,A,D,0,,,,,Y,,A,01,0,1,1,0,0,0,0,0,0,"- ","- ",,,"SAN JOAQUIN",TRACY,-121.44351959228516,37.752937316894531
9417272,2021,2022-03-22,3902,2021-08-30,2113,KB76,,1,5,5,3902,0,0,0,,0,,"N PLEASANT AV",LOCKEFORD,30.00,N,N,A,-,N,,,,,,,,,,N,3,0,1,2,A,-,10,21950,A,N,G,B,E,A,H,-,C,D,0,Y,,,,Y,,A,01,0,1,0,0,1,0,0,0,0,"- ","- ",,,"SAN JOAQUIN",LODI,-121.27621459960938,38.138053894042969
9417410,2022,2022-04-04,3903,2022-02-24,1655,3950,,4,5,4,3903,0,0,0,,0,,"S AUSTIN RD","SEDAN AV",189.00,N,N,A,-,N,,,,,,,,,,Y,2,0,1,2,A,-,09,21801,A,N,A,C,A,A,H,-,A,D,0,,,,,Y,,D,22,1,0,0,0,0,0,0,0,0,"- ","- ",37.761219024658203,-121.17900085449219,"SAN JOAQUIN",MANTECA,-121.17900848388672,37.761730194091797
9422362,2021,2022-05-02,3902,2021-12-15,1757,71,SUNSE,3,5,5,3902,0,0,0,,0,001,"PINE ST","HUTCHINS ST",0.00,,Y,A,-,N,,,,,,,,,,N,4,0,1,2,A,-,12,22450,,N,H,G,A,A,H,-,C,A,0,,Y,,,Y,,L,04,0,0,1,0,0,0,1,0,0,"- ","- ",38.134490966796875,-121.27928924560547,"SAN JOAQUIN",LODI,-121.27919006347656,38.134456634521484
9422836,2022,2022-04-04,3906,2022-03-05,1900,1220,3906,6,5,5,3906,0,0,0,,0,006,"TRACY BL","CLOVER RD",0.00,,Y,A,-,N,,,,,,,,,,Y,3,0,1,2,A,-,12,21453,,F,D,C,A,A,H,-,C,A,0,,,,,Y,Y,A,01,0,1,0,0,0,0,0,0,0,"- ","- ",37.761409759521484,-121.43498229980469,"SAN JOAQUIN",TRACY,-121.43505859375,37.761417388916016
9424473,2022,2022-04-04,3903,2022-02-08,1834,3776,,2,5,4,3903,0,0,0,,0,,"POPLAR AV","NORTH ST",0.00,,Y,A,-,N,,,,,,,,,,N,3,0,1,2,A,-,08,22107,,N,D,G,A,A,H,-,B,A,0,,Y,,,Y,,L,04,0,1,0,0,0,0,1,0,0,"- ","- ",37.800010681152344,-121.22013854980469,"SAN JOAQUIN",MANTECA,-121.22016906738281,37.800998687744141
9424477,2022,2022-07-25,3903,2022-02-18,1826,5542,,5,5,4,3903,0,0,0,,0,,"YOSEMITE AV","COMMERCE AV",0.00,,Y,A,-,N,,,,,,,,,,N,3,0,1,2,A,-,04,21703,,N,C,C,A,A,H,-,C,A,0,,,,,Y,,A,01,0,1,0,0,0,0,0,0,0,"- ","- ",37.797519683837891,-121.19368743896484,"SAN JOAQUIN",MANTECA,-121.19373321533203,37.797470092773438
94269821,2024,2024-08-13,9266,2024-08-01,1010,023624,,4,1,9,3900,0,2,4,,2,017,"INTERNATIONAL PKWY","I-205 E/B TO INTERNATIONAL PKWY",0.00,,Y,A,-,N,,,,,,,,,,Y,4,0,1,2,A,-,12,21453,A,N,D,C,A,A,H,-,A,A,0,,,,Y,Y,,G,25,0,0,1,0,0,0,0,0,0,"- ","- ",37.741199493408203,-121.53169250488281,"SAN JOAQUIN",UNINCORPORATED,-121.53479766845703,37.720024108886719
9428860,2022,2022-05-11,3900,2022-04-11,1828,163951,3900,1,5,2,3920,0,0,0,,0,009,"DARCY PKWY","MURPHY PKWY",0.00,,Y,A,-,N,,,,,,,,,,Y,4,0,1,2,A,-,09,21801,A,N,A,C,A,A,H,-,A,A,0,,,,,Y,,A,01,0,0,1,0,0,0,0,0,0,"- ","- ",37.802448272705078,-121.29267883300781,"SAN JOAQUIN",LATHROP,-121.29273223876953,37.80242919921875