CASE_ID,ACCIDENT_YEAR,PROC_DATE,JURIS,COLLISION_DATE,COLLISION_TIME,OFFICER_ID,REPORTING_DISTRICT,DAY_OF_WEEK,CHP_SHIFT,POPULATION,CNTY_CITY_LOC,SPECIAL_COND,BEAT_TYPE,CHP_BEAT_TYPE,CITY_DIVISION_LAPD,CHP_BEAT_CLASS,BEAT_NUMBER,PRIMARY_RD,SECONDARY_RD,DISTANCE,DIRECTION,INTERSECTION,WEATHER_1,WEATHER_2,STATE_HWY_IND,CALTRANS_COUNTY,CALTRANS_DISTRICT,STATE_ROUTE,ROUTE_SUFFIX,POSTMILE_PREFIX,POSTMILE,LOCATION_TYPE,RAMP_INTERSECTION,SIDE_OF_HWY,TOW_AWAY,COLLISION_SEVERITY,NUMBER_KILLED,NUMBER_INJURED,PARTY_COUNT,PRIMARY_COLL_FACTOR,PCF_CODE_OF_VIOL,PCF_VIOL_CATEGORY,PCF_VIOLATION,PCF_VIOL_SUBSECTION,HIT_AND_RUN,TYPE_OF_COLLISION,MVIW,PED_ACTION,ROAD_SURFACE,ROAD_COND_1,ROAD_COND_2,LIGHTING,CONTROL_DEVICE,CHP_ROAD_TYPE,PEDESTRIAN_ACCIDENT,BICYCLE_ACCIDENT,MOTORCYCLE_ACCIDENT,TRUCK_ACCIDENT,NOT_PRIVATE_PROPERTY,ALCOHOL_INVOLVED,STWD_VEHTYPE_AT_FAULT,CHP_VEHTYPE_AT_FAULT,COUNT_SEVERE_INJ,COUNT_VISIBLE_INJ,COUNT_COMPLAINT_PAIN,COUNT_PED_KILLED,COUNT_PED_INJURED,COUNT_BICYCLIST_KILLED,COUNT_BICYCLIST_INJURED,COUNT_MC_KILLED,COUNT_MC_INJURED,PRIMARY_RAMP,SECONDARY_RAMP,LATITUDE,LONGITUDE,COUNTY,CITY,POINT_X,POINT_Y
9485587,2022,2022-09-07,3906,2022-08-22,1008,1782,,1,5,5,3906,0,0,0,,0,007,"CORRAL HOLLOW RD","TRACY HILLS DR",1116.00,N,N,A,-,N,,,,,,,,,,Y,3,0,2,3,A,-,09,21801,A,F,D,C,A,A,H,-,A,D,0,,,,,Y,Y,D,22,0,2,0,0,0,0,0,0,0,"- ","- ",,,"SAN JOAQUIN",TRACY,-121.4527587890625,37.678848266601562
94856554,2025,2025-09-23,9265,2025-09-01,"15  ",022752,,1,3,9,3900,0,3,5,,2,020,"AIRPORT WAY","SAN JOAQUIN RIVER",636.00,E,N,A,-,N,,,,,,,,,,Y,3,0,1,1,A,-,01,23152,A,N,F,A,A,A,H,-,D,D,0,,,,,Y,Y,A,01,0,1,0,0,0,0,0,0,0,"- ","- ",37.676681518554688,-121.2630615234375,"SAN JOAQUIN",UNINCORPORATED,,
94857049,2025,2025-09-23,9265,2025-09-03,1830,023572,,3,2,9,3900,0,3,5,,2,090,"LOWER SACRAMENTO RD","METTLER RD",100.00,S,N,A,-,N,,,,,,,,,,N,4,0,1,2,A,-,03,22350,,F,C,C,A,A,H,-,C,D,0,,,,,Y,,-,99,0,0,1,0,0,0,0,0,0,"- ","- ",38.075321197509766,-121.31051635742188,"SAN JOAQUIN",UNINCORPORATED,-121.31049346923828,38.075313568115234
94857094,2025,2025-09-24,9265,2025-09-16,1805,023156,,2,2,9,3900,0,3,5,,2,010,"ESCALON BELLOTA RD","FLOOD RD",640.00,N,N,A,-,N,,,,,,,,,,N,3,0,1,1,A,-,08,22107,,N,E,9,A,A,H,-,A,D,0,,,,,Y,,A,01,0,1,0,0,0,0,0,0,0,"- ","- ",38.018718719482422,-121.00103759765625,"SAN JOAQUIN",UNINCORPORATED,-121.00112152099609,38.018760681152344
94857113,2025,2025-09-24,9265,2025-09-07,1808,024504,,7,2,9,3900,0,3,5,,2,080,"BRISTOL AVE","WEBSTER AVE",112.00,W,N,A,-,N,,,,,,,,,,Y,3,0,1,3,A,-,01,23152,A,N,B,E,A,A,H,-,A,D,0,,,,,Y,Y,A,01,0,1,0,0,0,0,0,0,0,"- ","- ",37.967121124267578,-121.3343505859375,"SAN JOAQUIN",UNINCORPORATED,-121.33423614501953,37.96710205078125
94858236,2025,2025-09-24,9266,2025-09-12,1943,024017,,5,2,9,3900,0,1,1,,2,014,"I-205 E/B","CORRAL HOLLOW ROAD",2112.00,E,N,A,-,Y,SJ,,205," ",R,6.376,H,,R,Y,4,0,2,3,A,-,03,22350,,N,C,C,A,A,H,-,B,D,0,,,,,Y,,A,01,0,0,2,0,0,0,0,0,0,"- ","- ",37.760848999023438,-121.44642639160156,"SAN JOAQUIN",UNINCORPORATED,-121.44639587402344,37.760795593261719
9485976,2022,2022-10-20,3906,2022-08-26,1149,1759,MSL,5,5,5,3906,0,0,0,,0,004,"W GRANT LINE",NAGLEE,688.00,W,N,A,-,N,,,,,,,,,,Y,4,0,1,2,A,-,08,22107,,N,D,C,A,A,H,-,A,D,0,,,,,Y,,A,01,0,0,1,0,0,0,0,0,0,"- ","- ",37.753978729248047,-121.46913146972656,"SAN JOAQUIN",TRACY,-121.46908569335938,37.754104614257812
9486125,2022,2022-09-23,3903,2022-07-01,1923,4002,,5,5,4,3903,0,0,0,,0,,"WEST YOSEMITE AV","SEQUOIA AV",35.00,E,N,A,-,N,,,,,,,,,,Y,4,0,2,4,A,-,01,23153,B,N,C,C,A,A,H,-,A,D,0,,,,,Y,Y,A,01,0,0,2,0,0,0,0,0,0,"- ","- ",37.797409057617188,-121.22306060791016,"SAN JOAQUIN",MANTECA,-121.22293090820312,37.797393798828125
9486126,2022,2022-10-13,3903,2022-07-07,2148,3878,,4,5,4,3903,0,0,0,,0,,"EAST YOSEMITE AV","N COTTAGE AV",0.00,,Y,A,-,N,,,,,,,,,,N,4,0,1,2,A,-,01,23152,A,N,C,C,A,A,H,-,-,A,0,,,,,Y,Y,-,"- ",0,0,1,0,0,0,0,0,0,"- ","- ",37.797489166259766,-121.19809722900391,"SAN JOAQUIN",MANTECA,-121.19815826416016,37.797489166259766
9486137,2022,2022-10-17,3903,2022-07-31,1628,4002,,7,5,4,3903,0,0,0,,0,,"W LATHROP RD","SHERWOOD PL",31.00,W,N,A,-,N,,,,,,,,,,N,3,0,1,2,A,-,09,21804,A,N,B,C,A,A,H,-,A,A,0,,,Y,,Y,,A,01,0,1,0,0,0,0,0,0,1,"- ","- ",37.826431274414062,-121.23590850830078,"SAN JOAQUIN",MANTECA,-121.23099517822266,37.826431274414062
94862197,2025,2025-09-26,9265,2025-09-12,1510,016382,,5,2,9,3900,0,3,5,,2,050,"MAIN ST","ORO AVE",0.00,,Y,A,-,N,,,,,,,,,,N,2,0,2,2,A,-,03,22350,,N,D,C,A,A,H,-,A,D,0,,,,,Y,,M,96,1,0,1,0,0,0,0,0,0,"- ","- ",37.953948974609375,-121.23541259765625,"SAN JOAQUIN",UNINCORPORATED,-121.23426818847656,37.953964233398438
9486225,2022,2022-09-22,3906,2022-09-04,1502,1697,,7,5,5,3906,0,0,0,,0,004,"GRANT LINE RD","NAGLEE RD",1563.00,W,N,A,-,N,,,,,,,,,,Y,4,0,2,2,A,-,12,21453,A,N,D,C,A,A,H,-,A,A,0,,,,,Y,,A,07,0,0,2,0,0,0,0,0,0,"- ","- ",,,"SAN JOAQUIN",TRACY,-121.47210693359375,37.7540283203125
94864462,2025,2025-09-29,9266,2025-09-18,1625,019091,,4,2,9,3900,0,1,3,,1,025,SR-33,"I-5 N/B",1056.00,E,N,B,-,Y,SJ,,33," "," ",4.563,H,,R,Y,3,0,1,1,A,-,08,22107,,N,E,I,A,A,H,-,A,D,0,,,,,Y,,A,01,0,1,0,0,0,0,0,0,0,"- ","- ",37.678760528564453,-121.34017944335938,"SAN JOAQUIN",UNINCORPORATED,-121.34011077880859,37.678806304931641
9486656,2022,2022-09-20,3903,2022-07-21,1546,3992,,4,5,4,3903,0,0,0,,0,,"SOUTH UNION RD","WAWONA ST",0.00,,Y,A,-,N,,,,,,,,,,Y,3,0,1,2,A,-,01,23153,A,N,D,D,A,A,H,-,A,A,0,,,,,Y,Y,A,71,0,1,0,0,0,0,0,0,0,"- ","- ",37.789730072021484,-121.23439788818359,"SAN JOAQUIN",MANTECA,-121.23442077636719,37.789722442626953
94868471,2025,2025-10-01,9265,2025-09-22,"740 ",024396,,1,1,9,3900,0,3,5,,2,010,"JACK TONE ROAD","LOUISE AVENUE",500.00,N,N,A,-,N,,,,,,,,,,Y,4,0,3,3,A,-,03,22350,,N,C,2,A,A,H,-,A,D,0,,,,Y,Y,,F,25,0,0,3,0,0,0,0,0,0,"- ","- ",37.814968109130859,-121.14386749267578,"SAN JOAQUIN",UNINCORPORATED,-121.14380645751953,37.813571929931641
9486855,2022,2022-09-15,3901,2022-07-20,0709,L36,,3,5,2,3901,0,0,0,,0,,"MCHENRY AV","WEISS WY",212.00,N,N,A,-,N,,,,,,,,,,N,2,0,1,1,A,-,16,24002,A,N,E,I,A,A,H,-,A,D,0,,,Y,,Y,,C,02,1,0,0,0,0,0,0,0,1,"- ","- ",37.795680999755859,-120.99658966064453,"SAN JOAQUIN",ESCALON,-120.99668121337891,37.796287536621094
94868838,2025,2025-10-01,9265,2025-09-27,"855 ",015596,,6,1,9,3900,0,1,1,,2,505,"I-5 N/B",SR-12,1584.00,S,N,A,-,Y,,,,,,,,,,N,3,0,1,2,A,-,03,22350,,N,C,C,A,D,H,-,A,D,0,,,,Y,Y,,F,26,0,1,0,0,0,0,0,0,0,"- ","- ",38.596839904785156,-121.49004364013672,"SAN JOAQUIN",UNINCORPORATED,-121.39585876464844,38.11248779296875
94870387,2025,2025-10-02,9266,2025-09-28,1245,019091,,7,1,9,3900,0,1,1,,1,015,"I-205 W/B","PARADISE RD",3168.00,W,N,B,-,Y,SJ,,205," ",R,9.023,H,,L,Y,4,0,1,2,A,-,04,21703,,N,C,C,A,A,H,-,A,D,0,,,,,Y,,D,22,0,0,1,0,0,0,0,0,0,"- ","- ",37.764968872070312,-121.39862823486328,"SAN JOAQUIN",UNINCORPORATED,-121.39862823486328,37.765022277832031
94873290,2025,2025-10-06,9266,2025-09-26,1245,020657,,5,1,5,3906,0,1,1,,1,015,"I-205 E/B","PARADISE ROAD",2025.00,W,N,A,-,Y,SJ,,205," ",R,9.215,H,,R,Y,4,0,1,1,A,-,08,22107,,N,F,A,A,A,H,-,A,D,0,,,,Y,Y,,G,25,0,0,1,0,0,0,0,0,0,"- ","- ",37.764720916748047,-121.39521026611328,"SAN JOAQUIN",TRACY,-121.39521026611328,37.764732360839844
94874373,2025,2025-10-06,9265,2025-09-22,"920 ",020785,,1,1,9,3900,0,1,3,,1,092,SR-12,"GUARD RD.",0.00,,Y,A,-,Y,SJ,,12," "," ",8.837,H,,R,Y,4,0,1,2,A,-,08,22107,,N,D,C,A,A,H,-,A,D,0,,,,Y,Y,,A,07,0,0,1,0,0,0,0,0,0,"- ","- ",38.116058349609375,-121.42244720458984,"SAN JOAQUIN",UNINCORPORATED,-121.42244720458984,38.116008758544922
94874375,2025,2025-10-06,9265,2025-09-21,1655,017439,,7,2,9,3900,0,1,3,,2,001,"STATE ROUTE 99 N/B","JACK TONE RD.",5544.00,N,N,A,-,Y,SJ,,99," "," ",3.445,H,,R,N,3,0,1,2,A,-,03,22350,,N,C,C,A,A,H,-,A,D,0,,,,,Y,,A,01,0,1,0,0,0,0,0,0,0,"- ","- ",37.76171875,-121.15868377685547,"SAN JOAQUIN",UNINCORPORATED,-121.15869903564453,37.761699676513672
94874384,2025,2025-10-06,9265,2025-09-19,1850,023736,,5,2,9,3900,0,1,3,,2,025,"STATE ROUTE 120 EASTBOUND","YOSEMITE AVENUE",1009.00,E,N,A,-,Y,SJ,,120," ",R,1.535,H,,R,Y,3,0,1,1,A,-,08,22107,,N,F,A,A,A,H,-,A,D,0,,,Y,,Y,,C,02,0,1,0,0,0,0,0,0,1,"- ","- ",37.78826904296875,-121.28392791748047,"SAN JOAQUIN",UNINCORPORATED,-121.28392791748047,37.788276672363281
94874731,2025,2025-10-06,9266,2025-09-24,1255,018628,,3,1,9,3900,0,1,1,,2,021,"I-580 W/B","PATTERSON PASS RD",5280.00,E,N,B,C,Y,SJ,,580," "," ",12.812,H,,R,Y,3,0,1,3,A,-,08,22107,,N,B,C,A,B,D,-,A,A,0,,,,,Y,,D,22,0,1,0,0,0,0,0,0,0,"- ","- ",37.713310241699219,-121.52469635009766,"SAN JOAQUIN",UNINCORPORATED,-121.52472686767578,37.713279724121094
94875160,2025,2025-10-06,9265,2025-09-26,"900 ",022476,,5,1,9,3900,0,2,4,,1,074,"BENJAMIN HOLT DR","ALEXANDRIA PL",528.00,W,N,A,-,N,,,,,,,,,,Y,4,0,1,2,A,-,08,22107,,N,C,E,A,A,H,-,A,D,0,,,,,Y,,A,07,0,0,1,0,0,0,0,0,0,"- ","- ",38.005058288574219,-121.34146118164062,"SAN JOAQUIN",UNINCORPORATED,-121.34047698974609,38.005218505859375
94878377,2025,2025-10-08,9265,2025-09-27,1430,020785,,6,2,9,3900,0,3,5,,2,060,"JAHANT RD.","BRUELLA RD.",0.00,,Y,A,-,N,,,,,,,,,,N,4,0,1,2,A,-,12,22450,A,F,E,J,A,A,H,-,A,A,0,,,,,Y,,-,99,0,0,1,0,0,0,0,0,0,"- ","- ",38.204170227050781,-121.20819091796875,"SAN JOAQUIN",UNINCORPORATED,-121.20789337158203,38.2041015625
94878611,2025,2025-10-08,9265,2025-09-29,"815 ",020785,,1,1,9,3900,0,3,5,,2,060,"ELLIOTT RD","CHURCH ST",12.00,S,N,B,-,N,,,,,,,,,,Y,4,0,1,3,A,-,08,22107,,N,D,E,A,A,H,-,A,D,0,,,,,Y,,A,01,0,0,1,0,0,0,0,0,0,"- ","- ",38.164020538330078,-121.15071105957031,"SAN JOAQUIN",UNINCORPORATED,-121.15074157714844,38.163997650146484
94879838,2025,2025-10-09,9266,2025-09-29,"605 ",019182,,1,1,9,3900,0,2,4,,2,013,"GRANT LINE RD","HANSEN RD",650.00,E,N,A,-,N,,,,,,,,,,Y,4,0,2,2,A,-,03,22350,,N,C,C,A,A,H,-,D,D,0,,,,,Y,,A,01,0,0,2,0,0,0,0,0,0,"- ","- ",37.758209228515625,-121.51100158691406,"SAN JOAQUIN",UNINCORPORATED,-121.51099395751953,37.758205413818359
94880338,2025,2025-10-09,9266,2025-09-15,1600,019865,,1,2,5,3906,1,4,S,,2,901,"WHISPERING WIND DR","REGIS DR",20.00,W,N,A,-,N,,,,,,,,,,N,4,0,1,2,A,-,03,22350,,N,C,C,A,A,H,-,A,A,0,,,,,Y,,D,22,0,0,1,0,0,0,0,0,0,"- ","- ",37.699760437011719,-121.43231201171875,"SAN JOAQUIN",TRACY,-121.43222045898438,37.699718475341797
94881867,2025,2025-10-10,9265,2025-10-01,"950 ",024531,,3,1,9,3900,0,1,1,,2,502,"EL DORARO STREET","HOSPITAL RD",0.00,,Y,A,-,N,,,,,,,,,,Y,3,0,1,2,A,-,09,21806,A,N,A,C,A,A,H,-,A,D,0,,,,,Y,,A,01,0,1,0,0,0,0,0,0,0,"- ","- ",37.885768890380859,-121.27655792236328,"SAN JOAQUIN",UNINCORPORATED,,
94884396,2025,2025-10-13,9265,2025-09-30,1200,016510,,2,1,9,3900,0,2,4,,1,093,"THORNTON RD","EIGHT MILE RD",425.00,N,N,A,-,N,,,,,,,,,,N,3,0,1,2,A,-,08,22107,,F,B,G,A,A,H,-,A,A,0,,Y,,,Y,,-,99,0,1,0,0,0,0,1,0,0,"- ","- ",38.058910369873047,-121.35182189941406,"SAN JOAQUIN",UNINCORPORATED,-121.35182952880859,38.057659149169922
94884614,2025,2025-10-13,9265,2025-10-02,"718 ",023844,,4,1,4,3903,0,1,3,,2,025,"SR-120 E/B","MAIN ST",250.00,E,N,C,-,Y,SJ,,120," ",R,5.729,H,,R,N,4,0,1,3,A,-,03,22350,,N,C,C,A,B,H,-,A,D,0,,,,,Y,,A,08,0,0,1,0,0,0,0,0,0,"- ","- ",37.783191680908203,-121.20822143554688,"SAN JOAQUIN",MANTECA,-121.20822143554688,37.783203125
94886556,2025,2025-10-15,9265,2025-09-08,1932,024504,,1,2,6,3905,0,1,1,,2,503,"SR-4 W/B TO I-5 S/B","CHURCH ST",185.00,S,N,A,-,Y,,,,,,,,,,N,3,0,1,2,A,-,07,21658,A,N,B,C,A,A,H,-,B,D,0,,,Y,,Y,,A,07,0,1,0,0,0,0,0,0,1,"- ","- ",37.945339202880859,-121.29971313476562,"SAN JOAQUIN",STOCKTON,-121.30890655517578,37.944698333740234
94887624,2025,2025-10-15,9265,2025-10-04,1930,024252,,6,2,9,3900,0,1,3,,2,001,"B ST","5TH ST",150.00,S,N,A,-,N,,,,,,,,,,N,4,0,1,2,A,-,05,21460,A,M,A,C,A,A,H,-,C,D,0,,,,,Y,Y,-,99,0,0,1,0,0,0,0,0,0,"- ","- ",37.937641143798828,-121.25697326660156,"SAN JOAQUIN",UNINCORPORATED,-121.25691223144531,37.937644958496094
94887724,2025,2025-10-15,9265,2025-10-05,1123,024320,,7,1,9,3900,0,1,1,,2,502,"I-5 N/B","LOUIE AVE",5130.00,S,N,A,-,Y,SJ,,5," ",R,15.514,H,,R,N,4,0,2,2,A,-,08,22107,,F,F,I,A,A,H,-,D,D,0,,,,,Y,,-,99,0,0,2,0,0,0,0,0,0,"- ","- ",37.798210144042969,-121.300048828125,"SAN JOAQUIN",UNINCORPORATED,-121.30020141601562,37.798240661621094
94887817,2025,2025-10-15,9265,2025-10-06,"735 ",021364,,1,1,9,3900,0,3,5,,2,020,"BOWMAN RD","MANTHEY RD",3290.00,W,N,A,-,N,,,,,,,,,,Y,4,0,1,2,A,-,03,22350,,N,C,C,A,A,H,-,A,D,0,,,,,Y,,D,22,0,0,1,0,0,0,0,0,0,"- ","- ",37.865871429443359,-121.29119873046875,"SAN JOAQUIN",UNINCORPORATED,-121.29112243652344,37.865890502929688
94889971,2025,2025-10-16,9265,2025-10-07,1330,020785,,2,1,9,3900,0,3,5,,2,060,"HAMMER LN.","MORELAND ST",150.00,W,N,A,-,N,,,,,,,,,,N,4,0,2,2,A,-,07,21658,A,N,B,C,A,A,H,-,A,D,0,,,,,Y,,A,01,0,0,2,0,0,0,0,0,0,"- ","- ",38.021060943603516,-121.26132965087891,"SAN JOAQUIN",UNINCORPORATED,-121.26116943359375,38.021095275878906
94890188,2025,2025-10-16,9265,2025-10-07,1632,020785,,2,2,9,3900,0,3,5,,2,090,"SR-99 SOUTHBOUND TO ARMSTRONG RD.","SR-99 W. FRONTAGE RD.",0.00,,Y,A,-,N,,,,,,,,,,Y,4,0,1,2,A,-,09,21802,A,N,D,C,A,A,H,-,A,A,0,,,,,Y,,A,01,0,0,1,0,0,0,0,0,0,"- ","- ",38.088260650634766,-121.26119995117188,"SAN JOAQUIN",UNINCORPORATED,-121.22039031982422,37.860118865966797
94890195,2025,2025-10-16,9265,2025-10-07,1703,021644,,2,2,9,3900,0,1,3,,1,061,SR-26,"FINE RD",0.00,,Y,A,-,Y,SJ,,26," "," ",12.667,H,,R,Y,4,0,1,2,A,-,09,21802,A,N,D,C,A,A,H,-,A,A,0,,,,,Y,,D,22,0,0,1,0,0,0,0,0,0,"- ","- ",38.031810760498047,-121.05017852783203,"SAN JOAQUIN",UNINCORPORATED,-121.05020141601562,38.031856536865234
9489712,2022,2022-09-07,3904,2022-06-16,0120,P110,1,4,5,3,3904,0,0,0,,0,00A,"RIVER RD","N RIPON RD",0.00,,Y,A,-,N,,,,,,,,,,Y,4,0,1,1,A,-,12,22450,A,M,E,I,A,A,H,-,C,A,0,,,,,Y,Y,A,01,0,0,1,0,0,0,0,0,0,"- ","- ",37.761341094970703,-121.1380615234375,"SAN JOAQUIN",RIPON,-121.12465667724609,37.761085510253906
94897809,2025,2025-10-22,9265,2025-10-13,1419,017439,,1,2,3,3904,0,1,3,,2,001,"STATE ROUTE 99 N/B","JACK TONE ROAD.",81.00,S,N,A,-,Y,SJ,,99," "," ",2.330,H,,R,N,3,0,1,2,A,-,03,22350,,N,C,C,A,A,H,-,A,D,0,,,,,Y,,A,01,0,1,0,0,0,0,0,0,0,"- ","- ",37.752708435058594,-121.14185333251953,"SAN JOAQUIN",RIPON,-121.14182281494141,37.752738952636719
94898223,2025,2025-10-23,9265,2025-10-13,2126,020071,,1,2,3,3904,0,1,3,,2,001,"STATE ROUTE 99 SOUTHBOUND","JACK TONE RD",1865.00,S,N,C,-,Y,SJ,,99," "," ",1.993,H,,L,N,4,0,1,2,A,-,08,22107,,N,B,8,A,A,H,-,C,D,0,,,,,Y,,A,01,0,0,1,0,0,0,0,0,0,"- ","- ",37.749088287353516,-121.137451171875,"SAN JOAQUIN",RIPON,-121.13749694824219,37.749050140380859
94899207,2025,2025-10-23,9266,2025-10-12,1520,022792,,7,2,9,3900,0,3,5,,2,001,"CORRAL HOLLOW ROAD","LARCH ROAD",0.00,,Y,A,-,N,,,,,,,,,,Y,4,0,3,2,A,-,09,21802,A,N,D,C,A,A,H,-,A,A,0,,,,,Y,,D,22,0,0,3,0,0,0,0,0,0,"- ","- ",37.765060424804688,-121.45333099365234,"SAN JOAQUIN",UNINCORPORATED,-121.45334625244141,37.765529632568359
94899673,2025,2025-10-23,9265,2025-10-14,1855,021677,,2,2,2,3920,0,1,1,,2,502,"I-5 S/B","LATHROP ROAD",200.00,S,N,B,C,Y,SJ,,5," ",R,17.484,H,,L,Y,3,0,1,1,A,-,03,22350,,N,E,I,A,B,H,-,C,D,0,,,,,Y,,A,01,0,1,0,0,0,0,0,0,0,"- ","- ",37.825710296630859,-121.29051971435547,"SAN JOAQUIN",LATHROP,-121.29048919677734,37.825702667236328
94899751,2025,2025-10-23,9265,2025-10-14,1150,016510,,2,1,9,3900,0,1,1,,2,504,"I-5 S/B","MARCH LN",820.00,N,N,A,-,Y,SJ,,5," "," ",30.179,H,,L,N,3,0,1,2,A,-,08,22107,,N,B,C,A,A,H,-,A,D,0,,,,,Y,,A,08,0,1,0,0,0,0,0,0,0,"- ","- ",37.986911773681641,-121.34465026855469,"SAN JOAQUIN",UNINCORPORATED,-121.34455108642578,37.986934661865234
94904155,2025,2025-10-28,9265,2025-09-28,1945,023301,,7,2,9,3900,0,1,3,,1,062,SR-88,"BRANDT RD",0.00,,Y,A,-,Y,SJ,,88," "," ",12.848,H,,R,Y,4,0,3,2,A,-,01,23152,A,N,D,C,A,A,H,-,D,A,0,,,,,Y,Y,A,01,0,0,3,0,0,0,0,0,0,"- ","- ",38.146961212158203,-121.15869903564453,"SAN JOAQUIN",UNINCORPORATED,-121.15878295898438,38.146984100341797
94904645,2025,2025-10-28,9266,2025-10-17,1735,020657,,5,2,5,3906,0,1,1,,1,015,"I-205 E/B","MACARTHUR DRIVE",1500.00,E,N,A,-,Y,SJ,,205," ",R,8.429,H,,R,Y,3,0,1,2,A,-,03,22350,,N,C,C,A,A,H,-,A,D,0,,,,,Y,,A,01,0,1,0,0,0,0,0,0,0,"- ","- ",37.764720916748047,-121.40947723388672,"SAN JOAQUIN",TRACY,-121.40947723388672,37.764690399169922
94904672,2025,2025-10-28,9265,2025-10-06,1315,024490,,1,1,9,3900,0,1,3,,2,004,"SR-99 S/B FROM SR-88 W/B",SR-88,150.00,N,N,A,-,Y,SJ,,99," "," ",20.373,H,,L,Y,2,0,1,1,A,-,03,22350,,N,F,A,A,A,H,-,A,D,0,,,,Y,Y,,G,25,1,0,0,0,0,0,0,0,0,"- ","- ",37.985069274902344,-121.25054168701172,"SAN JOAQUIN",UNINCORPORATED,-121.25025939941406,37.985088348388672
94909716,2025,2025-10-31,9266,2025-10-21,1940,021677,,2,2,9,3900,0,1,1,,2,024,"I-5 580 W/B","GAFFERY ROAD",300.00,E,N,A,-,Y,SJ,,5," "," ",0.226,H,,R,Y,3,0,1,1,A,-,08,22107,,N,F,A,A,A,H,-,C,D,0,,,,,Y,,A,07,0,1,0,0,0,0,0,0,0,"- ","- ",37.593399047851562,-121.33664703369141,"SAN JOAQUIN",UNINCORPORATED,-121.33655548095703,37.593479156494141
94909778,2025,2025-10-31,9265,2025-10-19,1229,021364,,7,1,2,3920,0,1,1,,2,502,"I-5 N/B TO LOUISE AVE","LOUISE AVE",440.00,S,N,A,-,Y,,,,,,,,,,Y,4,0,1,3,A,-,03,22350,,N,C,C,A,A,H,-,A,D,0,,,,,Y,,A,07,0,0,1,0,0,0,0,0,0,"- ","- ",37.810611724853516,-121.29541778564453,"SAN JOAQUIN",LATHROP,-121.29478454589844,37.813610076904297
94909893,2025,2025-10-31,9265,2025-09-30,1630,017439,,2,2,9,3900,0,3,5,,2,010,"JACK TONE ROAD","WILDWOOD ROAD",30.00,N,N,A,-,N,,,,,,,,,,N,2,0,3,2,A,-,03,22350,,N,C,C,A,A,H,-,A,D,0,,,,,Y,,A,01,1,2,0,0,0,0,0,0,0,"- ","- ",37.863029479980469,-121.14601135253906,"SAN JOAQUIN",UNINCORPORATED,-121.14597320556641,37.863071441650391
94911243,2025,2025-10-31,9266,2025-09-29,"555 ",019865,,1,3,9,3900,0,1,1,,2,021,"I-580 W/B","SR-132 E/B",447.00,E,N,A,-,Y,SJ,,580," "," ",4.218,H,,R,Y,2,0,3,4,A,-,04,21703,,N,C,C,A,A,H,-,D,D,0,,,,,Y,,A,01,2,0,1,0,0,0,0,0,0,"- ","- ",37.637901306152344,-121.40029144287109,"SAN JOAQUIN",UNINCORPORATED,-121.40028381347656,37.637908935546875
94912995,2025,2025-11-13,9265,2025-08-30,1851,022849,,6,2,9,3900,0,2,4,,1,052,"MCALLEN  ROAD","WILSON WAY",302.00,W,N,A,-,N,,,,,,,,,,N,4,0,1,2,A,-,08,22107,,M,B,G,A,A,H,-,B,D,0,,Y,,,Y,,A,01,0,0,1,0,0,0,1,0,0,"- ","- ",38.00048828125,-121.26129150390625,"SAN JOAQUIN",UNINCORPORATED,-121.26127624511719,38.000473022460938
94915396,2025,2025-11-07,9266,2025-10-24,1955,020657,,5,2,9,3900,0,2,4,,2,020,"KASSON ROAD","HOMESTEAD ROAD",300.00,E,N,A,-,N,,,,,,,,,,Y,4,0,1,3,A,-,08,22107,,N,G,B,E,A,H,-,D,D,0,Y,,,,Y,,A,07,0,0,1,0,1,0,0,0,0,"- ","- ",37.715679168701172,-121.31436920166016,"SAN JOAQUIN",UNINCORPORATED,-121.31423950195312,37.715591430664062
94918841,2025,2025-11-11,9265,2025-10-27,"555 ",016510,,1,3,9,3900,0,2,4,,1,093,"DEVRIES RD","THORNTON RD",0.00,,Y,C,-,N,,,,,,,,,,N,3,0,2,2,A,-,12,22450,A,N,D,C,A,B,H,-,B,A,0,,,,,Y,,D,22,0,2,0,0,0,0,0,0,0,"- ","- ",38.07489013671875,-121.35273742675781,"SAN JOAQUIN",UNINCORPORATED,-121.35277557373047,38.074832916259766
94919390,2025,2025-11-11,9265,2025-10-27,"752 ",023156,,1,1,9,3900,0,3,5,,2,060,"DUNCAN RD","COMSTOCK RD",590.00,S,N,B,-,N,,,,,,,,,,N,4,0,1,2,A,-,03,22350,,N,D,C,A,B,H,-,A,D,0,,,,Y,Y,,A,01,0,0,1,0,0,0,0,0,0,"- ","- ",38.043201446533203,-121.09607696533203,"SAN JOAQUIN",UNINCORPORATED,-121.09610748291016,38.043231964111328