CASE_ID,ACCIDENT_YEAR,PROC_DATE,JURIS,COLLISION_DATE,COLLISION_TIME,OFFICER_ID,REPORTING_DISTRICT,DAY_OF_WEEK,CHP_SHIFT,POPULATION,CNTY_CITY_LOC,SPECIAL_COND,BEAT_TYPE,CHP_BEAT_TYPE,CITY_DIVISION_LAPD,CHP_BEAT_CLASS,BEAT_NUMBER,PRIMARY_RD,SECONDARY_RD,DISTANCE,DIRECTION,INTERSECTION,WEATHER_1,WEATHER_2,STATE_HWY_IND,CALTRANS_COUNTY,CALTRANS_DISTRICT,STATE_ROUTE,ROUTE_SUFFIX,POSTMILE_PREFIX,POSTMILE,LOCATION_TYPE,RAMP_INTERSECTION,SIDE_OF_HWY,TOW_AWAY,COLLISION_SEVERITY,NUMBER_KILLED,NUMBER_INJURED,PARTY_COUNT,PRIMARY_COLL_FACTOR,PCF_CODE_OF_VIOL,PCF_VIOL_CATEGORY,PCF_VIOLATION,PCF_VIOL_SUBSECTION,HIT_AND_RUN,TYPE_OF_COLLISION,MVIW,PED_ACTION,ROAD_SURFACE,ROAD_COND_1,ROAD_COND_2,LIGHTING,CONTROL_DEVICE,CHP_ROAD_TYPE,PEDESTRIAN_ACCIDENT,BICYCLE_ACCIDENT,MOTORCYCLE_ACCIDENT,TRUCK_ACCIDENT,NOT_PRIVATE_PROPERTY,ALCOHOL_INVOLVED,STWD_VEHTYPE_AT_FAULT,CHP_VEHTYPE_AT_FAULT,COUNT_SEVERE_INJ,COUNT_VISIBLE_INJ,COUNT_COMPLAINT_PAIN,COUNT_PED_KILLED,COUNT_PED_INJURED,COUNT_BICYCLIST_KILLED,COUNT_BICYCLIST_INJURED,COUNT_MC_KILLED,COUNT_MC_INJURED,PRIMARY_RAMP,SECONDARY_RAMP,LATITUDE,LONGITUDE,COUNTY,CITY,POINT_X,POINT_Y
94922725,2025,2025-11-12,9265,2025-10-29,"545 ",024206,,3,3,2,3920,0,1,1,,2,502,"I-5 S/B","LATHROP RD",12.00,S,N,A,-,Y,SJ,,5," ",R,17.520,H,,L,Y,3,0,1,2,A,-,04,21703,,N,C,C,A,A,H,-,B,D,0,,,,Y,Y,,G,25,0,1,0,0,0,0,0,0,0,"- ","- ",37.826221466064453,-121.29038238525391,"SAN JOAQUIN",LATHROP,-121.29029846191406,37.826202392578125
94923319,2025,2025-11-12,9265,2025-09-30,1545,017439,,2,2,9,3900,0,1,3,,2,001,"SR-99 N/B","MAIN ST.",3010.00,S,N,A,-,Y,SJ,,99," "," ",0.289,H,,R,N,3,0,2,6,A,-,03,22350,,N,C,C,A,A,H,-,A,D,0,,,,Y,Y,,F,26,0,2,0,0,0,0,0,0,0,"- ","- ",37.733501434326172,-121.11367797851562,"SAN JOAQUIN",UNINCORPORATED,-121.1136474609375,37.7335205078125
94928397,2025,2025-11-13,9265,2025-10-12,1020,023223,,7,1,9,3900,0,2,4,,1,053,"WATERLOO RD","GOLDEN GATE AVE",0.00,,Y,A,-,N,,,,,,,,,,N,3,0,2,2,A,-,08,22107,,N,D,C,A,A,H,-,A,D,0,,,,,Y,,A,01,0,2,0,0,0,0,0,0,0,"- ","- ",37.980388641357422,-121.25672149658203,"SAN JOAQUIN",UNINCORPORATED,-121.25669097900391,37.980342864990234
94928585,2025,2025-11-13,9265,2025-10-16,1709,024504,,4,2,9,3900,0,3,5,,2,060,"MCALLEN ROAD","WILSON WAY",581.00,W,N,A,-,N,,,,,,,,,,N,4,0,2,2,A,-,09,21804,A,N,D,2,A,A,H,-,A,D,0,,,,,Y,,A,07,0,0,2,0,0,0,0,0,0,"- ","- ",38.000469207763672,-121.26230621337891,"SAN JOAQUIN",UNINCORPORATED,-121.26224517822266,38.000450134277344
94928587,2025,2025-11-13,9265,2025-11-01,"815 ",024539,,6,1,9,3900,0,2,4,,1,052,"CHEROKEE LN","WIGWAM DR",345.00,W,N,A,-,N,,,,,,,,,,Y,3,0,1,1,A,-,08,22107,,N,E,I,A,A,H,-,A,D,0,,,,,Y,,A,01,0,1,0,0,0,0,0,0,0,"- ","- ",37.986068725585938,-121.25850677490234,"SAN JOAQUIN",UNINCORPORATED,-121.25833892822266,37.986106872558594
9493207,2022,2022-09-23,3903,2022-07-09,2141,2588,,6,5,4,3903,0,0,0,,0,,"SOUTH UNION RD","DANIELS ST",670.00,S,N,A,-,Y,SJ,10,120,-,R,4.529,R,4,W,Y,3,0,3,2,A,-,12,21453,A,N,D,C,A,A,H,-,C,A,0,,,,,Y,,A,01,0,3,0,0,0,0,0,0,0,"- ","- ",37.784999847412109,-121.23400115966797,"SAN JOAQUIN",MANTECA,-121.23014068603516,37.783515930175781
94934391,2025,2025-11-17,9265,2025-11-06,2137,018694,,4,2,9,3900,0,1,1,,2,504,"I-5 N/B","BENJAMIN HOLT DRIVE",545.00,S,N,A,-,Y,SJ,,5," "," ",31.348,H,,R,Y,2,0,2,2,A,-,03,22350,,N,C,C,A,A,D,-,C,A,0,,,,Y,Y,,F,55,1,0,1,0,0,0,0,0,0,"- ","- ",38.003238677978516,-121.35064697265625,"SAN JOAQUIN",UNINCORPORATED,-121.35061645507812,38.003250122070312
9493472,2022,2022-09-16,3906,2022-08-31,1116,1094,,3,5,5,3906,0,0,0,,0,002,"GLENHAVEN DR","BROOKVIEW DR",60.00,N,N,A,-,N,,,,,,,,,,Y,4,0,1,2,A,-,07,21658,A,N,B,C,A,A,H,-,A,D,0,,,,,Y,,A,01,0,0,1,0,0,0,0,0,0,"- ","- ",,,"SAN JOAQUIN",TRACY,-121.42497253417969,37.699714660644531
94935600,2025,2025-11-18,9266,2025-11-15,2255,023629,,6,3,9,3900,0,1,1,,2,021,"I-580 E/B","CORRAL HOLLOW RD",1267.00,E,N,C,-,Y,SJ,,580," "," ",7.906,H,,L,Y,4,0,1,1,A,-,03,22350,,N,E,I,A,B,H,-,D,D,0,,,,,Y,,A,01,0,0,1,0,0,0,0,0,0,"- ","- ",37.670051574707031,-121.45382690429688,"SAN JOAQUIN",UNINCORPORATED,-121.453857421875,37.670021057128906
94935989,2025,2025-11-18,9265,2025-08-02,2140,023223,,6,2,9,3900,0,1,3,,1,013,"STATE ROUTE 4","GILLIS RD",12.00,W,N,A,-,Y,SJ,,4," "," ",21.625,H,,R,Y,1,1,3,3,A,-,08,22107,,N,A,2,A,A,H,-,D,D,0,,,,,Y,,A,01,0,3,0,0,0,0,0,0,0,"- ","- ",37.949131011962891,-121.20200347900391,"SAN JOAQUIN",UNINCORPORATED,-121.20200347900391,37.949142456054688
94937937,2025,2025-11-19,9265,2025-11-01,1555,024544,,6,2,9,3900,0,3,5,,2,010,"COPPEROPOLIS RD","JACK TONE RD",60.00,E,N,A,-,N,,,,,,,,,,Y,4,0,1,1,C,-,18,,,N,F,I,A,A,H,-,A,D,0,,,,,Y,,-,"- ",0,0,1,0,0,0,0,0,0,"- ","- ",37.970558166503906,-121.14795684814453,"SAN JOAQUIN",UNINCORPORATED,-121.14848327636719,37.970481872558594
94938127,2025,2025-11-19,9265,2025-10-30,1402,024504,,4,2,9,3900,0,1,1,,2,504,"I-5 N/B","EIGHT MILE RD",7339.00,S,N,A,-,Y,SJ,,5," "," ",33.910,H,,R,N,4,0,1,2,A,-,07,21658,A,N,B,C,A,A,D,-,A,D,0,,,,Y,Y,,G,27,0,0,1,0,0,0,0,0,0,"- ","- ",38.038219451904297,-121.3663330078125,"SAN JOAQUIN",UNINCORPORATED,-121.36634826660156,38.038215637207031
94938287,2025,2025-11-19,9266,2025-11-17,"845 ",021677,,1,1,9,3900,0,1,1,,2,014,"I-205 W/B","MOUNTAIN HOUSE PARKWAY",2587.00,E,N,B,-,Y,SJ,,205," "," ",1.883,H,,L,N,4,0,1,2,A,-,03,22350,,N,C,C,A,B,H,-,A,D,0,,,,,Y,,A,01,0,0,1,0,0,0,0,0,0,"- ","- ",37.741950988769531,-121.52240753173828,"SAN JOAQUIN",UNINCORPORATED,-121.52240753173828,37.74200439453125
94939130,2025,2025-11-20,9266,2025-11-17,1920,021774,,1,2,5,3906,0,1,1,,1,015,"I-205 E/B","MACARTHUR DR",1526.00,W,N,A,-,Y,SJ,,205," ",R,7.849,H,,R,Y,4,0,1,2,A,-,03,22350,,N,C,C,A,A,H,-,C,D,0,,,,,Y,,A,07,0,0,1,0,0,0,0,0,0,"- ","- ",37.763328552246094,-121.42011260986328,"SAN JOAQUIN",TRACY,-121.42010498046875,37.7633056640625
94940241,2025,2025-11-20,9265,2025-11-10,1330,023223,,1,1,9,3900,0,3,5,,2,070,"VICKSBURG PL","BENJAMIN HOLT DR",130.00,S,N,A,-,N,,,,,,,,,,N,3,0,1,1,A,-,08,22107,,N,B,8,A,A,H,-,A,D,0,,,,,Y,,A,01,0,1,0,0,0,0,0,0,0,"- ","- ",38.008430480957031,-121.32826232910156,"SAN JOAQUIN",UNINCORPORATED,-121.32818603515625,38.008510589599609
94940330,2025,2025-11-20,9265,2025-11-08,1600,023156,,6,2,9,3900,0,1,3,,2,001,"SR-99 N/B","MILGEO AVE",1385.00,S,N,A,-,Y,SJ,,99," "," ",1.252,H,,R,N,4,0,1,3,A,-,03,22350,,N,C,C,A,A,H,-,A,D,0,,,,,Y,,A,01,0,0,1,0,0,0,0,0,0,"- ","- ",37.742759704589844,-121.12663269042969,"SAN JOAQUIN",UNINCORPORATED,-121.12660217285156,37.742790222167969
94940366,2025,2025-11-20,9265,2025-11-08,1640,023156,,6,2,9,3900,0,1,3,,2,001,"SR-99 N/B","OLIVE AVE",170.00,S,N,A,-,Y,SJ,,99," "," ",3.263,H,,R,N,4,0,1,2,A,-,03,22350,,N,C,C,A,A,H,-,A,D,0,,,,,Y,,A,01,0,0,1,0,0,0,0,0,0,"- ","- ",37.760101318359375,-121.15606689453125,"SAN JOAQUIN",UNINCORPORATED,-121.15604400634766,37.760128021240234
9494245,2022,2022-10-04,3902,2022-07-27,0836,115,HERIT,3,5,5,3902,0,0,0,,0,002,"VICTOR RD","GUILD AV",0.00,,Y,A,-,Y,SJ,10,12,-,-,18.610,I,5,W,Y,4,0,1,2,A,-,09,21802,,N,D,C,A,A,H,-,A,A,0,,,,,Y,,A,07,0,0,1,0,0,0,0,0,0,"- ","- ",38.137519836425781,-121.34793853759766,"SAN JOAQUIN",LODI,-121.24794769287109,38.137683868408203
9494262,2022,2022-10-06,3902,2022-08-19,0845,58,SUNSE,5,5,5,3902,0,0,0,,0,003,"KETTLEMAN LN","CRESCENT AV",605.00,E,N,A,-,Y,SJ,10,12,-,-,16.830,H,-,W,Y,3,0,3,2,A,-,03,22350,,N,A,C,A,A,H,-,A,D,0,,,,,Y,,A,01,0,2,1,0,0,0,0,0,0,"- ","- ",38.115459442138672,-121.28296661376953,"SAN JOAQUIN",LODI,-121.28090667724609,38.115493774414062
94945973,2025,2025-11-24,9265,2025-11-11,1610,024531,,2,2,9,3900,0,3,5,,2,080,"POLK WAY","HARRISBURG PL",0.00,,Y,A,-,N,,,,,,,,,,Y,4,0,1,2,A,-,09,21802,A,N,D,C,A,A,H,-,A,A,0,,,,,Y,,A,07,0,0,1,0,0,0,0,0,0,"- ","- ",38.004341125488281,-121.33287048339844,"SAN JOAQUIN",UNINCORPORATED,-121.33290100097656,38.004371643066406
94946043,2025,2025-11-25,9265,2025-11-11,1845,024209,,2,2,9,3900,0,3,5,,2,010,"SR-4 E/B","WAVERLY ROAD",500.00,E,N,A,-,Y,SJ,,4," "," ",37.510,H,,R,N,4,0,3,1,A,-,08,22107,,N,E,8,A,A,H,-,D,D,0,,,,,Y,,D,22,0,0,3,0,0,0,0,0,0,"- ","- ",37.944820404052734,-120.93601989746094,"SAN JOAQUIN",UNINCORPORATED,-120.93601989746094,37.944862365722656
94947029,2025,2025-11-25,9265,2025-11-13,1025,022476,,4,1,9,3900,0,1,1,,2,504,"I-5 S/B","BENJAMIN HOLT DR",3168.00,N,N,C,-,Y,SJ,,5," "," ",31.796,H,,L,Y,4,0,1,2,A,-,03,22350,,N,E,8,A,B,H,-,A,D,0,,,,,Y,,A,01,0,0,1,0,0,0,0,0,0,"- ","- ",38.009330749511719,-121.35330200195312,"SAN JOAQUIN",UNINCORPORATED,-121.35337829589844,38.009311676025391
94947218,2025,2025-11-25,9265,2025-11-11,"500 ",023612,,2,3,6,3905,0,3,5,,2,030,"ARCH RD","QANTAS LN",75.00,W,N,A,-,N,,,,,,,,,,N,4,0,2,2,A,-,03,22350,,N,C,C,A,A,H,-,D,A,0,,,,Y,Y,,F,27,0,0,2,0,0,0,0,0,0,"- ","- ",37.904930114746094,-121.2298583984375,"SAN JOAQUIN",STOCKTON,,
94947244,2025,2025-11-25,9265,2025-11-09,2350,023301,,7,3,9,3900,0,3,5,,2,010,"SR-99 E FRONTAGE RD","S POLANCO PL",211.00,N,N,A,-,N,,,,,,,,,,Y,4,0,1,1,A,-,08,22107,,N,E,J,A,A,H,-,D,D,0,,,,,Y,,A,01,0,0,1,0,0,0,0,0,0,"- ","- ",37.829441070556641,-121.21714782714844,"SAN JOAQUIN",UNINCORPORATED,,
94947462,2025,2025-11-25,9266,2025-11-11,1850,021936,,2,2,2,3920,0,1,1,,2,024,"I-5 N/B","STEWART ROAD",375.00,N,N,A,-,Y,SJ,,5," ",R,13.953,H,,R,Y,2,0,2,2,A,-,03,22350,,N,C,C,A,A,H,-,D,D,0,,,,,Y,,A,07,1,1,0,0,0,0,0,0,0,"- ","- ",37.780040740966797,-121.31395721435547,"SAN JOAQUIN",LATHROP,-121.31390380859375,37.779994964599609
9494777,2022,2022-09-28,3902,2022-07-29,2151,115,HERIT,5,5,5,3902,0,0,0,,0,001,"LOWER SACRAMENTO RD","OXFORD WY",13.00,N,N,A,-,N,,,,,,,,,,N,3,0,1,1,A,-,01,23152,A,N,E,I,A,A,H,-,C,D,0,,,,,Y,Y,A,01,0,1,0,0,0,0,0,0,0,"- ","- ",38.134178161621094,-121.30667877197266,"SAN JOAQUIN",LODI,-121.30684661865234,38.134197235107422
94947800,2025,2025-11-25,9265,2025-10-12,2041,023612,,7,2,6,3905,0,2,4,,1,072,"WEST LN","ALPINE AVE",25.00,N,N,A,-,N,,,,,,,,,,Y,4,0,2,2,A,-,01,23152,A,N,C,C,A,A,H,-,C,A,0,,,,,Y,Y,A,01,0,0,2,0,0,0,0,0,0,"- ","- ",37.984180450439453,-121.28398895263672,"SAN JOAQUIN",STOCKTON,-121.283935546875,37.984024047851562
94949483,2025,2025-11-26,9266,2025-11-20,1600,022792,,4,2,9,3900,0,1,3,,1,011,SR-4,"OLD RIVER BRIDGE",4752.00,E,N,A,-,Y,SJ,,4," "," ",1.013,H,,R,Y,4,0,1,1,C,-,18,,,N,E,I,A,A,H,-,A,D,0,,,,,Y,,-,"- ",0,0,1,0,0,0,0,0,0,"- ","- ",37.890029907226562,-121.55230712890625,"SAN JOAQUIN",UNINCORPORATED,-121.55230712890625,37.890052795410156
94952505,2025,2025-12-01,9265,2025-11-05,"321 ",020071,,3,3,9,3900,0,1,3,,2,001,"STATE ROUTE 99 SOUTHBOUND","STATE ROUTE 120",3150.00,S,N,A,-,Y,SJ,,99," "," ",5.215,H,,L,N,4,0,1,1,A,-,01,23152,A,N,E,I,A,A,D,-,D,D,0,,,,,Y,Y,A,01,0,0,1,0,0,0,0,0,0,"- ","- ",37.777858734130859,-121.18348693847656,"SAN JOAQUIN",UNINCORPORATED,-121.18354797363281,37.777809143066406
94954925,2025,2025-12-02,9265,2025-11-18,1445,020513,,2,2,9,3900,0,3,5,,2,060,"LOCUST TREE RD","KETTLEMAN LN",0.00,,Y,A,-,N,,,,,,,,,,Y,4,0,1,2,A,-,09,21802,A,N,D,C,A,A,H,-,A,A,0,,,,,Y,,A,07,0,0,1,0,0,0,0,0,0,"- ","- ",38.116168975830078,-121.196533203125,"SAN JOAQUIN",UNINCORPORATED,-121.19652557373047,38.116153717041016
94956692,2025,2025-12-03,9265,2025-11-03,"940 ",024320,,1,1,9,3900,0,1,1,,2,503,"I-5 S/B","MONTE DIABLO AVE",732.00,S,N,A,-,Y,SJ,,5," "," ",27.790,H,,L,N,4,0,2,2,A,-,01,23152,A,N,C,C,A,A,G,-,D,D,0,,,,,Y,Y,A,01,0,0,2,0,0,0,0,0,0,"- ","- ",37.956390380859375,-121.32720184326172,"SAN JOAQUIN",UNINCORPORATED,-121.32720947265625,37.956367492675781
94956839,2025,2025-12-04,9265,2025-11-22,1345,024531,,6,1,9,3900,0,1,1,,2,505,"I-5 N/B TO WALNUT GROVE ROAD","WALNUT GROVE ROAD",100.00,S,N,A,-,Y,,,,,,,,,,Y,3,0,1,1,A,-,08,22107,,N,E,8,A,A,H,-,A,D,0,,,,,Y,,A,07,0,1,0,0,0,0,0,0,0,"- ","- ",38.224998474121094,-121.42920684814453,"SAN JOAQUIN",UNINCORPORATED,-121.43185424804688,38.227867126464844
94956841,2025,2025-12-04,9265,2025-11-22,1445,022365,,6,2,9,3900,0,3,5,,2,030,"10TH STREET","B STREET",645.00,E,N,A,-,N,,,,,,,,,,Y,4,0,1,2,A,-,08,22107,,N,B,4,A,A,H,-,A,D,0,,,,,Y,,D,22,0,0,1,0,0,0,0,0,0,"- ","- ",37.932388305664062,-121.25260925292969,"SAN JOAQUIN",UNINCORPORATED,-121.42592620849609,37.738498687744141
94956844,2025,2025-12-04,9265,2025-11-12,2203,023736,,3,3,9,3900,0,2,4,,1,031,"FRENCH CAMP ROAD","PRIEST ROAD",72.00,W,N,C,-,N,,,,,,,,,,Y,3,0,2,2,A,-,01,23152,A,N,C,2,A,B,H,-,D,D,0,,,,,Y,Y,A,01,0,1,1,0,0,0,0,0,0,"- ","- ",37.881149291992188,-121.26664733886719,"SAN JOAQUIN",UNINCORPORATED,-121.26661682128906,37.881202697753906
94958000,2025,2025-12-04,9265,2025-11-23,"950 ",023156,,7,1,9,3900,0,1,3,,2,003,"SR-99 N/B","ARCH RD",6178.00,S,N,A,-,Y,SJ,,99," "," ",13.435,H,,R,Y,3,0,3,4,A,-,03,22350,,N,C,C,A,A,H,-,A,D,0,,,,,Y,,A,07,0,1,2,0,0,0,0,0,0,"- ","- ",37.888088226318359,-121.22029876708984,"SAN JOAQUIN",UNINCORPORATED,-121.22020721435547,37.888092041015625
94958096,2025,2025-12-04,9265,2025-11-24,1025,017439,,1,1,9,3900,0,1,3,,2,001,"STATE ROUTE 99 N/B","STATE ROUTE 120",7920.00,S,N,A,-,Y,SJ,,99," "," ",4.704,H,,R,N,3,0,2,2,A,-,03,22350,,N,C,C,A,A,H,-,A,D,0,,,,,Y,,A,07,0,2,0,0,0,0,0,0,0,"- ","- ",37.772899627685547,-121.17684173583984,"SAN JOAQUIN",UNINCORPORATED,-121.17685699462891,37.772884368896484
94962333,2025,2025-12-08,9265,2025-11-01,2312,023612,,6,3,9,3900,0,1,3,,1,063,SR-88,"LIBERTY RD",0.00,,Y,A,-,Y,SJ,,88," "," ",22.107,H,,R,N,3,0,1,1,A,-,01,23152,A,N,E,I,A,A,H,-,C,A,0,,,,,Y,Y,A,07,0,1,0,0,0,0,0,0,0,"- ","- ",38.236198425292969,-121.05091094970703,"SAN JOAQUIN",UNINCORPORATED,-121.05094146728516,38.236217498779297
94963840,2025,2025-12-09,9265,2025-11-30,"547 ",023156,,7,3,9,3900,0,3,5,,2,050,"S. OLIVE AVE","HORNER AVE",630.00,S,N,B,-,N,,,,,,,,,,N,4,0,1,3,A,-,08,22107,,N,A,4,A,A,H,-,B,D,0,,,,,Y,,A,01,0,0,1,0,0,0,0,0,0,"- ","- ",37.955879211425781,-121.23612213134766,"SAN JOAQUIN",UNINCORPORATED,-121.23616790771484,37.955852508544922
94963927,2025,2025-12-09,9265,2025-11-03,"600 ",024490,,1,1,9,3900,0,1,1,,2,504,"I-5 N/B","EIGHT MILE RD",5016.00,N,N,A,-,Y,SJ,,5," "," ",34.307,H,,R,N,4,0,1,4,A,-,03,22350,,N,C,C,A,A,D,-,A,D,0,,,,,Y,,A,01,0,0,1,0,0,0,0,0,0,"- ","- ",38.043769836425781,-121.36815643310547,"SAN JOAQUIN",UNINCORPORATED,-121.36809539794922,38.043781280517578
94965435,2025,2025-12-10,9265,2025-12-03,1335,024539,,3,1,9,3900,0,1,3,,2,006,"SR-99 S/B","PELTIER RD",570.00,S,N,A,-,Y,SJ,,99," "," ",34.464,H,,L,Y,4,0,2,2,A,-,03,22350,,N,C,C,A,A,H,-,A,D,0,,,,,Y,,A,01,0,0,2,0,0,0,0,0,0,"- ","- ",38.187618255615234,-121.26277160644531,"SAN JOAQUIN",UNINCORPORATED,-121.26277923583984,38.187618255615234
94965509,2025,2025-12-10,9265,2025-12-03,"542 ",022798,,3,3,9,3900,0,2,4,,1,031,"FRENCH CAMP RD","PRIEST RD",190.00,E,N,A,-,N,,,,,,,,,,Y,3,0,1,2,A,-,09,21802,A,M,F,I,A,B,H,-,D,A,0,,,,,Y,,-,99,0,1,0,0,0,0,0,0,0,"- ","- ",37.881061553955078,-121.26647186279297,"SAN JOAQUIN",UNINCORPORATED,-121.26590728759766,37.880752563476562
94965514,2025,2025-12-10,9265,2025-11-30,1540,022365,,7,2,9,3900,0,3,5,,2,050,"BROADWAY AVENUE","WATERLOO ROAD",1373.00,S,N,A,-,N,,,,,,,,,,Y,4,0,2,2,A,-,09,21801,A,N,A,C,A,A,H,-,A,D,0,,,,,Y,,A,01,0,0,2,0,0,0,0,0,0,"- ","- ",37.978919982910156,-121.25154876708984,"SAN JOAQUIN",UNINCORPORATED,-121.25162506103516,37.979053497314453
94966624,2025,2025-12-10,9265,2025-11-26,1728,021644,,3,2,9,3900,0,1,3,,2,006,"SR-99 N/B","HARNEY LN",1056.00,N,N,A,-,Y,SJ,,99," "," ",28.745,H,,R,Y,4,0,1,2,A,-,03,22350,,N,C,C,A,A,H,-,D,D,0,,,,,Y,,A,01,0,0,1,0,0,0,0,0,0,"- ","- ",38.105388641357422,-121.26010894775391,"SAN JOAQUIN",UNINCORPORATED,-121.26006317138672,38.105388641357422
94972008,2025,2025-12-15,9265,2025-12-06,1612,017439,,6,2,9,3900,0,3,5,,2,010,"SANTA FE RD","HARROLD AVE",0.00,,Y,A,-,N,,,,,,,,,,N,3,0,2,2,A,-,12,22450,A,N,D,C,A,A,H,-,A,A,0,,,,,Y,,A,01,0,2,0,0,0,0,0,0,0,"- ","- ",37.775909423828125,-120.96868896484375,"SAN JOAQUIN",UNINCORPORATED,-120.96872711181641,37.775951385498047
94972198,2025,2025-12-15,9266,2025-12-05,2125,020279,,5,2,9,3900,0,3,5,,2,002,"CORRAL HOLLOW RD","SIERRA VIEW DR",2112.00,W,N,A,-,N,,,,,,,,,,Y,2,0,2,2,A,-,01,23152,A,N,A,C,A,A,H,-,D,D,0,,,,,Y,Y,A,01,1,1,0,0,0,0,0,0,0,"- ","- ",37.663341522216797,-121.46764373779297,"SAN JOAQUIN",UNINCORPORATED,,
94972395,2025,2025-12-15,9265,2025-11-21,2315,023736,,5,3,9,3900,0,2,4,,1,091,"WEST LANE","HAM LANE",2311.00,S,N,A,-,N,,,,,,,,,,Y,3,0,1,3,A,-,01,23152,A,N,B,C,A,A,H,-,D,D,0,,,,,Y,Y,A,01,0,1,0,0,0,0,0,0,0,"- ","- ",38.071128845214844,-121.29357147216797,"SAN JOAQUIN",UNINCORPORATED,-121.29351043701172,38.071174621582031
94976119,2025,2025-12-17,9265,2025-12-12,1615,023844,,5,2,9,3900,0,1,3,,1,011,SR-120,"FRENCH CAMP RD",0.00,,Y,B,-,Y,SJ,,120," "," ",11.606,H,,R,Y,3,0,5,2,A,-,09,21801,A,N,D,C,A,A,H,-,B,D,0,,,,,Y,,D,22,0,2,3,0,0,0,0,0,0,"- ","- ",37.798099517822266,-121.09253692626953,"SAN JOAQUIN",UNINCORPORATED,-121.09253692626953,37.798084259033203
94977251,2025,2025-12-18,9265,2025-12-09,"155 ",024262,,2,3,9,3900,0,1,1,,2,503,"I-5 N/B","MARCH LN",1500.00,S,N,A,-,Y,SJ,,5," "," ",29.684,H,,R,Y,3,0,1,2,C,-,18,,,N,C,C,A,A,H,-,D,D,0,,,,,Y,,-,"- ",0,1,0,0,0,0,0,0,0,"- ","- ",37.980251312255859,-121.34146881103516,"SAN JOAQUIN",UNINCORPORATED,-121.34152984619141,37.980236053466797
94977289,2025,2025-12-18,9265,2025-11-29,1930,024252,,6,2,9,3900,0,2,4,,1,091,"WEST LN","ARMSTRONG RD",50.00,S,N,A,-,N,,,,,,,,,,N,4,0,2,2,A,-,01,23152,A,N,C,C,A,A,H,-,C,A,0,,,,,Y,Y,A,01,0,0,2,0,0,0,0,0,0,"- ","- ",38.086288452148438,-121.27842712402344,"SAN JOAQUIN",UNINCORPORATED,-121.27861022949219,38.086322784423828
94979323,2025,2025-12-19,9265,2025-12-12,"616 ",024692,,5,1,9,3900,0,3,5,,2,060,"LIBERTY RD",SR-88,945.00,E,N,B,-,N,,,,,,,,,,N,3,0,1,1,A,-,08,22107,,N,D,I,A,A,H,-,D,D,0,,,,,Y,,D,22,0,1,0,0,0,0,0,0,0,"- ","- ",38.235958099365234,-121.05510711669922,"SAN JOAQUIN",UNINCORPORATED,-121.05085754394531,38.236080169677734
94981324,2025,2025-12-22,9265,2025-11-27,1835,023364,,4,2,6,3905,0,1,3,,1,042,"SR-4 W/B","EL DORADO ST",720.00,E,N,A,-,Y,SJ,,4," ",R,16.839,H,,L,Y,3,0,2,2,A,-,08,22107,,N,C,C,A,A,H,-,B,D,0,,,,,Y,,-,"- ",0,2,0,0,0,0,0,0,0,"- ","- ",37.950809478759766,-121.28675842285156,"SAN JOAQUIN",STOCKTON,-121.28675079345703,37.950786590576172
94981425,2025,2025-12-22,9265,2025-12-08,1700,017439,,1,2,9,3900,0,1,3,,2,001,"STATE ROUTE 99 S/B","JACK TONE RD.",2059.00,N,N,A,-,Y,SJ,,99," "," ",2.781,H,,L,N,3,0,3,2,A,-,03,22350,,N,C,C,A,A,H,-,A,D,0,,,,,Y,,D,22,0,3,0,0,0,0,0,0,0,"- ","- ",37.755760192871094,-121.14897918701172,"SAN JOAQUIN",UNINCORPORATED,-121.14899444580078,37.755741119384766
94981926,2025,2025-12-22,9265,2025-12-20,1334,017439,,6,1,4,3903,0,1,3,,2,025,"STATE ROUTE 120 W/B","AIRPORT WAY",300.00,E,N,B,C,Y,SJ,,120," ",R,3.447,H,,L,N,3,0,3,3,A,-,03,22350,,N,C,C,A,B,H,-,A,D,0,,,,,Y,,D,22,0,3,0,0,0,0,0,0,0,"- ","- ",37.783359527587891,-121.24990081787109,"SAN JOAQUIN",MANTECA,-121.24990081787109,37.783420562744141
94985889,2025,2025-12-24,9265,2025-09-28,2250,023156,,7,3,2,3920,0,1,1,,2,502,"I-5 N/B","LOUISE AVE",1615.00,S,N,A,-,Y,SJ,,5," ",R,16.175,H,,R,N,4,0,2,2,A,-,08,22107,,M,B,C,A,A,H,-,D,D,0,,,,Y,Y,,A,01,0,0,2,0,0,0,0,0,0,"- ","- ",37.807479858398438,-121.29695129394531,"SAN JOAQUIN",LATHROP,-121.29697418212891,37.807483673095703
94986914,2025,2025-12-26,9265,2025-11-27,1320,022366,,4,1,9,3900,0,1,1,,2,502,"I-5 NORTHBOUND","ROTH ROAD",1056.00,N,N,B,-,Y,SJ,,5," ",R,20.051,H,,R,Y,3,0,1,2,A,-,01,23152,A,M,B,2,A,A,H,-,A,D,0,,,,Y,Y,Y,A,01,0,1,0,0,0,0,0,0,0,"- ","- ",37.862049102783203,-121.28014373779297,"SAN JOAQUIN",UNINCORPORATED,-121.2801513671875,37.862052917480469