CASE_ID,ACCIDENT_YEAR,PROC_DATE,JURIS,COLLISION_DATE,COLLISION_TIME,OFFICER_ID,REPORTING_DISTRICT,DAY_OF_WEEK,CHP_SHIFT,POPULATION,CNTY_CITY_LOC,SPECIAL_COND,BEAT_TYPE,CHP_BEAT_TYPE,CITY_DIVISION_LAPD,CHP_BEAT_CLASS,BEAT_NUMBER,PRIMARY_RD,SECONDARY_RD,DISTANCE,DIRECTION,INTERSECTION,WEATHER_1,WEATHER_2,STATE_HWY_IND,CALTRANS_COUNTY,CALTRANS_DISTRICT,STATE_ROUTE,ROUTE_SUFFIX,POSTMILE_PREFIX,POSTMILE,LOCATION_TYPE,RAMP_INTERSECTION,SIDE_OF_HWY,TOW_AWAY,COLLISION_SEVERITY,NUMBER_KILLED,NUMBER_INJURED,PARTY_COUNT,PRIMARY_COLL_FACTOR,PCF_CODE_OF_VIOL,PCF_VIOL_CATEGORY,PCF_VIOLATION,PCF_VIOL_SUBSECTION,HIT_AND_RUN,TYPE_OF_COLLISION,MVIW,PED_ACTION,ROAD_SURFACE,ROAD_COND_1,ROAD_COND_2,LIGHTING,CONTROL_DEVICE,CHP_ROAD_TYPE,PEDESTRIAN_ACCIDENT,BICYCLE_ACCIDENT,MOTORCYCLE_ACCIDENT,TRUCK_ACCIDENT,NOT_PRIVATE_PROPERTY,ALCOHOL_INVOLVED,STWD_VEHTYPE_AT_FAULT,CHP_VEHTYPE_AT_FAULT,COUNT_SEVERE_INJ,COUNT_VISIBLE_INJ,COUNT_COMPLAINT_PAIN,COUNT_PED_KILLED,COUNT_PED_INJURED,COUNT_BICYCLIST_KILLED,COUNT_BICYCLIST_INJURED,COUNT_MC_KILLED,COUNT_MC_INJURED,PRIMARY_RAMP,SECONDARY_RAMP,LATITUDE,LONGITUDE,COUNTY,CITY,POINT_X,POINT_Y
82420132,2024,2024-06-21,3905,2024-05-16,2240,2932,,4,5,6,3905,0,0,0,,0,,"DON AV","HAMMER LN",0.00,,Y,A,-,Y,,,,,,,,,,N,4,0,1,2,A,-,05,21650,1,N,D,G,A,A,H,-,C,A,0,,Y,,,Y,,L,04,0,0,1,0,0,0,1,0,0,"- ","- ",38.021091461181641,-121.34580993652344,"SAN JOAQUIN",STOCKTON,-121.34539794921875,38.021373748779297
82421074,2024,2024-06-24,3905,2024-04-21,1904,3202,,7,5,6,3905,0,0,0,,0,,"PACIFIC AV","ADAMS ST",41.00,N,N,A,-,N,,,,,,,,,,N,4,0,1,3,A,-,03,22350,,M,B,E,E,A,H,-,A,D,0,Y,,,,Y,,A,01,0,0,1,0,1,0,0,0,0,"- ","- ",37.972438812255859,-121.30077362060547,"SAN JOAQUIN",STOCKTON,-121.30106353759766,37.972465515136719
82421083,2024,2024-06-24,3905,2024-05-02,2235,2053,,4,5,6,3905,0,0,0,,0,,"PERSHING AV","ROSE MARIE LN",2.00,N,N,A,-,N,,,,,,,,,,N,4,0,1,2,A,-,10,21950,A,M,G,B,B,A,H,-,C,A,0,Y,,,,Y,,A,01,0,0,1,0,1,0,0,0,0,"- ","- ",37.986820220947266,-121.32038879394531,"SAN JOAQUIN",STOCKTON,-121.32081604003906,37.986625671386719
82421086,2024,2024-06-24,3905,2024-05-05,2040,3214,,7,5,6,3905,0,0,0,,0,,"MARTIN LUTHER KING BL","EL DORADO ST",81.00,E,N,A,-,N,,,,,,,,,,N,4,0,1,2,A,-,03,22350,,M,C,C,A,A,H,-,C,A,0,,,,,Y,,D,22,0,0,1,0,0,0,0,0,0,"- ","- ",37.938930511474609,-121.28616333007812,"SAN JOAQUIN",STOCKTON,-121.28577423095703,37.939052581787109
82421102,2024,2024-06-24,3905,2024-05-17,2155,3090,,5,5,6,3905,0,0,0,,0,,"SUTTER ST","PARK ST",0.00,,Y,A,-,N,,,,,,,,,,N,4,0,1,3,A,-,09,21802,A,F,D,G,A,A,H,-,C,A,0,,Y,,,Y,,L,04,0,0,1,0,0,0,1,0,0,"- ","- ",37.960338592529297,-121.28766632080078,"SAN JOAQUIN",STOCKTON,-121.28776550292969,37.960342407226562
82421790,2024,2024-06-24,3924,2024-06-19,1756,1362,,3,5,2,3920,0,0,0,,0,00R,"I5 UNDERPASS","S MANTHEY RD",0.00,,Y,A,-,N,,,,,,,,,,N,4,0,1,2,A,-,03,22350,,N,C,C,A,A,H,-,A,A,0,,,,,Y,,A,01,0,0,1,0,0,0,0,0,0,"- ","- ",37.779861450195312,-121.31513977050781,"SAN JOAQUIN",LATHROP,-121.2841796875,37.848175048828125
82425579,2024,2024-07-01,3902,2024-03-29,1853,105,,5,5,5,3902,0,0,0,,0,004,"KETTLEMAN LN","CHURCH ST",115.00,E,N,A,-,Y,SJ,,12," "," ",17.089,H,,R,N,2,0,1,3,A,-,03,22350,,F,C,C,A,A,H,-,A,A,0,,,,,Y,,D,22,1,0,0,0,0,0,0,0,0,"- ","- ",38.11553955078125,-121.27606201171875,"SAN JOAQUIN",LODI,-121.27605438232422,38.115501403808594
82425737,2024,2024-07-01,3905,2024-05-24,"926 ",7323,,5,5,6,3905,0,0,0,,0,,"CALIFORNIA ST","MINER AV",0.00,,Y,A,-,N,,,,,,,,,,Y,3,0,3,2,A,-,12,21453,A,N,D,C,A,A,H,-,A,A,0,,,,,Y,,A,01,0,3,0,0,0,0,0,0,0,"- ","- ",37.956569671630859,-121.28533172607422,"SAN JOAQUIN",STOCKTON,-121.285400390625,37.956581115722656
82425750,2024,2024-06-28,3905,2024-05-26,1644,2566,,7,5,6,3905,0,0,0,,0,,"WEST LN","EIGHT MILE RD",22.00,S,N,A,-,N,,,,,,,,,,Y,3,0,1,2,A,-,03,22350,,N,A,C,A,A,H,-,A,A,0,,,,,Y,,A,01,0,1,0,0,0,0,0,0,0,"- ","- ",38.057479858398438,-121.29615020751953,"SAN JOAQUIN",STOCKTON,-121.29633331298828,38.057399749755859
82426733,2024,2024-07-01,3906,2024-06-11,1456,1697,,2,5,5,3906,0,0,0,,0,,"ELEVENTH ST","ROOSEVELT AVE (E)",0.00,,Y,A,-,N,,,,,,,,,,N,3,0,1,2,A,-,08,22107,,N,B,C,A,A,H,-,A,D,0,,,,,Y,,A,08,0,1,0,0,0,0,0,0,0,"- ","- ",37.739139556884766,-121.43428039550781,"SAN JOAQUIN",TRACY,-121.43441772460938,37.739692687988281
82430538,2024,2024-07-08,3906,2024-06-21,1525,1830,,5,5,5,3906,0,0,0,,0,004,"GRANT LINE RD","JOE POMBO PKWY",0.00,,Y,A,-,N,,,,,,,,,,N,4,0,3,3,A,-,03,22350,,N,C,C,A,A,H,-,A,A,0,,,,,Y,,A,07,0,0,3,0,0,0,0,0,0,"- ","- ",37.753768920898438,-121.45899963378906,"SAN JOAQUIN",TRACY,-121.45915222167969,37.754035949707031
82430547,2024,2024-07-04,3902,2024-04-30,1716,49,,2,5,5,3902,0,0,0,,0,001,"MILLS AVE","CENTURY BLVD",5.00,N,N,A,-,N,,,,,,,,,,N,3,0,1,2,A,-,12,22450,A,N,H,G,A,A,H,-,A,A,0,,Y,,,Y,,L,04,0,1,0,0,0,0,1,0,0,"- ","- ",38.108291625976562,-121.29715728759766,"SAN JOAQUIN",LODI,-121.29720306396484,38.108295440673828
82431192,2024,2024-07-05,3905,2024-05-27,1248,2463,,1,5,6,3905,0,0,0,,0,,"WATERLOO RD","SYCAMORE AV",215.00,E,N,A,-,N,,,,,,,,,,Y,4,0,1,2,A,-,03,22350,,M,C,C,A,A,H,-,A,D,0,,,,,Y,,A,01,0,0,1,0,0,0,0,0,0,"- ","- ",37.969188690185547,-121.27068328857422,"SAN JOAQUIN",STOCKTON,-121.27059173583984,37.969879150390625
82433493,2024,2024-07-09,3906,2024-06-26,"231 ",1865,,3,5,5,3906,0,0,0,,0,003,"SCHULTE RD","GATEWAY BLVD",48.00,W,N,A,-,Y,,,,,,,,,,Y,3,0,1,2,A,-,08,22107,,N,C,E,A,A,H,-,C,A,0,,,Y,Y,Y,,C,02,0,1,0,0,0,0,0,0,1,"- ","- ",37.722148895263672,-121.52271270751953,"SAN JOAQUIN",TRACY,-121.52251434326172,37.721870422363281
82433644,2024,2024-07-09,3905,2024-05-05,2121,2819,,7,5,6,3905,0,0,0,,0,,"ALEXANDRIA PL","CEDAR WY",0.00,S,Y,A,-,N,,,,,,,,,,Y,4,0,1,2,A,-,01,23152,A,N,C,E,A,A,H,-,C,B,0,,,,,Y,Y,A,01,0,0,1,0,0,0,0,0,0,"- ","- ",38.018089294433594,-121.33841705322266,"SAN JOAQUIN",STOCKTON,-121.33799743652344,38.018341064453125
82433645,2024,2024-07-09,3905,2024-05-20,"729 ",2463,,1,5,6,3905,0,0,0,,0,,"HARDING WY","PACIFIC AV",0.00,,Y,A,-,N,,,,,,,,,,Y,3,0,3,2,A,-,03,22350,,N,D,C,A,A,H,-,A,A,0,,,,,Y,,A,01,0,1,2,0,0,0,0,0,0,"- ","- ",37.966899871826172,-121.29769897460938,"SAN JOAQUIN",STOCKTON,-121.29791259765625,37.966831207275391
82437333,2024,2024-07-12,3902,2024-05-21,"806 ",31,,2,5,5,3902,0,0,0,,0,001,"TOKAY ST","FAIRMONT AVE",273.00,W,N,A,-,N,,,,,,,,,,N,3,0,1,2,A,-,17,22517,,N,H,E,A,A,H,-,A,D,0,,,,,Y,,-,99,0,1,0,0,0,0,0,0,0,"- ","- ",38.126331329345703,-121.28587341308594,"SAN JOAQUIN",LODI,-121.28681945800781,38.126338958740234
82439882,2024,2024-07-16,3906,2024-07-05,"953 ",1619,,5,5,5,3906,0,0,0,,0,001,"TRACY BLVD","VALPICO RD",73.00,N,N,A,-,N,,,,,,,,,,N,4,0,1,2,A,-,03,22350,,F,C,C,A,A,H,-,A,A,0,,,,,Y,,A,01,0,0,1,0,0,0,0,0,0,"- ","- ",,,"SAN JOAQUIN",TRACY,-121.43473815917969,37.710788726806641
82443293,2024,2024-07-19,3905,2024-05-22,"145 ",3065,,3,5,6,3905,0,0,0,,0,,"THORNTON RD","HAMMER LN",0.00,,Y,A,-,N,,,,,,,,,,Y,4,0,3,2,A,-,01,23152,A,N,D,C,A,A,H,-,C,A,0,,,,,Y,Y,A,01,0,0,3,0,0,0,0,0,0,"- ","- ",38.020790100097656,-121.32563781738281,"SAN JOAQUIN",STOCKTON,-121.32518768310547,38.021041870117188
82595898,2024,2024-07-24,3905,2024-06-12,"139 ",2907,,3,5,6,3905,0,0,0,,0,,"MCGAW ST","ROSE MARIE LN",130.00,N,N,A,-,N,,,,,,,,,,Y,4,0,1,3,A,-,03,22350,,M,A,E,A,A,H,-,D,D,0,,,,,Y,,A,07,0,0,1,0,0,0,0,0,0,"- ","- ",37.984451293945312,-121.3291015625,"SAN JOAQUIN",STOCKTON,-121.32843017578125,37.985073089599609
82800372,2024,2024-07-29,3905,2024-06-05,"900 ",7323,,3,5,6,3905,0,0,0,,0,,"STANISLAUS ST","CHANNEL ST",0.00,,Y,A,-,N,,,,,,,,,,Y,4,0,1,2,A,-,09,21801,A,N,D,C,A,A,H,-,A,D,0,,,,,Y,,D,22,0,0,1,0,0,0,0,0,0,"- ","- ",37.955951690673828,-121.28244781494141,"SAN JOAQUIN",STOCKTON,-121.28246307373047,37.955970764160156
82800380,2024,2024-07-29,3905,2024-06-07,1625,2915,,5,5,6,3905,0,0,0,,0,,"SWAIN RD","KERMIT LN",0.00,,Y,A,-,N,,,,,,,,,,N,4,0,1,2,A,-,03,22350,,N,C,C,A,A,H,-,A,A,0,,,,,Y,,A,01,0,0,1,0,0,0,0,0,0,"- ","- ",38.008838653564453,-121.30300903320312,"SAN JOAQUIN",STOCKTON,-121.30255889892578,38.008781433105469
82800390,2024,2024-07-29,3905,2024-06-10,1757,7273,,1,5,6,3905,0,0,0,,0,,"THORNTON RD","EIGHT MILE RD",45.00,S,N,A,-,N,,,,,,,,,,N,4,0,3,2,A,-,03,22350,,N,C,C,A,A,H,-,A,A,0,,,,,Y,,A,01,0,0,3,0,0,0,0,0,0,"- ","- ",38.057579040527344,-121.35176849365234,"SAN JOAQUIN",STOCKTON,-121.35182189941406,38.057537078857422
8282241,2017,2017-03-14,3906,2017-01-12,1519,1484,120,4,5,5,3906,0,0,0,,0,004,"LOWELL AV",REGENCY,10.00,E,N,B,-,N,,,,,,,,,,Y,4,0,1,3,A,-,04,21703,,N,C,C,A,B,H,-,A,D,0,,,,,Y,,A,01,0,0,1,0,0,0,0,0,0,"- ","- ",,,"SAN JOAQUIN",TRACY,-121.45433541,37.747070299999997
8286996,2015,2017-01-30,3905,2015-09-14,1126,2711,CIV,1,5,6,3905,0,0,0,,0,,"PERSHING AV","ROSE ST",0.00,,Y,A,-,N,,,,,,,,,,Y,4,0,1,2,A,-,03,22350,,N,D,E,A,A,H,-,A,D,0,,,,,Y,,A,01,0,0,1,0,0,0,0,0,0,"- ","- ",37.961120000000001,-121.31236,"SAN JOAQUIN",STOCKTON,-121.31247995,37.96097992
8287008,2015,2017-01-30,3905,2015-09-09,1703,2004,LAK,3,5,6,3905,0,0,0,,0,,"ROBINHOOD DR","STRATFORD CIR",300.00,E,N,A,-,N,,,,,,,,,,N,4,0,1,2,A,-,05,21650,1,N,H,G,A,A,H,-,A,D,0,,Y,,,Y,,L,04,0,0,1,0,0,0,1,0,0,"- ","- ",37.999989999999997,-121.31953,"SAN JOAQUIN",STOCKTON,-121.32145429000001,37.999454350000001
8288003,2015,2017-01-20,3905,2015-06-06,0450,2732,CIV,6,5,6,3905,0,0,0,,0,,"PERSHING AV","HARDING WY",0.00,,Y,A,-,N,,,,,,,,,,N,3,0,1,2,A,-,11,21456,B,N,G,B,B,A,H,-,B,A,0,Y,,,,Y,,N,60,0,1,0,0,1,0,0,0,0,"- ","- ",,,"SAN JOAQUIN",STOCKTON,-121.31331996999999,37.964169890000001
8288010,2015,2017-01-20,3905,2015-06-08,0934,1315,CIV,1,5,6,3905,0,0,0,,0,,"CENTER ST","OAK ST",0.00,,Y,A,-,N,,,,,,,,,,Y,3,0,1,2,A,-,12,21453,A,N,D,C,A,A,H,-,A,A,0,,,,,Y,,A,01,0,1,0,0,0,0,0,0,0,"- ","- ",,,"SAN JOAQUIN",STOCKTON,-121.29271996999999,37.95847998
8288021,2015,2017-01-20,3905,2015-06-30,1410,1393,LAK,2,5,6,3905,0,0,0,,0,,"BENJAMIN HOLT DR","LEESBURG PL",12.00,E,N,A,-,N,,,,,,,,,,N,4,0,2,2,A,-,03,22350,,N,C,C,A,A,H,-,A,A,0,,,,,Y,,A,01,0,0,2,0,0,0,0,0,0,"- ","- ",,,"SAN JOAQUIN",STOCKTON,-121.33025072,38.00830096
8288032,2015,2017-01-23,3905,2015-06-11,2133,2585,PAR,4,5,6,3905,0,0,0,,0,,"AIRPORT WY","MAIN ST",0.00,,Y,A,-,N,,,,,,,,,,N,4,0,2,2,A,-,01,23152,A,N,C,C,A,A,H,-,C,A,0,,,,,Y,Y,A,01,0,0,2,0,0,0,0,0,0,"- ","- ",,,"SAN JOAQUIN",STOCKTON,-121.27417,37.955359950000002
8288035,2015,2017-01-20,3905,2015-06-30,1345,2706,SEA,2,5,6,3905,0,0,0,,0,,"CENTER ST","LAFAYETTE ST",0.00,,Y,A,-,N,,,,,,,,,,Y,4,0,1,2,A,-,12,21453,A,N,D,C,A,A,H,-,A,A,0,,,,,Y,,A,01,0,0,1,0,0,0,0,0,0,"- ","- ",,,"SAN JOAQUIN",STOCKTON,-121.29030994999999,37.949609989999999
8288058,2015,2017-01-20,3905,2015-06-29,1440,2715,VAL,1,5,6,3905,0,0,0,,0,,"KATHLEEN DR","HAMMER LN",144.00,S,N,A,-,N,,,,,,,,,,N,4,0,4,2,A,-,09,21804,A,N,D,C,A,A,H,-,A,A,0,,,,,Y,,A,01,0,0,4,0,0,0,0,0,0,"- ","- ",,,"SAN JOAQUIN",STOCKTON,-121.29688837,38.020464629999999
8288069,2015,2017-01-20,3905,2015-06-16,1214,1315,CIV,2,5,6,3905,0,0,0,,0,,"ELDORADO ST","ATLEE AV",142.00,S,N,A,-,N,,,,,,,,,,N,4,0,2,2,A,-,03,22350,,N,C,C,A,A,H,-,A,D,0,,,,,Y,,A,01,0,0,2,0,0,0,0,0,0,"- ","- ",,,"SAN JOAQUIN",STOCKTON,-121.30103604,37.984229540000001
8288071,2015,2017-01-20,3905,2015-06-23,0003,2712,CIV,2,5,6,3905,0,0,0,,0,,"CALIFORNIA ST","MINER AV",32.00,N,N,A,-,N,,,,,,,,,,N,4,0,2,2,A,-,03,22350,,N,C,C,A,A,H,-,C,A,0,,,,,Y,,A,01,0,0,2,0,0,0,0,0,0,"- ","- ",,,"SAN JOAQUIN",STOCKTON,-121.28542186,37.956666159999997
8288076,2015,2017-01-20,3905,2015-10-23,2135,1127,LAK,5,5,6,3905,0,0,0,,0,,"MARCH LN","PERSHING AV",250.00,W,N,A,-,N,,,,,,,,,,N,4,0,1,2,A,-,03,22350,,F,C,C,A,A,H,-,C,D,0,,,,,Y,,-,99,0,0,1,0,0,0,0,0,0,"- ","- ",37.989240000000002,-121.32156000000001,"SAN JOAQUIN",STOCKTON,-121.32279772,37.98888436
8288079,2015,2017-01-20,3905,2015-06-20,1336,1393,BEA,6,5,6,3905,0,0,0,,0,,"EL DORADO ST","GLENCANNON ST",0.00,,Y,A,-,N,,,,,,,,,,Y,4,0,2,3,A,-,09,21801,A,N,D,C,A,A,H,-,A,A,0,,,,,Y,,A,01,0,0,2,0,0,0,0,0,0,"- ","- ",,,"SAN JOAQUIN",STOCKTON,-121.31626996,38.026309990000001
8288081,2015,2017-02-06,3905,2015-01-17,1111,2463,CIV,6,5,6,3905,0,0,0,,0,,"CALIFORNIA ST","LAFAYETTE ST",0.00,,Y,A,-,N,,,,,,,,,,N,4,0,1,2,A,-,12,21453,A,N,D,C,A,A,H,-,A,A,0,,,,Y,Y,,M,47,0,0,1,0,0,0,0,0,0,"- ","- ",,,"SAN JOAQUIN",STOCKTON,-121.28376992,37.95065992
8288094,2015,2017-01-23,3905,2015-01-07,0638,1312,CIV,3,5,6,3905,0,0,0,,0,,"ALPINE AV","EL PINAL DR",100.00,W,N,A,-,N,,,,,,,,,,Y,3,0,1,2,A,-,03,22350,,N,D,C,A,A,H,-,C,D,0,,,,Y,Y,,A,01,0,1,0,0,0,0,0,0,0,"- ","- ",,,"SAN JOAQUIN",STOCKTON,-121.27582056,37.986016470000003
8288142,2015,2017-01-21,3905,2015-04-14,1145,1312,LAK,2,5,6,3905,0,0,0,,0,,"PERSHING AV","BURKE BRADLEY DR",0.00,,Y,A,-,N,,,,,,,,,,Y,4,0,1,2,A,-,09,21804,A,M,D,C,A,A,H,-,A,D,0,,,,,Y,,D,22,0,0,1,0,0,0,0,0,0,"- ","- ",,,"SAN JOAQUIN",STOCKTON,-121.32465989000001,37.996259899999998
8288145,2015,2017-01-21,3905,2015-04-12,1950,1228,,7,5,6,3905,0,0,0,,0,LAK,"BEN HOLT",HERNDON,0.00,,Y,A,-,N,,,,,,,,,,Y,4,0,2,3,A,-,01,23152,A,N,G,B,B,A,H,-,C,A,0,Y,,,,Y,Y,D,22,0,0,2,0,2,0,0,0,0,"- ","- ",,,"SAN JOAQUIN",STOCKTON,-121.35643423,38.005090490000001
8288146,2015,2017-01-21,3905,2015-04-23,0909,2063,PAR,4,5,6,3905,0,0,0,,0,,"AIRPORT WY","HAZELTON AV",0.00,,Y,A,-,N,,,,,,,,,,Y,3,0,2,3,A,-,09,21801,A,N,D,C,A,A,H,-,A,A,0,,,,,Y,,D,22,0,1,1,0,0,0,0,0,0,"- ","- ",,,"SAN JOAQUIN",STOCKTON,-121.27257997,37.949429909999999
8288147,2015,2017-01-21,3905,2015-02-26,2240,2609,PAR,4,5,6,3905,0,0,0,,0,,"N WILSON WY","ROOSEVELT ST",179.00,S,N,A,-,N,,,,,,,,,,Y,4,0,1,2,A,-,03,22350,,F,C,C,A,A,H,-,C,D,0,,,,,Y,Y,A,01,0,0,1,0,0,0,0,0,0,"- ","- ",,,"SAN JOAQUIN",STOCKTON,-121.27455260000001,37.966850579999999
8288152,2015,2017-01-21,3905,2015-12-10,1745,1487,VAL,4,5,6,3905,0,0,0,,0,,"MARCH LN","PALM PLAZA DR",0.00,,Y,A,-,N,,,,,,,,,,N,4,0,1,2,A,-,05,21650,1,N,H,G,A,A,H,-,C,A,0,,Y,,,Y,,L,04,0,0,1,0,0,0,1,0,0,"- ","- ",38.00168,-121.29192999999999,"SAN JOAQUIN",STOCKTON,-121.29252986,38.00173994
8288167,2015,2017-01-20,3905,2015-02-06,0615,2694,LAK,5,5,6,3905,0,0,0,,0,,"HAMMER LN","HEATHER DR",298.00,E,N,A,-,N,,,,,,,,,,Y,4,0,1,2,A,-,03,22350,,M,A,C,A,A,H,-,C,D,0,,,,,Y,Y,A,71,0,0,1,0,0,0,0,0,0,"- ","- ",,,"SAN JOAQUIN",STOCKTON,-121.33839565,38.021056819999998
8288175,2015,2017-01-20,3905,2015-02-27,1527,2277,VAL,5,5,6,3905,0,0,0,,0,,"LORRAINE AV","HAMMER LN",150.00,N,N,A,-,N,,,,,,,,,,N,4,0,2,2,A,-,05,21650,,N,D,C,A,A,H,-,A,A,0,,,,,Y,,D,22,0,0,2,0,0,0,0,0,0,"- ","- ",,,"SAN JOAQUIN",STOCKTON,-121.28319423000001,38.02138652
8288177,2015,2017-01-20,3905,2015-02-17,1310,2463,,2,5,6,3905,0,0,0,,0,,"AIRPORT WY","PARK ST",0.00,,Y,A,-,N,,,,,,,,,,N,4,0,2,2,A,-,12,21453,A,N,D,C,A,A,H,-,A,A,0,,,,,Y,,A,01,0,0,2,0,0,0,0,0,0,"- ","- ",,,"SAN JOAQUIN",STOCKTON,-121.27607987,37.962319919999999
8288201,2015,2017-01-23,3905,2015-01-04,0958,1312,LAK,7,5,6,3905,0,0,0,,0,,"BENJAMIN HOLT DR","PLYMOUTH RD",0.00,,Y,A,-,N,,,,,,,,,,N,4,0,1,2,A,-,05,21202,A,N,H,G,A,A,H,-,A,A,0,,Y,,,Y,,L,04,0,0,1,0,0,0,1,0,0,"- ","- ",,,"SAN JOAQUIN",STOCKTON,-121.34982993,38.004939960000002
8288203,2015,2017-01-23,3905,2015-01-17,1408,1084,PAR,6,5,6,3905,0,0,0,,0,,"MINER AV","F ST",181.00,W,N,A,-,N,,,,,,,,,,Y,2,0,1,2,A,-,09,21804,A,N,H,G,A,A,H,-,A,A,0,,Y,,,Y,,L,04,1,0,0,0,0,0,1,0,0,"- ","- ",,,"SAN JOAQUIN",STOCKTON,-121.25780150999999,37.962133309999999
8288229,2015,2017-01-23,3905,2015-01-08,1210,2438,CIV,4,5,6,3905,0,0,0,,0,,"SAN JOAQUIN ST","NOBLE ST",0.00,,Y,A,-,N,,,,,,,,,,Y,3,0,2,3,A,-,12,22450,A,N,D,C,A,A,H,-,A,A,0,,,,,Y,,A,07,0,2,0,0,0,0,0,0,0,"- ","- ",,,"SAN JOAQUIN",STOCKTON,-121.29498986999999,37.976719920000001
8288236,2015,2017-01-23,3905,2015-01-30,0844,2643,CIV,5,5,6,3905,0,0,0,,0,,"LINCOLN ST","WASHINGTON ST",139.00,N,N,A,-,N,,,,,,,,,,N,4,0,1,2,A,-,09,21801,A,N,D,C,A,A,H,-,A,D,0,,,,,Y,,A,01,0,0,1,0,0,0,0,0,0,"- ","- ",,,"SAN JOAQUIN",STOCKTON,-121.29714936000001,37.949724879999998
8288237,2015,2017-01-23,3905,2015-01-07,1906,2463,PAR,3,5,6,3905,0,0,0,,0,,"AIRPORT WY","INDUSTRIAL DR",0.00,,Y,A,-,N,,,,,,,,,,Y,3,0,2,2,A,-,01,23152,A,N,D,C,A,A,H,-,C,A,0,,,,,Y,Y,A,07,0,2,0,0,0,0,0,0,0,"- ","- ",,,"SAN JOAQUIN",STOCKTON,-121.25856,37.910979920000003
8288250,2015,2017-01-20,3905,2015-02-05,1016,2063,PAR,4,5,6,3905,0,0,0,,0,,"AIRPORT WY","WEBER AV",0.00,,Y,B,-,N,,,,,,,,,,Y,3,0,5,2,A,-,09,21801,A,N,D,C,A,A,H,-,A,A,0,,,,,Y,,A,07,0,1,4,0,0,0,0,0,0,"- ","- ",,,"SAN JOAQUIN",STOCKTON,-121.27445985999999,37.95638993
8288258,2015,2017-01-20,3905,2015-02-06,1244,2063,SEA,5,5,6,3905,0,0,0,,0,,"HAZELTON AV","SUTTER ST",0.00,,Y,B,-,N,,,,,,,,,,Y,4,0,2,2,A,-,12,22450,A,N,D,C,A,A,H,-,A,A,0,,,,,Y,,A,01,0,0,2,0,0,0,0,0,0,"- ","- ",,,"SAN JOAQUIN",STOCKTON,-121.28427997999999,37.947449900000002
8288262,2015,2017-01-23,3905,2015-02-16,1359,2713,VAL,1,5,6,3905,0,0,0,,0,,"MORADA A LN","WEST LN",0.00,,Y,A,-,N,,,,,,,,,,Y,4,0,1,2,A,-,09,21801,A,N,D,C,A,A,H,-,A,D,0,,,,,Y,Y,A,01,0,0,1,0,0,0,0,0,0,"- ","- ",,,"SAN JOAQUIN",STOCKTON,-121.29512989,38.036869950000003
8288278,2015,2017-01-20,3905,2015-02-16,0801,3452,VAL,1,5,6,3905,0,0,0,,0,,"HOLMAN RD","MARCH LN",50.00,S,N,A,-,N,,,,,,,,,,N,4,0,1,2,A,-,03,22350,,N,C,C,A,A,H,-,A,D,0,,,,,Y,,A,01,0,0,1,0,0,0,0,0,0,"- ","- ",,,"SAN JOAQUIN",STOCKTON,-121.27186198,38.00576367
8288297,2015,2017-01-20,3905,2015-05-22,1143,2473,LAK,5,5,6,3905,0,0,0,,0,,"ROSE MARIE LN","PERSHING AV",0.00,,Y,A,-,N,,,,,,,,,,N,4,0,1,2,A,-,09,21800,,N,D,C,A,A,H,-,A,A,0,,,,,Y,,A,01,0,0,1,0,0,0,0,0,0,"- ","- ",,,"SAN JOAQUIN",STOCKTON,-121.32080995,37.986619910000002
8288302,2015,2017-01-20,3905,2015-05-19,0013,2650,,2,5,6,3905,0,0,0,,0,,"UNION ST","7TH ST",514.00,N,N,A,-,N,,,,,,,,,,Y,4,0,1,2,A,-,03,22350,,F,A,C,A,A,H,-,C,D,0,,,,,Y,,A,01,0,0,1,0,0,0,0,0,0,"- ","- ",,,"SAN JOAQUIN",STOCKTON,-121.27084000000001,37.933309999999999
8288324,2015,2017-01-20,3905,2015-08-18,1707,2482,LAK,2,5,6,3905,0,0,0,,0,,"HAMMER LN FRONTAGE RD","WOODSIDE DR",238.00,W,N,A,-,N,,,,,,,,,,Y,2,0,1,1,A,-,01,23152,E,N,E,I,A,A,H,-,A,D,0,,,,,Y,,A,01,1,0,0,0,0,0,0,0,0,"- ","- ",,,"SAN JOAQUIN",STOCKTON,-121.33784919999999,38.021045399999998
8288325,2015,2017-01-20,3905,2015-08-25,0749,3452,CIV,2,5,6,3905,0,0,0,,0,,"CENTER ST","HARDING WY",0.00,,Y,A,-,N,,,,,,,,,,Y,3,0,3,3,A,-,12,21453,A,N,D,C,A,A,H,-,A,A,0,,,,,Y,,A,01,0,1,2,0,0,0,0,0,0,"- ","- ",,,"SAN JOAQUIN",STOCKTON,-121.29513987999999,37.967309929999999
8288334,2015,2017-01-20,3905,2015-08-23,1928,2438,CIV,7,5,6,3905,0,0,0,,0,,"DEL RIO DR","GRANGE AV",312.00,W,N,A,-,N,,,,,,,,,,N,3,0,1,1,A,-,03,22350,,N,E,I,A,A,A,-,B,D,0,,,Y,,Y,Y,C,02,0,1,0,0,0,0,0,0,1,"- ","- ",37.98021,-121.32389999999999,"SAN JOAQUIN",STOCKTON,-121.32525155,37.979710050000001
8288344,2015,2017-01-20,3905,2015-08-19,2214,2642,LAK,3,5,6,3905,0,0,0,,0,,"ROBINHOOD DR","STRATFORD CIR E",0.00,,Y,A,-,N,,,,,,,,,,N,4,0,1,2,A,-,09,21802,A,N,D,C,A,A,H,-,C,D,0,,,Y,,Y,,A,01,0,0,1,0,0,0,0,0,1,"- ","- ",,,"SAN JOAQUIN",STOCKTON,-121.32235994,37.999049960000001
8288350,2015,2017-01-20,3905,2015-08-21,1339,1422,LAK,5,5,6,3905,0,0,0,,0,,"EL DORADO ST","BENJAMIN HOLT DR",27.00,N,N,A,-,N,,,,,,,,,,N,4,0,1,2,A,-,03,22350,,N,C,C,A,A,H,-,A,A,0,,,,,Y,,A,07,0,0,1,0,0,0,0,0,0,"- ","- ",,,"SAN JOAQUIN",STOCKTON,-121.30899894,38.011984150000004
8288356,2015,2017-01-20,3905,2015-08-05,0157,2642,VAL,3,5,6,3905,0,0,0,,0,,"HAMMER LN","GIRARDI WY",0.00,,Y,A,-,N,,,,,,,,,,N,4,0,1,1,A,-,01,23152,A,N,E,I,A,A,H,-,C,A,0,,,,,Y,Y,A,01,0,0,1,0,0,0,0,0,0,"- ","- ",,,"SAN JOAQUIN",STOCKTON,-121.27662995999999,38.021209970000001