CASE_ID,ACCIDENT_YEAR,PROC_DATE,JURIS,COLLISION_DATE,COLLISION_TIME,OFFICER_ID,REPORTING_DISTRICT,DAY_OF_WEEK,CHP_SHIFT,POPULATION,CNTY_CITY_LOC,SPECIAL_COND,BEAT_TYPE,CHP_BEAT_TYPE,CITY_DIVISION_LAPD,CHP_BEAT_CLASS,BEAT_NUMBER,PRIMARY_RD,SECONDARY_RD,DISTANCE,DIRECTION,INTERSECTION,WEATHER_1,WEATHER_2,STATE_HWY_IND,CALTRANS_COUNTY,CALTRANS_DISTRICT,STATE_ROUTE,ROUTE_SUFFIX,POSTMILE_PREFIX,POSTMILE,LOCATION_TYPE,RAMP_INTERSECTION,SIDE_OF_HWY,TOW_AWAY,COLLISION_SEVERITY,NUMBER_KILLED,NUMBER_INJURED,PARTY_COUNT,PRIMARY_COLL_FACTOR,PCF_CODE_OF_VIOL,PCF_VIOL_CATEGORY,PCF_VIOLATION,PCF_VIOL_SUBSECTION,HIT_AND_RUN,TYPE_OF_COLLISION,MVIW,PED_ACTION,ROAD_SURFACE,ROAD_COND_1,ROAD_COND_2,LIGHTING,CONTROL_DEVICE,CHP_ROAD_TYPE,PEDESTRIAN_ACCIDENT,BICYCLE_ACCIDENT,MOTORCYCLE_ACCIDENT,TRUCK_ACCIDENT,NOT_PRIVATE_PROPERTY,ALCOHOL_INVOLVED,STWD_VEHTYPE_AT_FAULT,CHP_VEHTYPE_AT_FAULT,COUNT_SEVERE_INJ,COUNT_VISIBLE_INJ,COUNT_COMPLAINT_PAIN,COUNT_PED_KILLED,COUNT_PED_INJURED,COUNT_BICYCLIST_KILLED,COUNT_BICYCLIST_INJURED,COUNT_MC_KILLED,COUNT_MC_INJURED,PRIMARY_RAMP,SECONDARY_RAMP,LATITUDE,LONGITUDE,COUNTY,CITY,POINT_X,POINT_Y
8427428,2017,2017-08-15,3905,2017-07-01,1755,2566,VAL,6,5,6,3905,0,0,0,,0,,"INSPIRATION DR","MARANATHA DR",0.00,,Y,A,-,N,,,,,,,,,,Y,4,0,3,2,D,-,00,,,N,D,C,A,A,H,-,A,A,0,,,,,Y,,-,"- ",0,0,3,0,0,0,0,0,0,"- ","- ",38.03087,-121.26452999999999,"SAN JOAQUIN",STOCKTON,-121.26431999,38.031069930000001
8427436,2017,2017-08-15,3905,2017-07-19,2045,2826,LAK,3,5,6,3905,0,0,0,,0,,"MARCH LN","VENEZIA BL",5.00,E,N,A,-,N,,,,,,,,,,N,4,0,1,2,A,-,10,21950,A,F,G,B,B,A,H,-,C,A,0,Y,,,,Y,Y,-,99,0,0,1,0,1,0,0,0,0,"- ","- ",37.985959999999999,-121.33487,"SAN JOAQUIN",STOCKTON,-121.33534378,37.985704869999999
8427497,2017,2018-06-11,3905,2017-07-18,1407,2277,,2,5,6,3905,0,0,0,,0,,"8 MILE RD","RT 5",0.00,,Y,A,-,Y,SJ,10,5,-,-,35.147,R,4,S,N,3,0,3,2,A,-,12,21453,A,N,D,C,A,A,H,-,A,A,0,,,,,Y,,A,01,0,1,2,0,0,0,0,0,0,"- ",SO,38.057949999999998,-121.37322,"SAN JOAQUIN",STOCKTON,-121.37209445000001,38.055553369999998
8427513,2017,2018-06-11,3905,2017-07-30,0915,3409,LAK,7,5,6,3905,0,0,0,,0,,"MARCH LN","RT 5",50.00,W,N,A,-,Y,SJ,10,5,-,-,29.882,R,4,S,Y,4,0,2,3,A,-,01,23152,A,N,C,C,A,A,H,-,A,A,0,,,,,Y,Y,A,07,0,0,2,0,0,0,0,0,0,"- ",SO,37.985010000000003,-121.34233999999999,"SAN JOAQUIN",STOCKTON,-121.34295597000001,37.982861270000001
8427598,2017,2017-08-24,3905,2017-07-25,0217,2901,SEA,2,5,6,3905,0,0,0,,0,,"MARTIN LUTHER KING BL","HARRISON ST",160.00,W,N,A,-,N,,,,,,,,,,Y,3,0,1,2,A,-,01,23152,A,N,E,I,A,A,H,-,C,D,0,,,,Y,Y,Y,G,27,0,1,0,0,0,0,0,0,0,"- ","- ",37.937330000000003,-121.29528000000001,"SAN JOAQUIN",STOCKTON,-121.29569041000001,37.937250450000001
8427658,2017,2017-08-17,3905,2017-08-01,1210,1312,PAR,2,5,6,3905,0,0,0,,0,,"MINER AV","WILSON WY",238.00,E,N,A,-,N,,,,,,,,,,Y,3,0,2,2,A,-,09,21804,A,N,D,C,A,A,H,-,A,D,0,,,,,Y,,A,01,0,1,1,0,0,0,0,0,0,"- ","- ",37.958680000000001,-121.27227999999999,"SAN JOAQUIN",STOCKTON,-121.2715444,37.958861159999998
8427670,2017,2017-08-17,3905,2017-08-01,1439,2566,BEA,2,5,6,3905,0,0,0,,0,,"THORNTON RD","HACIENDA DR",198.00,S,N,A,-,N,,,,,,,,,,N,3,0,1,2,A,-,05,21650,1,N,D,G,A,A,D,-,A,D,0,,Y,,,Y,,L,04,0,1,0,0,0,0,1,0,0,"- ","- ",38.031759999999998,-121.33522000000001,"SAN JOAQUIN",STOCKTON,-121.33458971,38.031079720000001
8427956,2017,2017-08-16,3905,2017-07-08,1515,2542,CIV,6,5,6,3905,0,0,0,,0,,"FLORA ST","BAKER ST",0.00,,Y,A,-,N,,,,,,,,,,N,4,0,1,2,A,-,09,21802,A,F,D,C,A,A,H,-,A,A,0,,,,,Y,,A,01,0,0,1,0,0,0,0,0,0,"- ","- ",37.958770000000001,-121.30359,"SAN JOAQUIN",STOCKTON,-121.30367990000001,37.958659969999999
8430839,2017,2018-05-04,3905,2017-07-29,1928,2820,PAR,6,5,6,3905,0,0,0,,0,,"FREMONT ST","WILSON WY",0.00,,Y,A,-,N,,,,,,,,,,Y,4,0,1,2,A,-,12,21453,A,N,D,C,A,A,H,-,A,A,0,,,,,Y,,A,07,0,0,1,0,0,0,0,0,0,"- ","- ",37.960679999999996,-121.27281000000001,"SAN JOAQUIN",STOCKTON,-121.27291,37.960759979999999
8432897,2017,2017-09-12,3905,2017-07-24,2042,2842,PAR,1,5,6,3905,0,0,0,,0,,"HAZELTON AV","WILSON WY",0.00,,Y,A,-,N,,,,,,,,,,N,4,0,4,2,A,-,09,21801,A,N,D,C,A,A,H,-,C,A,0,,,,,Y,,A,01,0,0,4,0,0,0,0,0,0,"- ","- ",37.949730000000002,-121.26994999999999,"SAN JOAQUIN",STOCKTON,-121.26993999,37.949849919999998
8434268,2017,2018-06-11,3902,2017-07-17,1816,67,,1,5,5,3902,0,0,0,,0,,"S CRESCENT AV","RT 12",0.00,,Y,D,-,Y,SJ,10,12,-,-,16.720,I,5,W,Y,3,0,3,2,D,-,00,,,N,D,C,A,A,H,-,A,A,0,,,,,Y,,-,"- ",0,3,0,0,0,0,0,0,0,"- ","- ",,,"SAN JOAQUIN",LODI,-121.28288723,38.115501899999998
84361194,2024,2024-08-20,3905,2024-07-04,1239,7192,,4,5,6,3905,0,0,0,,0,,"GLENCANNON ST","EL DORADO ST",0.00,,Y,A,-,N,,,,,,,,,,Y,4,0,3,2,A,-,09,21802,A,N,D,C,A,A,H,-,A,A,0,,,,,Y,,A,07,0,0,3,0,0,0,0,0,0,"- ","- ",38.02593994140625,-121.31656646728516,"SAN JOAQUIN",STOCKTON,-121.31626892089844,38.026313781738281
84361206,2024,2024-08-20,3905,2024-07-06,1429,2566,,6,5,6,3905,0,0,0,,0,,"HAMMER LN","LORRAINE AV",1050.00,E,N,A,-,N,,,,,,,,,,N,3,0,4,2,A,-,07,21658,A,N,D,C,A,A,H,-,A,D,0,,,,,Y,,D,22,0,4,0,0,0,0,0,0,0,"- ","- ",38.020980834960938,-121.28357696533203,"SAN JOAQUIN",STOCKTON,-121.27962493896484,38.021018981933594
84364318,2024,2024-08-21,3924,2024-08-06,"1   ",1387,,2,5,2,3920,0,0,0,,0,00C,"HOMESTEAD AVE","PONY EXPRESS WAY",271.00,E,-,A,-,N,,,,,,,,,,N,3,0,1,2,A,-,00,21954,,N,G,B,E,A,H,-,C,D,0,Y,,,Y,Y,,N,60,0,1,0,0,1,0,0,0,0,"- ","- ",37.812709808349609,-121.30438995361328,"SAN JOAQUIN",LATHROP,-121.30443572998047,37.812973022460938
84364942,2024,2024-08-22,3905,2024-07-09,"40  ",3211,,2,5,6,3905,0,0,0,,0,,"LAFAYETTE ST","GARDEN AV",72.00,N,N,A,-,N,,,,,,,,,,Y,3,0,1,3,A,-,01,23153,A,N,C,E,A,A,H,-,C,D,0,,,,,Y,Y,A,01,0,1,0,0,0,0,0,0,0,"- ","- ",37.95880126953125,-121.24295806884766,"SAN JOAQUIN",STOCKTON,-121.24313354492188,37.959285736083984
84364951,2024,2024-08-22,3905,2024-07-09,1720,3129,,2,5,6,3905,0,0,0,,0,,"PLYMOUTH RD","CRITTENDON CT",4.00,W,N,A,-,N,,,,,,,,,,N,4,0,3,2,A,-,08,22103,,N,D,C,A,A,H,-,A,A,0,,,,,Y,,A,08,0,0,3,0,0,0,0,0,0,"- ","- ",,,"SAN JOAQUIN",STOCKTON,-121.35164642333984,38.009288787841797
8436509,2017,2017-09-22,3905,2017-08-13,0346,2719,PAR,7,5,6,3905,0,0,0,,0,,"AIRPORT WY","MINER AV",13.00,S,N,A,-,N,,,,,,,,,,Y,4,0,1,1,A,-,03,22350,,N,E,I,A,A,H,-,C,A,0,,,,,Y,,A,01,0,0,1,0,0,0,0,0,0,"- ","- ",37.958260000000003,-121.27489,"SAN JOAQUIN",STOCKTON,-121.27496987000001,37.958305209999999
84368417,2024,2024-08-26,3905,2024-07-13,1159,7034,,6,5,6,3905,0,0,0,,0,,"AIRPORT WY","PARK ST",0.00,,Y,A,-,N,,,,,,,,,,Y,4,0,1,2,A,-,09,21800,A,N,D,C,A,A,H,-,A,A,0,,,,,Y,,A,01,0,0,1,0,0,0,0,0,0,"- ","- ",37.962238311767578,-121.27593231201172,"SAN JOAQUIN",STOCKTON,-121.27607727050781,37.962322235107422
84368431,2024,2024-08-26,3905,2024-07-16,1619,2566,,2,5,6,3905,0,0,0,,0,,"MINER AV","AIRPORT WY",0.00,,Y,A,-,N,,,,,,,,,,N,4,0,3,2,A,-,09,21806,A,N,D,C,A,A,H,-,A,A,0,,,,,Y,,A,07,0,0,3,0,0,0,0,0,0,"- ","- ",37.958259582519531,-121.27488708496094,"SAN JOAQUIN",STOCKTON,-121.27497863769531,37.958335876464844
84368525,2024,2024-08-26,3906,2024-08-12,"814 ",1556,,1,5,5,3906,0,0,0,,0,001,"MACARTHUR DR","EASTLAKE DR",0.00,,Y,A,-,N,,,,,,,,,,N,4,0,1,2,A,-,09,21453,C,N,D,C,A,A,H,-,A,D,0,,,,,Y,Y,A,01,0,0,1,0,0,0,0,0,0,"- ","- ",37.716590881347656,-121.41636657714844,"SAN JOAQUIN",TRACY,-121.41638946533203,37.716506958007812
84368526,2024,2024-08-26,3906,2024-08-13,1317,1824,,2,5,5,3906,0,0,0,,0,004,"CORRAL HOLLOW RD","BYRON RD",0.00,,Y,A,-,N,,,,,,,,,,Y,2,0,1,2,A,-,12,21453,A,N,D,C,A,A,H,-,A,A,0,,,,,Y,,A,01,1,0,0,0,0,0,0,0,0,"- ","- ",37.741371154785156,-121.45314025878906,"SAN JOAQUIN",TRACY,-121.45323181152344,37.741771697998047
84368828,2024,2024-08-26,3905,2024-07-22,1243,2673,,1,5,6,3905,0,0,0,,0,,"WEBER AV","CALIFORNIA ST",0.00,,Y,A,-,N,,,,,,,,,,N,4,0,1,2,A,-,12,21453,A,N,D,C,A,A,H,-,A,A,0,,,,,Y,,-,"- ",0,0,1,0,0,0,0,0,0,"- ","- ",37.954601287841797,-121.28481292724609,"SAN JOAQUIN",STOCKTON,-121.284912109375,37.954681396484375
84372044,2024,2024-08-27,3924,2024-08-07,"743 ",1284,,3,5,2,3920,0,0,0,,0,00H,"SOUTH INTERSTATE 5","LATHROP RD",0.00,,Y,A,-,Y,,,,,,,,,,N,3,0,1,2,A,-,05,21650,,F,H,G,A,A,H,-,A,D,0,,Y,,,Y,,L,04,0,1,0,0,0,0,1,0,0,"- ","- ",37.826450347900391,-121.27821350097656,"SAN JOAQUIN",LATHROP,-121.29024505615234,37.826351165771484
84378713,2024,2024-09-03,3905,2024-07-25,1149,7192,,4,5,6,3905,0,0,0,,0,,"COUNTRY CLUB BL","PERSHING AV",0.00,,Y,A,-,N,,,,,,,,,,N,4,0,2,2,A,-,09,21801,A,N,A,C,A,A,H,-,A,A,0,,,,,Y,,A,01,0,0,2,0,0,0,0,0,0,"- ","- ",37.969070434570312,-121.31611633300781,"SAN JOAQUIN",STOCKTON,-121.31513977050781,37.969470977783203
84378723,2024,2024-09-03,3905,2024-07-26,1024,7164,,5,5,6,3905,0,0,0,,0,,"CHARTER WY","SB I5 OFF RAMP",40.00,W,N,A,-,N,,,,,,,,,,N,4,0,1,2,A,-,07,21658,A,N,D,C,A,A,H,-,A,A,0,,,,,Y,,A,07,0,0,1,0,0,0,0,0,0,"- ","- ",37.936069488525391,-121.29975891113281,"SAN JOAQUIN",STOCKTON,-121.298643,37.936532
84378729,2024,2024-09-03,3905,2024-07-27,1353,7192,,6,5,6,3905,0,0,0,,0,,"FRENCH CAMP RD","MCDOUGALD BL",25.00,E,N,A,-,N,,,,,,,,,,N,4,0,1,2,A,-,03,22350,,N,C,C,A,A,H,-,A,A,0,,,,,Y,,A,01,0,0,1,0,0,0,0,0,0,"- ","- ",37.896621704101562,-121.29666137695312,"SAN JOAQUIN",STOCKTON,-121.29472351074219,37.897171020507812
84381746,2024,2024-09-04,3924,2024-08-31,"31  ",1362,,6,5,2,3920,0,0,0,,0,00H,"LATHROP RD","REVEREND MAURICE COTTON DR",324.00,E,-,A,-,N,,,,,,,,,,Y,4,0,3,2,A,-,01,23152,A,N,C,C,A,A,H,-,C,D,0,,,,,Y,Y,A,01,0,0,3,0,0,0,0,0,0,"- ","- ",37.826919555664062,-121.28482818603516,"SAN JOAQUIN",LATHROP,-121.28448486328125,37.826370239257812
84389411,2024,2024-09-11,3906,2024-08-29,2145,1895,,4,5,5,3906,0,0,0,,0,006,"2626 N. TRACY BLVD.","GRANT LINE RD.",524.00,N,N,A,-,N,,,,,,,,,,N,2,0,1,2,A,-,11,21954,A,N,G,B,D,A,H,-,C,D,0,Y,,,,Y,Y,N,60,1,0,0,0,1,0,0,0,0,"- ","- ",37.755290985107422,-121.43504333496094,"SAN JOAQUIN",TRACY,-121.43498992919922,37.755607604980469
84389549,2024,2024-09-11,3905,2024-07-22,"836 ",2463,,1,5,6,3905,0,0,0,,0,,"HAZELTON AV","AURORA ST",0.00,,Y,A,-,N,,,,,,,,,,Y,4,0,2,2,A,-,12,22450,,N,A,C,A,A,H,-,A,A,0,,,,,Y,,D,22,0,0,2,0,0,0,0,0,0,"- ","- ",37.948490142822266,-121.27777862548828,"SAN JOAQUIN",STOCKTON,-121.27778625488281,37.948562622070312
84394473,2024,2024-09-16,3905,2024-08-04,1030,2566,,7,5,6,3905,0,0,0,,0,,"FREMONT ST","FILBERT ST",210.00,E,N,A,-,N,,,,,,,,,,Y,4,0,2,3,A,-,08,22107,,M,A,E,A,A,H,-,A,D,0,,,,,Y,,A,01,0,0,2,0,0,0,0,0,0,"- ","- ",37.965278625488281,-121.25604248046875,"SAN JOAQUIN",STOCKTON,-121.25558471679688,37.965785980224609
84394475,2024,2024-09-16,3905,2024-08-05,1427,2463,,1,5,6,3905,0,0,0,,0,,"FRENCH CAMP RD","GARNER LN",130.00,E,N,A,-,N,,,,,,,,,,Y,4,0,1,1,A,-,03,22350,,M,E,I,A,A,H,-,A,D,0,,,,,Y,,A,01,0,0,1,0,0,0,0,0,0,"- ","- ",37.867961883544922,-121.24343109130859,"SAN JOAQUIN",STOCKTON,-121.24262237548828,37.867988586425781
84398394,2024,2024-09-18,3905,2024-08-01,"510 ",7323,,4,5,6,3905,0,0,0,,0,,"AMERICAN ST","ALPINE AV",48.00,S,N,A,-,N,,,,,,,,,,N,4,0,1,2,A,-,03,22350,,N,D,E,A,A,H,-,B,D,0,,,,,Y,,A,01,0,0,1,0,0,0,0,0,0,"- ","- ",37.981369018554688,-121.29287719726562,"SAN JOAQUIN",STOCKTON,-121.29197692871094,37.981792449951172
84398406,2024,2024-09-18,3905,2024-08-02,1554,7192,,5,5,6,3905,0,0,0,,0,,"ORANGE ST","PARK ST",0.00,,Y,A,-,N,,,,,,,,,,N,3,0,5,2,A,-,09,21802,A,N,D,C,A,A,H,-,A,A,0,,,,,Y,,D,22,0,1,4,0,0,0,0,0,0,"- ","- ",37.956169128417969,-121.31105041503906,"SAN JOAQUIN",STOCKTON,-121.30989837646484,37.956592559814453
84398414,2024,2024-09-18,3905,2024-08-04,1534,2566,,7,5,6,3905,0,0,0,,0,,"PERSHING AV","ARGONNE DR",12.00,S,N,A,-,N,,,,,,,,,,N,3,0,2,2,A,-,09,21801,A,N,D,C,A,A,H,-,A,A,0,,,,,Y,,A,01,0,1,1,0,0,0,0,0,0,"- ","- ",37.962688446044922,-121.31278228759766,"SAN JOAQUIN",STOCKTON,-121.31288909912109,37.962528228759766
84398425,2024,2024-09-18,3905,2024-08-06,1814,2566,,2,5,6,3905,0,0,0,,0,,"MAPLE ST","CENTER ST",0.00,,Y,A,-,N,,,,,,,,,,N,3,0,8,2,A,-,09,21802,A,N,D,C,A,A,H,-,A,A,0,,,,,Y,,A,01,0,1,7,0,0,0,0,0,0,"- ","- ",37.970500946044922,-121.29615020751953,"SAN JOAQUIN",STOCKTON,-121.29637145996094,37.970451354980469
84401645,2024,2024-09-20,3905,2024-07-25,1051,3189,,4,5,6,3905,0,0,0,,0,,"AIRPORT WY","RALPH AV",0.00,,Y,A,-,N,,,,,,,,,,Y,4,0,1,2,A,-,12,21453,A,F,D,C,A,A,H,-,A,A,0,,,,Y,Y,,F,25,0,0,1,0,0,0,0,0,0,"- ","- ",37.919940948486328,-121.26209259033203,"SAN JOAQUIN",STOCKTON,-121.26182556152344,37.920158386230469
84401659,2024,2024-09-20,3905,2024-08-07,1906,3059,,3,5,6,3905,0,0,0,,0,,"THORNTON RD","WAGNER HEIGHTS RD",0.00,,Y,A,-,N,,,,,,,,,,N,3,0,1,2,A,-,05,21650,1,N,H,G,A,A,H,-,A,A,0,,Y,,,Y,,L,04,0,1,0,0,0,0,1,0,0,"- ","- ",38.035301208496094,-121.33933258056641,"SAN JOAQUIN",STOCKTON,-121.33907318115234,38.035511016845703
84401661,2024,2024-09-20,3905,2024-08-07,2103,3070,,3,5,6,3905,0,0,0,,0,,"EL DORADO ST","FULTON ST",0.00,,Y,A,-,N,,,,,,,,,,Y,4,0,2,2,A,-,17,21451,A,N,D,C,A,A,H,-,C,A,0,,,,,Y,,A,01,0,0,2,0,0,0,0,0,0,"- ","- ",37.983318328857422,-121.30024719238281,"SAN JOAQUIN",STOCKTON,-121.3006591796875,37.983322143554688
84401709,2024,2024-09-20,3905,2024-08-17,2022,3149,,6,5,6,3905,0,0,0,,0,,"EL DORADO ST","LORETTA AV",484.00,N,N,A,-,N,,,,,,,,,,N,3,0,1,1,A,-,03,22350,,F,E,I,A,A,H,-,C,D,0,,,,,Y,,A,01,0,1,0,0,0,0,0,0,0,"- ","- ",38.01416015625,-121.30915832519531,"SAN JOAQUIN",STOCKTON,-121.30966949462891,38.015254974365234
84403437,2024,2024-09-23,3905,2024-08-16,2230,3174,,5,5,6,3905,0,0,0,,0,,"FREMONT ST","SIERRA NEVADA ST",0.00,,Y,A,-,N,,,,,,,,,,Y,3,0,5,2,A,-,09,21802,A,N,D,C,A,A,H,-,C,A,0,,,,,Y,,A,07,0,1,4,0,0,0,0,0,0,"- ","- ",37.960491180419922,-121.27411651611328,"SAN JOAQUIN",STOCKTON,-121.27423095703125,37.960567474365234
84403448,2024,2024-09-23,3905,2024-08-18,"649 ",2463,,7,5,6,3905,0,0,0,,0,,"EIGHT MILE RD","THORNTON RD",0.00,,Y,A,-,N,,,,,,,,,,Y,2,0,3,2,A,-,12,21453,A,N,D,C,A,A,H,-,A,A,0,,,,,Y,,A,01,1,0,2,0,0,0,0,0,0,"- ","- ",38.057579040527344,-121.35176849365234,"SAN JOAQUIN",STOCKTON,-121.35182952880859,38.057659149169922
84409624,2024,2024-09-26,3924,2024-09-12,2128,1362,,4,5,2,3920,0,0,0,,0,00H,"HARLAN RD","SHILLING AV",354.00,N,-,A,-,N,,,,,,,,,,N,2,0,1,2,A,-,00,21954,,N,G,B,E,A,H,-,C,D,0,Y,,,,Y,Y,N,60,1,0,0,0,1,0,0,0,0,"- ","- ",37.832019805908203,-121.28650665283203,"SAN JOAQUIN",LATHROP,-121.28780364990234,37.830760955810547
84410221,2024,2024-09-27,3906,2024-09-15,1535,1900,,7,5,5,3906,0,0,0,,0,004,"GRANT LINE RD","O HARA DR",0.00,,Y,B,-,N,,,,,,,,,,Y,4,0,1,1,A,-,08,22107,,N,E,I,A,A,H,-,A,D,0,,,,,Y,,A,01,0,0,1,0,0,0,0,0,0,"- ","- ",37.754138946533203,-121.43853759765625,"SAN JOAQUIN",TRACY,-121.43853759765625,37.754161834716797
84410412,2024,2024-09-27,3905,2024-08-18,1343,2463,,7,5,6,3905,0,0,0,,0,,"AIRPORT WY","MINER AV",61.00,S,N,A,-,N,,,,,,,,,,N,4,0,1,2,A,-,03,22350,,N,C,C,A,A,H,-,A,D,0,,,,,Y,,A,01,0,0,1,0,0,0,0,0,0,"- ","- ",37.957698822021484,-121.27610015869141,"SAN JOAQUIN",STOCKTON,-121.27493286132812,37.958175659179688
84420638,2024,2024-10-07,3905,2024-08-29,1153,7034,,4,5,6,3905,0,0,0,,0,,"HAMMER LN","KATHLEEN DR",430.00,W,N,A,-,N,,,,,,,,,,N,4,0,1,2,A,-,05,21650,1,N,D,G,A,A,H,-,A,D,0,,Y,,,Y,,L,04,0,0,1,0,0,0,1,0,0,"- ","- ",38.020950317382812,-121.29718017578125,"SAN JOAQUIN",STOCKTON,-121.29839324951172,38.020877838134766
84420639,2024,2024-10-07,3905,2024-08-30,1817,7192,,5,5,6,3905,0,0,0,,0,,"AIRPORT WY","EIGHTH ST",40.00,N,N,A,-,N,,,,,,,,,,N,4,0,2,2,A,-,03,22350,,N,C,C,A,A,H,-,A,A,0,,,,,Y,,A,01,0,0,2,0,0,0,0,0,0,"- ","- ",37.931510925292969,-121.26724243164062,"SAN JOAQUIN",STOCKTON,-121.26713562011719,37.931766510009766
84420640,2024,2024-10-07,3905,2024-08-31,1011,7164,,6,5,6,3905,0,0,0,,0,,"WEBER AV","E ST",0.00,,Y,A,-,N,,,,,,,,,,N,3,0,1,2,A,-,09,21802,A,N,D,C,A,A,H,-,A,A,0,,,,,Y,,A,01,0,1,0,0,0,0,0,0,0,"- ","- ",37.959548950195312,-121.25852203369141,"SAN JOAQUIN",STOCKTON,-121.25862884521484,37.959766387939453
84420643,2024,2024-10-07,3905,2024-08-31,2030,3223,,6,5,6,3905,0,0,0,,0,,"MARTIN LUTHER KING BL","AMERICAN ST",0.00,,Y,A,-,N,,,,,,,,,,Y,4,0,1,2,A,-,01,23152,A,N,D,C,A,A,H,-,C,A,0,,,,,Y,Y,A,01,0,0,1,0,0,0,0,0,0,"- ","- ",37.939430236816406,-121.28086853027344,"SAN JOAQUIN",STOCKTON,-121.27954864501953,37.940113067626953
8442076,2017,2018-05-16,3902,2017-07-25,0333,RL25,,2,5,5,3902,0,0,0,,0,,"E VICTOR RD","RAILROAD TRACKS",17.00,E,N,A,-,Y,SJ,10,12,-,-,18.880,H,-,E,N,3,0,2,1,A,-,08,22107,,N,E,I,A,A,H,-,D,D,0,,,,,Y,,D,22,0,1,1,0,0,0,0,0,0,"- ","- ",,,"SAN JOAQUIN",LODI,-121.24301638,38.137636620000002
84424099,2024,2024-10-09,3905,2024-09-01,"952 ",2463,,7,5,6,3905,0,0,0,,0,,"AIRPORT WY","ROOSEVELT ST",0.00,,Y,A,-,N,,,,,,,,,,Y,4,0,1,2,A,-,09,21801,A,N,D,C,A,A,H,-,A,D,0,,,,,Y,,A,01,0,0,1,0,0,0,0,0,0,"- ","- ",37.966800689697266,-121.27712249755859,"SAN JOAQUIN",STOCKTON,-121.27730560302734,37.966861724853516
84424107,2024,2024-10-09,3905,2024-09-05,1744,7164,,4,5,6,3905,0,0,0,,0,,"RALPH AV","ZAMORA WY",0.00,,Y,A,-,N,,,,,,,,,,N,4,0,1,2,A,-,11,21950,B,N,G,B,B,A,H,-,A,A,0,Y,,,,Y,,N,60,0,0,1,0,1,0,0,0,0,"- ","- ",37.921749114990234,-121.25473785400391,"SAN JOAQUIN",STOCKTON,-121.25491333007812,37.921886444091797
84424109,2024,2024-10-09,3905,2024-09-07,"810 ",7034,,6,5,6,3905,0,0,0,,0,,"AIRPORT WY","ZEPHYR ST",750.00,N,N,A,-,N,,,,,,,,,,Y,4,0,1,2,A,-,03,22350,,N,C,C,A,A,H,-,A,D,0,,,,Y,Y,,A,08,0,0,1,0,0,0,0,0,0,"- ","- ",37.913398742675781,-121.26143646240234,"SAN JOAQUIN",STOCKTON,-121.26065826416016,37.916088104248047
84425700,2024,2024-10-10,3905,2024-08-31,"727 ",7164,,6,5,6,3905,0,0,0,,0,,"HUNTER ST","ANDERSON ST",0.00,,Y,A,-,N,,,,,,,,,,Y,4,0,1,2,A,-,09,21802,A,M,D,C,A,A,H,-,A,A,0,,,,,Y,,A,07,0,0,1,0,0,0,0,0,0,"- ","- ",37.943000793457031,-121.28588104248047,"SAN JOAQUIN",STOCKTON,-121.28579711914062,37.943008422851562
8442628,2017,2017-09-05,3902,2017-07-31,1843,75,,1,5,5,3902,0,0,0,,0,,"LOCKEFORD ST","HUTCHINS ST",30.00,E,N,A,-,N,,,,,,,,,,Y,4,0,3,2,A,-,03,22350,,N,C,C,A,A,H,-,A,D,0,,,,,Y,,A,01,0,0,3,0,0,0,0,0,0,"- ","- ",,,"SAN JOAQUIN",LODI,-121.27918591,38.138074609999997
8442653,2017,2017-08-31,3902,2017-08-04,1654,RE66,,5,5,5,3902,0,0,0,,0,,"CHEROKEE LN","HALE RD",0.00,,Y,A,-,N,,,,,,,,,,Y,3,0,1,2,A,-,17,21451,A,N,D,C,A,A,H,-,A,A,0,,,,,Y,,D,22,0,1,0,0,0,0,0,0,0,"- ","- ",,,"SAN JOAQUIN",LODI,-121.26057986000001,38.125699949999998
84428901,2024,2024-10-14,3905,2024-09-07,2118,2675,,6,5,6,3905,0,0,0,,0,,"EIGHT MILE RD","WEST LN",0.00,,Y,A,-,Y,,,,,,,,,,N,4,0,1,2,A,-,01,23152,A,N,A,C,A,A,H,-,C,A,0,,,,,Y,Y,A,01,0,0,1,0,0,0,0,0,0,"- ","- ",38.056938171386719,-121.29618835449219,"SAN JOAQUIN",STOCKTON,-121.29634094238281,38.057464599609375
84432558,2024,2024-10-16,3905,2024-05-23,2058,2660,,4,5,6,3905,0,0,0,,0,,"LINCOLN ST","SONORA ST",0.00,,Y,A,-,N,,,,,,,,,,N,1,1,0,2,A,-,12,22450,A,F,D,G,A,A,H,-,C,A,0,,Y,,,Y,,-,99,0,0,0,0,0,1,0,0,0,"- ","- ",37.947521209716797,-121.29657745361328,"SAN JOAQUIN",STOCKTON,-121.29651641845703,37.947475433349609
84434074,2024,2024-10-17,3906,2024-09-30,1630,1893,,1,5,5,3906,0,0,0,,0,001,"CENTRE COURT DR","TRACY BLVD",10.00,E,N,-,-,N,,,,,,,,,,N,3,0,1,2,A,-,05,21650,1,F,D,G,A,A,H,-,A,A,0,,Y,,,Y,,L,04,0,1,0,0,0,0,1,0,0,"- ","- ",37.733600616455078,-121.43482208251953,"SAN JOAQUIN",TRACY,-121.43483734130859,37.733619689941406