CASE_ID,ACCIDENT_YEAR,PROC_DATE,JURIS,COLLISION_DATE,COLLISION_TIME,OFFICER_ID,REPORTING_DISTRICT,DAY_OF_WEEK,CHP_SHIFT,POPULATION,CNTY_CITY_LOC,SPECIAL_COND,BEAT_TYPE,CHP_BEAT_TYPE,CITY_DIVISION_LAPD,CHP_BEAT_CLASS,BEAT_NUMBER,PRIMARY_RD,SECONDARY_RD,DISTANCE,DIRECTION,INTERSECTION,WEATHER_1,WEATHER_2,STATE_HWY_IND,CALTRANS_COUNTY,CALTRANS_DISTRICT,STATE_ROUTE,ROUTE_SUFFIX,POSTMILE_PREFIX,POSTMILE,LOCATION_TYPE,RAMP_INTERSECTION,SIDE_OF_HWY,TOW_AWAY,COLLISION_SEVERITY,NUMBER_KILLED,NUMBER_INJURED,PARTY_COUNT,PRIMARY_COLL_FACTOR,PCF_CODE_OF_VIOL,PCF_VIOL_CATEGORY,PCF_VIOLATION,PCF_VIOL_SUBSECTION,HIT_AND_RUN,TYPE_OF_COLLISION,MVIW,PED_ACTION,ROAD_SURFACE,ROAD_COND_1,ROAD_COND_2,LIGHTING,CONTROL_DEVICE,CHP_ROAD_TYPE,PEDESTRIAN_ACCIDENT,BICYCLE_ACCIDENT,MOTORCYCLE_ACCIDENT,TRUCK_ACCIDENT,NOT_PRIVATE_PROPERTY,ALCOHOL_INVOLVED,STWD_VEHTYPE_AT_FAULT,CHP_VEHTYPE_AT_FAULT,COUNT_SEVERE_INJ,COUNT_VISIBLE_INJ,COUNT_COMPLAINT_PAIN,COUNT_PED_KILLED,COUNT_PED_INJURED,COUNT_BICYCLIST_KILLED,COUNT_BICYCLIST_INJURED,COUNT_MC_KILLED,COUNT_MC_INJURED,PRIMARY_RAMP,SECONDARY_RAMP,LATITUDE,LONGITUDE,COUNTY,CITY,POINT_X,POINT_Y
84681335,2025,2025-05-09,3905,2025-03-27,"839 ",2463,,4,5,6,3905,0,0,0,,0,,"HAMMER LN","ETNA ST",0.00,,Y,B,-,N,,,,,,,,,,Y,4,0,1,2,A,-,09,21453,B,N,D,C,A,A,H,-,A,A,0,,,,,Y,,A,01,0,0,1,0,0,0,0,0,0,"- ","- ",38.021209716796875,-121.31973266601562,"SAN JOAQUIN",STOCKTON,-121.31941986083984,38.020896911621094
84681360,2025,2025-05-09,3905,2025-03-31,"21  ",3056,,1,5,6,3905,0,0,0,,0,,"CENTER ST","JEFFERSON ST",0.00,,Y,A,-,N,,,,,,,,,,N,4,0,1,2,A,-,01,23152,A,N,D,C,A,A,H,-,C,D,0,,,,,Y,Y,A,01,0,0,1,0,0,0,0,0,0,"- ","- ",37.9410400390625,-121.28945922851562,"SAN JOAQUIN",STOCKTON,-121.28813171386719,37.941604614257812
84681385,2025,2025-05-09,3905,2025-04-02,1029,7349,,3,5,6,3905,0,0,0,,0,,"MONTE DIABLO AV","RYDE AV",220.00,E,N,A,B,N,,,,,,,,,,N,4,0,1,2,A,-,21,22106,,N,C,C,A,A,H,-,A,D,0,,,,,Y,,A,01,0,0,1,0,0,0,0,0,0,"- ","- ",37.956279754638672,-121.3343505859375,"SAN JOAQUIN",STOCKTON,-121.33247375488281,37.956634521484375
84682627,2025,2025-05-12,3903,2025-04-22,1219,3768,,2,5,4,3903,0,0,0,,0,,"MAIN ST","INDUSTRIAL PARK DR",0.00,,Y,A,-,N,,,,,,,,,,N,4,0,1,2,A,-,08,22107,,F,B,D,A,A,H,-,A,A,0,,,,,Y,Y,-,99,0,0,1,0,0,0,0,0,0,"- ","- ",,,"SAN JOAQUIN",MANTECA,-121.21591186523438,37.787590026855469
84682628,2025,2025-05-12,3903,2025-04-24,1426,3768,,4,5,4,3903,0,0,0,,0,,"YOSEMITE AV","PESTANA AV",235.00,W,N,A,-,N,,,,,,,,,,N,2,0,1,2,A,-,08,22107,,N,D,D,A,A,H,-,A,D,0,,,,,Y,,A,07,1,0,0,0,0,0,0,0,0,"- ","- ",37.797580718994141,-121.18672180175781,"SAN JOAQUIN",MANTECA,-121.18753051757812,37.797531127929688
84688250,2025,2025-05-15,3903,2025-04-10,1627,5542,,4,5,4,3903,0,0,0,,0,,"LATHROP RD","AIRPORT WY",1000.00,W,N,A,-,N,,,,,,,,,,N,4,0,1,2,A,-,16,29004,A,N,B,C,A,A,H,-,A,D,0,,,,,Y,,E,22,0,0,1,0,0,0,0,0,0,"- ","- ",37.826618194580078,-121.25376129150391,"SAN JOAQUIN",MANTECA,-121.25724029541016,37.826469421386719
84691568,2025,2025-05-19,3902,2025-04-12,1625,43,,6,5,5,3902,0,0,0,,0,002,"BECKMAN RD","VICTOR RD",18.00,N,-,A,-,Y,,,,,,,,,,N,4,0,1,1,A,-,03,22350,,N,E,I,A,A,H,-,A,A,0,,,,,Y,,A,01,0,0,1,0,0,0,0,0,0,"- ","- ",,,"SAN JOAQUIN",LODI,-121.25672912597656,38.137611389160156
8469233,2017,2018-02-20,3905,2017-12-18,1627,2566,VAL,1,5,6,3905,0,0,0,,0,,"HOLMAN RD","MORADA LN",0.00,,Y,A,-,N,,,,,,,,,,Y,3,0,1,3,A,-,05,21650,,M,D,C,A,A,H,-,A,A,0,,,Y,,Y,,C,02,0,1,0,0,0,0,0,0,0,"- ","- ",38.03689,-121.26985999999999,"SAN JOAQUIN",STOCKTON,-121.26981986,38.037049920000001
84694907,2025,2025-05-21,3906,2025-05-02,"700 ",1893,,5,5,5,3906,0,0,0,,0,001,"ELEVENTH ST","N MACARTHUR DR",22.00,E,N,A,-,N,,,,,,,,,,N,3,0,1,2,A,-,10,21950,A,F,G,B,B,A,H,-,A,A,0,Y,,,,Y,,-,99,0,1,0,0,1,0,0,0,0,"- ","- ",37.739608764648438,-121.41641998291016,"SAN JOAQUIN",TRACY,-121.41648101806641,37.739719390869141
84697398,2025,2025-05-22,3924,2025-04-29,1152,1301,,2,5,2,3920,0,0,0,,0,00C,"CLOUDY BAY","COVERED BRIDGE WAY",0.00,,Y,A,-,N,,,,,,,,,,N,4,0,1,2,A,-,09,21802,A,N,D,C,A,A,H,-,A,D,0,,,,,Y,,A,01,0,0,1,0,0,0,0,0,0,"- ","- ",37.816520690917969,-121.31027984619141,"SAN JOAQUIN",LATHROP,-121.31027984619141,37.816505432128906
84698386,2025,2025-05-26,3905,2025-03-28,1800,3195,,5,5,6,3905,0,0,0,,0,,"BLUE TEES DR","GREY STONE DR",60.00,E,N,A,-,N,,,,,,,,,,N,4,0,1,2,A,-,03,22350,,F,H,G,A,A,H,-,C,D,0,,Y,,,Y,,A,01,0,0,1,0,0,0,1,0,0,"- ","- ",37.927299499511719,-121.31941986083984,"SAN JOAQUIN",STOCKTON,-121.3189697265625,37.927089691162109
84699976,2025,2025-05-26,3905,2025-04-12,"608 ",2463,,6,5,6,3905,0,0,0,,0,,"EL DORADO ST","FIFTH ST (S)",0.00,,Y,A,-,N,,,,,,,,,,Y,3,0,2,2,A,-,09,21801,A,N,D,C,A,A,H,-,C,D,0,,,,,Y,,A,01,0,1,1,0,0,0,0,0,0,"- ","- ",37.932628631591797,-121.28447723388672,"SAN JOAQUIN",STOCKTON,-121.28440093994141,37.932949066162109
84699989,2025,2025-05-26,3905,2025-04-13,2023,2909,,7,5,6,3905,0,0,0,,0,,"CALIFORNIA ST","FOURTH ST",0.00,,Y,A,-,Y,,,,,,,,,,Y,4,0,1,3,A,-,08,22103,,N,D,E,A,A,H,-,C,A,0,,,,,Y,,A,01,0,0,1,0,0,0,0,0,0,"- ","- ",37.934730529785156,-121.27963256835938,"SAN JOAQUIN",STOCKTON,-121.27948760986328,37.934791564941406
8470050,2017,2017-10-24,3906,2017-10-05,2200,1535,,4,5,5,3906,0,0,0,,0,001,"8TH ST","B ST",0.00,,Y,A,-,N,,,,,,,,,,N,4,0,1,2,A,-,08,22107,,N,E,I,F,A,H,-,C,D,0,Y,,,,Y,,A,08,0,0,1,0,1,0,0,0,0,"- ","- ",37.736919999999998,-121.42821000000001,"SAN JOAQUIN",TRACY,-121.42805995000001,37.736759939999999
84702829,2025,2025-05-28,3905,2025-04-15,1330,7349,,2,5,6,3905,0,0,0,,0,,"HAMMER LN","SAMPSON RD",50.00,W,N,A,-,N,,,,,,,,,,Y,4,0,1,2,A,-,01,23152,F,N,C,C,A,A,H,-,A,A,0,,,,,Y,,A,01,0,0,1,0,0,0,0,0,0,"- ","- ",38.020980834960938,-121.26808166503906,"SAN JOAQUIN",STOCKTON,-121.26797485351562,38.021099090576172
84702937,2025,2025-05-28,3905,2025-03-14,"800 ",1315,,5,5,6,3905,0,0,0,,0,,"AIRPORT WY","WEBER AV",25.00,S,N,B,C,N,,,,,,,,,,N,4,0,1,2,A,-,03,22350,,N,C,C,A,B,H,-,A,A,0,,,,,Y,,A,01,0,0,1,0,0,0,0,0,0,"- ","- ",37.955741882324219,-121.27558898925781,"SAN JOAQUIN",STOCKTON,-121.27444458007812,37.956321716308594
84706731,2025,2025-05-30,3905,2025-04-19,"539 ",2980,,6,5,6,3905,0,0,0,,0,,"MARCH LN","PERSHING AV",400.00,E,N,A,-,N,,,,,,,,,,Y,3,0,1,1,A,-,03,22350,,N,E,I,A,A,H,-,B,A,0,,,,,Y,,A,01,0,1,0,0,0,0,0,0,0,"- ","- ",37.989238739013672,-121.32156372070312,"SAN JOAQUIN",STOCKTON,-121.32064056396484,37.989414215087891
84706761,2025,2025-07-07,3905,2025-04-24,1216,3229,,4,5,6,3905,0,0,0,,0,,"PERSHING AV","BUCKINGHAM WY",172.00,S,N,A,-,N,,,,,,,,,,N,2,0,1,2,A,-,09,21804,A,N,D,C,A,A,H,-,A,D,0,,,Y,,Y,,A,01,1,0,0,0,0,0,0,0,1,"- ","- ",38.000289916992188,-121.32557678222656,"SAN JOAQUIN",STOCKTON,-121.325927734375,37.999618530273438
84706807,2025,2025-06-16,3905,2025-04-29,"703 ",2463,,2,5,6,3905,0,0,0,,0,,"EL DORADO ST","INGRAM ST",67.00,S,N,A,-,N,,,,,,,,,,Y,3,0,1,1,A,-,03,22350,,N,E,J,A,A,H,-,A,D,0,,,,,Y,,A,07,0,1,0,0,0,0,0,0,0,"- ","- ",37.990058898925781,-121.30290985107422,"SAN JOAQUIN",STOCKTON,-121.30324554443359,37.989734649658203
84708755,2025,2025-06-02,3902,2025-04-10,1855,101,,4,5,5,3902,0,0,0,,0,005,"STOCKTON ST","TOKAY ST",0.00,N,-,A,-,N,,,,,,,,,,Y,3,0,1,2,A,-,12,22450,A,N,D,C,A,A,H,-,A,A,0,,,,,Y,,D,22,0,1,0,0,0,0,0,0,0,"- ","- ",,,"SAN JOAQUIN",LODI,-121.26972198486328,38.126556396484375
8471167,2017,2017-10-20,3904,2017-09-18,1522,P093,3,1,5,3,3904,0,0,0,,0,00B,"WEST MAIN ST","N JACK TONE RD",0.00,,Y,A,-,N,,,,,,,,,,N,3,0,1,2,A,-,17,21451,A,N,D,C,A,A,H,-,A,A,0,,,,,Y,,A,81,0,1,0,0,0,0,0,0,0,"- ","- ",37.739510000000003,-121.1422,"SAN JOAQUIN",RIPON,-121.14221992,37.739519899999998
84715695,2025,2025-06-06,3903,2025-05-07,1217,3768,,3,5,4,3903,0,0,0,,0,,"YOSEMITE AV","GARFIELD AV (E)",149.00,W,N,A,-,N,,,,,,,,,,N,3,0,1,2,A,-,05,21202,A,N,B,G,A,A,H,-,A,D,0,,Y,,,Y,,L,04,0,1,0,0,0,0,1,0,0,"- ","- ",37.797489166259766,-121.21098327636719,"SAN JOAQUIN",MANTECA,-121.21147918701172,37.79742431640625
84722819,2025,2025-06-12,3903,2025-05-12,"648 ",5135,,1,5,4,3903,0,0,0,,0,,"UNION RD","LATHROP RD",0.00,,Y,A,-,N,,,,,,,,,,N,4,0,1,2,A,-,12,21453,A,N,D,C,A,A,H,-,A,A,0,,,,,Y,,A,01,0,0,1,0,0,0,0,0,0,"- ","- ",,,"SAN JOAQUIN",MANTECA,-121.23593139648438,37.826431274414062
84722822,2025,2025-06-12,3903,2025-05-19,1151,6269,,1,5,4,3903,0,0,0,,0,001,"ALAMEDA ST","ACACIA AV",0.00,,Y,A,-,N,,,,,,,,,,N,4,0,1,2,A,-,03,22350,,N,C,C,A,A,H,-,A,A,0,,,,,Y,,A,01,0,0,1,0,0,0,0,0,0,"- ","- ",37.804649353027344,-121.22142791748047,"SAN JOAQUIN",MANTECA,-121.22142028808594,37.804672241210938
84722836,2025,2025-06-12,3903,2025-05-25,1800,5916,,7,5,4,3903,0,0,0,,0,,"PESTANA AV","PENNEBAKER WY",0.00,,Y,A,-,N,,,,,,,,,,N,3,0,1,2,A,-,09,21801,A,N,D,C,A,A,H,-,A,D,0,,,,,Y,,A,01,0,1,0,0,0,0,0,0,0,"- ","- ",37.800838470458984,-121.18681335449219,"SAN JOAQUIN",MANTECA,-121.18684387207031,37.800792694091797
84724257,2025,2025-06-13,3902,2025-05-09,"753 ",67,,5,5,5,3902,0,0,0,,0,004,"CHURCH ST","SCHLENKER DR",30.00,N,-,A,-,N,,,,,,,,,,Y,3,0,1,3,A,-,09,21802,A,N,D,C,A,A,G,-,A,D,0,,,,,Y,,D,22,0,1,0,0,0,0,0,0,0,"- ","- ",,,"SAN JOAQUIN",LODI,-121.27617645263672,38.110103607177734
84725611,2025,2025-06-16,3903,2025-05-23,1527,5916,,5,5,4,3903,0,0,0,,0,,"LOUISE AV","MAIN ST",0.00,,Y,A,-,N,,,,,,,,,,N,3,0,1,2,A,-,09,21804,B,N,D,G,A,A,H,-,A,A,0,,Y,,,Y,,-,"- ",0,1,0,0,0,0,1,0,0,"- ","- ",,,"SAN JOAQUIN",MANTECA,-121.217041015625,37.811943054199219
84725671,2025,2025-06-16,3905,2025-05-03,1031,7366,,6,5,6,3905,0,0,0,,0,,"OAK ST","STANISLAUS ST",0.00,,Y,B,-,N,,,,,,,,,,Y,2,0,2,2,A,-,09,21802,A,N,D,C,A,A,H,-,A,A,0,,,,,Y,,A,01,1,0,1,0,0,0,0,0,0,"- ","- ",37.959991455078125,-121.28350067138672,"SAN JOAQUIN",STOCKTON,-121.28358459472656,37.960048675537109
84725694,2025,2025-06-17,3905,2025-03-30,2147,3195,,7,5,6,3905,0,0,0,,0,,"HAMMER LN","ALEXANDRIA PL",0.00,,Y,A,B,N,,,,,,,,,,N,3,0,2,2,A,-,01,23152,A,N,C,C,A,A,H,-,C,D,0,,,,,Y,,A,07,0,1,1,0,0,0,0,0,0,"- ","- ",38.021518707275391,-121.33641815185547,"SAN JOAQUIN",STOCKTON,-121.33609771728516,38.021255493164062
84726121,2025,2025-06-16,3905,2025-05-03,1406,2566,,6,5,6,3905,0,0,0,,0,,"SIERRA NEVADA ST","FREMONT ST",159.00,S,N,A,-,N,,,,,,,,,,Y,3,0,1,1,A,-,03,22350,,N,E,I,A,A,H,-,A,D,0,,,,,Y,,A,01,0,1,0,0,0,0,0,0,0,"- ","- ",37.960491180419922,-121.27411651611328,"SAN JOAQUIN",STOCKTON,-121.27412414550781,37.960140228271484
84726135,2025,2025-06-16,3905,2025-05-05,1428,7164,,1,5,6,3905,0,0,0,,0,,"EL DORADO ST","LONGVIEW AV",0.00,,Y,A,-,N,,,,,,,,,,Y,3,0,2,2,A,-,09,21801,A,N,D,C,A,A,H,-,A,A,0,,,,,Y,,A,01,0,1,1,0,0,0,0,0,0,"- ","- ",38.006591796875,-121.30870819091797,"SAN JOAQUIN",STOCKTON,-121.30824279785156,38.006431579589844
84726498,2025,2025-06-16,3903,2025-05-24,1425,5624,,6,5,4,3903,0,0,0,,0,,"NICOL WY","SALLIE O DR",0.00,,Y,A,-,N,,,,,,,,,,N,3,0,2,2,A,-,09,21801,A,N,D,C,A,A,H,-,A,D,0,,,,,Y,,A,01,0,1,1,0,0,0,0,0,0,"- ","- ",37.814678192138672,-121.24755859375,"SAN JOAQUIN",MANTECA,-121.24764251708984,37.814868927001953
8472700,2017,2018-01-18,3900,2017-09-15,1545,152605,,5,5,2,3920,0,0,0,,0,009,"HARLAN RD","E ROTH RD",1700.00,S,N,A,-,N,,,,,,,,,,Y,4,0,1,2,A,-,"- ",,,N,D,C,A,A,B,-,A,D,0,,,Y,,Y,,-,"- ",0,0,1,0,0,0,0,0,1,"- ","- ",,,"SAN JOAQUIN",LATHROP,-121.28262517,37.851321259999999
8472710,2017,2017-12-05,3906,2017-10-12,1057,1376,,4,5,5,3906,0,0,0,,0,B-4,"WEST LOWELL AV","WEST HIGH SCHOOL RD",0.00,,Y,A,-,N,,,,,,,,,,Y,4,0,1,2,A,-,12,21453,A,N,A,C,A,A,H,-,A,A,0,,,,,Y,,D,22,0,0,1,0,0,0,0,0,0,"- ","- ",,,"SAN JOAQUIN",TRACY,,
8472949,2017,2017-11-13,3905,2017-10-11,1450,3452,SEA,3,5,6,3905,0,0,0,,0,,"SAN JOAQUIN ST","HAZELTON AV",0.00,,Y,B,-,N,,,,,,,,,,Y,4,0,1,2,A,-,09,21802,B,N,D,C,A,A,H,-,A,D,0,,,,,Y,,A,01,0,0,1,0,0,0,0,0,0,"- ","- ",37.947200000000002,-121.28561000000001,"SAN JOAQUIN",STOCKTON,-121.28558993999999,37.947219939999997
8473010,2017,2017-11-29,3905,2017-10-07,0929,2731,PAR,6,5,6,3905,0,0,0,,0,,"AIRPORT RD","SONORA ST",0.00,,Y,A,-,N,,,,,,,,,,Y,4,0,1,2,A,-,09,21801,A,F,D,C,A,A,H,-,A,D,0,,,,,Y,,A,07,0,0,1,0,0,0,0,0,0,"- ","- ",37.951349999999998,-121.27309,"SAN JOAQUIN",STOCKTON,-121.27309998,37.951449920000002
8473030,2017,2017-11-29,3905,2017-10-23,1748,2566,VAL,1,5,6,3905,0,0,0,,0,,"BIANCHI RD","IJAMS RD",0.00,,Y,A,-,N,,,,,,,,,,N,4,0,2,2,A,-,12,21453,A,N,D,C,A,A,H,-,A,A,0,,,,,Y,,A,01,0,0,2,0,0,0,0,0,0,"- ","- ",37.999409999999997,-121.28454000000001,"SAN JOAQUIN",STOCKTON,-121.28506985999999,37.999529969999998
8473038,2017,2017-11-29,3905,2017-10-05,0825,2885,VAL,4,5,6,3905,0,0,0,,0,,"TAM O SHANTER DR","SHAMROCK DR",0.00,,Y,A,-,N,,,,,,,,,,N,4,0,1,2,A,-,09,21802,A,N,D,C,A,A,H,-,A,D,0,,,,,Y,,A,07,0,0,1,0,0,0,0,0,0,"- ","- ",38.019640000000003,-121.30086,"SAN JOAQUIN",STOCKTON,-121.30050987,38.019589959999998
8473150,2017,2017-11-30,3905,2017-10-11,1305,3410,LAK,3,5,6,3905,0,0,0,,0,,"PERSHING AV","BURKE BRADLEY DR",0.00,,Y,A,-,N,,,,,,,,,,N,4,0,1,2,A,-,09,21802,A,N,D,C,A,A,H,-,A,A,0,,,,,Y,,A,01,0,0,1,0,0,0,0,0,0,"- ","- ",37.990989999999996,-121.3222,"SAN JOAQUIN",STOCKTON,-121.32465989000001,37.996259899999998
8473178,2017,2017-11-30,3905,2017-10-17,0813,1312,CIV,2,5,6,3905,0,0,0,,0,,"PARK ST","HUNTER ST",0.00,,Y,A,-,N,,,,,,,,,,N,4,0,1,2,A,-,12,21453,A,N,D,C,A,A,H,-,A,A,0,,,,,Y,,A,07,0,0,1,0,0,0,0,0,0,"- ","- ",37.959910000000001,-121.29028,"SAN JOAQUIN",STOCKTON,-121.29039997,37.95989994
8473214,2017,2017-11-21,3905,2017-10-21,0819,1312,,6,5,6,3905,0,0,0,,0,,"OAK ST","EL DORADO ST",0.00,,Y,A,-,N,,,,,,,,,,N,3,0,1,2,A,-,05,21650,1,N,D,G,A,A,H,-,A,A,0,,Y,,,Y,,L,04,0,1,0,0,0,0,1,0,0,"- ","- ",37.9587,-121.29134999999999,"SAN JOAQUIN",STOCKTON,-121.29144995,37.958699950000003
8473230,2017,2017-11-21,3905,2017-10-22,1732,2566,SEA,7,5,6,3905,0,0,0,,0,,"LEVER BL","CALERO HILLS LN",334.00,E,N,A,-,N,,,,,,,,,,N,4,0,1,3,A,-,01,23152,A,N,C,E,A,A,H,-,A,D,0,,,,,Y,,A,07,0,0,1,0,0,0,0,0,0,"- ","- ",37.923380000000002,-121.31108999999999,"SAN JOAQUIN",STOCKTON,-121.31011205,37.923148910000002
84734807,2025,2025-06-30,3905,2025-05-21,1139,7034,,3,5,6,3905,0,0,0,,0,,"HAMMER LN","EL DORADO ST",450.00,E,N,A,-,N,,,,,,,,,,Y,3,0,2,2,A,-,07,21658,A,F,B,C,A,A,H,-,A,D,0,,,,,Y,,D,22,0,1,1,0,0,0,0,0,0,"- ","- ",38.021160125732422,-121.31549072265625,"SAN JOAQUIN",STOCKTON,-121.31520080566406,38.020858764648438
84740186,2025,2025-06-26,3903,2025-01-29,1908,3615,,3,5,4,3903,0,0,0,,0,,"DANIELS ST","ENTERTAINMENT WAY",203.00,E,N,A,-,N,,,,,,,,,,Y,1,1,0,1,A,-,01,23152,F,N,E,I,A,A,H,-,C,D,0,,,Y,,Y,,C,02,0,0,0,0,0,0,0,1,0,"- ","- ",,,"SAN JOAQUIN",MANTECA,,
84741800,2025,2025-06-27,3905,2025-05-11,"812 ",3257,,7,5,6,3905,0,0,0,,0,,"CENTER ST","CHURCH ST",32.00,N,N,A,-,N,,,,,,,,,,Y,4,0,1,2,A,-,09,21804,A,N,D,D,A,A,H,-,A,A,0,,,,,Y,,A,01,0,0,1,0,0,0,0,0,0,"- ","- ",37.947048187255859,-121.29100799560547,"SAN JOAQUIN",STOCKTON,-121.28977966308594,37.947666168212891
84741827,2025,2025-06-27,3905,2025-05-16,"350 ",3045,,5,5,6,3905,0,0,0,,0,,"AIRPORT WY","WEBER AV",0.00,,Y,A,-,N,,,,,,,,,,Y,4,0,1,2,A,-,12,22450,,N,D,C,A,A,H,-,C,A,0,,,,,Y,,A,01,0,0,1,0,0,0,0,0,0,"- ","- ",37.956298828125,-121.27438354492188,"SAN JOAQUIN",STOCKTON,-121.27445983886719,37.956394195556641
84743308,2025,2025-06-30,3905,2025-05-24,"250 ",3254,,6,5,6,3905,0,0,0,,0,,"BIEGHLE ST","CLOVER LN",0.00,,Y,A,-,Y,,,,,,,,,,Y,4,0,1,1,A,-,01,23152,A,N,F,A,A,A,H,-,C,A,0,,,,,Y,Y,A,01,0,0,1,0,0,0,0,0,0,"- ","- ",37.928730010986328,-121.25788116455078,"SAN JOAQUIN",STOCKTON,-121.25762939453125,37.928890228271484
84748901,2025,2025-07-07,3905,2025-05-21,2250,3045,,3,5,6,3905,0,0,0,,0,,"WILSON WY","WEBER AV",0.00,,Y,A,-,N,,,,,,,,,,N,3,0,1,2,A,-,11,21954,A,F,G,B,D,A,H,-,C,A,0,Y,,,,Y,,N,60,0,1,0,0,1,0,0,0,0,"- ","- ",37.956161499023438,-121.27297973632812,"SAN JOAQUIN",STOCKTON,-121.2718505859375,37.956844329833984
8474955,2017,2017-11-15,3905,2017-10-16,1631,2566,LAK,1,5,6,3905,0,0,0,,0,,"PERSHING AV","ROSE MARIE LN",118.00,N,N,A,-,N,,,,,,,,,,N,4,0,3,2,A,-,09,21804,A,N,D,C,A,A,H,-,A,D,0,,,,,Y,,A,01,0,0,3,0,0,0,0,0,0,"- ","- ",37.986820000000002,-123.20392,"SAN JOAQUIN",STOCKTON,-121.32095966,37.986921649999999
84750769,2025,2025-07-07,3905,2025-06-02,1415,7366,,1,5,6,3905,0,0,0,,0,,"AIRPORT WY","SCOTTS AV",0.00,,Y,A,-,N,,,,,,,,,,N,4,0,1,2,A,-,09,21802,A,F,D,C,A,A,H,-,A,A,0,,,,,Y,,D,22,0,0,1,0,0,0,0,0,0,"- ","- ",37.948211669921875,-121.27227020263672,"SAN JOAQUIN",STOCKTON,-121.27228546142578,37.948345184326172
84751239,2025,2025-07-07,3902,2025-06-01,"344 ",10,,7,5,5,3902,0,0,0,,0,002,"CHEROKEE LN","PIONEER DR",273.00,S,-,A,-,N,,,,,,,,,,Y,4,0,1,1,A,-,01,23152,A,N,E,I,A,A,H,-,C,D,0,,,,,Y,Y,A,07,0,0,1,0,0,0,0,0,0,"- ","- ",,,"SAN JOAQUIN",LODI,-121.2611083984375,38.141872406005859
84754815,2025,2025-07-09,3905,2025-06-04,1800,7164,,3,5,6,3905,0,0,0,,0,,"AIRPORT WY","MARKET ST",35.00,N,N,A,-,N,,,,,,,,,,N,4,0,2,2,A,-,03,22350,,N,C,C,A,A,H,-,A,A,0,,,,,Y,,D,22,0,0,2,0,0,0,0,0,0,"- ","- ",37.953720092773438,-121.27506256103516,"SAN JOAQUIN",STOCKTON,-121.27395629882812,37.954483032226562
84758991,2025,2025-07-14,3902,2025-06-11,1729,111,,3,5,5,3902,0,0,0,,0,004,"KETTLEMAN LN","CHEROKEE LN",75.00,E,-,A,-,Y,,,,,,,,,,N,3,0,2,3,A,-,03,22350,,N,C,C,A,A,H,-,A,A,0,,,,Y,Y,,D,22,0,2,0,0,0,0,0,0,0,"- ","- ",,,"SAN JOAQUIN",LODI,-121.26020812988281,38.116317749023438
84761393,2025,2025-07-15,3906,2025-07-03,1516,10820,,4,5,5,3906,0,0,0,,0,003,"ELEVENTH ST","LINCOLN BLVD",657.00,W,N,A,-,N,,,,,,,,,,Y,3,0,1,2,A,-,04,21703,,N,C,C,A,A,H,-,A,A,0,,,,,Y,,A,01,0,1,0,0,0,0,0,0,0,"- ","- ",37.739181518554688,-121.44174194335938,"SAN JOAQUIN",TRACY,-121.4439697265625,37.739688873291016
84769201,2025,2025-07-21,3905,2025-05-31,1843,3265,,6,5,6,3905,0,0,0,,0,,"MINER AV","AIRPORT WY",80.00,W,N,A,-,Y,,,,,,,,,,N,4,0,2,2,A,-,08,22102,,N,D,C,A,A,H,-,A,A,0,,,,,Y,,A,01,0,0,2,0,0,0,0,0,0,"- ","- ",37.958259582519531,-121.27488708496094,"SAN JOAQUIN",STOCKTON,-121.27525329589844,37.958293914794922
84769225,2025,2025-07-23,3905,2025-06-04,"850 ",7349,,3,5,6,3905,0,0,0,,0,,"MARTIN LUTHER KING BL","B ST",80.00,E,N,A,-,N,,,,,,,,,,Y,4,0,1,3,A,-,03,22350,,F,C,C,A,A,H,-,A,A,0,,,,Y,Y,,A,01,0,0,1,0,0,0,0,0,0,"- ","- ",37.943149566650391,-121.26074981689453,"SAN JOAQUIN",STOCKTON,-121.25928497314453,37.944091796875
84769572,2025,2025-07-21,3905,2025-04-30,2049,3250,,3,5,6,3905,0,0,0,,0,,"HAMMER LN","KELLEY DR",7.00,W,N,A,-,N,,,,,,,,,,N,4,0,1,2,A,-,05,21651,B,N,A,C,A,A,H,-,C,A,0,,,Y,,Y,,C,03,0,0,1,0,0,0,0,0,1,"- ","- ",38.021228790283203,-121.35652160644531,"SAN JOAQUIN",STOCKTON,-121.35617065429688,38.021270751953125
84769601,2025,2025-07-21,3905,2025-06-06,"647 ",1315,,5,5,6,3905,0,0,0,,0,,"PARK ST","SIERRA NEVADA ST",250.00,E,N,A,-,N,,,,,,,,,,N,3,0,1,2,A,-,09,21804,A,N,D,C,A,A,H,-,A,D,0,,,,,Y,,A,01,0,1,0,0,0,0,0,0,0,"- ","- ",37.961891174316406,-121.27581787109375,"SAN JOAQUIN",STOCKTON,-121.27392578125,37.962696075439453
84769621,2025,2025-07-21,3905,2025-06-18,1355,3154,,3,5,6,3905,0,0,0,,0,,"WATERLOO RD","WILSON WY",0.00,,Y,A,-,N,,,,,,,,,,Y,4,0,1,1,A,-,03,22350,,N,E,I,A,A,B,-,A,A,0,,,Y,,Y,,C,02,0,0,1,0,0,0,0,0,1,"- ","- ",37.964260101318359,-121.27507781982422,"SAN JOAQUIN",STOCKTON,-121.27410125732422,37.965202331542969