CASE_ID,ACCIDENT_YEAR,PROC_DATE,JURIS,COLLISION_DATE,COLLISION_TIME,OFFICER_ID,REPORTING_DISTRICT,DAY_OF_WEEK,CHP_SHIFT,POPULATION,CNTY_CITY_LOC,SPECIAL_COND,BEAT_TYPE,CHP_BEAT_TYPE,CITY_DIVISION_LAPD,CHP_BEAT_CLASS,BEAT_NUMBER,PRIMARY_RD,SECONDARY_RD,DISTANCE,DIRECTION,INTERSECTION,WEATHER_1,WEATHER_2,STATE_HWY_IND,CALTRANS_COUNTY,CALTRANS_DISTRICT,STATE_ROUTE,ROUTE_SUFFIX,POSTMILE_PREFIX,POSTMILE,LOCATION_TYPE,RAMP_INTERSECTION,SIDE_OF_HWY,TOW_AWAY,COLLISION_SEVERITY,NUMBER_KILLED,NUMBER_INJURED,PARTY_COUNT,PRIMARY_COLL_FACTOR,PCF_CODE_OF_VIOL,PCF_VIOL_CATEGORY,PCF_VIOLATION,PCF_VIOL_SUBSECTION,HIT_AND_RUN,TYPE_OF_COLLISION,MVIW,PED_ACTION,ROAD_SURFACE,ROAD_COND_1,ROAD_COND_2,LIGHTING,CONTROL_DEVICE,CHP_ROAD_TYPE,PEDESTRIAN_ACCIDENT,BICYCLE_ACCIDENT,MOTORCYCLE_ACCIDENT,TRUCK_ACCIDENT,NOT_PRIVATE_PROPERTY,ALCOHOL_INVOLVED,STWD_VEHTYPE_AT_FAULT,CHP_VEHTYPE_AT_FAULT,COUNT_SEVERE_INJ,COUNT_VISIBLE_INJ,COUNT_COMPLAINT_PAIN,COUNT_PED_KILLED,COUNT_PED_INJURED,COUNT_BICYCLIST_KILLED,COUNT_BICYCLIST_INJURED,COUNT_MC_KILLED,COUNT_MC_INJURED,PRIMARY_RAMP,SECONDARY_RAMP,LATITUDE,LONGITUDE,COUNTY,CITY,POINT_X,POINT_Y
84775571,2025,2025-07-24,3924,2025-06-02,1009,1413,,1,5,2,3920,0,0,0,,0,00C,"HARLAN RD","D'ARCY PKWY",1390.00,N,-,A,-,N,,,,,,,,,,N,3,0,1,2,A,-,03,22350,,N,C,C,A,A,H,-,A,A,0,,,,Y,Y,,A,01,0,1,0,0,0,0,0,0,0,"- ","- ",37.805850982666016,-121.29518127441406,"SAN JOAQUIN",LATHROP,-121.29660034179688,37.807239532470703
84776611,2025,2025-07-25,3905,2025-05-08,1042,7267,,4,5,6,3905,0,0,0,,0,,"CENTER ST","HARDING WY",35.00,N,N,A,-,N,,,,,,,,,,N,4,0,2,2,A,-,03,22350,,N,C,D,A,A,H,-,A,A,0,,,,,Y,,D,22,0,0,2,0,0,0,0,0,0,"- ","- ",37.967338562011719,-121.29493713378906,"SAN JOAQUIN",STOCKTON,-121.29517364501953,37.967403411865234
84776640,2025,2025-07-25,3905,2025-06-07,1532,7009,,6,5,6,3905,0,0,0,,0,,"CALIFORNIA ST","ALPINE AV",140.00,S,N,A,-,N,,,,,,,,,,Y,4,0,1,2,A,-,09,21804,A,N,D,C,A,A,H,-,A,D,0,,,Y,,Y,,C,02,0,0,1,0,0,0,0,0,1,"- ","- ",37.981548309326172,-121.29316711425781,"SAN JOAQUIN",STOCKTON,-121.29338073730469,37.981193542480469
84776647,2025,2025-07-25,3905,2025-06-10,1314,2463,,2,5,6,3905,0,0,0,,0,,"OPHIR ST","TENTH ST",0.00,,Y,A,-,N,,,,,,,,,,N,4,0,1,2,A,-,09,21802,A,N,D,C,A,A,H,-,A,A,0,,,,,Y,,A,07,0,0,1,0,0,0,0,0,0,"- ","- ",37.928890228271484,-121.26724243164062,"SAN JOAQUIN",STOCKTON,-121.26702880859375,37.929050445556641
84776648,2025,2025-07-25,3905,2025-06-10,1746,3256,,2,5,6,3905,0,0,0,,0,,"TRINITY PK","SCOTT CREEK DR",0.00,E,Y,A,-,N,,,,,,,,,,N,4,0,1,2,A,-,12,21453,A,N,D,C,A,A,H,-,A,A,0,,,,,Y,,A,01,0,0,1,0,0,0,0,0,0,"- ","- ",38.053821563720703,-121.37531280517578,"SAN JOAQUIN",STOCKTON,-121.37541198730469,38.05377197265625
84776664,2025,2025-07-25,3905,2025-06-12,1635,3410,,4,5,6,3905,0,0,0,,0,,"YOKUTS AV","EL DORADO ST",0.00,,Y,A,-,N,,,,,,,,,,Y,4,0,1,2,A,-,09,21801,A,N,A,C,A,A,H,-,A,A,0,,,,,Y,,A,01,0,0,1,0,0,0,0,0,0,"- ","- ",37.998859405517578,-121.30525970458984,"SAN JOAQUIN",STOCKTON,-121.30648803710938,37.998611450195312
84776680,2025,2025-07-25,3905,2025-06-14,1037,7366,,6,5,6,3905,0,0,0,,0,,"PERSHING AV","MONTEREY AV (N)",107.00,S,N,A,-,N,,,,,,,,,,N,2,0,1,1,A,-,03,22350,,N,E,I,A,A,H,-,A,D,0,,,,,Y,,A,01,1,0,0,0,0,0,0,0,0,"- ","- ",37.973331451416016,-121.31636810302734,"SAN JOAQUIN",STOCKTON,-121.31654357910156,37.972827911376953
84776681,2025,2025-07-25,3905,2025-06-23,"845 ",7349,,1,5,6,3905,0,0,0,,0,,"ESPERANZA WY","HEMET AV",15.00,S,N,A,-,N,,,,,,,,,,Y,4,0,1,3,A,-,03,22350,,N,D,E,A,A,H,-,A,D,0,,,,,Y,,A,01,0,0,1,0,0,0,0,0,0,"- ","- ",38.016510009765625,-121.30500030517578,"SAN JOAQUIN",STOCKTON,-121.30455780029297,38.016899108886719
8477771,2017,2017-11-20,3905,2017-08-25,1949,2848,PAR,5,5,6,3905,0,0,0,,0,,"WILSON WY","ROOSEVELT ST",116.00,S,N,A,-,N,,,,,,,,,,N,2,0,1,2,A,-,09,21804,A,N,H,G,A,A,H,-,B,D,0,,Y,,,Y,,L,04,1,0,0,0,0,0,1,0,0,"- ","- ",37.967239999999997,-121.27451000000001,"SAN JOAQUIN",STOCKTON,-121.27460096,37.967019319999999
8477792,2017,2017-11-07,3905,2017-09-25,1237,2277,LAK,1,5,6,3905,0,0,0,,0,,"MEADOW AV","TAMARISK AV",50.00,S,N,A,-,N,,,,,,,,,,N,4,0,1,2,A,-,03,22350,,N,C,E,A,A,H,-,A,D,0,,,,,Y,,A,07,0,0,1,0,0,0,0,0,0,"- ","- ",38.019419999999997,-121.34574000000001,"SAN JOAQUIN",STOCKTON,-121.34530981,38.019428550000001
8478086,2017,2017-11-01,3905,2017-09-02,1744,2536,CIV,6,5,6,3905,0,0,0,,0,,"HARDING WY","WILSON WY",15.00,W,N,A,-,N,,,,,,,,,,Y,4,0,1,2,A,-,01,23152,A,N,C,C,A,A,H,-,A,A,0,,,,,Y,Y,A,07,0,0,1,0,0,0,0,0,0,"- ","- ",37.970529999999997,-121.27538,"SAN JOAQUIN",STOCKTON,-121.27565063999999,37.97061051
8478098,2017,2017-11-01,3905,2017-09-01,1415,1422,LAK,5,5,6,3905,0,0,0,,0,,"MARCH LN","FEATHER RIVER DR",153.00,E,N,A,-,N,,,,,,,,,,Y,4,0,1,2,A,-,09,21804,A,N,D,C,A,A,H,-,A,D,0,,,,,Y,,A,07,0,0,1,0,0,0,0,0,0,"- ","- ",37.984720000000003,-121.34716,"SAN JOAQUIN",STOCKTON,-121.34702145999999,37.984409650000003
8478103,2017,2017-10-31,3905,2017-09-01,1414,2536,BEA,5,5,6,3905,0,0,0,,0,,"PONCE DE LEON AV","ACAPULCO WY",0.00,,Y,A,-,N,,,,,,,,,,N,4,0,1,2,A,-,11,21950,B,F,D,B,A,A,H,-,A,D,0,,Y,,,Y,,L,04,0,0,1,0,0,0,1,0,0,"- ","- ",38.030290000000001,-121.32089000000001,"SAN JOAQUIN",STOCKTON,-121.32068993999999,38.030099989999997
8478111,2017,2017-10-31,3905,2017-09-18,1911,2463,SEA,1,5,6,3905,0,0,0,,0,,"CHARTER WY","FRESNO AV",52.00,E,N,A,-,N,,,,,,,,,,N,3,0,1,2,A,-,06,21755,,F,B,C,A,A,H,-,B,A,0,,,Y,,Y,,A,01,0,1,0,0,0,0,0,0,1,"- ","- ",37.933059999999998,-121.31233,"SAN JOAQUIN",STOCKTON,-121.31202757,37.932914070000002
8478122,2017,2017-11-01,3905,2017-09-09,1220,3409,LAK,6,5,6,3905,0,0,0,,0,,"BENJAMIN HOLT DR","LEESBURG PL",152.00,W,N,A,-,N,,,,,,,,,,Y,4,0,2,2,A,-,03,22350,,N,C,C,A,A,H,-,A,D,0,,,,,Y,,A,01,0,0,2,0,0,0,0,0,0,"- ","- ",38.008519999999997,-121.33073,"SAN JOAQUIN",STOCKTON,-121.33078388,38.008143150000002
8478134,2017,2017-11-01,3905,2017-09-10,1329,2463,CIV,7,5,6,3905,0,0,0,,0,,"PACIFIC AV","BEDFORD RD",15.00,N,N,A,-,N,,,,,,,,,,N,4,0,1,3,A,-,03,22350,,N,C,C,A,A,H,-,A,D,0,,,,,Y,,A,01,0,0,1,0,0,0,0,0,0,"- ","- ",37.970289999999999,-121.29924,"SAN JOAQUIN",STOCKTON,-121.29945429,37.970256429999999
8478150,2017,2017-11-01,3905,2017-09-07,2032,2536,LAK,4,5,6,3905,0,0,0,,0,,"PACIFIC AV","DOUGLAS RD",0.00,,Y,A,-,N,,,,,,,,,,N,4,0,1,2,A,-,10,21950,A,N,G,B,B,A,H,-,C,A,0,Y,,,,Y,,A,01,0,0,1,0,1,0,0,0,0,"- ","- ",38.00844,-121.31993,"SAN JOAQUIN",STOCKTON,-121.31956999000001,38.008239889999999
8478260,2017,2017-11-01,3905,2017-08-18,1633,2421,BEA,5,5,6,3905,0,0,0,,0,,"LOWER SACRAMENTO RD","EL CAMINO AV NORTH",115.00,N,N,A,-,N,,,,,,,,,,N,4,0,1,2,A,-,03,22350,,F,B,C,A,A,H,-,A,A,0,,,,,Y,,A,01,0,0,1,0,0,0,0,0,0,"- ","- ",38.023560000000003,-121.32321,"SAN JOAQUIN",STOCKTON,-121.32283898999999,38.023685710000002
8478280,2017,2017-11-01,3905,2017-08-30,1758,2463,SEA,3,5,6,3905,0,0,0,,0,,"8TH ST","SAN JOAQUIN ST EAST",30.00,W,N,A,-,N,,,,,,,,,,Y,4,0,1,1,A,-,01,23152,A,N,E,I,A,A,H,-,A,D,0,,,,,Y,Y,A,01,0,0,1,0,0,0,0,0,0,"- ","- ",37.929459999999999,-121.27996,"SAN JOAQUIN",STOCKTON,-121.28064907,37.929304889999997
84786741,2025,2025-08-04,3906,2025-07-21,1707,1758,,1,5,5,3906,0,0,0,,0,005,"PARKER AVE","BEVERLY PL",0.00,,Y,A,-,N,,,,,,,,,,N,3,0,2,2,A,-,12,22450,A,N,D,C,A,A,H,-,A,D,0,,,,,Y,,A,01,0,2,0,0,0,0,0,0,0,"- ","- ",37.744968414306641,-121.42990112304688,"SAN JOAQUIN",TRACY,-121.42985534667969,37.744972229003906
84787144,2025,2025-08-04,3906,2025-07-07,"833 ",1956,,1,5,5,3906,0,0,0,,0,,"CORRAL HOLLOW RD","BYRON RD",0.00,,Y,A,-,N,,,,,,,,,,N,3,0,1,2,A,-,05,21650,1,N,B,G,A,A,A,-,A,A,0,,Y,,,Y,,L,04,0,1,0,0,0,0,1,0,0,"- ","- ",37.741710662841797,-121.45311737060547,"SAN JOAQUIN",TRACY,-121.45323181152344,37.741771697998047
84787436,2025,2025-08-04,3905,2025-06-20,1155,2845,,5,5,6,3905,0,0,0,,0,,"EL DORADO ST","CALIFORNIA ST",185.00,S,N,A,-,N,,,,,,,,,,Y,3,0,1,2,A,-,03,22350,,F,C,C,A,A,H,-,A,D,0,,,Y,Y,Y,,C,02,0,1,0,0,0,0,0,0,1,"- ","- ",37.923999786376953,-121.28060913085938,"SAN JOAQUIN",STOCKTON,-121.28060150146484,37.923442840576172
84789565,2025,2025-08-05,3905,2025-06-21,2243,3197,,6,5,6,3905,0,0,0,,0,,"WEST LN","KNICKERBOCKER DR",370.00,S,N,A,-,N,,,,,,,,,,N,4,0,2,2,A,-,03,22350,,F,C,C,A,A,H,-,C,D,0,,,,,Y,,-,99,0,0,2,0,0,0,0,0,0,"- ","- ",38.024238586425781,-121.29518890380859,"SAN JOAQUIN",STOCKTON,-121.29501342773438,38.023223876953125
84791100,2025,2025-08-06,3903,2025-07-04,"22  ",6100,,5,5,4,3903,0,0,0,,0,,"UNION RD","SAPPHIRE WY",78.00,N,N,A,-,Y,,,,,,,,,,Y,4,0,1,1,A,-,07,21658,A,N,E,I,A,A,H,-,C,D,0,,,,,Y,,A,01,0,0,1,0,0,0,0,0,0,"- ","- ",37.810138702392578,-121.23519897460938,"SAN JOAQUIN",MANTECA,-121.23526000976562,37.810283660888672
84791149,2025,2025-08-06,3905,2025-06-14,1220,2715,,6,5,6,3905,0,0,0,,0,,"KELLEY DR","WENTWORTH DR",10.00,S,N,A,-,N,,,,,,,,,,N,4,0,2,4,A,-,01,23152,A,N,A,C,A,A,H,-,A,A,0,,,,,Y,Y,A,01,0,0,2,0,0,0,0,0,0,"- ","- ",38.023441314697266,-121.35749053955078,"SAN JOAQUIN",STOCKTON,-121.35707092285156,38.02349853515625
84791221,2025,2025-08-08,3905,2025-06-25,1056,2463,,3,5,6,3905,0,0,0,,0,,"MARKET ST","WILSON WY",0.00,,Y,A,-,N,,,,,,,,,,Y,4,0,3,2,A,-,12,21453,A,N,D,C,A,A,H,-,A,A,0,,,,,Y,,-,"- ",0,0,3,0,0,0,0,0,0,"- ","- ",37.954700469970703,-121.27124786376953,"SAN JOAQUIN",STOCKTON,-121.27130126953125,37.954818725585938
8479180,2017,2017-11-14,3905,2017-10-16,1641,2463,PAR,1,5,6,3905,0,0,0,,0,,"WILSON WY","ROOSEVELT ST",32.00,N,N,A,-,N,,,,,,,,,,N,4,0,1,2,A,-,03,22350,,N,C,C,A,A,H,-,A,D,0,,,,,Y,,A,07,0,0,1,0,0,0,0,0,0,"- ","- ",37.967239999999997,-121.27451000000001,"SAN JOAQUIN",STOCKTON,-121.27470799,37.967416620000002
84794676,2025,2025-08-08,3905,2025-06-10,1044,2624,,2,5,6,3905,0,0,0,,0,,"ALPINE AV","PERSHING AV",0.00,,Y,A,-,N,,,,,,,,,,N,4,0,1,2,A,-,05,21650,1,N,D,G,A,A,H,-,A,A,0,,Y,,,Y,,L,04,0,0,1,0,0,0,1,0,0,"- ","- ",37.975608825683594,-121.31723785400391,"SAN JOAQUIN",STOCKTON,-121.31752014160156,37.975482940673828
8479775,2017,2017-12-04,3905,2017-10-05,1346,2536,LAK,4,5,6,3905,0,0,0,,0,,"MARCH LN","QUAIL LAKES DR",195.00,E,N,A,-,N,,,,,,,,,,N,4,0,2,2,A,-,03,22350,,N,C,C,A,A,H,-,A,A,0,,,,,Y,,A,01,0,0,2,0,0,0,0,0,0,"- ","- ",37.985169999999997,-121.33951999999999,"SAN JOAQUIN",STOCKTON,-121.33931563,37.984933230000003
8479779,2017,2017-10-31,3905,2017-10-05,0740,2537,BEA,4,5,6,3905,0,0,0,,0,,"EIGHT MILE RD","RIVERMONT DR",23.00,E,N,A,-,N,,,,,,,,,,Y,4,0,2,2,A,-,03,22350,,N,C,C,A,A,H,-,A,A,0,,,,,Y,,A,01,0,0,2,0,0,0,0,0,0,"- ","- ",38.057389999999998,-121.33835999999999,"SAN JOAQUIN",STOCKTON,-121.33834012,38.057589100000001
8479783,2017,2017-10-31,3905,2017-10-04,1943,2536,VAL,3,5,6,3905,0,0,0,,0,,"BONAIRE CIR","TRINIDAD CT",0.00,,Y,A,-,N,,,,,,,,,,N,3,0,1,2,A,-,09,21801,A,N,D,G,A,A,H,-,C,D,0,,Y,,,Y,,A,07,0,1,0,0,0,0,1,0,0,"- ","- ",37.99438,-121.28366,"SAN JOAQUIN",STOCKTON,-121.28413990999999,37.994419960000002
8479787,2017,2017-10-31,3905,2017-10-09,1218,2277,LAK,1,5,6,3905,0,0,0,,0,,"BENJAMIN HOLT DR","LEESBURG PL",0.00,,Y,A,-,N,,,,,,,,,,Y,4,0,1,2,A,-,03,22350,,N,C,C,A,A,H,-,A,A,0,,,,,Y,,A,01,0,0,1,0,0,0,0,0,0,"- ","- ",38.008519999999997,-121.33073,"SAN JOAQUIN",STOCKTON,-121.33028991,38.008289920000003
84798185,2025,2025-08-12,3902,2025-07-29,1456,6,,2,5,5,3902,0,0,0,,0,003,"KETTLEMAN LN","FAIRMONT AVE",0.00,N,-,A,-,Y,,,,,,,,,,Y,3,0,1,2,A,-,17,21461,A,N,D,C,A,A,H,-,A,A,0,,,,,Y,,A,01,0,1,0,0,0,0,0,0,0,"- ","- ",,,"SAN JOAQUIN",LODI,-121.28574371337891,38.115440368652344
8479833,2017,2017-11-02,3905,2017-10-14,1110,2525,CIV,6,5,6,3905,0,0,0,,0,,"ALPINE AV","SAN JOAQUIN ST",130.00,W,N,A,-,N,,,,,,,,,,Y,4,0,2,2,A,-,03,22350,,N,C,C,A,A,H,-,A,A,0,,,,,Y,,A,01,0,0,2,0,0,0,0,0,0,"- ","- ",37.980800000000002,-121.2963,"SAN JOAQUIN",STOCKTON,-121.29707043000001,37.980643229999998
8479838,2017,2017-11-02,3905,2017-10-01,1707,3409,PAR,7,5,6,3905,0,0,0,,0,,"WILSON WY","ANDERSON ST",0.00,,Y,A,-,N,,,,,,,,,,N,3,0,1,2,A,-,10,21950,A,N,G,B,B,A,H,-,A,A,0,Y,,,,Y,,A,01,0,1,0,0,1,0,0,0,0,"- ","- ",37.945740000000001,-121.26891000000001,"SAN JOAQUIN",STOCKTON,-121.26884993,37.945899900000001
8480333,2017,2017-11-13,3905,2017-10-08,1608,2566,VAL,7,5,6,3905,0,0,0,,0,,"EIGHT MILE RD","MICKE GROVE RD",8.00,E,N,A,-,N,,,,,,,,,,N,3,0,3,3,A,-,09,21801,A,N,D,C,A,A,H,-,A,A,0,,,,,Y,,A,01,0,2,1,0,0,0,0,0,0,"- ","- ",38.057259999999999,-121.2687,"SAN JOAQUIN",STOCKTON,-121.26875221,38.057410079999997
8480338,2017,2017-11-07,3905,2017-09-22,1340,3410,LAK,5,5,6,3905,0,0,0,,0,,"MEADOW AV","ROSEWOOD DR",4.00,W,N,A,-,N,,,,,,,,,,N,4,0,1,2,A,-,09,21800,C,N,D,G,A,A,H,-,A,A,0,,Y,,,Y,,D,22,0,0,1,0,0,0,1,0,0,"- ","- ",38.017870000000002,-121.34448,"SAN JOAQUIN",STOCKTON,-121.34411964,38.018047899999999
8480353,2017,2017-11-13,3905,2017-10-02,1413,1312,PAR,1,5,6,3905,0,0,0,,0,,"MARTIN LUTHER KING BL","AIRPORT WY",0.00,,Y,A,-,N,,,,,,,,,,Y,4,0,1,2,A,-,03,22350,,N,C,C,A,A,H,-,A,A,0,,,,,Y,,D,22,0,0,1,0,0,0,0,0,0,"- ","- ",37.941479999999999,-121.27059,"SAN JOAQUIN",STOCKTON,-121.27057994,37.941559920000003
84803999,2025,2025-08-15,3905,2025-07-14,1557,2566,,1,5,6,3905,0,0,0,,0,,"SPERRY RD","AIRPORT WY",0.00,,Y,A,-,N,,,,,,,,,,Y,3,0,2,2,A,-,12,21453,A,N,D,C,A,A,H,-,A,A,0,,,,,Y,,A,01,0,1,1,0,0,0,0,0,0,"- ","- ",37.901180267333984,-121.25655364990234,"SAN JOAQUIN",STOCKTON,-121.25485229492188,37.90191650390625
84805087,2025,2025-08-18,3906,2025-08-02,1658,1957,,6,5,5,3906,0,0,0,,0,001,"ELEVENTH ST","CABE RD",519.00,W,N,A,-,N,,,,,,,,,,Y,3,0,6,2,C,-,18,,,N,C,C,A,A,H,-,A,D,0,,,,,Y,,-,"- ",0,5,1,0,0,0,0,0,0,"- ","- ",37.739730834960938,-121.40377807617188,"SAN JOAQUIN",TRACY,-121.40564727783203,37.739688873291016
84805679,2025,2025-08-18,3906,2025-08-05,1801,1783,,2,5,5,3906,0,0,0,,0,002,"TRACY HILLS DR","SACRAMENTO DR",0.00,,Y,A,-,N,,,,,,,,,,N,3,0,1,1,A,-,08,22107,,N,E,I,A,A,H,-,A,D,0,,,,,Y,,A,01,0,1,0,0,0,0,0,0,0,"- ","- ",37.678939819335938,-121.45942687988281,"SAN JOAQUIN",TRACY,-121.26319885253906,38.643283843994141
84806304,2025,2025-08-18,3905,2025-06-19,1553,3158,,4,5,6,3905,0,0,0,,0,,"MINER AV","CALIFORNIA ST",0.00,,Y,A,-,N,,,,,,,,,,Y,3,0,1,2,A,-,08,22100,5,N,A,C,A,A,H,-,A,A,0,,,,,Y,,A,07,0,1,0,0,0,0,0,0,0,"- ","- ",37.956569671630859,-121.28533172607422,"SAN JOAQUIN",STOCKTON,-121.285400390625,37.956581115722656
84806315,2025,2025-08-18,3905,2025-06-23,1115,7349,,1,5,6,3905,0,0,0,,0,,"PACIFIC AV","ROBINHOOD DR",0.00,,Y,A,-,N,,,,,,,,,,Y,4,0,2,5,C,-,18,,,N,A,E,A,A,H,-,A,A,0,,,Y,,Y,,-,"- ",0,0,2,0,0,0,0,0,0,"- ","- ",38.000221252441406,-121.31699371337891,"SAN JOAQUIN",STOCKTON,-121.31647491455078,38.000602722167969
8480767,2017,2017-11-06,3905,2017-09-30,2127,2536,SEA,6,5,6,3905,0,0,0,,0,,"ANDERSON ST","AMERICAN ST",0.00,,Y,A,-,N,,,,,,,,,,N,3,0,1,2,A,-,09,21802,A,N,D,G,A,A,H,-,C,A,0,,Y,,,Y,,L,04,0,1,0,0,0,0,1,0,0,"- ","- ",37.943860000000001,-121.28066,"SAN JOAQUIN",STOCKTON,-121.28058996999999,37.943899909999999
8480841,2017,2017-11-07,3905,2017-09-28,1229,2525,VAL,4,5,6,3905,0,0,0,,0,,"TAM O SHANTER DR","HAMMER LN",262.00,N,N,A,-,N,,,,,,,,,,N,4,0,2,2,A,-,09,21804,A,N,D,C,A,A,H,-,A,D,0,,,,,Y,,A,01,0,0,2,0,0,0,0,0,0,"- ","- ",38.021000000000001,-121.30083999999999,"SAN JOAQUIN",STOCKTON,-121.30052107,38.02173939
84813717,2025,2025-08-22,3905,2025-07-10,1745,7009,,4,5,6,3905,0,0,0,,0,,"KELLEY DR","PLYMOUTH RD",0.00,,Y,A,-,N,,,,,,,,,,Y,3,0,5,2,A,-,09,21802,A,N,D,C,A,A,H,-,A,A,0,,,,,Y,,A,01,0,1,4,0,0,0,0,0,0,"- ","- ",38.014598846435547,-121.35282135009766,"SAN JOAQUIN",STOCKTON,-121.35230255126953,38.014720916748047
84814502,2025,2025-08-22,3924,2025-06-23,1545,1411,,1,5,2,3920,0,0,0,,0,00C,"FIFTH ST","I ST",35.00,N,-,A,-,N,,,,,,,,,,Y,3,0,1,1,A,-,03,22350,,N,B,E,A,A,H,-,A,D,0,,,,,Y,,A,01,0,1,0,0,0,0,0,0,0,"- ","- ",37.824069976806641,-121.27858734130859,"SAN JOAQUIN",LATHROP,-121.27825927734375,37.824207305908203
8482081,2017,2017-11-21,3905,2017-08-31,0640,1422,SEA,4,5,6,3905,0,0,0,,0,,"MARTIN LUTHER KING BL","CENTER ST",0.00,,Y,A,-,N,,,,,,,,,,Y,3,0,1,2,A,-,12,21453,A,N,D,C,A,A,H,-,A,A,0,,,,,Y,,A,01,0,1,0,0,0,0,0,0,0,"- ","- ",37.938699999999997,-121.28753,"SAN JOAQUIN",STOCKTON,-121.28738995000001,37.938779910000001
84824400,2025,2025-09-01,3902,2025-07-21,2057,115,,1,5,5,3902,0,0,0,,0,001,"TURNER RD","LAKEWOOD DR",65.00,E,-,A,-,N,,,,,,,,,,Y,4,0,1,2,A,-,05,21460,A,N,A,C,A,A,H,-,C,D,0,,,,,Y,,A,01,0,0,1,0,0,0,0,0,0,"- ","- ",,,"SAN JOAQUIN",LODI,-121.28550720214844,38.145660400390625
84827801,2025,2025-09-03,3905,2025-07-25,"533 ",7387,,5,5,6,3905,0,0,0,,0,,"ARCH RD","ARCH AIRPORT RD",375.00,E,N,A,-,N,,,,,,,,,,Y,4,0,1,2,A,-,09,21804,,N,C,C,A,A,H,-,A,D,0,,,,,Y,,A,01,0,0,1,0,0,0,0,0,0,"- ","- ",37.903881072998047,-121.22453308105469,"SAN JOAQUIN",STOCKTON,-121.22166442871094,37.905040740966797
84827812,2025,2025-09-03,3905,2025-07-26,1755,7273,,6,5,6,3905,0,0,0,,0,,"PERSHING AV","HARDING WY",0.00,,Y,A,-,N,,,,,,,,,,N,4,0,2,2,A,-,12,21453,A,N,D,C,A,A,H,-,A,A,0,,,,,Y,,A,01,0,0,2,0,0,0,0,0,0,"- ","- ",37.964328765869141,-121.31320190429688,"SAN JOAQUIN",STOCKTON,-121.31332397460938,37.964168548583984
84831316,2025,2025-09-05,3905,2025-08-01,"644 ",7034,,5,5,6,3905,0,0,0,,0,,"HAMMER LN","KELLEY DR",50.00,W,N,A,-,N,,,,,,,,,,Y,4,0,1,4,A,-,03,22350,,N,C,C,A,A,H,-,A,A,0,,,,,Y,,A,07,0,0,1,0,0,0,0,0,0,"- ","- ",38.021228790283203,-121.35652160644531,"SAN JOAQUIN",STOCKTON,-121.3563232421875,38.021270751953125
84832716,2025,2025-09-08,3903,2025-08-14,1355,3768,,4,5,4,3903,0,0,0,,0,,"HISTORICAL PLAZA WY","COMMERCE AV",155.00,E,N,A,-,N,,,,,,,,,,N,4,0,1,2,D,-,00,,,N,G,B,D,A,H,-,A,D,0,Y,,,,Y,,-,"- ",0,0,1,0,1,0,0,0,0,"- ","- ",,,"SAN JOAQUIN",MANTECA,-121.19345092773438,37.795539855957031
84832790,2025,2025-09-08,3905,2025-07-20,2340,3183,,7,5,6,3905,0,0,0,,0,,"EIGHT MILE RD","N STATE ROUTE 99 W FR RD",0.00,,Y,A,-,N,,,,,,,,,,N,4,0,1,2,A,-,00,23123,A,N,C,C,A,A,H,-,C,A,0,,,,,Y,,A,01,0,0,1,0,0,0,0,0,0,"- ","- ",38.057209014892578,-121.26119995117188,"SAN JOAQUIN",STOCKTON,-121.26129150390625,38.057418823242188
84833234,2025,2025-09-08,3905,2025-07-22,1635,2566,,2,5,6,3905,0,0,0,,0,,"MARCH LN","PERSHING AV",0.00,,Y,A,-,N,,,,,,,,,,N,3,0,2,3,A,-,03,22350,,M,C,C,A,A,H,-,A,A,0,,,,,Y,,A,07,0,1,1,0,0,0,0,0,0,"- ","- ",37.989238739013672,-121.32156372070312,"SAN JOAQUIN",STOCKTON,-121.32196807861328,37.989089965820312
8483656,2017,2017-11-16,3902,2017-09-21,0406,KV86,,4,5,5,3902,0,0,0,,0,,"E TURNER RD","CLUFF AV",0.00,,Y,A,-,N,,,,,,,,,,Y,3,0,1,1,A,-,01,23152,A,M,E,I,A,A,H,-,C,D,0,,,,,Y,Y,A,07,0,1,0,0,0,0,0,0,0,"- ","- ",,,"SAN JOAQUIN",LODI,-121.25273989,38.144799919999997
84838364,2025,2025-09-10,3903,2025-08-22,"751 ",3558,,5,5,4,3903,0,0,0,,0,,"LOUISE AV","YVONNE AV",0.00,,Y,A,-,N,,,,,,,,,,Y,4,0,1,2,A,-,12,21453,A,N,D,C,A,A,H,-,A,A,0,,,,,Y,,A,01,0,0,1,0,0,0,0,0,0,"- ","- ",37.81195068359375,-121.22345733642578,"SAN JOAQUIN",MANTECA,-121.22346496582031,37.81195068359375
84838945,2025,2025-09-10,3924,2025-02-16,1840,1275,,7,5,2,3920,0,0,0,,0,00C,"BARBARA TERRY BLVD","MCKEE BLVD",10.00,E,-,A,-,N,,,,,,,,,,N,3,0,2,3,A,-,10,21950,A,F,A,B,B,A,H,-,A,A,0,Y,,,,Y,,A,07,0,1,1,0,2,0,0,0,0,"- ","- ",37.814720153808594,-121.30751037597656,"SAN JOAQUIN",LATHROP,-121.30751037597656,37.814739227294922
84840087,2025,2025-09-11,3905,2025-07-28,2017,3065,,1,5,6,3905,0,0,0,,0,,"PACIFIC AV","SWAIN RD",0.00,,Y,A,-,N,,,,,,,,,,Y,3,0,1,2,A,-,01,23152,A,N,D,D,A,A,H,-,B,A,0,,,,,Y,Y,A,01,0,1,0,0,0,0,0,0,0,"- ","- ",38.004791259765625,-121.3184814453125,"SAN JOAQUIN",STOCKTON,-121.31806945800781,38.004623413085938