CASE_ID,ACCIDENT_YEAR,PROC_DATE,JURIS,COLLISION_DATE,COLLISION_TIME,OFFICER_ID,REPORTING_DISTRICT,DAY_OF_WEEK,CHP_SHIFT,POPULATION,CNTY_CITY_LOC,SPECIAL_COND,BEAT_TYPE,CHP_BEAT_TYPE,CITY_DIVISION_LAPD,CHP_BEAT_CLASS,BEAT_NUMBER,PRIMARY_RD,SECONDARY_RD,DISTANCE,DIRECTION,INTERSECTION,WEATHER_1,WEATHER_2,STATE_HWY_IND,CALTRANS_COUNTY,CALTRANS_DISTRICT,STATE_ROUTE,ROUTE_SUFFIX,POSTMILE_PREFIX,POSTMILE,LOCATION_TYPE,RAMP_INTERSECTION,SIDE_OF_HWY,TOW_AWAY,COLLISION_SEVERITY,NUMBER_KILLED,NUMBER_INJURED,PARTY_COUNT,PRIMARY_COLL_FACTOR,PCF_CODE_OF_VIOL,PCF_VIOL_CATEGORY,PCF_VIOLATION,PCF_VIOL_SUBSECTION,HIT_AND_RUN,TYPE_OF_COLLISION,MVIW,PED_ACTION,ROAD_SURFACE,ROAD_COND_1,ROAD_COND_2,LIGHTING,CONTROL_DEVICE,CHP_ROAD_TYPE,PEDESTRIAN_ACCIDENT,BICYCLE_ACCIDENT,MOTORCYCLE_ACCIDENT,TRUCK_ACCIDENT,NOT_PRIVATE_PROPERTY,ALCOHOL_INVOLVED,STWD_VEHTYPE_AT_FAULT,CHP_VEHTYPE_AT_FAULT,COUNT_SEVERE_INJ,COUNT_VISIBLE_INJ,COUNT_COMPLAINT_PAIN,COUNT_PED_KILLED,COUNT_PED_INJURED,COUNT_BICYCLIST_KILLED,COUNT_BICYCLIST_INJURED,COUNT_MC_KILLED,COUNT_MC_INJURED,PRIMARY_RAMP,SECONDARY_RAMP,LATITUDE,LONGITUDE,COUNTY,CITY,POINT_X,POINT_Y
8570319,2018,2018-03-29,3905,2018-03-02,1440,2700,SEA,5,5,6,3905,0,0,0,,0,,"EL DORADO ST","JEFFERSON ST",0.00,,Y,C,-,N,,,,,,,,,,N,3,0,1,2,A,-,09,21802,A,N,H,I,A,B,H,-,A,A,0,,,Y,,Y,,A,01,0,1,0,0,0,0,0,0,1,"- ","- ",37.941810607910156,-121.28691864013672,"SAN JOAQUIN",STOCKTON,-121.28681945800781,37.941818237304688
8570525,2018,2018-03-28,3905,2018-02-25,1730,2566,PAR,7,5,6,3905,0,0,0,,0,,"AIRPORT WY","MARKET ST",0.00,,Y,A,-,N,,,,,,,,,,Y,4,0,5,5,A,-,12,21453,A,N,D,C,A,A,H,-,A,A,0,,,,,Y,,A,01,0,0,5,0,0,0,0,0,0,"- ","- ",37.954280853271484,-121.27384948730469,"SAN JOAQUIN",STOCKTON,-121.27393341064453,37.954391479492188
8570537,2018,2018-03-28,3905,2018-02-25,2101,2854,SEA,7,5,6,3905,0,0,0,,0,,"ELDORADO ST","EL DORADO ST",0.00,,Y,A,-,N,,,,,,,,,,Y,4,0,2,2,A,-,12,21453,A,N,D,C,A,A,H,-,C,A,0,,,,,Y,,A,01,0,0,2,0,0,0,0,0,0,"- ","- ",37.949798583984375,-121.28900909423828,"SAN JOAQUIN",STOCKTON,-121.22943115234375,37.792228698730469
8570541,2018,2018-03-28,3905,2018-02-26,1521,2466,VAL,1,5,6,3905,0,0,0,,0,,"CHIANTI CIR","MARANATHA DR",110.00,E,N,A,-,N,,,,,,,,,,N,4,0,1,3,A,-,03,22350,,N,B,E,A,A,H,-,A,D,0,,,,,Y,,A,01,0,0,1,0,0,0,0,0,0,"- ","- ",38.032611846923828,-121.26479339599609,"SAN JOAQUIN",STOCKTON,-121.26422119140625,38.032783508300781
8574964,2018,2018-08-01,3901,2018-02-03,2353,L3,,6,5,2,3901,0,0,0,,0,,"RT 120","3RD ST",81.00,E,N,A,-,Y,SJ,10,120,-,-,17.560,H,-,E,N,4,0,2,1,A,-,01,23152,A,N,E,J,A,A,H,-,C,D,0,,,,,Y,Y,A,01,0,0,2,0,0,0,0,0,0,"- ","- ",,,"SAN JOAQUIN",ESCALON,-120.98974609375,37.794548034667969
8577817,2018,2018-04-02,3905,2018-02-02,1349,2525,PAR,5,5,6,3905,0,0,0,,0,,"WILSON WY","MILTON ST",0.00,,Y,A,-,N,,,,,,,,,,Y,4,0,5,6,A,-,03,22350,,N,C,C,A,A,H,-,A,D,0,,,,,Y,,A,07,0,0,5,0,0,0,0,0,0,"- ","- ",37.946338653564453,-121.26907348632812,"SAN JOAQUIN",STOCKTON,-121.26889038085938,37.946479797363281
8578569,2018,2018-03-30,3905,2018-02-11,1429,3452,PAR,7,5,6,3905,0,0,0,,0,,"MARTIN LUTHER KING BL","B ST",0.00,,Y,B,-,N,,,,,,,,,,Y,4,0,2,3,A,-,09,21453,C,N,D,C,A,A,H,-,A,A,0,,,,,Y,,A,01,0,0,2,0,0,0,0,0,0,"- ","- ",37.943721771240234,-121.25952911376953,"SAN JOAQUIN",STOCKTON,-121.25955200195312,37.944019317626953
8578585,2018,2018-03-30,3905,2018-02-09,1505,2536,VAL,5,5,6,3905,0,0,0,,0,,"TAM O SHANTER DR","TOMMYDON ST",0.00,,Y,A,-,N,,,,,,,,,,Y,4,0,1,2,A,-,09,21802,A,N,D,C,A,A,H,-,A,A,0,,,,,Y,,A,01,0,0,1,0,0,0,0,0,0,"- ","- ",38.018878936767578,-121.30087280273438,"SAN JOAQUIN",STOCKTON,-121.30050659179688,38.018798828125
8578605,2018,2018-03-30,3905,2018-02-05,1421,7009,PAR,1,5,6,3905,0,0,0,,0,,"HAZELTON AV","UNION ST",74.00,E,N,A,-,N,,,,,,,,,,N,4,0,1,2,A,-,07,21658,A,N,H,G,A,A,H,-,A,D,0,,Y,,,Y,,L,04,0,0,1,0,0,0,1,0,0,"- ","- ",37.948909759521484,-121.27516174316406,"SAN JOAQUIN",STOCKTON,-121.27488708496094,37.949039459228516
8578621,2018,2018-03-30,3905,2018-02-04,0805,2525,CIV,7,5,6,3905,0,0,0,,0,,"EL DORADO ST","CHURCHILL ST",0.00,,Y,A,-,N,,,,,,,,,,Y,4,0,2,2,A,-,12,21453,A,N,D,C,A,A,H,-,A,A,0,,,,,Y,,A,01,0,0,2,0,0,0,0,0,0,"- ","- ",37.985988616943359,-121.30132293701172,"SAN JOAQUIN",STOCKTON,-121.30171966552734,37.98590087890625
8578625,2018,2018-03-30,3905,2018-02-03,0751,2525,CIV,6,5,6,3905,0,0,0,,0,,"PERSHING AV","OXFORD WY",0.00,,Y,A,-,N,,,,,,,,,,Y,4,0,1,2,A,-,09,21801,A,N,D,C,A,A,H,-,A,A,0,,,,,Y,,A,01,0,0,1,0,0,0,0,0,0,"- ","- ",37.970989227294922,-121.31545257568359,"SAN JOAQUIN",STOCKTON,-121.31571197509766,37.970779418945312
8578629,2018,2018-03-30,3905,2018-02-03,0237,2741,SEA,6,5,6,3905,0,0,0,,0,,"MARTIN LUTHER KING BL","LINCOLN ST",0.00,,Y,A,-,N,,,,,,,,,,N,2,0,2,3,A,-,11,21956,,N,G,B,D,A,H,-,C,A,0,Y,,,,Y,,N,60,2,0,0,0,2,0,0,0,0,"- ","- ",37.937538146972656,-121.29396820068359,"SAN JOAQUIN",STOCKTON,-121.29387664794922,37.93756103515625
8578671,2018,2018-03-27,3905,2018-01-27,2022,2448,SEA,6,5,6,3905,0,0,0,,0,,"CLAY ST","SAN JOAQUIN ST",0.00,,Y,A,-,N,,,,,,,,,,Y,4,0,2,2,A,-,12,22450,A,F,D,C,A,A,H,-,D,A,0,,,,,Y,,A,08,0,0,2,0,0,0,0,0,0,"- ","- ",37.940280914306641,-121.2838134765625,"SAN JOAQUIN",STOCKTON,-121.28369903564453,37.940319061279297
8578679,2018,2018-03-27,3905,2018-01-26,1025,2537,VAL,5,5,6,3905,0,0,0,,0,,"HAMMER LN","TAM O SHANTER DR",0.00,,Y,A,-,N,,,,,,,,,,N,4,0,1,2,D,-,00,,,N,D,C,A,A,H,-,A,A,0,,,,,Y,,-,"- ",0,0,1,0,0,0,0,0,0,"- ","- ",38.020999908447266,-121.30084228515625,"SAN JOAQUIN",STOCKTON,-121.300537109375,38.021018981933594
8578683,2018,2018-03-27,3905,2018-01-26,0916,2537,SEA,5,5,6,3905,0,0,0,,0,,"ANDERSON ST","AMERICAN ST",0.00,,Y,A,-,N,,,,,,,,,,N,4,0,1,2,A,-,12,22450,A,F,D,C,A,A,H,-,A,A,0,,,,,Y,,A,01,0,0,1,0,0,0,0,0,0,"- ","- ",37.943859100341797,-121.28066253662109,"SAN JOAQUIN",STOCKTON,-121.28058624267578,37.943901062011719
8578687,2018,2018-03-27,3905,2018-01-26,0532,2723,SEA,5,5,6,3905,0,0,0,,0,,"CAROLYN WESTON BL","CADET WY",0.00,,Y,A,-,N,,,,,,,,,,Y,2,0,1,2,A,-,09,21802,A,N,D,C,A,A,H,-,A,D,0,,,,,Y,,A,01,1,0,0,0,0,0,0,0,0,"- ","- ",37.904201507568359,-121.32009887695312,"SAN JOAQUIN",STOCKTON,-121.32009124755859,37.9039306640625
8578720,2018,2018-03-28,3905,2018-02-19,2200,2854,CIV,1,5,6,3905,0,0,0,,0,,"PARK ST","EDISON ST",0.00,,Y,A,-,N,,,,,,,,,,Y,4,0,1,2,A,-,09,21802,A,N,D,C,A,A,H,-,C,A,0,,,,,Y,,A,01,0,0,1,0,0,0,0,0,0,"- ","- ",37.958000183105469,-121.30203247070312,"SAN JOAQUIN",STOCKTON,-121.30210876464844,37.957901000976562
8582503,2018,2018-03-26,3903,2018-02-09,1527,3220,,5,5,4,3903,0,0,0,,0,,"MAIN ST","MOFFAT BL",232.00,N,N,A,-,N,,,,,,,,,,N,4,0,1,2,A,-,09,21804,A,N,D,C,A,A,H,-,A,D,0,,,,,Y,,A,01,0,0,1,0,0,0,0,0,0,"- ","- ",37.795700073242188,-121.21646881103516,"SAN JOAQUIN",MANTECA,-121.21646881103516,37.796195983886719
8582507,2018,2018-03-26,3903,2018-02-08,1407,2602,,4,5,4,3903,0,0,0,,0,,"MAIN ST","CENTER ST",0.00,,Y,A,-,N,,,,,,,,,,Y,4,0,2,2,A,-,12,21453,A,N,D,C,A,A,H,-,A,A,0,,,,,Y,,A,01,0,0,2,0,0,0,0,0,0,"- ","- ",37.799160003662109,-121.21663665771484,"SAN JOAQUIN",MANTECA,-121.216552734375,37.799129486083984
8582546,2018,2018-03-23,3903,2018-02-28,0701,3878,,3,5,4,3903,0,0,0,,0,,"UNION RD","WAWONA ST",0.00,,Y,A,-,N,,,,,,,,,,N,4,0,1,2,A,-,12,21453,A,N,D,C,A,A,H,-,A,A,0,,,,,Y,,A,01,0,0,1,0,0,0,0,0,0,"- ","- ",37.789539337158203,-121.23459625244141,"SAN JOAQUIN",MANTECA,-121.23442077636719,37.789718627929688
8582550,2018,2018-03-23,3903,2018-02-25,2336,3768,,7,5,4,3903,0,0,0,,0,,"MAIN ST","ALAMEDA ST",2.00,W,N,A,-,N,,,,,,,,,,N,3,0,1,2,A,-,11,21950,B,N,G,B,B,A,H,-,C,A,0,Y,,,,Y,,N,60,0,1,0,0,1,0,0,0,0,"- ","- ",37.804729461669922,-121.21678924560547,"SAN JOAQUIN",MANTECA,-121.21675872802734,37.804649353027344
8584540,2018,2018-03-29,3905,2018-02-23,2112,2826,LAK,5,5,6,3905,0,0,0,,0,,"PACIFIC AV","DOUGLAS RD",0.00,,Y,C,-,N,,,,,,,,,,Y,2,0,3,2,A,-,01,23152,A,N,D,C,A,A,H,-,A,A,0,,,,,Y,Y,A,07,3,0,0,0,0,0,0,0,0,"- ","- ",38.008438110351562,-121.31993103027344,"SAN JOAQUIN",STOCKTON,-121.31957244873047,38.00823974609375
8585129,2018,2018-04-09,3902,2018-03-03,1521,21,,6,5,5,3902,0,0,0,,0,,"SOUTH STOCKTON ST","ELGIN AV",0.00,,Y,C,-,N,,,,,,,,,,Y,4,0,2,2,A,-,08,22102,,N,D,C,A,B,H,-,A,D,0,,,,,Y,,A,01,0,0,2,0,0,0,0,0,0,"- ","- ",,,"SAN JOAQUIN",LODI,-121.2696533203125,38.114341735839844
8585194,2018,2018-04-09,3902,2018-03-13,2159,MG44,,2,5,5,3902,0,0,0,,0,,"WOODHAVEN LN","EILERS LN",107.00,S,N,B,-,N,,,,,,,,,,Y,4,0,1,1,A,-,01,23152,A,N,E,I,A,B,H,-,C,D,0,,,,,Y,Y,A,01,0,0,1,0,0,0,0,0,0,"- ","- ",,,"SAN JOAQUIN",LODI,-121.30683898925781,38.147819519042969
8585201,2018,2018-04-09,3902,2018-03-11,2315,75,,7,5,5,3902,0,0,0,,0,,"LOWER SACRAMENTO RD","LODI AV",0.00,,Y,A,-,N,,,,,,,,,,Y,3,0,1,2,D,-,00,,,N,D,C,A,A,H,-,C,A,0,,,,,Y,,-,"- ",0,1,0,0,0,0,0,0,0,"- ","- ",,,"SAN JOAQUIN",LODI,-121.30677795410156,38.130058288574219
8585432,2018,2018-04-05,3902,2018-02-12,0131,CD93,,1,5,5,3902,0,0,0,,0,,"W LODI AV","HUTCHINS ST",0.00,,Y,A,-,N,,,,,,,,,,Y,2,0,3,2,A,-,01,23152,A,F,D,C,A,A,H,-,C,A,0,,,,,Y,Y,A,07,1,2,0,0,0,0,0,0,0,"- ","- ",,,"SAN JOAQUIN",LODI,-121.27908325195312,38.130008697509766
8586708,2018,2018-04-02,3905,2018-02-13,1355,2463,CIV,2,5,6,3905,0,0,0,,0,,"CALIFORNIA ST","MAGNOLIA ST",0.00,,Y,A,-,N,,,,,,,,,,Y,3,0,2,2,A,-,09,21801,A,N,D,C,A,A,H,-,A,A,0,,,,,Y,,J,48,0,1,1,0,0,0,0,0,0,"- ","- ",37.964450836181641,-121.28739166259766,"SAN JOAQUIN",STOCKTON,-121.28755187988281,37.964450836181641
8593461,2018,2018-07-26,3902,2018-02-25,0134,JS73,,7,5,5,3902,0,0,0,,0,,"RT 12","SOUTH STOCKTON ST",12.00,E,N,A,-,Y,SJ,10,12,-,-,17.437,I,5,E,Y,3,0,1,1,A,-,01,23152,A,N,E,I,A,A,H,-,C,A,0,,,,,Y,Y,A,01,0,1,0,0,0,0,0,0,0,"- ","- ",,,"SAN JOAQUIN",LODI,-121.2696533203125,38.115779876708984
8593592,2018,2018-04-20,3903,2018-03-31,2043,3951,,6,5,4,3903,0,0,0,,0,,"LOUISE AV","GARDEN GATE DR",123.00,W,N,A,-,N,,,,,,,,,,Y,4,0,1,1,A,-,01,23152,A,N,F,I,A,A,H,-,C,D,0,,,,,Y,Y,A,01,0,0,1,0,0,0,0,0,0,"- ","- ",37.811958312988281,-121.21199798583984,"SAN JOAQUIN",MANTECA,-121.21247863769531,37.81195068359375
8593609,2018,2018-04-17,3903,2018-03-10,1202,2019,,6,5,4,3903,0,0,0,,0,,"UNION RD","MARION ST",470.00,S,N,B,-,N,,,,,,,,,,N,4,0,1,3,A,-,03,22350,,N,C,C,A,-,H,-,A,D,0,,,,,Y,,A,01,0,0,1,0,0,0,0,0,0,"- ","- ",37.794269561767578,-121.23487854003906,"SAN JOAQUIN",MANTECA,-121.23466491699219,37.793140411376953
8597405,2018,2018-04-25,3906,2018-04-11,0538,1372,,3,5,5,3906,0,0,0,,0,002,"CORAL HOLLOW RD","LINNE RD",0.00,,Y,B,-,N,,,,,,,,,,Y,4,0,1,3,A,-,09,21802,A,N,D,C,A,A,H,-,B,A,0,,,,,Y,,D,22,0,0,1,0,0,0,0,0,0,"- ","- ",,,"SAN JOAQUIN",TRACY,-121.45284271240234,37.695888519287109
8597673,2018,2018-04-24,3906,2018-04-14,1739,1530,5,6,5,5,3906,0,0,0,,0,001,"11TH ST",MACARTHUR,18.00,W,N,A,-,N,,,,,,,,,,N,4,0,1,2,A,-,07,21658,A,N,C,C,A,A,H,-,A,A,0,,,,,Y,,A,01,0,0,1,0,0,0,0,0,0,"- ","- ",,,"SAN JOAQUIN",TRACY,-121.4166259765625,37.739719390869141
8602329,2018,2018-05-22,3905,2018-04-03,0905,7011,VAL,2,5,6,3905,0,0,0,,0,,"HAMMER LN","MONTAUBAN AV",336.00,E,N,A,-,N,,,,,,,,,,Y,4,0,1,3,A,-,03,22350,,N,C,C,A,A,H,-,A,D,0,,,,,Y,,A,01,0,0,1,0,0,0,0,0,0,"- ","- ",38.020938873291016,-121.29017639160156,"SAN JOAQUIN",STOCKTON,-121.28873443603516,38.021060943603516
8602357,2017,2018-06-05,3905,2017-10-30,0031,2786,SEA,1,5,6,3905,0,0,0,,0,,"EL DORADO ST","SONORA ST",0.00,,Y,A,-,N,,,,,,,,,,N,2,0,1,2,A,-,03,22350,,F,C,E,A,A,H,-,C,A,0,,,,,Y,,A,01,1,0,0,0,0,0,0,0,0,"- ","- ",37.948799999999999,-121.28874999999999,"SAN JOAQUIN",STOCKTON,-121.28871995999999,37.948809969999999
8602378,2018,2018-05-22,3905,2018-04-06,1207,2466,VAL,5,5,6,3905,0,0,0,,0,,"MARCH LN","WEBER RANCH PK",36.00,W,N,C,-,N,,,,,,,,,,Y,4,0,2,2,A,-,03,22350,,N,C,C,A,B,H,-,A,A,0,,,,,Y,,A,01,0,0,2,0,0,0,0,0,0,"- ","- ",38.002700805664062,-121.28755950927734,"SAN JOAQUIN",STOCKTON,-121.28826141357422,38.002780914306641
8602394,2018,2018-05-22,3905,2018-04-07,1604,2463,SEA,6,5,6,3905,0,0,0,,0,,"MARTIN LUTHER KING BL","AURORA ST",0.00,,Y,A,-,N,,,,,,,,,,Y,4,0,1,2,A,-,03,22350,,N,C,C,A,A,H,-,A,D,0,,,,,Y,,A,01,0,0,1,0,0,0,0,0,0,"- ","- ",37.940639495849609,-121.27572631835938,"SAN JOAQUIN",STOCKTON,-121.27567291259766,37.940818786621094
8602890,2018,2018-05-21,3905,2018-03-25,1414,7009,CIV,7,5,6,3905,0,0,0,,0,,"HARDING WY","COMMERCE ST",69.00,W,N,A,-,N,,,,,,,,,,N,4,0,1,2,A,-,08,22102,,F,D,C,A,A,H,-,A,D,0,,,,,Y,,A,01,0,0,1,0,0,0,0,0,0,"- ","- ",37.967128753662109,-121.29624938964844,"SAN JOAQUIN",STOCKTON,-121.29666137695312,37.967048645019531
8602894,2018,2018-05-21,3905,2018-03-21,0300,2525,PAR,3,5,6,3905,0,0,0,,0,,"WILSON WY","WASHINGTON ST",22.00,S,N,A,-,N,,,,,,,,,,N,4,0,1,2,A,-,10,21950,A,F,G,B,B,B,H,-,C,A,0,Y,,,,Y,,A,01,0,0,1,0,1,0,0,0,0,"- ","- ",37.953720092773438,-121.27098846435547,"SAN JOAQUIN",STOCKTON,-121.27100372314453,37.953781127929688
8602905,2018,2018-05-21,3905,2018-03-30,1608,2466,CIV,5,5,6,3905,0,0,0,,0,,"MARKET ST","SAN JOAQUIN ST",0.00,,Y,A,-,N,,,,,,,,,,N,4,0,1,2,A,-,08,22107,,F,D,C,A,A,H,-,A,A,0,,,,,Y,,A,01,0,0,1,0,0,0,0,0,0,"- ","- ",37.952159881591797,-121.28690338134766,"SAN JOAQUIN",STOCKTON,-121.28688812255859,37.952171325683594
8602919,2018,2018-05-22,3905,2018-03-08,1942,2440,PAR,4,5,6,3905,0,0,0,,0,,"WILSON WY","WEBER AV",0.00,,Y,A,-,N,,,,,,,,,,N,2,0,1,2,A,-,11,21954,A,N,G,B,D,A,H,-,C,D,0,Y,,,,Y,,N,60,1,0,0,0,1,0,0,0,0,"- ","- ",37.956718444824219,-121.27176666259766,"SAN JOAQUIN",STOCKTON,-121.2718505859375,37.956840515136719
8602921,2018,2018-05-21,3905,2018-03-29,1517,3409,SEA,4,5,6,3905,0,0,0,,0,,"MANTHEY RD","WILLIAM MOSS BL",2749.00,S,N,A,-,N,,,,,,,,,,Y,4,0,1,2,A,-,03,22350,,N,D,C,A,A,H,-,A,D,0,,,,,Y,,A,01,0,0,1,0,0,0,0,0,0,"- ","- ",37.907489776611328,-121.28987884521484,"SAN JOAQUIN",STOCKTON,-121.28578186035156,37.900588989257812
8602923,2018,2018-05-22,3905,2018-03-19,2026,2916,SEA,1,5,6,3905,0,0,0,,0,,"CHARTER WY","STOCKTON ST",0.00,,Y,B,-,N,,,,,,,,,,N,2,0,1,2,A,-,03,22350,,F,G,B,F,A,H,-,C,A,0,Y,,,,Y,,-,99,1,0,0,0,1,0,0,0,0,"- ","- ",37.936241149902344,-121.30003356933594,"SAN JOAQUIN",STOCKTON,-121.29981994628906,37.936199188232422
8602929,2018,2018-07-05,3905,2018-03-28,1607,2779,CIV,3,5,6,3905,0,0,0,,0,,"ENTERPRISE ST","WEST LN",82.00,W,N,A,-,N,,,,,,,,,,N,4,0,1,2,A,-,21,22106,,F,C,C,A,A,H,-,A,A,0,,,,,Y,,A,01,0,0,1,0,0,0,0,0,0,"- ","- ",37.990200042724609,-121.28569793701172,"SAN JOAQUIN",STOCKTON,-121.28645324707031,37.990093231201172
8602937,2018,2018-05-21,3905,2018-03-28,0803,3452,SEA,3,5,6,3905,0,0,0,,0,,"SAN JOAQUIN ST","4TH ST",0.00,,Y,A,-,N,,,,,,,,,,Y,4,0,1,2,A,-,12,22450,A,N,D,C,A,A,H,-,A,D,0,,,,,Y,,A,01,0,0,1,0,0,0,0,0,0,"- ","- ",37.934310913085938,-121.28224945068359,"SAN JOAQUIN",STOCKTON,-121.28208160400391,37.934360504150391
8602941,2018,2018-05-21,3905,2018-03-29,1430,2855,CIV,4,5,6,3905,0,0,0,,0,,"PERSHING AV","COUNTRY CLUB BL",0.00,,Y,A,-,N,,,,,,,,,,N,3,0,1,2,A,-,12,21453,A,M,H,G,A,A,H,-,A,A,0,,Y,,,Y,,L,04,0,1,0,0,0,0,1,0,0,"- ","- ",37.969631195068359,-121.31493377685547,"SAN JOAQUIN",STOCKTON,-121.31513977050781,37.969470977783203
8602943,2018,2018-05-22,3905,2018-03-25,1145,2566,LAK,7,5,6,3905,0,0,0,,0,,"MARCH LN","QUAIL LAKES DR",9.00,W,N,A,-,N,,,,,,,,,,N,4,0,1,2,A,-,11,21456,B,N,H,B,B,A,H,-,A,A,0,Y,,,,Y,,N,60,0,0,1,0,1,0,0,0,0,"- ","- ",37.98516845703125,-121.33952331542969,"SAN JOAQUIN",STOCKTON,-121.34001922607422,37.984886169433594
8602999,2018,2018-05-22,3905,2018-04-01,1203,2536,LAK,7,5,6,3905,0,0,0,,0,,"HAMMER LN","DON AV",658.00,E,N,A,-,N,,,,,,,,,,N,3,0,1,2,A,-,11,21950,B,N,G,B,D,A,H,-,A,D,0,Y,,,,Y,,N,60,0,1,0,0,1,0,0,0,0,"- ","- ",38.021091461181641,-121.34580993652344,"SAN JOAQUIN",STOCKTON,-121.34311676025391,38.021350860595703
8603011,2018,2018-05-22,3905,2018-04-01,1606,3409,PAR,7,5,6,3905,0,0,0,,0,,"AIRPORT WY","SONORA ST",114.00,N,N,A,-,N,,,,,,,,,,Y,4,0,1,2,A,-,03,22350,,N,D,E,A,A,H,-,A,D,0,,,,,Y,,A,01,0,0,1,0,0,0,0,0,0,"- ","- ",37.951351165771484,-121.27308654785156,"SAN JOAQUIN",STOCKTON,-121.27318572998047,37.951755523681641
8603015,2018,2018-05-22,3905,2018-04-04,1826,2463,CIV,3,5,6,3905,0,0,0,,0,,"EL DORADO ST","ACACIA ST",0.00,,Y,A,-,N,,,,,,,,,,Y,4,0,1,2,A,-,08,22100,B,N,D,C,A,A,H,-,A,A,0,,,,,Y,,A,01,0,0,1,0,0,0,0,0,0,"- ","- ",37.962631225585938,-121.29235076904297,"SAN JOAQUIN",STOCKTON,-121.29248809814453,37.962600708007812
8603161,2018,2018-08-01,3905,2018-01-18,0637,1422,LAK,4,5,6,3905,0,0,0,,0,,"MARCH LN","RT 5",0.00,,Y,A,-,Y,SJ,10,5,-,-,30.141,R,4,N,Y,3,0,2,2,A,-,12,21453,A,F,D,C,A,A,H,-,C,A,0,,,,,Y,,A,07,0,1,1,0,0,0,0,0,0,"- ","- ",37.985008239746094,-121.34233856201172,"SAN JOAQUIN",STOCKTON,-121.34403228759766,37.986515045166016
8604209,2018,2018-07-30,3906,2018-04-16,1422,1311,,1,5,5,3906,0,0,0,,0,005,"11TH ST","EAST ST",7.00,S,N,A,-,N,,,,,,,,,,Y,4,0,1,2,A,-,12,21453,A,N,D,C,A,A,H,-,A,A,0,,,,,Y,,A,01,0,0,1,0,0,0,0,0,0,"- ","- ",,,"SAN JOAQUIN",TRACY,-121.423828125,37.739700317382812
8606426,2018,2018-05-17,3903,2018-04-29,0230,3729,,7,5,4,3903,0,0,0,,0,,"WEST LOUISE AV","VESUVIO ST",13.00,S,N,A,-,N,,,,,,,,,,Y,3,0,1,1,A,-,01,23152,A,N,E,I,A,A,H,-,C,D,0,,,,,Y,Y,A,01,0,1,0,0,0,0,0,0,0,"- ","- ",,,"SAN JOAQUIN",MANTECA,-121.24676513671875,37.811855316162109
8606880,2018,2018-05-08,3906,2018-04-23,1040,1220,3906,1,5,5,3906,0,0,0,,0,003,"11TH ST","CORRAL HOLLOW RD",200.00,W,N,A,-,N,,,,,,,,,,Y,4,0,1,2,A,-,03,22350,,N,C,C,A,A,H,-,A,A,0,,,,,Y,,A,01,0,0,1,0,0,0,0,0,0,"- ","- ",,,"SAN JOAQUIN",TRACY,-121.45391082763672,37.739410400390625
8606893,2018,2018-05-09,3906,2018-04-24,2211,1138,,2,5,5,3906,0,0,0,,0,003,"CORRAL HOLLOW RD","BYRON RD",0.00,,Y,A,-,N,,,,,,,,,,Y,4,0,1,2,A,-,12,21453,A,N,D,C,A,A,H,-,A,D,0,,,,,Y,,A,08,0,0,1,0,0,0,0,0,0,"- ","- ",,,"SAN JOAQUIN",TRACY,-121.45323181152344,37.741771697998047
8612646,2018,2018-05-04,3906,2018-04-21,1419,1566,,6,5,5,3906,0,0,0,,0,006,"TRACY BL","CLOVER RD",543.00,N,N,A,-,N,,,,,,,,,,N,4,0,1,2,A,-,08,22107,,N,B,C,A,A,H,-,A,A,0,,,,,Y,,A,01,0,0,1,0,0,0,0,0,0,"- ","- ",,,"SAN JOAQUIN",TRACY,-121.43515014648438,37.762115478515625
8612654,2018,2018-05-04,3906,2018-04-20,1542,1549,,5,5,5,3906,0,0,0,,0,004,"GRANT LINE RD","LAMMERS RD",1112.00,W,N,A,-,N,,,,,,,,,,Y,4,0,5,3,A,-,03,22350,,N,C,C,A,A,H,-,A,A,0,,,,,Y,,A,01,0,0,5,0,0,0,0,0,0,"- ","- ",,,"SAN JOAQUIN",TRACY,-121.48058319091797,37.754058837890625
8612658,2018,2018-05-04,3906,2018-04-20,0828,903,,5,5,5,3906,0,0,0,,0,005,"EAST ST","ACACIA ST",105.00,N,N,A,-,N,,,,,,,,,,Y,4,0,1,2,A,-,04,21703,,N,C,C,A,A,H,-,A,D,0,,,,,Y,,A,07,0,0,1,0,0,0,0,0,0,"- ","- ",,,"SAN JOAQUIN",TRACY,-121.42117309570312,37.747280120849609
8618858,2018,2018-05-18,3905,2018-03-29,1605,2775,CIV,4,5,6,3905,0,0,0,,0,,"HARDING WY","PERSHING AV",0.00,,Y,A,-,N,,,,,,,,,,Y,4,0,2,3,A,-,12,21453,A,N,D,C,A,A,H,-,A,A,0,,,,,Y,,A,01,0,0,2,0,0,0,0,0,0,"- ","- ",37.964328765869141,-121.31320190429688,"SAN JOAQUIN",STOCKTON,-121.31331634521484,37.964168548583984
8618906,2018,2018-05-22,3905,2018-04-15,1013,7010,PAR,7,5,6,3905,0,0,0,,0,,"SIERRA NEVADA ST","OAK ST",106.00,S,N,A,-,N,,,,,,,,,,N,4,0,1,3,A,-,06,21755,,F,B,C,A,A,H,-,A,A,0,,,,,Y,,A,01,0,0,1,0,0,0,0,0,0,"- ","- ",37.961479187011719,-121.27436828613281,"SAN JOAQUIN",STOCKTON,-121.2744140625,37.9613037109375