CASE_ID,ACCIDENT_YEAR,PROC_DATE,JURIS,COLLISION_DATE,COLLISION_TIME,OFFICER_ID,REPORTING_DISTRICT,DAY_OF_WEEK,CHP_SHIFT,POPULATION,CNTY_CITY_LOC,SPECIAL_COND,BEAT_TYPE,CHP_BEAT_TYPE,CITY_DIVISION_LAPD,CHP_BEAT_CLASS,BEAT_NUMBER,PRIMARY_RD,SECONDARY_RD,DISTANCE,DIRECTION,INTERSECTION,WEATHER_1,WEATHER_2,STATE_HWY_IND,CALTRANS_COUNTY,CALTRANS_DISTRICT,STATE_ROUTE,ROUTE_SUFFIX,POSTMILE_PREFIX,POSTMILE,LOCATION_TYPE,RAMP_INTERSECTION,SIDE_OF_HWY,TOW_AWAY,COLLISION_SEVERITY,NUMBER_KILLED,NUMBER_INJURED,PARTY_COUNT,PRIMARY_COLL_FACTOR,PCF_CODE_OF_VIOL,PCF_VIOL_CATEGORY,PCF_VIOLATION,PCF_VIOL_SUBSECTION,HIT_AND_RUN,TYPE_OF_COLLISION,MVIW,PED_ACTION,ROAD_SURFACE,ROAD_COND_1,ROAD_COND_2,LIGHTING,CONTROL_DEVICE,CHP_ROAD_TYPE,PEDESTRIAN_ACCIDENT,BICYCLE_ACCIDENT,MOTORCYCLE_ACCIDENT,TRUCK_ACCIDENT,NOT_PRIVATE_PROPERTY,ALCOHOL_INVOLVED,STWD_VEHTYPE_AT_FAULT,CHP_VEHTYPE_AT_FAULT,COUNT_SEVERE_INJ,COUNT_VISIBLE_INJ,COUNT_COMPLAINT_PAIN,COUNT_PED_KILLED,COUNT_PED_INJURED,COUNT_BICYCLIST_KILLED,COUNT_BICYCLIST_INJURED,COUNT_MC_KILLED,COUNT_MC_INJURED,PRIMARY_RAMP,SECONDARY_RAMP,LATITUDE,LONGITUDE,COUNTY,CITY,POINT_X,POINT_Y
8904401,2019,2019-09-04,3905,2019-07-02,1328,2992,BEA,2,5,6,3905,0,0,0,,0,,"LAN ARK DR","HAMMER LN",58.00,N,N,A,-,N,,,,,,,,,,Y,2,0,1,2,A,-,01,23152,A,N,H,E,A,A,H,-,A,D,0,,,,,Y,Y,A,01,1,0,0,0,0,0,0,0,0,"- ","- ",38.021049499511719,-121.30973815917969,"SAN JOAQUIN",STOCKTON,-121.30944061279297,38.021148681640625
8904413,2019,2019-09-03,3905,2019-06-25,0828,2277,CIV,2,5,6,3905,0,0,0,,0,,"LAFAYETTE ST","EL DORADO ST",30.00,W,N,A,-,N,,,,,,,,,,N,4,0,1,2,A,-,03,22350,,N,C,C,A,A,H,-,A,A,0,,,,,Y,,J,48,0,0,1,0,0,0,0,0,0,"- ","- ",37.949798583984375,-121.28900909423828,"SAN JOAQUIN",STOCKTON,-121.28909301757812,37.949810028076172
8910479,2019,2019-10-23,3906,2019-08-13,0809,1634,,2,5,5,3906,0,0,0,,0,005,"EAST ST","E HAMILTON LN",2.00,S,N,A,-,N,,,,,,,,,,N,4,0,1,2,A,-,06,21755,,N,B,C,A,A,H,-,A,A,0,,,,,Y,,A,01,0,0,1,0,0,0,0,0,0,"- ","- ",,,"SAN JOAQUIN",TRACY,-121.421142578125,37.739105224609375
8910495,2019,2020-01-28,3902,2019-07-22,1354,49,,1,5,5,3902,0,0,0,,0,,"RT 12","S MILS AV",441.00,W,N,A,-,Y,SJ,10,12,-,-,15.600,H,-,E,Y,4,0,2,2,A,-,03,22350,,N,C,C,A,A,H,-,A,D,0,,,,,Y,,A,07,0,0,2,0,0,0,0,0,0,"- ","- ",,,"SAN JOAQUIN",LODI,-121.29830932617188,38.115505218505859
8910994,2019,2021-05-24,3905,2019-08-20,1233,,,2,5,6,3905,0,0,0,,0,,"E HAMMER LN","MARANATHA DR",0.00,,Y,A,-,N,,,,,,,,,,Y,1,1,2,3,A,-,12,21453,A,N,D,C,A,A,H,-,A,A,0,,,,,Y,,A,01,2,0,0,0,0,0,0,0,0,"- ","- ",38.021251678466797,-121.26418304443359,"SAN JOAQUIN",STOCKTON,-121.26412200927734,38.021251678466797
8912459,2019,2019-08-19,3903,2019-07-12,1711,3930,,5,5,4,3903,0,0,0,,0,,"MOFFAT BL","WOODWARD AV",1333.00,N,N,A,-,N,,,,,,,,,,Y,3,0,4,3,A,-,08,22107,,N,D,E,A,A,H,-,A,D,0,,,,,Y,,D,22,0,4,0,0,0,0,0,0,0,"- ","- ",37.775970458984375,-121.18357849121094,"SAN JOAQUIN",MANTECA,-121.18699645996094,37.778060913085938
8912475,2019,2019-09-04,3903,2019-07-19,2156,3540,,5,5,4,3903,0,0,0,,0,,"AIRPORT WY","DAISYWOOD DR",1776.00,N,N,A,-,N,,,,,,,,,,Y,3,0,1,2,C,-,18,,,N,A,C,A,A,H,-,D,D,0,,,,,Y,,-,"- ",0,1,0,0,0,0,0,0,0,"- ","- ",37.832099914550781,-121.25428009033203,"SAN JOAQUIN",MANTECA,-121.2540283203125,37.8311767578125
8912479,2019,2019-08-19,3903,2019-07-22,1447,1751,,1,5,4,3903,0,0,0,,0,,"WOODWARD AV","AL FONSECA LN",0.00,,Y,A,-,N,,,,,,,,,,Y,3,0,2,3,A,-,03,22350,,N,C,C,A,A,H,-,A,D,0,,,,,Y,,D,22,0,1,1,0,0,0,0,0,0,"- ","- ",,,"SAN JOAQUIN",MANTECA,-121.23832,37.775691000000002
8916971,2019,2019-09-06,3905,2019-07-23,1243,1312,SEA,2,5,6,3905,0,0,0,,0,,"CHARTER WY","STOCKTON ST",50.00,W,N,A,-,N,,,,,,,,,,N,4,0,3,2,A,-,03,22350,,N,C,C,A,A,H,-,A,A,0,,,,,Y,,D,22,0,0,3,0,0,0,0,0,0,"- ","- ",37.936241149902344,-121.30003356933594,"SAN JOAQUIN",STOCKTON,-121.29998779296875,37.9361572265625
8916991,2019,2019-08-26,3905,2019-07-07,2049,3034,PAR,7,5,6,3905,0,0,0,,0,,"ZEPHYR ST","B ST",0.00,,Y,A,-,N,,,,,,,,,,Y,3,0,5,2,A,-,12,22450,A,F,D,C,A,A,H,-,B,A,0,,,,,Y,,A,01,0,1,4,0,0,0,0,0,0,"- ","- ",37.9168701171875,-121.24848937988281,"SAN JOAQUIN",STOCKTON,-121.24859619140625,37.917030334472656
8917010,2019,2019-08-26,3905,2019-07-28,1328,7035,SEA,7,5,6,3905,0,0,0,,0,,"CAROLYN WESTON BL","GASWELL LN",60.00,E,N,A,-,N,,,,,,,,,,Y,3,0,3,2,A,-,08,22103,,N,D,C,A,A,H,-,A,D,0,,,,,Y,,D,22,0,1,2,0,0,0,0,0,0,"- ","- ",37.913608551025391,-121.31239318847656,"SAN JOAQUIN",STOCKTON,-121.31226348876953,37.913330078125
8917011,2019,2019-08-26,3905,2019-07-18,1125,3410,VAL,4,5,6,3905,0,0,0,,0,,"WEST LN","MARCH LN",43.00,S,N,A,-,N,,,,,,,,,,Y,4,0,1,2,A,-,03,22350,,F,C,C,A,A,H,-,A,A,0,,,,,Y,,B,07,0,0,1,0,0,0,0,0,0,"- ","- ",38.002071380615234,-121.29015350341797,"SAN JOAQUIN",STOCKTON,-121.29080200195312,38.002029418945312
8918365,2019,2019-09-09,3906,2019-08-13,1549,1257,84,2,5,5,3906,0,0,0,,0,003,"BYRON RD",BELCONTE,0.00,,Y,A,-,N,,,,,,,,,,N,3,0,1,2,A,-,05,21650,1,N,D,G,A,A,H,-,A,A,0,,Y,,,Y,,L,04,0,1,0,0,0,0,1,0,0,"- ","- ",,,"SAN JOAQUIN",TRACY,-121.45628356933594,37.742710113525391
8918373,2019,2019-09-09,3906,2019-08-07,0804,10492,,3,5,5,3906,0,0,0,,0,003,"S LAMMERS RD","CAPITAL PARK DR",824.00,N,N,A,-,N,,,,,,,,,,Y,3,0,2,3,A,-,03,22350,,N,C,C,A,A,H,-,A,D,0,,,,,Y,Y,A,01,0,1,1,0,0,0,0,0,0,"- ","- ",,,"SAN JOAQUIN",TRACY,-121.47676849365234,37.736801147460938
8918479,2019,2019-08-29,3902,2019-08-01,1424,CD93,,4,5,5,3902,0,0,0,,0,,"W TRUNER RD","N LOWER SACRAMENTO RD",0.00,,Y,A,-,N,,,,,,,,,,Y,4,0,1,2,A,-,01,23152,A,N,D,C,A,A,H,-,A,A,0,,,,,Y,Y,D,22,0,0,1,0,0,0,0,0,0,"- ","- ",,,"SAN JOAQUIN",LODI,-121.30258000000001,38.145629999999997
8918643,2019,2019-08-22,3902,2019-05-17,1805,RP64,,5,5,5,3902,0,0,0,,0,,"CROSS ST","GRAFFIGNA AV",0.00,,Y,A,-,N,,,,,,,,,,Y,4,0,1,2,A,-,09,21802,A,N,D,C,A,A,H,-,A,A,0,,,,,Y,,A,01,0,0,1,0,0,0,0,0,0,"- ","- ",,,"SAN JOAQUIN",LODI,-121.29222869873047,38.139278411865234
8918674,2019,2019-08-23,3905,2019-07-06,1758,2466,CIV,6,5,6,3905,0,0,0,,0,,"PARK ST","BAKER ST",0.00,,Y,A,-,N,,,,,,,,,,Y,4,0,2,2,A,-,09,21802,A,N,D,C,A,A,H,-,A,A,0,,,,,Y,,A,01,0,0,2,0,0,0,0,0,0,"- ","- ",37.957790374755859,-121.30332946777344,"SAN JOAQUIN",STOCKTON,-121.30342102050781,37.957691192626953
8918678,2019,2020-02-04,3905,2019-07-05,1652,2466,CIV,5,5,6,3905,0,0,0,,0,,"COUNTRY CLUB BL","RT 5",30.00,W,N,A,-,Y,SJ,10,5,-,-,28.416,R,4,S,N,4,0,1,2,A,-,03,22350,,M,C,C,A,A,H,-,A,A,0,,,,,Y,,A,01,0,0,1,0,0,0,0,0,0,"- ",SO,37.964569091796875,-121.33586120605469,"SAN JOAQUIN",STOCKTON,-121.33489990234375,37.962562561035156
8918686,2019,2019-08-23,3902,2019-07-16,0723,CD93,,2,5,5,3902,0,0,0,,0,,"EUREKA AV","N PLEASANT AV",0.00,,Y,A,-,N,,,,,,,,,,Y,4,0,2,2,A,-,09,21803,A,N,D,C,A,A,H,-,A,A,0,,,,,Y,,A,07,0,0,2,0,0,0,0,0,0,"- ","- ",,,"SAN JOAQUIN",LODI,-121.27633666992188,38.144329071044922
8918729,2019,2019-08-26,3905,2019-06-25,1352,2983,CIV,2,5,6,3905,0,0,0,,0,,"PARKERS AL","CENTER ST",0.00,,Y,A,-,N,,,,,,,,,,N,3,0,1,2,A,-,17,21663,,N,H,G,A,A,H,-,A,D,0,,Y,,,Y,,L,04,0,1,0,0,0,0,1,0,0,"- ","- ",37.952011108398438,-121.29093933105469,"SAN JOAQUIN",STOCKTON,-121.29098,37.951979999999999
8918733,2019,2019-08-26,3905,2019-06-15,2130,2529,PAR,6,5,6,3905,0,0,0,,0,,"WEBER AV","PILGRIM ST",0.00,,Y,A,-,N,,,,,,,,,,N,3,0,1,2,A,-,09,21802,A,F,H,G,A,A,H,-,C,A,0,,Y,,,Y,,-,99,0,1,0,0,0,0,1,0,0,"- ","- ",37.956089019775391,-121.27568817138672,"SAN JOAQUIN",STOCKTON,-121.27574920654297,37.956169128417969
8918761,2019,2019-08-26,3902,2019-06-21,1011,58,,5,5,5,3902,0,0,0,,0,,"S SACRAMENTO ST","W LODI AV",19.00,S,N,A,-,N,,,,,,,,,,Y,4,0,1,2,A,-,05,21650,1,N,D,G,A,A,H,-,A,D,0,,Y,,,Y,,L,04,0,0,1,0,0,0,1,0,0,"- ","- ",,,"SAN JOAQUIN",LODI,-121.27259826660156,38.130298614501953
8918908,2019,2019-08-20,3903,2019-07-31,1130,3768,,3,5,4,3903,0,0,0,,0,,"YOSEMITE AV","UNION RD",476.00,E,N,A,-,N,,,,,,,,,,N,4,0,1,4,A,-,03,22350,,N,C,D,A,A,H,-,A,D,0,,,,,Y,,A,01,0,0,1,0,0,0,0,0,0,"- ","- ",37.797210693359375,-121.23503112792969,"SAN JOAQUIN",MANTECA,-121.23326110839844,37.797416687011719
8922955,2019,2019-09-04,3905,2019-08-02,1228,2983,CIV,5,5,6,3905,0,0,0,,0,,"COMMERCE ST","WILLOW ST",98.00,N,N,A,-,N,,,,,,,,,,N,4,0,1,2,A,-,03,22350,,F,C,C,A,A,H,-,A,A,0,,,,,Y,,A,01,0,0,1,0,0,0,0,0,0,"- ","- ",37.966110229492188,-121.29598999023438,"SAN JOAQUIN",STOCKTON,-121.29621887207031,37.966361999511719
8923059,2019,2019-08-26,3905,2019-06-23,0621,3020,BEA,7,5,6,3905,0,0,0,,0,,"DAVIS RD","CHAPARRAL WY",0.00,,Y,A,-,N,,,,,,,,,,Y,4,0,1,1,A,-,08,22107,,N,E,I,A,A,H,-,B,D,0,,,,,Y,Y,A,07,0,0,1,0,0,0,0,0,0,"- ","- ",38.040859222412109,-121.33199310302734,"SAN JOAQUIN",STOCKTON,-121.3319091796875,38.040599822998047
8923071,2019,2019-08-26,3905,2019-06-20,1425,2988,PAR,4,5,6,3905,0,0,0,,0,,"MAIN ST","COURT ST",0.00,,Y,A,-,N,,,,,,,,,,N,4,0,2,2,A,-,09,21802,A,N,D,C,A,A,H,-,A,A,0,,,,,Y,,A,07,0,0,2,0,0,0,0,0,0,"- ","- ",37.955059051513672,-121.25975036621094,"SAN JOAQUIN",STOCKTON,-121.25974273681641,37.955238342285156
8923121,2019,2019-09-17,3905,2019-08-12,0930,3052,LAK,1,5,6,3905,0,0,0,,0,,"GROUSE RUN DR","MARCH LN",0.00,,Y,A,-,N,,,,,,,,,,N,4,0,1,2,A,-,09,21800,A,N,A,C,A,A,H,-,A,A,0,,,,,Y,,A,01,0,0,1,0,0,0,0,0,0,"- ","- ",37.987491607666016,-121.32878875732422,"SAN JOAQUIN",STOCKTON,-121.32920837402344,37.987281799316406
8923129,2019,2019-08-29,3905,2019-08-12,1104,3018,PAR,1,5,6,3905,0,0,0,,0,,"B ST","CARPENTER RD",0.00,,Y,A,-,N,,,,,,,,,,Y,4,0,2,2,A,-,03,22350,,N,C,C,A,A,H,-,A,D,0,,,,,Y,,D,22,0,0,2,0,0,0,0,0,0,"- ","- ",37.919670104980469,-121.24958801269531,"SAN JOAQUIN",STOCKTON,-121.24974060058594,37.919841766357422
8923169,2019,2019-09-13,3905,2019-08-06,1234,7035,PAR,2,5,6,3905,0,0,0,,0,,"ARCH AIRPORT RD","B ST",150.00,E,N,A,-,N,,,,,,,,,,Y,4,0,3,3,A,-,03,22350,,N,C,C,A,A,H,-,A,A,0,,,,Y,Y,,F,26,0,0,3,0,0,0,0,0,0,"- ","- ",37.905769348144531,-121.24401092529297,"SAN JOAQUIN",STOCKTON,-121.24357604980469,37.905647277832031
8923226,2019,2019-08-23,3905,2019-07-18,1154,2466,PAR,4,5,6,3905,0,0,0,,0,,"7TH ST","SCRIBNER ST",45.00,W,N,A,-,N,,,,,,,,,,N,4,0,1,1,A,-,08,22107,,N,E,I,A,A,H,-,A,D,0,,,,,Y,,A,01,0,0,1,0,0,0,0,0,0,"- ","- ",37.9345703125,-121.26084899902344,"SAN JOAQUIN",STOCKTON,-121.26068115234375,37.934738159179688
8923231,2019,2019-08-23,3905,2019-07-24,0154,2980,CIV,3,5,6,3905,0,0,0,,0,,"HARDING WY","BAKER ST",0.00,,Y,A,-,N,,,,,,,,,,Y,3,0,1,1,A,-,03,22350,,N,E,I,A,A,H,-,C,D,0,,,,,Y,,A,01,0,1,0,0,0,0,0,0,0,"- ","- ",37.965610504150391,-121.30536651611328,"SAN JOAQUIN",STOCKTON,-121.3055419921875,37.965488433837891
8923233,2019,2019-08-26,3905,2019-07-31,2205,2625,SEA,3,5,6,3905,0,0,0,,0,,"STANISLAUS ST","ANDERSON ST",107.00,S,N,A,-,N,,,,,,,,,,Y,3,0,1,1,A,-,03,22350,,M,E,I,A,A,H,-,A,D,0,,,,,Y,,A,01,0,1,0,0,0,0,0,0,0,"- ","- ",37.944061279296875,-121.27935028076172,"SAN JOAQUIN",STOCKTON,-121.27919006347656,37.943820953369141
8923234,2019,2019-08-23,3905,2019-07-17,2328,2681,CIV,3,5,6,3905,0,0,0,,0,,"EL DORADO ST","HAMPTON ST",107.00,N,N,A,-,N,,,,,,,,,,Y,4,0,2,1,A,-,03,22350,,N,E,I,A,A,H,-,C,D,0,,,,,Y,,A,01,0,0,2,0,0,0,0,0,0,"- ","- ",37.974330902099609,-121.29654693603516,"SAN JOAQUIN",STOCKTON,-121.29700469970703,37.974597930908203
8923239,2019,2019-08-23,3905,2019-07-26,1403,2466,PAR,5,5,6,3905,0,0,0,,0,,"OAK ST","UNION ST",0.00,,Y,A,-,N,,,,,,,,,,N,4,0,3,2,A,-,09,21802,A,N,D,C,A,A,H,-,A,A,0,,,,,Y,,A,01,0,0,3,0,0,0,0,0,0,"- ","- ",37.960838317871094,-121.27828216552734,"SAN JOAQUIN",STOCKTON,-121.27839660644531,37.960918426513672
8923245,2019,2019-08-26,3905,2019-07-28,2227,2927,VAL,7,5,6,3905,0,0,0,,0,,"MARCH LN","BIANCHI RD",0.00,,Y,A,-,N,,,,,,,,,,Y,4,0,1,2,A,-,12,21457,A,F,D,C,A,A,H,-,D,B,0,,,,,Y,,A,08,0,0,1,0,0,0,0,0,0,"- ","- ",38.0035400390625,-121.28412628173828,"SAN JOAQUIN",STOCKTON,-121.28475189208984,38.00347900390625
8923263,2019,2020-01-27,3905,2019-07-28,0010,2772,LAK,7,5,6,3905,0,0,0,,0,,"BENJAMIN HOLT DR","RT 5",0.00,,Y,A,-,Y,SJ,10,5,-,-,31.303,R,4,N,Y,3,0,2,2,A,-,12,21453,A,F,D,C,A,A,H,-,C,A,0,,,,,Y,,A,01,0,1,1,0,0,0,0,0,0,"- ",NF,38.004711151123047,-121.35128784179688,"SAN JOAQUIN",STOCKTON,-121.35035705566406,38.002613067626953
8923277,2019,2019-08-26,3905,2019-07-19,2041,2819,LAK,5,5,6,3905,0,0,0,,0,,"PRECISSI LN","ROSE MARIE LN",0.00,,Y,A,-,N,,,,,,,,,,Y,4,0,1,2,A,-,17,21451,A,N,A,C,A,A,H,-,C,A,0,,,,,Y,,A,01,0,0,1,0,0,0,0,0,0,"- ","- ",37.988269805908203,-121.31434631347656,"SAN JOAQUIN",STOCKTON,-121.31475067138672,37.988090515136719
8923304,2019,2019-09-04,3905,2019-08-01,1600,1323,CIV,4,5,6,3905,0,0,0,,0,,"EL DORADO ST","LAFAYETTE ST",250.00,S,N,A,-,N,,,,,,,,,,N,4,0,1,2,A,-,09,21804,A,F,G,B,F,A,H,-,A,A,0,Y,,,,Y,,A,07,0,0,1,0,1,0,0,0,0,"- ","- ",37.949001312255859,-121.28900146484375,"SAN JOAQUIN",STOCKTON,-121.28881072998047,37.94915771484375
8923312,2019,2019-09-04,3905,2019-08-01,1239,2602,SEA,4,5,6,3905,0,0,0,,0,,"HARRISON ST","CHURCH ST",159.00,N,N,A,-,N,,,,,,,,,,N,3,0,1,2,A,-,05,21202,A,N,H,G,A,A,H,-,A,B,0,,Y,,,Y,,L,04,0,1,0,0,0,0,1,0,0,"- ","- ",37.945999145507812,-121.2969970703125,"SAN JOAQUIN",STOCKTON,-121.29770660400391,37.946697235107422
8923359,2019,2019-08-28,3905,2019-08-05,0022,2915,LAK,1,5,6,3905,0,0,0,,0,,"EL DORADO ST","LORETTA AV",200.00,N,N,A,-,N,,,,,,,,,,Y,3,0,1,1,A,-,03,22350,,N,E,I,A,A,H,-,C,D,0,,,,,Y,,A,07,0,1,0,0,0,0,0,0,0,"- ","- ",38.01416015625,-121.30915832519531,"SAN JOAQUIN",STOCKTON,-121.30918884277344,38.014575958251953
8923719,2019,2019-08-26,3905,2019-06-24,0501,2995,PAR,1,5,6,3905,0,0,0,,0,,"SIERRA NEVADA ST","FREMONT ST",147.00,S,N,A,-,N,,,,,,,,,,N,3,0,1,2,A,-,11,21954,A,N,G,B,D,A,H,-,C,D,0,Y,,,,Y,,N,60,0,1,0,0,1,0,0,0,0,"- ","- ",37.960491180419922,-121.27411651611328,"SAN JOAQUIN",STOCKTON,-121.27413177490234,37.960174560546875
8924312,2019,2019-12-10,3905,2019-08-10,1845,2566,SEA,6,5,6,3905,0,0,0,,0,,"CENTER ST","LAFAYETTE ST",0.00,,Y,A,-,N,,,,,,,,,,Y,4,0,1,2,A,-,12,21453,A,N,D,C,A,A,H,-,A,A,0,,,,,Y,,A,01,0,0,1,0,0,0,0,0,0,"- ","- ",37.949619293212891,-121.29032897949219,"SAN JOAQUIN",STOCKTON,-121.29031372070312,37.949611663818359
8924949,2019,2019-08-27,3905,2019-08-11,0445,2772,,7,5,6,3905,0,0,0,,0,,"HAMMER LN","HOLMAN RD",187.00,W,N,A,-,N,,,,,,,,,,N,2,0,1,2,A,-,10,21950,A,N,G,B,D,A,H,-,C,A,0,Y,,,,Y,,N,60,1,0,0,0,1,0,0,0,0,"- ","- ",38.020980834960938,-121.27191162109375,"SAN JOAQUIN",STOCKTON,-121.27239227294922,38.021263122558594
8926318,2019,2019-09-11,3905,2019-07-10,1618,2466,CIV,3,5,6,3905,0,0,0,,0,,"PACIFIC AV","EUCLID AV",18.00,N,N,A,-,N,,,,,,,,,,N,3,0,1,2,A,-,08,22107,,N,H,G,A,A,H,-,A,D,0,,Y,,,Y,,L,04,0,1,0,0,0,0,1,0,0,"- ","- ",37.979259490966797,-121.30583190917969,"SAN JOAQUIN",STOCKTON,-121.30613708496094,37.979183197021484
8926325,2019,2019-08-23,3905,2019-06-14,2150,3409,SEA,5,5,6,3905,0,0,0,,0,,"EL DORADO ST","LAFAYETTE ST",30.00,S,N,A,-,N,,,,,,,,,,N,4,0,1,2,A,-,03,22350,,F,C,C,A,A,H,-,C,A,0,,,,,Y,,A,07,0,0,1,0,0,0,0,0,0,"- ","- ",37.949798583984375,-121.28900909423828,"SAN JOAQUIN",STOCKTON,-121.28897094726562,37.949748992919922
8926396,2019,2019-09-20,3905,2019-07-16,1314,2529,CIV,2,5,6,3905,0,0,0,,0,0CS,"PARK ST","MADISON ST",0.00,,Y,A,-,N,,,,,,,,,,Y,3,0,2,5,A,-,12,21453,A,N,D,C,A,A,H,-,A,A,0,,,,,Y,,A,01,0,1,1,0,0,0,0,0,0,"- ","- ",37.959060668945312,-121.29550933837891,"SAN JOAQUIN",STOCKTON,-121.29560852050781,37.959030151367188
8926685,2019,2019-08-26,3905,2019-07-10,1017,2719,CIV,3,5,6,3905,0,0,0,,0,,"EL DORADO ST","MARKET ST",0.00,,Y,A,-,N,,,,,,,,,,Y,4,0,1,2,A,-,12,21453,A,N,D,C,A,A,H,-,A,A,0,,,,,Y,,A,01,0,0,1,0,0,0,0,0,0,"- ","- ",37.951728820800781,-121.28951263427734,"SAN JOAQUIN",STOCKTON,-121.28955078125,37.951728820800781
8926694,2019,2019-08-26,3905,2019-07-17,1444,2463,VAL,3,5,6,3905,0,0,0,,0,,"MARCH LN","WEBER RANCH PK",0.00,,Y,A,-,N,,,,,,,,,,Y,3,0,2,2,A,-,12,21453,A,N,D,C,A,A,H,-,A,A,0,,,,,Y,,A,08,0,1,1,0,0,0,0,0,0,"- ","- ",38.002700805664062,-121.28755950927734,"SAN JOAQUIN",STOCKTON,-121.28813934326172,38.002811431884766
8926714,2019,2019-08-26,3905,2019-07-14,1832,2529,SEA,7,5,6,3905,0,0,0,,0,0SE,"EL DORADO ST","8TH ST",115.00,S,N,A,-,N,,,,,,,,,,Y,4,0,1,3,A,-,03,22350,,N,D,E,A,A,H,-,A,A,0,,,,,Y,,A,07,0,0,1,0,0,0,0,0,0,"- ","- ",37.928909301757812,-121.28304290771484,"SAN JOAQUIN",STOCKTON,-121.28285980224609,37.929088592529297
8926718,2019,2019-08-26,3905,2019-07-12,1823,3409,SEA,5,5,6,3905,0,0,0,,0,,"CHURCH ST","EL DORADO ST",0.00,,Y,A,-,N,,,,,,,,,,N,4,0,2,2,A,-,09,21802,A,N,D,C,A,A,H,-,A,A,0,,,,,Y,,A,01,0,0,2,0,0,0,0,0,0,"- ","- ",37.947818756103516,-121.28849029541016,"SAN JOAQUIN",STOCKTON,-121.28845977783203,37.947799682617188
8929866,2019,2019-09-06,3906,2019-08-20,1630,1619,3906,2,5,5,3906,0,0,0,,0,004,"GRANT LINE RD","S LAMMERS RD",1357.00,E,N,A,-,N,,,,,,,,,,Y,4,0,1,3,A,-,03,22350,,N,C,C,A,A,H,-,A,A,0,,,,Y,Y,,F,21,0,0,1,0,0,0,0,0,0,"- ","- ",,,"SAN JOAQUIN",TRACY,-121.47205352783203,37.753997802734375
8932197,2019,2019-09-17,3902,2019-08-20,1342,41,,2,5,5,3902,0,0,0,,0,,"CHESTNUT ST","S SCHOOL ST",0.00,,Y,A,-,N,,,,,,,,,,Y,4,0,1,2,A,-,09,21802,A,N,A,C,A,A,H,-,A,D,0,,,,,Y,,A,01,0,0,1,0,0,0,0,0,0,"- ","- ",,,"SAN JOAQUIN",LODI,-121.27403259277344,38.129291534423828
8932286,2019,2019-09-26,3906,2019-08-30,0749,1441,3906,5,5,5,3906,0,0,0,,0,003,"GOLDEN LEAF LN","CAROL ANN DR",0.00,,Y,A,-,N,,,,,,,,,,N,3,0,1,2,A,-,10,21950,A,N,A,B,B,A,G,-,A,A,0,Y,,,,Y,,A,01,0,1,0,0,1,0,0,0,0,"- ","- ",,,"SAN JOAQUIN",TRACY,-121.456298828125,37.726081848144531
8932930,2019,2019-09-24,3906,2019-09-07,1748,1566,,6,5,5,3906,0,0,0,,0,006,"W CLOVER RD","NORTH TRACY BL",407.00,E,N,A,-,N,,,,,,,,,,N,4,0,1,2,A,-,08,22107,,N,B,C,A,A,H,-,A,A,0,,,,,Y,,-,"- ",0,0,1,0,0,0,0,0,0,"- ","- ",,,"SAN JOAQUIN",TRACY,-121.43365478515625,37.761417388916016
8935775,2019,2019-09-20,3903,2019-08-21,1204,5135,,3,5,4,3903,0,0,0,,0,,"MAIN ST","E OTIS ST",0.00,,Y,A,-,N,,,,,,,,,,N,4,0,1,2,A,-,09,21801,A,N,D,C,A,A,H,-,A,D,0,,,,,Y,,A,01,0,0,1,0,0,0,0,0,0,"- ","- ",,,"SAN JOAQUIN",MANTECA,-121.21647644042969,37.796409606933594
8935791,2019,2019-09-19,3903,2019-08-16,1838,3769,,5,5,4,3903,0,0,0,,0,,"WOODWARD AV","OLEANDER AV",0.00,,Y,A,-,N,,,,,,,,,,Y,4,0,1,1,A,-,03,22350,,N,E,I,A,A,H,-,A,A,0,,,,,Y,,A,01,0,0,1,0,0,0,0,0,0,"- ","- ",37.775508880615234,-121.24323272705078,"SAN JOAQUIN",MANTECA,-121.24311828613281,37.775630950927734
8939301,2019,2019-09-30,3905,2019-05-02,1957,2133,PAR,4,5,6,3905,0,0,0,,0,,"SIERRA NEVADA ST","SONORA ST",225.00,N,N,A,-,N,,,,,,,,,,N,1,1,0,2,A,-,06,21760,C,F,H,G,A,A,H,-,C,A,0,,Y,,,Y,,A,01,0,0,0,0,0,1,0,0,0,"- ","- ",37.951560974121094,-121.27178192138672,"SAN JOAQUIN",STOCKTON,-121.27198791503906,37.952266693115234
8939484,2019,2021-05-28,3903,2019-07-12,1538,3540,,5,5,4,3903,0,0,0,,0,,"SPRECKELS AV","DUPONT CT",0.00,,Y,A,-,N,,,,,,,,,,Y,1,1,1,2,A,-,09,21802,A,N,D,C,A,A,H,-,A,A,0,,,,,Y,,A,01,0,1,0,0,0,0,0,0,0,"- ","- ",37.789459228515625,-121.19734954833984,"SAN JOAQUIN",MANTECA,-121.19728088378906,37.789329528808594
8941506,2019,2019-10-03,3906,2019-09-25,0800,10492,,3,5,5,3906,0,0,0,,0,002,"W SCHULTE RD","AMARETTO DR",27.00,W,N,A,-,N,,,,,,,,,,Y,4,0,1,3,A,-,04,21703,,N,C,C,A,A,H,-,A,D,0,,,,,Y,,D,22,0,0,1,0,0,0,0,0,0,"- ","- ",,,"SAN JOAQUIN",TRACY,-121.42222595214844,37.725128173828125
8942066,2019,2019-10-15,3906,2019-09-28,1610,1566,,6,5,5,3906,0,0,0,,0,004,"GRANT LINE RD","S LAMMERS RD",473.00,W,N,A,-,N,,,,,,,,,,Y,4,0,1,2,A,-,03,22350,,N,C,C,A,A,H,-,A,A,0,,,,,Y,,-,,0,0,1,0,0,0,0,0,0,"- ","- ",,,"SAN JOAQUIN",TRACY,-121.47837829589844,37.754058837890625