CASE_ID,ACCIDENT_YEAR,PROC_DATE,JURIS,COLLISION_DATE,COLLISION_TIME,OFFICER_ID,REPORTING_DISTRICT,DAY_OF_WEEK,CHP_SHIFT,POPULATION,CNTY_CITY_LOC,SPECIAL_COND,BEAT_TYPE,CHP_BEAT_TYPE,CITY_DIVISION_LAPD,CHP_BEAT_CLASS,BEAT_NUMBER,PRIMARY_RD,SECONDARY_RD,DISTANCE,DIRECTION,INTERSECTION,WEATHER_1,WEATHER_2,STATE_HWY_IND,CALTRANS_COUNTY,CALTRANS_DISTRICT,STATE_ROUTE,ROUTE_SUFFIX,POSTMILE_PREFIX,POSTMILE,LOCATION_TYPE,RAMP_INTERSECTION,SIDE_OF_HWY,TOW_AWAY,COLLISION_SEVERITY,NUMBER_KILLED,NUMBER_INJURED,PARTY_COUNT,PRIMARY_COLL_FACTOR,PCF_CODE_OF_VIOL,PCF_VIOL_CATEGORY,PCF_VIOLATION,PCF_VIOL_SUBSECTION,HIT_AND_RUN,TYPE_OF_COLLISION,MVIW,PED_ACTION,ROAD_SURFACE,ROAD_COND_1,ROAD_COND_2,LIGHTING,CONTROL_DEVICE,CHP_ROAD_TYPE,PEDESTRIAN_ACCIDENT,BICYCLE_ACCIDENT,MOTORCYCLE_ACCIDENT,TRUCK_ACCIDENT,NOT_PRIVATE_PROPERTY,ALCOHOL_INVOLVED,STWD_VEHTYPE_AT_FAULT,CHP_VEHTYPE_AT_FAULT,COUNT_SEVERE_INJ,COUNT_VISIBLE_INJ,COUNT_COMPLAINT_PAIN,COUNT_PED_KILLED,COUNT_PED_INJURED,COUNT_BICYCLIST_KILLED,COUNT_BICYCLIST_INJURED,COUNT_MC_KILLED,COUNT_MC_INJURED,PRIMARY_RAMP,SECONDARY_RAMP,LATITUDE,LONGITUDE,COUNTY,CITY,POINT_X,POINT_Y
90843264,2018,2018-10-24,9265,2018-10-17,1552,017405,,3,2,9,3900,0,1,3,,1,061,SR-26,"JACK TONE RD.",1214.00,E,N,A,-,Y,,,26,,,,,,,Y,4,0,1,2,A,-,03,22350,,N,C,C,A,A,H,-,A,D,0,,,,,Y,,D,22,0,0,1,0,0,0,0,0,0,"- ","- ",38.001888275146484,-121.14528656005859,"SAN JOAQUIN",UNINCORPORATED,-121.14528656005859,38.001888275146484
90843553,2018,2018-10-24,9265,2018-10-19,0715,015629,,5,1,9,3900,0,1,1,,2,505,"I-5 S/B","WOODBRIDGE RD",500.00,S,N,A,-,Y,,,,,,,,,,Y,3,0,1,1,A,-,08,22107,,N,E,I,A,A,H,-,A,D,0,,,,,Y,,A,01,0,1,0,0,0,0,0,0,0,"- ","- ",38.095451354980469,-121.23980712890625,"SAN JOAQUIN",UNINCORPORATED,,
90844601,2018,2018-10-25,9266,2018-10-16,1642,015432,,2,2,9,3900,0,2,4,,2,020,"KASSON ROAD","11TH ST",429.00,S,N,A,-,N,,,,,,,,,,Y,4,0,1,2,A,-,03,22350,,N,D,C,A,A,B,D,A,A,0,,,,,Y,,A,01,0,0,1,0,0,0,0,0,0,"- ","- ",37.7523193359375,-121.35032653808594,"SAN JOAQUIN",UNINCORPORATED,-121.35054779052734,37.752361297607422
90844957,2018,2018-10-25,9266,2018-10-23,2310,012723,,2,3,9,3900,0,1,1,,2,014,"I-205 W/B","11TH ST",500.00,E,N,A,-,Y,,,205,,,,,,W,Y,3,0,1,2,A,-,03,22350,,N,C,C,A,A,D,-,D,D,0,,,,,Y,,A,01,0,1,0,0,0,0,0,0,0,"- ","- ",37.742198944091797,-121.49189758300781,"SAN JOAQUIN",UNINCORPORATED,-121.49200439453125,37.742450714111328
90846081,2018,2018-10-26,9265,2018-10-05,0420,019136,,5,3,9,3900,0,1,3,,2,004,"SR-99 S/B","ARMSTRONG RD",5362.00,S,N,B,-,Y,,,99,,,,,,S,Y,4,0,1,2,A,-,01,23152,F,N,D,C,A,A,H,-,D,D,0,,,,,Y,,A,01,0,0,1,0,0,0,0,0,0,"- ","- ",38.079410552978516,-121.26004028320312,"SAN JOAQUIN",UNINCORPORATED,-121.26001739501953,38.079410552978516
90846144,2018,2018-10-26,9265,2018-10-12,0815,016639,,5,1,6,3905,0,1,1,,2,503,"I-5 S/B","COUNTRY CLUB BLVD",500.00,S,N,A,-,Y,,,5,,,,,,S,Y,4,0,2,3,A,-,03,22350,,N,C,C,A,A,H,-,A,D,0,,,,,Y,,A,01,0,0,2,0,0,0,0,0,0,"- ","- ",37.960010528564453,-121.33348846435547,"SAN JOAQUIN",STOCKTON,-121.33352661132812,37.959983825683594
90846808,2018,2018-10-26,9265,2018-10-22,0135,018850,,1,3,9,3900,0,1,3,,2,004,"SR-99 N/B","HAMMER LN",2640.00,S,N,A,-,Y,,,99,,,,,,N,Y,4,0,1,2,A,-,03,22350,,F,C,C,A,A,H,-,C,D,0,,,,,Y,Y,A,01,0,0,1,0,0,0,0,0,0,"- ","- ",38.013671875,-121.25788879394531,"SAN JOAQUIN",UNINCORPORATED,-121.25796508789062,38.013668060302734
90847089,2018,2018-11-07,9266,2018-10-24,0310,013650,,3,3,9,3900,0,2,4,,2,020,"KASSON ROAD","LORENZEN ROAD",4224.00,S,N,A,-,N,,,,,,,,,,Y,4,0,1,1,A,-,08,22107,,N,E,I,A,A,H,-,D,D,0,,,,,Y,,A,07,0,0,1,0,0,0,0,0,0,"- ","- ",37.735309600830078,-121.33424377441406,"SAN JOAQUIN",UNINCORPORATED,-121.31545257568359,37.716629028320312
90847632,2018,2018-10-29,9265,2018-10-22,0255,020513,,1,3,9,3900,0,3,5,,2,090,"WOODBRIDGE RD","DAVIS RD",1840.00,E,N,A,-,N,,,,,,,,,,Y,4,0,1,1,A,-,08,22107,,N,E,I,A,A,H,-,D,D,0,,,,,Y,,A,01,0,0,1,0,0,0,0,0,0,"- ","- ",38.160209655761719,-121.32823181152344,"SAN JOAQUIN",UNINCORPORATED,-121.32832336425781,38.160137176513672
90848742,2018,2018-10-30,9265,2018-10-25,1513,17405,,4,2,6,3905,0,1,3,,1,042,"SR-4 E/B (CROSSTOWN FREEWAY)","FILBERT ST.",41.00,W,N,A,-,Y,,,4,,,,,,E,Y,3,0,1,1,A,-,08,22107,,N,E,I,A,A,H,-,A,D,0,,,,,Y,,A,01,0,1,0,0,0,0,0,0,0,"- ","- ",37.959560394287109,-121.25395202636719,"SAN JOAQUIN",STOCKTON,-121.25394439697266,37.959552764892578
90848878,2018,2018-10-30,9265,2018-10-25,0648,015629,,4,1,6,3905,0,1,1,,2,503,"I-5 S/B","CHARTER WAY",500.00,S,N,A,-,Y,,,,,,,,,,Y,3,0,2,4,A,-,03,22350,,F,C,C,A,A,H,-,A,D,0,,,,,Y,,A,01,0,2,0,0,0,0,0,0,0,"- ","- ",37.560871124267578,-121.17832183837891,"SAN JOAQUIN",STOCKTON,-121.29746246337891,37.935413360595703
90850251,2018,2018-10-31,9265,2018-10-10,1650,019413,,3,2,9,3900,0,2,4,,1,014,"MARIPOSA RD","DODDS RD",0.00,,Y,A,-,N,,,,,,,,,,Y,2,0,1,2,A,-,09,21802,A,N,D,C,A,A,H,-,A,A,0,,,,Y,Y,,A,08,1,0,0,0,0,0,0,0,0,"- ","- ",37.856620788574219,-121.04235076904297,"SAN JOAQUIN",UNINCORPORATED,-121.0423583984375,37.856678009033203
90851869,2018,2018-11-02,9265,2018-10-29,2250,020260,,1,3,9,3900,0,3,5,,2,090,"LOWER SACRAMENTO ROAD S/B","EXTENSION ROAD",0.00,,Y,A,-,N,,,,,,,,,,Y,2,0,1,1,A,-,03,22350,,N,F,I,A,A,H,-,D,D,0,,,Y,,Y,,C,02,1,0,0,0,0,0,0,0,1,"- ","- ",38.975021362304688,-121.30980682373047,"SAN JOAQUIN",UNINCORPORATED,-121.30979919433594,38.097480773925781
90851948,2018,2018-11-02,9266,2018-10-31,0610,018217,,3,1,9,3900,0,1,1,,2,021,"I-580 W/B","MOUNTAIN HOUSE PKWY",10.00,E,N,A,-,Y,,,580,,,,,,W,Y,4,0,1,2,A,-,03,22350,,N,C,C,A,A,H,-,D,D,0,,,,,Y,,A,01,0,0,1,0,0,0,0,0,0,"- ","- ",37.719779968261719,-121.53533172607422,"SAN JOAQUIN",UNINCORPORATED,-121.53524780273438,37.719886779785156
90853091,2018,2018-11-05,9265,2018-10-24,0200,018784,,3,3,9,3900,0,3,5,,2,090,"METTLER RD","HAM LN",15.00,E,N,A,-,N,,,,,,,,,,N,3,0,1,1,A,-,01,23152,A,N,E,I,A,A,H,-,C,D,0,,,,,Y,Y,A,01,0,1,0,0,0,0,0,0,0,"- ","- ",38.075550079345703,-121.287353515625,"SAN JOAQUIN",UNINCORPORATED,-121.28737640380859,38.0755615234375
90853137,2018,2018-11-05,9265,2018-10-25,0415,018784,,4,3,6,3905,0,1,1,,2,503,"I-5 S/B","MONTE DIABLO AVE",2640.00,S,N,A,-,Y,,,5,,,,,,S,Y,4,0,3,2,A,-,03,22350,,N,C,C,A,A,H,-,C,D,0,,,,,Y,,A,01,0,0,3,0,0,0,0,0,0,"- ","- ",37.956058502197266,-121.32154846191406,"SAN JOAQUIN",STOCKTON,-121.32155609130859,37.955982208251953
90853692,2018,2018-11-06,9266,2018-11-02,2020,018751,,5,2,9,3900,0,2,4,,2,020,"KASSON ROAD","LORENZEN RD.",20.00,S,N,A,-,N,,,,,,,,,,Y,4,0,1,2,A,-,01,23152,A,N,C,C,A,A,H,-,D,D,0,,,,,Y,Y,A,01,0,0,1,0,0,0,0,0,0,"- ","- ",37.724788665771484,-121.32585906982422,"SAN JOAQUIN",UNINCORPORATED,-121.32576751708984,37.724761962890625
90854078,2018,2018-11-06,9266,2018-10-30,0910,014808,,2,1,5,3906,0,1,1,,2,014,"I-205 W/B","GRANT LINE RD. U/C",1000.00,E,N,B,-,Y,,,205,,,,,,W,Y,2,0,1,2,A,-,03,22350,,N,C,C,A,A,H,-,A,D,0,,,Y,,Y,,C,02,1,0,0,0,0,0,0,0,1,"- ","- ",37.755611419677734,-121.46025085449219,"SAN JOAQUIN",TRACY,-121.460205078125,37.755500793457031
90854438,2018,2018-11-06,9265,2018-10-26,1520,018289,,5,2,9,3900,0,3,5,,2,060,"DUNCAN ROAD","WAGNER LANE",140.00,N,N,A,-,N,,,,,,,,,,Y,4,0,2,2,A,-,03,22350,,N,C,C,A,A,H,-,A,D,0,,,,,Y,,A,01,0,0,2,0,0,0,0,0,0,"- ","- ",37.99114990234375,-121.09420013427734,"SAN JOAQUIN",UNINCORPORATED,-121.09501647949219,37.991092681884766
90854461,2018,2018-11-06,9265,2018-10-26,1209,018767,,5,1,4,3903,0,1,3,,2,001,"SR-99 S/B","YOSEMITE AVE",2640.00,S,N,A,-,Y,,,99,,,,,,S,Y,2,0,2,1,A,-,08,22107,,N,F,A,A,A,H,-,A,D,0,,,,,Y,,A,01,1,0,1,0,0,0,0,0,0,"- ","- ",37.789421081542969,-121.18949890136719,"SAN JOAQUIN",MANTECA,-121.18932342529297,37.789463043212891
90854683,2018,2018-11-07,9265,2018-10-26,1920,018289,,5,2,9,3900,0,3,5,,2,060,"COLLIER ROAD","LINN ROAD",0.00,,Y,A,-,N,,,,,,,,,,Y,4,0,1,1,A,-,01,23152,A,N,E,I,A,A,H,-,D,D,0,,,,,Y,Y,A,07,0,0,1,0,0,0,0,0,0,"- ","- ",38.220508575439453,-121.10671234130859,"SAN JOAQUIN",UNINCORPORATED,-121.10668182373047,38.220451354980469
90855059,2018,2018-11-07,9265,2018-10-28,0815,019307,,7,1,9,3900,0,3,5,,2,060,"ALPINE ROAD","FAIRCHILD ROAD",677.00,N,N,A,-,N,,,,,,,,,,Y,3,0,1,1,A,-,08,22107,,M,E,I,A,A,H,-,A,D,0,,,,,Y,,A,01,0,1,0,0,0,0,0,0,0,"- ","- ",38.009830474853516,-121.20452117919922,"SAN JOAQUIN",UNINCORPORATED,-121.20454406738281,38.009792327880859
90855461,2018,2018-11-07,9266,2018-11-07,0520,018217,,3,3,9,3900,0,1,1,,2,021,"I-580 W/B","CORRAL HOLLOW ROAD",1300.00,E,N,A,-,Y,,,580,,,,,,W,Y,4,0,2,2,A,-,03,22350,,N,C,C,A,A,H,-,D,D,0,,,,,Y,,A,01,0,0,2,0,0,0,0,0,0,"- ","- ",37.670188903808594,-121.45368194580078,"SAN JOAQUIN",UNINCORPORATED,-121.45362854003906,37.670276641845703
90857053,2018,2018-11-09,9266,2018-11-08,1635,018888,,4,2,9,3900,0,1,3,,1,026,SR-132,SR-33,528.00,W,N,A,-,Y,,,132,,,,,,,N,4,0,1,2,A,-,04,21703,,N,C,C,A,A,H,-,A,D,0,,,,,Y,,A,01,0,0,1,0,0,0,0,0,0,"- ","- ",37.638019561767578,-121.29567718505859,"SAN JOAQUIN",UNINCORPORATED,-121.29567718505859,37.638038635253906
90857135,2018,2018-11-09,9265,2018-11-02,0740,015490,,5,1,9,3900,0,1,3,,1,013,SR-4,"DRAIS RD",1056.00,W,N,A,-,Y,,,4,,,,,,,Y,4,0,1,2,A,-,03,22350,,N,C,C,A,A,H,-,A,D,0,,,,,Y,,A,07,0,0,1,0,0,0,0,0,0,"- ","- ",37.935829162597656,-121.08905029296875,"SAN JOAQUIN",UNINCORPORATED,-121.08901977539062,37.935928344726562
90857702,2018,2018-11-12,9265,2018-11-05,1737,017405,,1,2,9,3900,0,1,1,,2,502,"I-5 N/B","MATTHEWS RD.",845.00,S,N,A,-,Y,,,5,,,,,,N,Y,3,0,3,2,A,-,03,22350,,N,C,C,A,A,H,-,A,D,0,,,,,Y,,A,01,0,1,2,0,0,0,0,0,0,"- ","- ",37.879520416259766,-121.27838134765625,"SAN JOAQUIN",UNINCORPORATED,-121.27831268310547,37.879528045654297
90857715,2018,2018-11-12,9266,2018-11-08,1725,014717,,4,2,9,3900,0,1,1,,1,015,"I-205 E/B","TOM PAINE SLOUGH",3000.00,W,N,A,-,Y,,,205,,,,,,E,Y,3,0,4,3,A,-,03,22350,,N,C,C,A,A,H,-,D,D,0,,,,Y,Y,,G,25,0,1,3,0,0,0,0,0,0,"- ","- ",37.764869689941406,-121.35964965820312,"SAN JOAQUIN",UNINCORPORATED,-121.35964965820312,37.764801025390625
90857769,2018,2018-11-12,9265,2018-11-06,0050,020651,,2,3,9,3900,0,1,1,,2,503,"I-5 N/B","FRENCH CAMP RD",2273.00,N,N,A,-,Y,,,5,,,,,,N,Y,4,0,1,1,A,-,08,22107,,N,E,I,A,A,H,-,E,D,0,,,,,Y,,A,01,0,0,1,0,0,0,0,0,0,"- ","- ",37.902721405029297,-121.28545379638672,"SAN JOAQUIN",UNINCORPORATED,-121.28563690185547,37.902652740478516
90857849,2018,2018-11-26,9266,2018-10-27,0710,019012,,6,1,2,3920,0,1,1,,2,024,"I-5 S/B","STEWART ROAD",900.00,S,N,A,-,Y,,,5,,,,,,S,Y,3,0,1,2,A,-,03,22350,,N,C,C,A,A,H,-,A,D,0,,,,,Y,,A,01,0,1,0,0,0,0,0,0,0,"- ","- ",37.777549743652344,-121.31816864013672,"SAN JOAQUIN",LATHROP,-121.31804656982422,37.777378082275391
90859103,2018,2018-11-13,9265,2018-11-09,0545,017123,,5,3,9,3900,0,3,5,,2,030,"B ST","10TH ST",20.00,N,N,A,-,N,,,,,,,,,,Y,3,0,3,2,A,-,03,22350,,N,C,C,A,A,H,-,C,A,0,,,,,Y,,A,01,0,3,0,0,0,0,0,0,0,"- ","- ",37.931728363037109,-121.25446319580078,"SAN JOAQUIN",UNINCORPORATED,-121.42790222167969,37.738563537597656
90859763,2018,2018-11-14,9265,2018-11-11,1840,019128,,7,2,4,3903,0,1,3,,2,025,"SR-120 E/B","AIRPORT WAY",520.00,W,N,B,-,Y,,,120,,,,,,E,Y,4,0,1,2,A,-,03,22350,,N,C,C,A,A,H,-,D,D,0,,,,,Y,,A,07,0,0,1,0,0,0,0,0,0,"- ","- ",37.78302001953125,-121.25412750244141,"SAN JOAQUIN",MANTECA,-121.25412750244141,37.783050537109375
90860868,2018,2018-11-15,9265,2018-11-07,1552,019387,,3,2,2,3920,0,1,1,,2,503,"INTERSTATE 5 NORTHBOUND",SR-120,3696.00,N,N,A,-,Y,,,5,,,,,,N,N,4,0,1,2,A,-,03,22350,,N,C,C,A,A,H,-,A,D,0,,,,,Y,,D,22,0,0,1,0,0,0,0,0,0,"- ","- ",37.797878265380859,-121.30027008056641,"SAN JOAQUIN",LATHROP,-121.30030822753906,37.797889709472656
90862645,2018,2018-11-19,9265,2018-11-15,1340,019795,,4,1,9,3900,0,2,4,,1,051,"MAIN ST","CARROLL AVE",40.00,E,N,A,-,N,,,,,,,,,,Y,4,0,1,2,A,-,03,22350,,N,C,C,A,A,H,-,A,D,0,,,,,Y,,A,01,0,0,1,0,0,0,0,0,0,"- ","- ",37.955211639404297,-121.22918701171875,"SAN JOAQUIN",UNINCORPORATED,-121.22935485839844,37.955204010009766
90862665,2018,2018-11-19,9265,2018-11-15,0305,018694,,4,3,6,3905,0,1,1,,2,503,"I-5 N/B","COUNTRY CLUB BLVD",515.00,S,N,A,-,Y,,,5,,,,,,N,Y,3,0,1,1,A,-,08,22107,,N,E,I,A,A,H,-,D,D,0,,,,,Y,,A,01,0,1,0,0,0,0,0,0,0,"- ","- ",37.963020324707031,-121.33461761474609,"SAN JOAQUIN",STOCKTON,-121.33474731445312,37.962966918945312
90863825,2018,2018-11-20,9266,2018-11-12,0540,012723,,1,3,9,3900,0,1,1,,2,024,"I-5 S/B","STEWART RD U/C",100.00,N,N,A,-,Y,,,,,,,,,,Y,3,0,1,3,A,-,07,21658,,M,C,C,A,A,H,-,C,D,0,,,,,Y,,-,99,0,1,0,0,0,0,0,0,0,"- ","- ",37.377998352050781,-121.31430053710938,"SAN JOAQUIN",UNINCORPORATED,,
90864921,2018,2018-11-21,9265,2018-11-17,0630,017198,,6,1,9,3900,0,2,4,,1,014,"VAN ALLEN RD","MARIPOSA RD",0.00,,Y,A,-,N,,,,,,,,,,Y,2,0,2,2,A,-,12,22450,A,N,D,C,A,A,H,-,B,A,0,,,,,Y,,A,01,1,0,1,0,0,0,0,0,0,"- ","- ",37.862468719482422,-121.05420684814453,"SAN JOAQUIN",UNINCORPORATED,-121.05419921875,37.862430572509766
90865946,2018,2018-11-23,9265,2018-11-20,1738,019073,,2,2,9,3900,0,1,3,,1,042,"SR-4 E/B","UNION ST",135.00,E,N,B,-,Y,,,,,,,,,,N,4,0,1,3,A,-,21,22106,,N,C,C,A,A,H,-,C,D,0,,,,,Y,,A,07,0,0,1,0,0,0,0,0,0,"- ","- ",37.952400207519531,-121.27552795410156,"SAN JOAQUIN",UNINCORPORATED,-121.27559661865234,37.952384948730469
90866339,2018,2018-11-26,9265,2018-11-23,1235,015490,,5,1,9,3900,0,3,5,,2,060,"ALPINE RD","CHEROKEE RD",550.00,S,N,B,-,N,,,,,,,,,,Y,4,0,1,2,A,-,08,22107,,N,D,C,A,B,H,-,A,D,0,,,,,Y,,A,01,0,0,1,0,0,0,0,0,0,"- ","- ",38.024459838867188,-121.21063232421875,"SAN JOAQUIN",UNINCORPORATED,-121.21073150634766,38.024448394775391
90869698,2018,2018-11-28,9265,2018-11-28,0919,017286,,3,1,9,3900,0,1,3,,1,066,SR-26,"DUCK CREEK BRIDGE 29.42",1056.00,E,N,B,-,Y,,,,,,,,,,Y,4,0,1,1,A,-,08,22107,,N,F,A,A,B,H,-,A,D,0,,,,,Y,,A,01,0,0,1,0,0,0,0,0,0,"- ","- ",38.068119049072266,-121.99112701416016,"SAN JOAQUIN",UNINCORPORATED,,
90869950,2018,2018-11-29,9266,2018-11-23,0020,019717,,5,3,9,3900,0,2,4,,1,016,"11TH ST","BIRD ROAD",3168.00,W,N,C,-,Y,,,,,,,,,,Y,4,0,1,1,A,-,03,22350,,N,E,J,A,B,H,-,D,D,0,,,,,Y,,A,01,0,0,1,0,0,0,0,0,0,"- ","- ",37.740100860595703,-121.36930084228516,"SAN JOAQUIN",UNINCORPORATED,-121.36997985839844,37.740184783935547
90870515,2018,2018-11-29,9266,2018-11-28,0730,014808,,3,1,9,3900,0,3,5,,2,003,"GRANT LINE RD.","MOUNAIN HOUSE PARKWAY",0.00,,Y,B,C,N,,,,,,,,,,Y,4,0,1,2,A,-,09,21453,C,N,A,C,A,B,H,-,A,A,0,,,,,Y,,A,01,0,0,1,0,0,0,0,0,0,"- ","- ",37.7593994140625,-121.57158660888672,"SAN JOAQUIN",UNINCORPORATED,-121.53170776367188,37.757949829101562
90870526,2018,2018-11-29,9265,2018-11-26,1700,016854,,1,2,9,3900,0,1,3,,1,063,SR-88,"LIBERTY ROAD",0.00,,Y,B,-,Y,,,88,,,,,,,Y,4,0,1,2,A,-,09,21802,A,N,D,C,A,A,H,-,D,A,0,,,,,Y,,A,01,0,0,1,0,0,0,0,0,0,"- ","- ",38.236000061035156,-121.05106353759766,"SAN JOAQUIN",UNINCORPORATED,-121.05109405517578,38.236026763916016
90870561,2018,2018-11-29,9265,2018-11-27,1130,015490,,2,1,9,3900,0,3,5,,2,050,"SR-99 W FRONTAGE RD","MORELAND ST",528.00,S,N,B,-,N,,,99,,,,,,,Y,4,0,1,1,A,-,08,22107,,N,E,I,A,B,H,-,A,D,0,,,,,Y,,A,01,0,0,1,0,0,0,0,0,0,"- ","- ",38.018608093261719,-121.25871276855469,"SAN JOAQUIN",UNINCORPORATED,-121.25825500488281,38.01861572265625
90870809,2018,2018-11-29,9265,2018-11-28,1705,018289,,3,2,9,3900,0,2,4,,1,091,"ARMSTRONG ROAD","LOWER SACRAMENT ROAD",0.00,,Y,C,-,N,,,,,,,,,,Y,4,0,1,2,A,-,09,21801,A,N,D,C,A,B,H,-,C,A,0,,,,,Y,,A,01,0,0,1,0,0,0,0,0,0,"- ","- ",38.086509704589844,-121.31046295166016,"SAN JOAQUIN",UNINCORPORATED,-121.31044,38.086530000000003
90872195,2018,2018-12-04,9266,2018-11-27,1645,014717,,2,2,9,3900,0,2,4,,2,018,"VON SOSTON ROAD","GRUNAUER ROAD",1500.00,E,N,B,-,N,,,,,,,,,,Y,4,0,1,2,A,-,06,21751,,N,B,C,A,B,H,-,A,D,0,,,,,Y,,A,01,0,0,1,0,0,0,0,0,0,"- ","- ",37.750808715820312,-121.49421691894531,"SAN JOAQUIN",UNINCORPORATED,-121.49436187744141,37.750770568847656
90872861,2018,2018-12-03,9265,2018-11-29,1357,017286,,4,1,3,3904,0,1,3,,2,001,"SR-99 N/B","JACK TONE RD",300.00,S,N,B,C,Y,,,99,,,,,,N,Y,3,0,1,1,A,-,03,22350,,N,F,I,A,B,H,-,A,D,0,,,,,Y,,D,22,0,1,0,0,0,0,0,0,0,"- ","- ",37.751449584960938,-121.13979339599609,"SAN JOAQUIN",RIPON,-121.13990020751953,37.751327514648438
90872865,2018,2018-12-03,9265,2018-11-29,0650,015490,,4,1,9,3900,0,1,3,,2,004,"SR-99 S/B","HARNEY LN",40.00,S,N,B,-,Y,,,99,,,,,,S,Y,4,0,2,3,A,-,03,22350,,N,B,C,A,B,H,-,A,D,0,,,,,Y,,D,22,0,0,2,0,0,0,0,0,0,"- ","- ",38.101509094238281,-121.26024627685547,"SAN JOAQUIN",UNINCORPORATED,-121.26029205322266,38.101509094238281
90874172,2018,2018-12-05,9266,2018-11-29,1140,013866,,4,1,9,3900,0,1,1,,2,014,"I-205 E/B","CORRAL HOLLOW ROAD",528.00,W,N,B,-,Y,,,,,,,,,,Y,3,0,1,2,A,-,07,21658,A,M,F,A,A,A,H,-,A,D,0,,,,Y,Y,,-,99,0,1,0,0,0,0,0,0,0,"- ","- ",37.756328582763672,-121.45741271972656,"SAN JOAQUIN",UNINCORPORATED,-121.45496368408203,37.757316589355469
90874527,2018,2018-12-04,9266,2018-11-30,0430,013650,,5,3,9,3900,0,2,4,,1,023,"CHRISMAN ROAD","CALIFORNIA AQUADUCT",275.00,S,N,A,-,N,,,,,,,,,,N,4,0,1,2,A,-,08,22107,,N,D,C,A,A,H,-,D,D,0,,,Y,,Y,,A,01,0,0,1,0,0,0,0,0,1,"- ","- ",37.640190124511719,-121.39756774902344,"SAN JOAQUIN",UNINCORPORATED,-121.39761300000001,37.640189999999997
9087454,2020,2020-07-06,3903,2020-03-14,1019,2838,3903,6,5,4,3903,0,0,0,,0,002,"SPRECKELS AV","NORMAN DR",544.00,N,N,A,-,N,,,,,,,,,,N,4,0,1,2,A,-,09,21804,A,N,D,C,A,A,H,-,A,D,0,,,,,Y,,A,07,0,0,1,0,0,0,0,0,0,"- ","- ",37.794910430908203,-121.197998046875,"SAN JOAQUIN",MANTECA,-121.19806671142578,37.796310424804688
90875189,2018,2018-12-04,9265,2018-11-23,1400,019128,,5,2,4,3903,0,1,3,,2,025,"SR-120 W/B","AIRPORT WAY",1320.00,W,N,B,C,Y,,,120,,,,,,W,Y,4,0,1,3,A,-,03,22350,,N,C,C,A,B,H,-,A,D,0,,,,Y,Y,,A,01,0,0,1,0,0,0,0,0,0,"- ","- ",37.783168792724609,-121.25746917724609,"SAN JOAQUIN",MANTECA,-121.25746917724609,37.783355712890625
90877365,2018,2018-12-06,9265,2018-07-06,0755,017989,,5,1,9,3900,0,1,3,,1,092,SR-12,"CORREIA RD",1584.00,E,N,B,-,Y,,,12,,,,,,,Y,1,1,0,2,A,-,03,22350,,N,C,C,A,A,H,-,A,D,0,,,,,Y,,A,07,0,0,0,0,0,0,0,0,0,"- ","- ",38.115310668945312,-121.46839904785156,"SAN JOAQUIN",UNINCORPORATED,-121.46839904785156,38.115390777587891
9087828,2020,2020-09-22,3903,2020-04-17,1402,2393,,5,5,4,3903,0,0,0,,0,,"MAIN ST","MISSION RIDGE DR",710.00,S,N,A,-,Y,SJ,10,120,-,R,5.071,R,4,W,N,4,0,1,2,A,-,03,22350,,N,C,C,A,A,H,-,A,D,0,,,,,Y,,A,01,0,0,1,0,0,0,0,0,0,"- ","- ",37.787639617919922,-121.21587371826172,"SAN JOAQUIN",MANTECA,-121.22026062011719,37.783554077148438
90878542,2018,2018-12-10,9265,2018-11-29,1610,015490,,4,2,9,3900,0,3,5,,2,060,"EIGHT MILE RD","DUNCAN RD",1584.00,W,N,B,C,N,,,,,,,,,,Y,3,0,1,1,A,-,01,23152,A,N,F,A,A,B,H,-,A,D,0,,,,,Y,Y,D,22,0,1,0,0,0,0,0,0,0,"- ","- ",38.059520721435547,-121.11016082763672,"SAN JOAQUIN",UNINCORPORATED,-121.10795593261719,38.059638977050781
90878999,2018,2018-12-10,9265,2018-11-30,0330,017537,,5,3,9,3900,0,3,5,,2,020,"AIRPORT WAY","TRAHERN RD",1056.00,S,N,B,-,N,,,,,,,,,,Y,3,0,1,1,C,-,18,,,N,A,H,A,B,H,-,D,D,0,,,,,Y,,-,"- ",0,1,0,0,0,0,0,0,0,"- ","- ",37.049148559570312,-121.23860931396484,"SAN JOAQUIN",UNINCORPORATED,-121.23850250244141,37.703834533691406