CASE_ID,ACCIDENT_YEAR,PROC_DATE,JURIS,COLLISION_DATE,COLLISION_TIME,OFFICER_ID,REPORTING_DISTRICT,DAY_OF_WEEK,CHP_SHIFT,POPULATION,CNTY_CITY_LOC,SPECIAL_COND,BEAT_TYPE,CHP_BEAT_TYPE,CITY_DIVISION_LAPD,CHP_BEAT_CLASS,BEAT_NUMBER,PRIMARY_RD,SECONDARY_RD,DISTANCE,DIRECTION,INTERSECTION,WEATHER_1,WEATHER_2,STATE_HWY_IND,CALTRANS_COUNTY,CALTRANS_DISTRICT,STATE_ROUTE,ROUTE_SUFFIX,POSTMILE_PREFIX,POSTMILE,LOCATION_TYPE,RAMP_INTERSECTION,SIDE_OF_HWY,TOW_AWAY,COLLISION_SEVERITY,NUMBER_KILLED,NUMBER_INJURED,PARTY_COUNT,PRIMARY_COLL_FACTOR,PCF_CODE_OF_VIOL,PCF_VIOL_CATEGORY,PCF_VIOLATION,PCF_VIOL_SUBSECTION,HIT_AND_RUN,TYPE_OF_COLLISION,MVIW,PED_ACTION,ROAD_SURFACE,ROAD_COND_1,ROAD_COND_2,LIGHTING,CONTROL_DEVICE,CHP_ROAD_TYPE,PEDESTRIAN_ACCIDENT,BICYCLE_ACCIDENT,MOTORCYCLE_ACCIDENT,TRUCK_ACCIDENT,NOT_PRIVATE_PROPERTY,ALCOHOL_INVOLVED,STWD_VEHTYPE_AT_FAULT,CHP_VEHTYPE_AT_FAULT,COUNT_SEVERE_INJ,COUNT_VISIBLE_INJ,COUNT_COMPLAINT_PAIN,COUNT_PED_KILLED,COUNT_PED_INJURED,COUNT_BICYCLIST_KILLED,COUNT_BICYCLIST_INJURED,COUNT_MC_KILLED,COUNT_MC_INJURED,PRIMARY_RAMP,SECONDARY_RAMP,LATITUDE,LONGITUDE,COUNTY,CITY,POINT_X,POINT_Y
91321418,2020,2020-10-12,9265,2020-10-10,0340,021625,,6,3,9,3900,0,1,3,,2,006,"SR-99 S/B","ACAMPO RD",193.00,N,N,A,-,Y,,,99,,,,,,S,Y,2,0,3,1,A,-,01,23152,A,F,E,I,A,A,H,-,D,D,0,,,,,Y,Y,A,07,3,0,0,0,0,0,0,0,0,"- ","- ",38.175289154052734,-121.2625732421875,"SAN JOAQUIN",UNINCORPORATED,-121.262451171875,38.17529296875
91321821,2020,2020-10-12,9266,2020-09-20,1753,020083,,7,2,9,3900,0,3,5,,2,002,"LINNE ROAD","BANTA ROAD",570.00,E,N,A,-,N,,,,,,,,,,Y,3,0,2,3,A,-,03,22350,,N,C,C,A,A,H,-,A,D,0,,,,,Y,,A,01,0,1,1,0,0,0,0,0,0,"- ","- ",37.696258544921875,-121.37740325927734,"SAN JOAQUIN",UNINCORPORATED,-121.37782287597656,37.696208953857422
91323569,2020,2020-10-14,9266,2020-10-09,1435,022498,,5,2,9,3900,0,3,5,,2,001,"11TH ST. N/B","GRANT LINE ROAD",355.00,S,N,A,-,N,,,,,,,,,,Y,2,0,1,3,A,-,03,22350,,N,C,C,A,A,H,-,A,D,0,,,,Y,Y,,A,07,1,0,0,0,0,0,0,0,0,"- ","- ",37.450698852539062,-121.21099853515625,"SAN JOAQUIN",UNINCORPORATED,-121.35283660888672,37.752098083496094
91323988,2020,2020-10-14,9266,2020-10-11,2315,021704,,7,3,2,3920,0,1,1,,2,024,"I-5 N/B","STEWART RD U/C",1584.00,S,N,A,-,Y,,,5,,,,,,N,Y,3,0,1,1,A,-,08,22107,,N,F,A,A,A,H,-,C,D,0,,,,,Y,,A,01,0,1,0,0,0,0,0,0,0,"- ","- ",37.776138305664062,-121.31855010986328,"SAN JOAQUIN",LATHROP,-121.31877136230469,37.776462554931641
91324082,2020,2020-10-15,9265,2020-10-04,1815,022134,,7,2,6,3905,0,1,3,,1,042,"SR-4 W/B","AURORA ST",90.00,E,N,A,-,Y,,,4,,,,,,W,Y,2,0,1,1,A,-,08,22107,,N,E,I,A,A,H,-,A,D,0,,,,,Y,,A,01,1,0,0,0,0,0,0,0,0,"- ","- ",37.952289581298828,-121.27812957763672,"SAN JOAQUIN",STOCKTON,-121.27812957763672,37.952278137207031
91324504,2020,2020-10-15,9265,2020-10-06,1708,017439,,2,2,9,3900,0,3,5,,2,010,"E. RIVER RD.","HARROLD AVE.",130.00,W,N,A,-,N,,,,,,,,,,Y,3,0,1,1,A,-,08,22107,,N,E,I,A,A,H,-,A,D,0,,,,,Y,,D,22,0,1,0,0,0,0,0,0,0,"- ","- ",37.762058258056641,-120.96128845214844,"SAN JOAQUIN",UNINCORPORATED,-120.96888732910156,37.762096405029297
91325152,2020,2020-10-16,9266,2020-10-14,1730,018365,,3,2,9,3900,0,1,3,,1,026,"SR-132 E/B","S WELTY RD",1056.00,E,N,A,-,Y,,,132,,,,,,E,N,4,0,1,2,A,-,03,22350,,N,C,C,A,A,H,-,A,D,0,,,,,Y,,D,22,0,0,1,0,0,0,0,0,0,"- ","- ",37.638221740722656,-121.28408813476562,"SAN JOAQUIN",UNINCORPORATED,-121.28408813476562,37.638275146484375
91325370,2020,2020-10-16,9265,2020-10-10,1428,021526,,6,2,9,3900,0,1,3,,2,006,"SR-99 N/B","ACAMPO RD",87.00,S,N,A,-,Y,,,99,,,,,,N,Y,4,0,2,2,A,-,03,22350,,N,C,C,A,A,H,-,A,D,0,,,,,Y,,A,01,0,0,2,0,0,0,0,0,0,"- ","- ",38.174419403076172,-121.26220703125,"SAN JOAQUIN",UNINCORPORATED,-121.26218414306641,38.174419403076172
91326238,2020,2020-10-19,9265,2020-10-11,1350,019885,,7,1,6,3905,0,1,1,,2,503,"I-5 S/B","MONTE DIABLO AVE",1520.00,S,N,A,-,Y,,,5,,,,,,S,N,3,0,1,2,A,-,17,23114,A,N,H,C,A,A,H,-,A,D,0,,,Y,,Y,,D,22,0,1,0,0,0,0,0,0,1,"- ","- ",37.956081390380859,-121.32449340820312,"SAN JOAQUIN",STOCKTON,-121.32449340820312,37.956085205078125
91326589,2020,2020-10-19,9266,2020-10-14,1225,013866,,3,1,9,3900,0,2,4,,1,016,"11TH ST. W/B","BIRD RD.",1460.00,W,N,A,-,N,,,,,,,,,,Y,3,0,2,2,A,-,05,21651,A,N,D,C,A,A,H,-,A,D,0,,,,,Y,,A,01,0,2,0,0,0,0,0,0,0,"- ","- ",37.742919921875,-121.36585235595703,"SAN JOAQUIN",UNINCORPORATED,-121.36548614501953,37.743209838867188
9132803,2020,2020-11-30,3902,2020-07-14,0402,JW102,,2,5,5,3902,0,0,0,,0,,"RT 120","CENTRAL AV",188.00,W,N,A,-,Y,SJ,10,12,-,-,17.660,H,-,E,Y,3,0,1,2,A,-,03,22350,,N,C,E,A,A,H,-,C,D,0,,,,,Y,,A,01,0,1,0,0,0,0,0,0,0,"- ","- ",,,"SAN JOAQUIN",LODI,-121.26560211181641,38.116016387939453
91328060,2020,2020-10-21,9265,2020-10-13,1205,015630,,2,1,9,3900,0,3,5,,2,060,"JACK TONE ROAD","BRANDT ROAD",528.00,S,N,A,-,N,,,,,,,,,,Y,4,0,1,1,A,-,08,22107,,N,E,I,A,A,H,-,A,D,0,,,,,Y,,A,01,0,0,1,0,0,0,0,0,0,"- ","- ",38.084598541259766,-121.09010314941406,"SAN JOAQUIN",UNINCORPORATED,-121.15067291259766,38.145519256591797
91329184,2020,2020-10-22,9265,2020-10-16,1510,013539,,5,2,2,3920,0,1,1,,2,502,"I-5 S/B","LOUISE AVE",2428.00,N,N,A,-,Y,,,5,,,,,,S,N,4,0,4,2,A,-,03,22350,,N,C,C,A,A,H,-,A,D,0,,,,Y,Y,,I,10,0,0,4,0,0,0,0,0,0,"- ","- ",37.818279266357422,-121.29360961914062,"SAN JOAQUIN",LATHROP,-121.29337310791016,37.818191528320312
91329327,2020,2020-10-22,9266,2020-10-16,1230,018217,,5,1,5,3906,0,1,1,,2,014,"I-205 E/B","TRACY BLVD",3168.00,W,N,A,-,Y,,,205,,,,,,E,N,4,0,4,2,A,-,03,22350,,N,C,C,A,A,H,-,A,D,0,,,,,Y,,A,01,0,0,4,0,0,0,0,0,0,"- ","- ",37.760971069335938,-121.44615936279297,"SAN JOAQUIN",TRACY,-121.44613647460938,37.760902404785156
91330244,2020,2020-10-23,9265,2020-10-15,1730,013539,,4,2,9,3900,0,3,5,,2,030,"JANET  ROAD","GALIN ROAD",42.00,S,N,A,-,N,,,,,,,,,,N,3,0,1,1,A,-,08,22107,,N,F,A,A,A,H,-,A,D,0,,,Y,,Y,,C,02,0,1,0,0,0,0,0,0,1,"- ","- ",37.864898681640625,-121.26589965820312,"SAN JOAQUIN",UNINCORPORATED,-121.26591491699219,37.864894866943359
91330298,2020,2020-10-23,9265,2020-10-16,1120,013515,,5,1,9,3900,0,2,4,,1,072,"WEST LANE (SOUTHBOUND)","EIGHT MILE ROAD",135.00,S,N,A,-,N,,,,,,,,,,Y,4,0,1,2,A,-,07,21658,A,N,B,C,A,A,H,-,A,A,0,,,,,Y,,A,01,0,0,1,0,0,0,0,0,0,"- ","- ",38.055740356445312,-121.29625701904297,"SAN JOAQUIN",UNINCORPORATED,-121.29631805419922,38.057090759277344
91330384,2020,2020-10-23,9265,2020-10-17,1326,018511,,6,1,9,3900,0,3,5,,2,060,"HARNEY LN","TULLY RD",1005.00,E,N,A,-,N,,,,,,,,,,Y,3,0,1,2,A,-,03,22350,,N,B,C,A,A,H,-,A,D,0,,,,,Y,,E,22,0,1,0,0,0,0,0,0,0,"- ","- ",38.103000640869141,-121.12071228027344,"SAN JOAQUIN",UNINCORPORATED,-121.12982940673828,38.102767944335938
91331476,2020,2020-10-26,9265,2020-10-17,0018,022123,,6,3,9,3900,0,1,3,,1,092,"SR-12 E/B","MOKELUMNE RIVER",13200.00,E,N,A,-,Y,,,12,,,,,,E,Y,2,0,1,3,A,-,03,22350,,F,G,B,E,A,H,-,D,D,0,Y,,,,Y,Y,-,99,1,0,0,0,1,0,0,0,0,"- ","- ",38.113189697265625,-121.53620147705078,"SAN JOAQUIN",UNINCORPORATED,-121.53620147705078,38.113368988037109
91333128,2020,2020-10-28,9265,2020-10-26,0752,015630,,1,1,6,3905,0,1,3,,2,001,"SR-99 N/B","HAMMER LANE",1373.00,S,N,A,-,Y,,,,,,,,,,Y,4,0,1,2,C,-,18,,,N,B,C,A,A,H,-,A,D,0,,,,,Y,,-,"- ",0,0,1,0,0,0,0,0,0,"- ","- ",38.010200500488281,-121.15280151367188,"SAN JOAQUIN",STOCKTON,-121.25804138183594,38.021099090576172
91333350,2020,2020-10-28,9265,2020-10-19,0540,019182,,1,3,9,3900,0,1,3,,1,066,"SR-26 E/B","FINE RD",1320.00,E,N,A,-,N,,,26,,,,,,E,Y,4,0,1,2,A,-,03,22350,,N,C,C,A,A,H,-,D,D,0,,,,,Y,,A,01,0,0,1,0,0,0,0,0,0,"- ","- ",38.033168792724609,-121.04580688476562,"SAN JOAQUIN",UNINCORPORATED,-121.04582214355469,38.033206939697266
91334107,2020,2020-10-29,9265,2020-10-19,2335,022364,,1,3,9,3900,0,3,5,,2,060,"KETTLEMAN LN","LOCUST TREE RD",3745.00,E,N,A,-,N,,,,,,,,,,Y,3,0,2,2,A,-,01,23152,F,N,A,C,A,A,H,-,D,D,0,,,,,Y,,D,22,0,1,1,0,0,0,0,0,0,"- ","- ",38.116268157958984,-121.18341827392578,"SAN JOAQUIN",UNINCORPORATED,-121.18350982666016,38.116230010986328
91335671,2020,2020-10-30,9265,2020-10-22,1505,018694,,4,2,9,3900,0,1,3,,1,092,SR-12,"PEATLAND RD",1584.00,E,N,A,-,Y,,,12,,,,,,,Y,3,0,1,2,A,-,03,22350,,N,C,C,A,A,H,-,A,D,0,,,,,Y,,A,08,0,1,0,0,0,0,0,0,0,"- ","- ",38.115371704101562,-121.45059967041016,"SAN JOAQUIN",UNINCORPORATED,-121.45059967041016,38.115413665771484
91335813,2020,2020-10-30,9265,2020-10-21,1603,017439,,3,2,9,3900,0,1,3,,2,001,"SR-99 S/B","JACK TONE RD.",1056.00,S,N,A,-,Y,,,99,,,,,,S,Y,3,0,2,2,A,-,03,22350,,N,C,C,A,A,H,-,A,D,0,,,,,Y,,A,01,0,2,0,0,0,0,0,0,0,"- ","- ",37.753360748291016,-121.14347076416016,"SAN JOAQUIN",UNINCORPORATED,-121.14346313476562,37.753379821777344
91336332,2020,2020-11-02,9266,2020-10-28,0750,018217,,3,1,9,3900,0,1,1,,1,015,"I-205 W/B","EL RANCHO ROAD",2112.00,E,N,A,-,Y,,,205,,,,,,W,Y,4,0,2,4,A,-,07,21658,A,N,B,C,A,A,H,-,A,D,0,,,,Y,Y,,D,22,0,0,2,0,0,0,0,0,0,"- ","- ",37.765121459960938,-121.36463928222656,"SAN JOAQUIN",UNINCORPORATED,-121.36463928222656,37.765083312988281
91336908,2020,2020-11-02,9265,2020-10-22,0045,019139,,4,3,9,3900,0,1,1,,2,502,"I-5 N/B","FRENCH CAMP RD",1600.00,S,N,A,-,Y,,,5,,,,,,N,Y,3,0,1,1,A,-,08,22107,,N,F,A,A,A,H,-,C,D,0,,,,,Y,,A,07,0,1,0,0,0,0,0,0,0,"- ","- ",37.892410278320312,-121.28175354003906,"SAN JOAQUIN",UNINCORPORATED,-121.28192138671875,37.892349243164062
91336993,2020,2020-11-02,9265,2020-10-22,1710,013539,,4,2,9,3900,0,3,5,,2,030,"EL DORADO STREET","MATHEWS ROAD",0.00,,Y,A,-,N,,,,,,,,,,N,4,0,1,2,A,-,12,22450,A,N,D,C,A,A,H,-,A,A,0,,,,,Y,,A,08,0,0,1,0,0,0,0,0,0,"- ","- ",37.881870269775391,-121.27626800537109,"SAN JOAQUIN",UNINCORPORATED,-121.27622985839844,37.881820678710938
91337838,2020,2020-11-03,9266,2020-10-29,0650,013650,,4,1,9,3900,0,1,1,,2,024,"I-5 S/B","PARADISE CUT U/C",475.00,N,N,A,-,Y,,,5,,,,,,S,Y,3,0,3,3,A,-,07,21658,A,N,B,C,A,A,H,-,D,D,0,,,,,Y,,A,01,0,3,0,0,0,0,0,0,0,"- ","- ",37.771541595458984,-121.3260498046875,"SAN JOAQUIN",UNINCORPORATED,-121.32605743408203,37.771553039550781
91337917,2020,2020-11-03,9266,2020-10-31,1640,022498,,6,2,5,3906,0,1,1,,2,014,"I-205 E/B","HOLLY DR",1150.00,W,N,A,-,Y,,,,,,,,,,Y,3,0,3,3,A,-,03,22350,,N,C,C,A,A,H,-,A,D,0,,,,,Y,,A,01,0,1,2,0,0,0,0,0,0,"- ","- ",37.454601287841797,-121.25479888916016,"SAN JOAQUIN",TRACY,-121.42990875244141,37.7628173828125
91338162,2020,2020-11-03,9265,2020-10-25,1655,019413,,7,2,3,3904,0,1,3,,2,001,"SR-99 N/B","MAIN ST",381.00,N,N,A,-,Y,,,99,,,,,,N,Y,4,0,2,2,A,-,03,22350,,N,C,C,A,A,H,-,A,D,0,,,,,Y,,A,07,0,0,2,0,0,0,0,0,0,"- ","- ",37.740509033203125,-121.12229919433594,"SAN JOAQUIN",RIPON,-121.12232208251953,37.740474700927734
91338299,2020,2020-11-03,9265,2020-10-26,1100,015630,,1,1,9,3900,0,3,5,,2,060,"JACK TONE ROAD","BAKER ROAD",0.00,,Y,A,-,N,,,,,,,,,,N,4,0,1,2,A,-,09,21800,A,N,D,C,A,A,H,-,A,A,0,,,,,Y,,D,22,0,0,1,0,0,0,0,0,0,"- ","- ",38.014499664306641,-121.08999633789062,"SAN JOAQUIN",UNINCORPORATED,-121.15020751953125,38.029331207275391
91338573,2020,2020-11-03,9265,2020-10-28,0000,017989,,3,3,9,3900,0,3,5,,2,090,"HARNEY LN","N. EXTENSION RD",1584.00,W,N,A,-,N,,,,,,,,,,Y,4,0,1,1,A,-,08,22107,,M,E,I,A,A,H,-,D,D,0,,,,,Y,,A,01,0,0,1,0,0,0,0,0,0,"- ","- ",38.101001739501953,-121.31558227539062,"SAN JOAQUIN",UNINCORPORATED,-121.31553649902344,38.101081848144531
91339056,2020,2020-11-04,9265,2020-10-17,0140,018784,,6,3,9,3900,0,1,1,,2,504,"I-5 N/B TO BENJAMIN HOLT DR","BENJAMIN HOLT DR",250.00,N,N,A,-,Y,,,5,,,,R,,N,Y,2,0,1,2,A,-,01,23152,A,F,C,C,A,A,H,-,D,D,0,,,,,Y,Y,A,01,1,0,0,0,0,0,0,0,0,"- ","- ",38.004138946533203,-121.35056304931641,"SAN JOAQUIN",UNINCORPORATED,-121.35056304931641,38.004138946533203
91340201,2020,2020-11-05,9265,2020-11-02,1008,018836,,1,1,6,3905,0,1,3,,2,004,"SR-99 N/B","HAMMER LN",2165.00,S,N,A,-,Y,,,,,,,,,,Y,4,0,1,2,A,-,07,21658,A,M,E,I,A,A,H,-,A,D,0,,,,,Y,,A,01,0,0,1,0,0,0,0,0,0,"- ","- ",38.015041351318359,-121.25808715820312,"SAN JOAQUIN",STOCKTON,-121.25804138183594,38.021099090576172
91340293,2020,2020-11-05,9266,2020-11-01,1845,022498,,7,2,9,3900,0,1,1,,1,015,"I-205 E/B","CANAL BLVD",1170.00,E,N,A,-,Y,,,,,,,,,,N,4,0,2,2,A,-,03,22350,,N,C,C,A,A,H,-,D,D,0,,,,,Y,,A,07,0,0,2,0,0,0,0,0,0,"- ","- ",37.455699920654297,-121.20390319824219,"SAN JOAQUIN",UNINCORPORATED,-121.34444427490234,37.765830993652344
91340778,2020,2020-11-06,9265,2020-11-01,0035,018784,,7,3,9,3900,0,1,1,,2,503,"I-5 S/B","CHARTER WAY",2640.00,N,N,A,-,Y,,,,,,,,,,Y,2,0,1,1,A,-,01,23152,A,N,E,I,A,A,H,-,D,D,0,,,,,Y,Y,A,01,1,0,0,0,0,0,0,0,0,"- ","- ",37.946620941162109,-121.29955291748047,"SAN JOAQUIN",UNINCORPORATED,,
91341188,2020,2020-11-06,9265,2020-11-05,0420,018784,,4,3,9,3900,0,2,4,,1,065,"ASHLEY LN","LELAND WAY",162.00,W,N,A,-,N,,,,,,,,,,Y,3,0,1,1,A,-,08,22107,,N,E,I,A,A,H,-,D,D,0,,,,,Y,,A,01,0,1,0,0,0,0,0,0,0,"- ","- ",38.042739868164062,-121.24153900146484,"SAN JOAQUIN",UNINCORPORATED,-121.25148010253906,38.042778015136719
91341319,2020,2020-11-06,9265,2020-09-04,2240,022123,,5,3,9,3900,0,2,4,,1,082,"PRINCETON AVE.","PLYMOUTH RD.",0.00,,Y,A,-,N,,,,,,,,,,N,1,1,0,2,A,-,01,23152,A,F,H,A,A,A,H,-,C,A,0,,,,,Y,Y,A,01,0,0,0,0,0,0,0,0,0,"- ","- ",37.971969604492188,-121.33785247802734,"SAN JOAQUIN",UNINCORPORATED,-121.33782958984375,37.972091674804688
91342679,2020,2020-11-10,9265,2020-11-06,1752,022365,,5,2,9,3900,0,3,5,,2,060,"ARMSTRONG RD","MUNDY RD",0.00,,Y,A,-,N,,,,,,,,,,Y,4,0,1,2,A,-,09,21802,A,N,D,C,A,A,H,-,B,A,0,,,,,Y,,A,01,0,0,1,0,0,0,0,0,0,"- ","- ",38.086841583251953,-121.25007629394531,"SAN JOAQUIN",UNINCORPORATED,-121.25005340576172,38.086811065673828
91342890,2020,2020-11-10,9265,2020-11-06,1740,020513,,5,2,6,3905,0,1,1,,2,503,"I-5 N/B","8TH ST",200.00,S,N,A,-,Y,,,5,,,,,,N,Y,4,0,1,3,A,-,03,22350,,N,C,C,A,A,H,-,D,D,0,,,,,Y,,A,01,0,0,1,0,0,0,0,0,0,"- ","- ",37.936111450195312,-121.29756164550781,"SAN JOAQUIN",STOCKTON,-121.29730224609375,37.936153411865234
91343069,2020,2020-11-10,9265,2020-11-08,1757,017439,,7,2,4,3903,0,1,3,,2,025,"SR-120 E/B","MOFFAT BLVD",200.00,W,N,A,-,Y,,,120,,,,,,E,N,3,0,1,2,A,-,03,22350,,N,C,C,A,A,H,-,A,D,0,,,,,Y,,A,07,0,1,0,0,0,0,0,0,0,"- ","- ",37.783180236816406,-121.19606781005859,"SAN JOAQUIN",MANTECA,-121.19606781005859,37.783199310302734
9134405,2020,2020-10-14,3906,2020-07-31,0714,1184,56,5,5,5,3906,0,0,0,,0,002,"VALPICO RD","ELISSAGARAY DR",100.00,E,N,A,-,N,,,,,,,,,,Y,4,0,1,2,A,-,09,21801,,N,-,A,A,A,H,-,A,D,0,,,Y,,Y,,D,22,0,0,1,0,0,0,0,0,1,"- ","- ",,,"SAN JOAQUIN",TRACY,-121.40342712402344,37.710651397705078
91344096,2020,2020-11-12,9265,2020-11-03,1651,017439,,2,2,9,3900,0,3,5,,2,020,"FRENCH CAMP RD","AIRPORT WAY",2112.00,W,N,A,-,N,,,,,,,,,,Y,3,0,2,2,A,-,01,23152,A,N,C,C,A,A,H,-,B,D,0,,,,,Y,Y,D,22,0,2,0,0,0,0,0,0,0,"- ","- ",37.875530242919922,-121.25641632080078,"SAN JOAQUIN",UNINCORPORATED,-121.25357055664062,37.873691558837891
91346092,2020,2020-11-16,9266,2020-10-30,1750,020083,,5,2,9,3900,0,1,3,,1,026,"SR-132 W/B","KOSTER ROAD",0.00,,Y,A,-,Y,,,132,,,,,,W,Y,3,0,2,2,A,-,09,21801,A,N,A,C,A,A,H,-,A,D,0,,,,,Y,,A,01,0,1,1,0,0,0,0,0,0,"- ","- ",37.638008117675781,-121.32437133789062,"SAN JOAQUIN",UNINCORPORATED,-121.32437133789062,37.638057708740234
91347245,2020,2020-11-17,9265,2020-10-16,1015,016382,,5,1,9,3900,0,2,4,,1,024,"AIRPORT WAY","DIVISION RD",903.00,N,N,A,-,N,,,,,,,,,,Y,1,1,1,2,A,-,01,23152,F,N,A,C,A,A,H,-,A,D,0,,,Y,Y,Y,,C,02,0,1,0,0,0,0,0,1,0,"- ","- ",37.690059661865234,-121.24748992919922,"SAN JOAQUIN",UNINCORPORATED,-121.24760437011719,37.689929962158203
91347767,2020,2020-11-18,9265,2020-11-12,1658,017439,,4,2,3,3904,0,1,3,,2,001,"SR-99 S/B","JACK TONE RD.",1056.00,N,N,A,-,Y,,,99,,,,,,S,N,3,0,2,4,A,-,03,22350,,N,C,C,A,A,H,-,A,D,0,,,,,Y,,D,22,0,2,0,0,0,0,0,0,0,"- ","- ",37.753959655761719,-121.14473724365234,"SAN JOAQUIN",RIPON,-121.144775390625,37.753868103027344
91347928,2020,2020-11-18,9266,2020-11-06,2300,020599,,5,3,9,3900,0,2,4,,1,016,"11TH ST E/B","LOVELY ROAD",188.00,E,N,A,-,N,,,,,,,,,,Y,3,0,1,1,A,-,08,22107,,M,E,I,A,A,H,-,D,D,0,,,,,Y,,A,01,0,1,0,0,0,0,0,0,0,"- ","- ",37.740509033203125,-121.36853790283203,"SAN JOAQUIN",UNINCORPORATED,-121.37052917480469,37.739826202392578
91348629,2020,2020-11-19,9265,2020-11-15,1754,017439,,7,2,9,3900,0,1,3,,1,016,"SR-120 E/B","BEELER RD.",35.00,E,N,A,-,Y,,,,,,,,,,Y,3,0,3,2,A,-,03,22350,,N,C,C,A,A,H,-,A,D,0,,,,,Y,,A,01,0,3,0,0,0,0,0,0,0,"- ","- ",37.774311065673828,-121.17855834960938,"SAN JOAQUIN",UNINCORPORATED,-121.02179718017578,37.798580169677734
91356012,2020,2020-12-01,9265,2020-11-24,2341,015756,,2,3,6,3905,0,1,3,,2,003,"SR-99 N/B TO FREMONT ST.","FREMONT ST",271.00,S,N,A,-,Y,,,,,,,,,,Y,2,0,1,1,A,-,01,23152,A,N,E,I,A,A,H,-,C,D,0,,,,,Y,Y,A,01,1,0,0,0,0,0,0,0,0,"- ","- ",37.969470977783203,-121.24466705322266,"SAN JOAQUIN",STOCKTON,-121.24565887451172,37.969921112060547
91360107,2020,2020-12-07,9266,2020-11-24,2020,018751,,2,2,9,3900,0,1,1,,2,014,"I-205 E/B","TRACY BLVD",1050.00,W,N,A,-,Y,,,205,,,,,,E,Y,3,0,3,2,A,-,08,22107,,N,E,I,A,A,H,-,D,D,0,,,,Y,Y,,A,01,0,2,1,0,0,0,0,0,0,"- ","- ",37.762660980224609,-121.43885040283203,"SAN JOAQUIN",UNINCORPORATED,-121.43885803222656,37.762763977050781
91360221,2020,2020-12-07,9265,2020-11-17,2205,019139,,2,3,6,3905,0,1,3,,2,003,"SR-99 N/B","ARCH RD",35.00,N,N,C,-,Y,,,99,,,,,,N,Y,2,0,1,2,A,-,11,21950,B,N,G,B,B,B,H,-,C,A,0,Y,,,,Y,,N,60,1,0,0,0,1,0,0,0,0,"- ","- ",37.905200958251953,-121.22206878662109,"SAN JOAQUIN",STOCKTON,-121.222069,37.905200999999998
91360383,2020,2020-12-07,9265,2020-11-24,1720,019413,,2,2,9,3900,0,3,5,,2,010,"VAN ALLEN RD","LONE TREE RD",2746.00,N,N,A,-,N,,,,,,,,,,Y,3,0,1,2,C,-,18,,,N,G,B,E,A,H,-,D,D,0,Y,,,,Y,,-,"- ",0,1,0,0,1,0,0,0,0,"- ","- ",37.834941864013672,-121.05332946777344,"SAN JOAQUIN",UNINCORPORATED,-121.05331420898438,37.834999084472656
91360464,2020,2020-12-07,9265,2020-11-30,1110,019182,,1,1,9,3900,0,1,3,,1,011,SR-120,"BRENNAN RD",0.00,,Y,A,-,Y,,,120,,,,,,,N,3,0,1,2,A,-,08,22107,,N,B,G,A,A,H,-,A,D,0,,Y,,Y,Y,,G,25,0,1,0,0,0,0,1,0,0,"- ","- ",37.798561096191406,-121.01497650146484,"SAN JOAQUIN",UNINCORPORATED,-121.01497650146484,37.798564910888672
91361204,2020,2020-12-08,9265,2020-12-07,1025,017405,,1,1,2,3920,0,1,1,,2,502,"I-5 S/B","LATHROP RD.",2904.00,N,N,A,-,Y,,,5,,,,,,S,Y,4,0,3,2,A,-,03,22350,,N,C,C,A,A,H,-,A,D,0,,,,,Y,,A,01,0,0,3,0,0,0,0,0,0,"- ","- ",37.834171295166016,-121.28729248046875,"SAN JOAQUIN",LATHROP,-121.28730773925781,37.834175109863281
91363006,2020,2020-12-10,9265,2020-11-18,1832,018289,,3,2,9,3900,0,1,3,,2,003,"STATE ROUTE 99 SOUTHBOUND","GOLDEN GATE AVENUE",1531.00,S,N,B,-,Y,,,99,,,,,,S,Y,3,0,1,1,A,-,01,23152,A,N,F,I,A,A,D,-,D,D,0,,,,,Y,Y,A,01,0,1,0,0,0,0,0,0,0,"- ","- ",37.939830780029297,-121.23500061035156,"SAN JOAQUIN",UNINCORPORATED,-121.23489379882812,37.939846038818359
91363253,2020,2020-12-10,9265,2020-12-08,0630,017123,,2,1,6,3905,0,1,1,,2,503,"I-5 N/B","COUNTRY CLUB BLVD",520.00,S,N,A,-,Y,,,5,,,,,,N,Y,3,0,1,2,A,-,07,21658,A,N,B,C,A,A,H,-,C,D,0,,,,Y,Y,,-,"- ",0,1,0,0,0,0,0,0,0,"- ","- ",37.963001251220703,-121.33470153808594,"SAN JOAQUIN",STOCKTON,-121.33475494384766,37.962978363037109
91363285,2020,2020-12-10,9265,2020-12-09,1044,017405,,3,1,9,3900,0,3,5,,2,080,"MIDDLEFIELD AVE.","PERSHING AVE.",319.00,W,N,A,-,N,,,,,,,,,,N,4,0,1,2,A,-,08,22107,,N,B,E,A,A,H,-,A,D,0,,,,,Y,,A,01,0,0,1,0,0,0,0,0,0,"- ","- ",37.967658996582031,-121.31571960449219,"SAN JOAQUIN",UNINCORPORATED,-121.31564331054688,37.967708587646484