CASE_ID,ACCIDENT_YEAR,PROC_DATE,JURIS,COLLISION_DATE,COLLISION_TIME,OFFICER_ID,REPORTING_DISTRICT,DAY_OF_WEEK,CHP_SHIFT,POPULATION,CNTY_CITY_LOC,SPECIAL_COND,BEAT_TYPE,CHP_BEAT_TYPE,CITY_DIVISION_LAPD,CHP_BEAT_CLASS,BEAT_NUMBER,PRIMARY_RD,SECONDARY_RD,DISTANCE,DIRECTION,INTERSECTION,WEATHER_1,WEATHER_2,STATE_HWY_IND,CALTRANS_COUNTY,CALTRANS_DISTRICT,STATE_ROUTE,ROUTE_SUFFIX,POSTMILE_PREFIX,POSTMILE,LOCATION_TYPE,RAMP_INTERSECTION,SIDE_OF_HWY,TOW_AWAY,COLLISION_SEVERITY,NUMBER_KILLED,NUMBER_INJURED,PARTY_COUNT,PRIMARY_COLL_FACTOR,PCF_CODE_OF_VIOL,PCF_VIOL_CATEGORY,PCF_VIOLATION,PCF_VIOL_SUBSECTION,HIT_AND_RUN,TYPE_OF_COLLISION,MVIW,PED_ACTION,ROAD_SURFACE,ROAD_COND_1,ROAD_COND_2,LIGHTING,CONTROL_DEVICE,CHP_ROAD_TYPE,PEDESTRIAN_ACCIDENT,BICYCLE_ACCIDENT,MOTORCYCLE_ACCIDENT,TRUCK_ACCIDENT,NOT_PRIVATE_PROPERTY,ALCOHOL_INVOLVED,STWD_VEHTYPE_AT_FAULT,CHP_VEHTYPE_AT_FAULT,COUNT_SEVERE_INJ,COUNT_VISIBLE_INJ,COUNT_COMPLAINT_PAIN,COUNT_PED_KILLED,COUNT_PED_INJURED,COUNT_BICYCLIST_KILLED,COUNT_BICYCLIST_INJURED,COUNT_MC_KILLED,COUNT_MC_INJURED,PRIMARY_RAMP,SECONDARY_RAMP,LATITUDE,LONGITUDE,COUNTY,CITY,POINT_X,POINT_Y
91363443,2020,2020-12-10,9266,2020-12-08,2328,019717,,2,3,9,3900,0,1,1,,1,015,"I-205 W/B","CANAL BLVD",2112.00,E,N,A,-,Y,,,205,,,,,,W,Y,4,0,1,2,A,-,03,22350,,N,C,C,A,A,H,-,D,D,0,,,,,Y,,A,01,0,0,1,0,0,0,0,0,0,"- ","- ",37.766441345214844,-121.34130096435547,"SAN JOAQUIN",UNINCORPORATED,-121.34129333496094,37.766407012939453
91364300,2020,2020-12-11,9265,2020-12-11,0650,017123,,5,1,6,3905,0,1,1,,2,503,"I-5 S/B","ALPINE AVE",900.00,N,N,B,-,Y,,,,,,,,,,Y,3,0,1,1,A,-,08,22107,,N,E,I,A,A,H,-,B,D,0,,,,,Y,,A,01,0,1,0,0,0,0,0,0,0,"- ","- ",37.972759246826172,-121.39134979248047,"SAN JOAQUIN",STOCKTON,,
91364533,2020,2020-12-11,9265,2020-11-10,0712,015630,,2,1,9,3900,0,2,4,,1,014,"JACK TONE ROAD","MARIPOSA ROAD",10.00,S,N,A,-,N,,,,,,,,,,Y,1,1,0,2,A,-,12,22450,A,N,D,C,A,A,H,-,A,A,0,,,,Y,Y,,A,01,0,0,0,0,0,0,0,0,0,"- ","- ",37.541801452636719,-121.08499908447266,"SAN JOAQUIN",UNINCORPORATED,-121.14730072021484,37.905002593994141
91366627,2020,2020-12-14,9265,2020-12-14,0645,015490,,1,1,9,3900,0,1,3,,2,003,"SR-99 S/B","FREMONT ST.",500.00,S,N,A,-,Y,,,99,,,,,,S,Y,4,0,1,1,A,-,08,22107,,N,F,A,A,B,H,-,D,D,0,,,,,Y,,A,01,0,0,1,0,0,0,0,0,0,"- ","- ",37.968818664550781,-121.24553680419922,"SAN JOAQUIN",UNINCORPORATED,-121.24547576904297,37.968845367431641
91366876,2020,2020-12-14,9265,2020-12-11,0643,018511,,5,1,9,3900,0,1,3,,2,006,"SR-99 N/B","TURNER RD",2651.00,N,N,B,-,Y,,,99,,,,,,N,Y,4,0,1,2,A,-,03,22350,,N,C,C,A,A,H,-,C,D,0,,,,,Y,,D,22,0,0,1,0,0,0,0,0,0,"- ","- ",38.153030395507812,-121.2613525390625,"SAN JOAQUIN",UNINCORPORATED,-121.26136016845703,38.153030395507812
91367412,2020,2020-12-15,9265,2020-12-11,1355,018850,,5,1,9,3900,0,1,3,,1,061,"SR-26 E/B","SR-99 N/B TO SR-26",76.00,E,N,B,-,Y,,,26,,,,,,E,Y,4,0,1,1,A,-,03,22350,,N,F,A,A,A,H,-,A,D,0,,,,Y,Y,,G,25,0,0,1,0,0,0,0,0,0,"- ","- ",37.970489501953125,-121.24436950683594,"SAN JOAQUIN",UNINCORPORATED,-121.24437713623047,37.970497131347656
91368457,2020,2020-12-16,9266,2020-12-13,1800,018751,,7,2,9,3900,0,3,5,,2,002,"DURHAM FERRY ROAD","KASSON ROAD",0.00,,Y,C,-,N,,,,,,,,,,N,4,0,1,2,A,-,09,21802,A,N,B,C,A,B,H,-,D,D,0,,,,,Y,,A,01,0,0,1,0,0,0,0,0,0,"- ","- ",37.672248840332031,-121.27292633056641,"SAN JOAQUIN",UNINCORPORATED,-121.27284240722656,37.672248840332031
91373369,2020,2020-12-22,9266,2020-12-17,0600,013668,,4,1,9,3900,0,1,1,,2,021,"I-580 W/B","PATTERSON PASS ROAD",4224.00,W,N,B,C,Y,,,580,,,,,,W,Y,3,0,1,3,A,-,03,22350,,N,C,C,A,B,H,-,D,D,0,,,,Y,Y,,G,25,0,1,0,0,0,0,0,0,0,"- ","- ",37.728431701660156,-121.54505157470703,"SAN JOAQUIN",UNINCORPORATED,-121.54499816894531,37.728488922119141
91374019,2020,2020-12-23,9265,2020-12-14,1315,017989,,1,1,9,3900,0,2,4,,1,093,"DAVIS RD","LARSON RD",1584.00,N,N,A,-,N,,,,,,,,,,Y,4,0,3,2,A,-,03,22350,,N,C,C,A,A,H,-,A,D,0,,,,,Y,,A,07,0,0,3,0,0,0,0,0,0,"- ","- ",38.116828918457031,-121.55937957763672,"SAN JOAQUIN",UNINCORPORATED,-121.33420562744141,38.124500274658203
91374359,2020,2020-12-23,9265,2020-12-18,2305,021401,,5,3,9,3900,0,2,4,,1,093,"THORNTON RD","DEVRIES RD",0.00,,Y,E,-,N,,,,,,,,,,Y,2,0,3,2,A,-,12,22450,A,N,D,C,A,A,H,-,D,A,0,,,,,Y,,D,22,1,0,2,0,0,0,0,0,0,"- ","- ",38.074901580810547,-121.35272216796875,"SAN JOAQUIN",UNINCORPORATED,-121.352783203125,38.0748291015625
91379777,2020,2021-01-04,9265,2020-12-12,1900,022155,,6,2,9,3900,0,3,5,,2,050,"REPORT AVE","HARDING WAY",603.00,S,N,A,-,N,,,,,,,,,,Y,2,0,2,1,A,-,03,22350,,N,E,I,A,A,H,-,D,D,0,,,,,Y,,A,01,1,1,0,0,0,0,0,0,0,"- ","- ",37.974090576171875,-121.25135040283203,"SAN JOAQUIN",UNINCORPORATED,-121.2513427734375,37.974178314208984
91380103,2020,2021-01-04,9265,2020-12-26,0119,021625,,6,3,4,3903,0,1,3,,2,025,"SR-120 E/B FROM UNION ROAD","UNION RD",1071.00,E,N,A,-,Y,,,120,,,,R,,E,Y,2,0,1,1,A,-,08,22107,,N,E,I,A,A,H,-,D,D,0,,,,,Y,,A,01,1,0,0,0,0,0,0,0,0,"- ","- ",37.782928466796875,-121.23027038574219,"SAN JOAQUIN",MANTECA,-121.23027038574219,37.782928466796875
91380178,2020,2021-01-04,9266,2020-12-10,1835,021975,,4,2,9,3900,0,1,1,,1,015,"I-205 E/B","HOLLY DR",150.00,W,N,A,-,Y,,,,,,,,,,Y,4,0,1,2,A,-,03,22350,,N,C,C,A,A,H,-,D,D,0,,,,,Y,,A,07,0,0,1,0,0,0,0,0,0,"- ","- ",37.762729644775391,-121.42742156982422,"SAN JOAQUIN",UNINCORPORATED,-121.42645263671875,37.762821197509766
91385112,2020,2021-01-11,9266,2020-12-24,1909,020083,,4,2,9,3900,0,2,4,,1,016,"ELEVENTH STREET E/B","KASSON ROAD",0.00,,Y,A,-,N,,,,,,,,,,Y,2,0,1,1,A,-,08,22107,,M,E,I,A,A,H,-,C,D,0,,,,,Y,,A,01,1,0,0,0,0,0,0,0,0,"- ","- ",37.753158569335938,-121.35140228271484,"SAN JOAQUIN",UNINCORPORATED,-121.35151999999999,37.753073000000001
91386167,2021,2021-01-12,9265,2021-01-04,0344,022123,,1,3,9,3900,0,1,3,,1,066,SR-26,"WIMER RD.",6864.00,W,N,B,-,Y,,,26,,,,,,,Y,4,0,2,2,A,-,08,22107,,N,A,C,A,B,H,-,D,D,0,,,,,Y,,A,01,0,0,2,0,0,0,0,0,0,"- ","- ",38.072788238525391,-120.98198699951172,"SAN JOAQUIN",UNINCORPORATED,-120.98197937011719,38.072772979736328
91386814,2021,2021-01-13,9266,2021-01-12,1635,018365,,2,2,9,3900,0,1,1,,2,014,"I-205 E/B","GRANT LINE ROAD",2112.00,E,N,A,-,Y,,,,,,,,,,Y,4,0,1,2,A,-,03,22350,,N,C,C,A,A,H,-,B,D,0,,,,,Y,,A,01,0,0,1,0,0,0,0,0,0,"- ","- ",37.756809234619141,-121.45600891113281,"SAN JOAQUIN",UNINCORPORATED,-121.46009063720703,37.755210876464844
91387693,2021,2021-01-14,9265,2021-01-01,1645,021781,,5,2,9,3900,0,2,4,,1,052,"FILBERT STREET","CHEROKEE ROAD",0.00,,Y,A,-,N,,,,,,,,,,N,4,0,1,2,A,-,12,22450,A,N,D,C,A,A,H,-,A,D,0,,,,,Y,,A,01,0,0,1,0,0,0,0,0,0,"- ","- ",37.979881286621094,-121.26306915283203,"SAN JOAQUIN",UNINCORPORATED,-121.26304626464844,37.979927062988281
91388345,2021,2021-01-15,9265,2021-01-10,1035,019128,,7,1,9,3900,0,3,5,,2,020,"FRENCH CAMP ROAD","MURPHY RD.",2234.00,E,N,B,E,N,,,,,,,,,,Y,4,0,1,1,A,-,08,22107,,N,E,I,A,A,H,-,A,D,0,,,,,Y,,A,07,0,0,1,0,0,0,0,0,0,"- ","- ",37.802120208740234,-121.10044860839844,"SAN JOAQUIN",UNINCORPORATED,-121.10088348388672,37.802387237548828
91388356,2021,2021-01-15,9265,2021-01-09,0750,017123,,6,1,6,3905,0,1,1,,2,503,"I-5 S/B TO SR-4 EB","WEBER AVE",250.00,N,N,A,-,Y,,,5,,,,R,,S,N,3,0,1,2,A,-,03,22350,,N,C,C,A,A,D,H,A,D,0,,,,,Y,,A,01,0,1,0,0,0,0,0,0,0,"- ","- ",37.951950073242188,-121.30716705322266,"SAN JOAQUIN",STOCKTON,-121.30716705322266,37.951950073242188
91388662,2021,2021-01-18,9265,2021-01-12,2055,018694,,2,2,9,3900,0,1,3,,1,061,SR-26,"BEECHER ROAD",528.00,W,N,B,-,Y,,,26,,,,,,,Y,4,0,1,1,A,-,08,22107,,N,E,I,A,A,H,-,C,D,0,,,,,Y,,A,01,0,0,1,0,0,0,0,0,0,"- ","- ",37.994438171386719,-121.16928100585938,"SAN JOAQUIN",UNINCORPORATED,-121.16928100585938,37.994453430175781
9138880,2020,2020-10-23,3906,2020-08-09,1615,10492,,7,5,5,3906,0,0,0,,0,006,"GRANT LINE RD","N MACARTHUR DR",50.00,W,N,A,-,N,,,,,,,,,,N,4,0,1,2,A,-,03,22350,,M,C,C,A,A,H,-,A,A,0,,,,,Y,,-,,0,0,1,0,0,0,0,0,0,"- ","- ",,,"SAN JOAQUIN",TRACY,-121.41482543945312,37.754230499267578
91388818,2021,2021-01-18,9265,2021-01-11,1110,019128,,1,1,9,3900,0,2,4,,1,024,"AIRPORT WAY","FRENCH CAMP ROAD",245.00,S,N,B,E,N,,,,,,,,,,Y,3,0,1,2,A,-,03,22350,,N,C,C,A,A,H,-,A,D,0,,,,,Y,,D,22,0,1,0,0,0,0,0,0,0,"- ","- ",37.873039245605469,-121.25411224365234,"SAN JOAQUIN",UNINCORPORATED,-121.25402069091797,37.873123168945312
9138962,2020,2020-09-30,3906,2020-08-11,1523,1678,47,2,5,5,3906,0,0,0,,0,002,"DE BORD DR","MACARTHUR DR",0.00,,Y,A,-,N,,,,,,,,,,N,3,0,1,2,A,-,05,21650,,N,G,G,A,A,H,-,A,A,0,,Y,,,Y,,L,04,0,1,0,0,0,0,1,0,0,"- ","- ",,,"SAN JOAQUIN",TRACY,-121.4163818359375,37.714889526367188
91391630,2021,2021-01-20,9265,2021-01-16,1440,015630,,6,2,9,3900,0,1,3,,2,003,"SR-99 S/B","GOLDEN GATE AVE",2482.00,N,N,A,-,Y,,,,,,,,,,Y,4,0,1,1,A,-,08,22107,,N,E,I,A,A,H,-,A,D,0,,,,,Y,,A,01,0,0,1,0,0,0,0,0,0,"- ","- ",37.562698364257812,-121.1405029296875,"SAN JOAQUIN",UNINCORPORATED,-121.2354736328125,37.944351196289062
91392781,2021,2021-01-22,9265,2021-01-13,1312,013515,,3,1,9,3900,0,2,4,,1,051,"E. MAIN STREET","BIRD AVENUE",1584.00,E,N,A,-,N,,,,,,,,,,Y,4,0,1,2,A,-,03,22350,,M,C,C,A,A,H,-,A,D,0,,,,,Y,,A,01,0,0,1,0,0,0,0,0,0,"- ","- ",37.959991455078125,-121.21058654785156,"SAN JOAQUIN",UNINCORPORATED,-121.21010589599609,37.960140228271484
91393612,2021,2021-01-25,9265,2021-01-16,2330,021781,,6,3,5,3902,0,1,3,,2,006,"SR-99 NORTHBOUND","PINE STREET",528.00,S,N,A,-,Y,,,99,,,,,,N,Y,4,0,4,1,A,-,08,22107,,N,E,I,A,A,H,-,D,D,0,,,,,Y,,A,01,0,0,4,0,0,0,0,0,0,"- ","- ",38.13323974609375,-121.25730895996094,"SAN JOAQUIN",LODI,-121.25735473632812,38.13323974609375
91393862,2021,2021-01-25,9265,2021-01-10,1455,019139,,7,2,9,3900,0,3,5,,2,090,"GAURD RD.","12036 GUARD RD.",1789.00,S,N,A,-,N,,,,,,,,,,Y,4,0,1,1,A,-,01,23152,A,N,E,J,A,A,H,-,A,D,0,,,,,Y,Y,D,22,0,0,1,0,0,0,0,0,0,"- ","- ",38.087970733642578,-121.43418884277344,"SAN JOAQUIN",UNINCORPORATED,,
91394570,2021,2021-01-26,9265,2021-01-19,1145,015490,,2,1,9,3900,0,1,3,,2,006,"SR-99 N/B","COLLIER RD.",200.00,S,N,A,-,Y,,,99,,,,,,N,N,4,0,2,3,A,-,03,22350,,N,C,C,A,A,H,-,A,D,0,,,,,Y,,A,01,0,0,2,0,0,0,0,0,0,"- ","- ",38.217559814453125,-121.27011108398438,"SAN JOAQUIN",UNINCORPORATED,-121.27004241943359,38.217605590820312
91394682,2021,2021-01-26,9265,2021-01-19,0758,019073,,2,1,9,3900,0,1,3,,1,011,SR-120,"FRENCH CAMP RD",0.00,,Y,A,-,Y,,,120,,,,,,,Y,4,0,2,2,A,-,09,21802,A,N,D,C,A,A,H,-,A,A,0,,,,Y,Y,,D,22,0,0,2,0,0,0,0,0,0,"- ","- ",37.798069000244141,-121.09259033203125,"SAN JOAQUIN",UNINCORPORATED,-121.09259033203125,37.798061370849609
91395192,2021,2021-01-27,9265,2021-01-21,0300,018784,,4,3,9,3900,0,1,3,,2,006,"SR-99 N/B","WOODBRIDGE RD",500.00,S,N,A,-,Y,,,99,,,,,,N,Y,4,0,1,2,A,-,03,22350,,N,C,C,A,A,H,-,D,D,0,,,,Y,Y,,A,01,0,0,1,0,0,0,0,0,0,"- ","- ",38.156440734863281,-121.26162719726562,"SAN JOAQUIN",UNINCORPORATED,-121.26155090332031,38.156440734863281
91395859,2021,2021-01-28,9265,2021-01-22,1213,015629,,5,1,6,3905,0,1,1,,2,504,"I-5 N/B","HAMMER LANE",2640.00,S,N,C,-,Y,,,,,,,,,,Y,4,0,1,1,A,-,08,22107,,N,E,I,A,B,H,-,A,D,0,,,,,Y,,A,01,0,0,1,0,0,0,0,0,0,"- ","- ",38.008369445800781,-121.21308135986328,"SAN JOAQUIN",STOCKTON,-121.35858917236328,38.021289825439453
91400694,2021,2021-02-02,9265,2021-01-24,1743,017439,,7,2,2,3920,0,1,3,,2,025,"SR-120 W/B","GUTHMILLER RD",200.00,E,N,C,-,Y,,,120,,,,,,W,Y,4,0,1,2,A,-,07,21658,A,M,E,I,A,B,H,-,D,D,0,,,,,Y,,A,01,0,0,1,0,0,0,0,0,0,"- ","- ",37.789421081542969,-121.28797149658203,"SAN JOAQUIN",LATHROP,-121.28790283203125,37.789669036865234
91400772,2021,2021-02-02,9265,2021-01-26,2140,019413,,2,2,2,3920,0,1,3,,2,025,"SR-120 E/B","GUTHMILLER RD",3854.00,W,N,B,G,Y,,,120,,,,,,E,Y,4,0,1,1,C,-,18,,,N,F,A,A,A,H,-,D,D,0,,,,Y,Y,,-,"- ",0,0,1,0,0,0,0,0,0,"- ","- ",37.788021087646484,-121.30085754394531,"SAN JOAQUIN",LATHROP,-121.30085754394531,37.788017272949219
91400793,2021,2021-02-02,9265,2021-01-26,0855,015490,,2,1,9,3900,0,2,4,,1,053,"WILSON WAY","MCALLEN RD",174.00,S,N,B,-,N,,,,,,,,,,Y,2,0,1,2,A,-,09,21804,A,F,D,C,A,B,H,-,A,D,0,,,Y,,Y,,C,02,1,0,0,0,0,0,0,0,1,"- ","- ",37.999961853027344,-121.2607421875,"SAN JOAQUIN",UNINCORPORATED,-121.2606201171875,37.99993896484375
91400977,2021,2021-02-02,9266,2021-01-30,0750,018217,,6,1,9,3900,0,1,1,,2,014,"I-205 W/B","HANSEN ROAD",50.00,E,N,A,-,Y,,,,,,,,,,Y,4,0,1,2,A,-,07,21658,A,N,B,C,A,A,H,-,A,D,0,,,,,Y,,A,01,0,0,1,0,0,0,0,0,0,"- ","- ",37.741428375244141,-121.53106689453125,"SAN JOAQUIN",UNINCORPORATED,-121.51477813720703,37.741500854492188
91401705,2021,2021-02-03,9265,2021-01-23,2310,021401,,6,3,9,3900,0,1,3,,1,042,"SR-4 E/B","WILSON WAY",825.00,W,N,A,-,Y,,,,,,,,,,Y,4,0,1,1,A,-,01,23152,A,N,E,I,A,A,H,-,C,D,0,,,,,Y,Y,D,22,0,0,1,0,0,0,0,0,0,"- ","- ",37.952678680419922,-121.27366638183594,"SAN JOAQUIN",UNINCORPORATED,-121.271240234375,37.953128814697266
91403483,2021,2021-02-05,9265,2021-01-29,0336,021537,,5,3,9,3900,0,2,4,,1,093,"THORNTON RD","TURNER RD",275.00,S,N,B,C,Y,,,,,,,,,,N,4,0,1,2,A,-,06,21750,A,M,B,C,A,B,H,-,D,D,0,,,,,Y,,-,99,0,0,1,0,0,0,0,0,0,"- ","- ",38.145160675048828,-121.3980712890625,"SAN JOAQUIN",UNINCORPORATED,-121.39806365966797,38.145256042480469
9140768,2020,2020-10-13,3905,2020-08-01,0636,1315,LAK,6,5,6,3905,0,0,0,,0,,"EL DORADO ST","E SERRANO WY",5.00,N,N,A,-,N,,,,,,,,,,Y,4,0,1,1,A,-,03,22350,,F,E,I,A,A,H,-,A,D,0,,,,,Y,,A,01,0,0,1,0,0,0,0,0,0,"- ","- ",38.015201568603516,-121.30934906005859,"SAN JOAQUIN",STOCKTON,-121.30895233154297,38.015029907226562
91407845,2021,2021-02-12,9266,2021-02-05,1635,020083,,5,2,9,3900,0,1,3,,1,011,SR-4,"OLD RIVER BRIDGE",700.00,E,N,A,-,Y,,,4,,,,,,,N,4,0,2,3,A,-,03,22350,,N,C,C,A,A,H,-,A,D,0,,,,,Y,,A,07,0,0,2,0,0,0,0,0,0,"- ","- ",37.890018463134766,-121.56722259521484,"SAN JOAQUIN",UNINCORPORATED,-121.56722259521484,37.889995574951172
91408303,2021,2021-02-15,9266,2021-02-06,1325,022498,,6,1,9,3900,0,1,1,,1,015,"I-205 W/B","PARADISE ROAD",200.00,E,N,A,-,Y,,,,,,,,,,Y,4,0,1,2,A,-,01,23152,F,N,E,I,A,A,H,-,A,D,0,,,,,Y,,A,07,0,0,1,0,0,0,0,0,0,"- ","- ",37.455299377441406,-121.23110198974609,"SAN JOAQUIN",UNINCORPORATED,-121.38727569580078,37.7650146484375
91408321,2021,2021-02-15,9266,2021-02-10,1305,021956,,3,1,9,3900,0,1,1,,1,015,"I-205 E/B","PARADISE ROAD",510.00,W,N,A,-,Y,,,205,,,,,,E,Y,4,0,2,2,A,-,03,22350,,N,C,C,A,A,H,-,A,D,0,,,,,Y,,A,01,0,0,2,0,0,0,0,0,0,"- ","- ",37.764820098876953,-121.38976287841797,"SAN JOAQUIN",UNINCORPORATED,-121.38976287841797,37.764739990234375
91409281,2021,2021-02-16,9265,2021-01-31,0246,020071,,7,3,9,3900,0,1,3,,2,001,"SR-99 S/B","LATHROP RD",4752.00,N,N,A,-,Y,,,99,,,,,,S,Y,3,0,1,2,A,-,01,23152,F,N,C,C,A,A,H,-,D,D,0,,,,,Y,,A,01,0,1,0,0,0,0,0,0,0,"- ","- ",37.839031219482422,-121.21794128417969,"SAN JOAQUIN",UNINCORPORATED,-121.21794891357422,37.839031219482422
91409729,2021,2021-02-17,9265,2021-02-07,1538,021781,,7,2,9,3900,0,3,5,,2,010,"RIVER ROAD","MCHENRY AVENUE",0.00,,Y,A,-,N,,,,,,,,,,Y,4,0,3,3,A,-,12,21453,A,N,D,C,A,A,H,-,A,A,0,,,,,Y,,A,01,0,0,3,0,0,0,0,0,0,"- ","- ",37.760841369628906,-121.99569702148438,"SAN JOAQUIN",UNINCORPORATED,-120.99567413330078,37.760868072509766
91409804,2021,2021-02-17,9265,2021-02-11,1900,018850,,4,2,9,3900,0,3,5,,2,030,"MARIPOSA RD","POCK LN",20.00,W,N,B,C,N,,,,,,,,,,Y,4,0,2,2,A,-,03,22350,,N,C,C,A,B,H,-,D,D,0,,,,,Y,,A,01,0,0,2,0,0,0,0,0,0,"- ","- ",37.942031860351562,-121.25018310546875,"SAN JOAQUIN",UNINCORPORATED,-121.25016021728516,37.941989898681641
91409813,2021,2021-02-17,9265,2021-02-11,2035,013539,,4,2,4,3903,0,1,3,,2,025,"SR-120 E/B","MAIN STREET",2505.00,E,N,A,-,Y,,,120,,,,,,E,N,4,0,1,2,A,-,03,22350,,N,C,C,A,A,H,-,C,D,0,,,,,Y,,A,01,0,0,1,0,0,0,0,0,0,"- ","- ",37.7830810546875,-121.20722961425781,"SAN JOAQUIN",MANTECA,-121.20722961425781,37.783210754394531
91411591,2021,2021-02-19,9266,2021-02-16,0510,019312,,2,3,2,3920,0,1,1,,2,024,"I-5 S/B","STEWART ROAD",1056.00,S,N,A,-,Y,,,5,,,,,,S,Y,4,0,1,2,A,-,03,22350,,N,C,C,A,A,H,-,D,D,0,,,,,Y,,A,01,0,0,1,0,0,0,0,0,0,"- ","- ",37.776748657226562,-121.31880187988281,"SAN JOAQUIN",LATHROP,-121.31884002685547,37.776802062988281
91412510,2021,2021-02-22,9266,2021-02-15,0720,018217,,1,1,9,3900,0,3,5,,2,002,"KOSTER ROAD","SR-132 E/B",120.00,S,N,A,B,Y,,,,,,,,,,Y,3,0,1,1,A,-,03,22350,,N,F,A,A,A,H,-,A,D,0,,,,Y,Y,,G,25,0,1,0,0,0,0,0,0,0,"- ","- ",37.637130737304688,-121.3243408203125,"SAN JOAQUIN",UNINCORPORATED,-121.32434844970703,37.637680053710938
91412556,2021,2021-02-22,9265,2021-02-11,0625,018836,,4,1,9,3900,0,1,3,,1,013,SR-4,"DRAIS RD",528.00,W,N,A,-,Y,,,4,,,,,,,Y,2,0,4,5,A,-,03,22350,,N,C,C,A,A,H,-,D,D,0,,,,,Y,,A,07,2,1,1,0,0,0,0,0,0,"- ","- ",37.935878753662109,-121.08888244628906,"SAN JOAQUIN",UNINCORPORATED,-121.08887481689453,37.935886383056641
91415251,2021,2021-02-25,9265,2021-02-20,0515,021787,,6,3,9,3900,0,2,4,,1,014,"MARIPOSA ROAD","CARPENTER ROAD",56.00,W,N,A,-,N,,,,,,,,,,Y,4,0,1,2,A,-,09,21802,A,N,D,C,A,A,H,-,D,D,0,,,,,Y,,A,01,0,0,1,0,0,0,0,0,0,"- ","- ",37.928150177001953,-121.21668243408203,"SAN JOAQUIN",UNINCORPORATED,-121.21688842773438,37.928207397460938
91418040,2021,2021-03-01,9266,2021-02-23,0640,018217,,2,1,9,3900,0,1,1,,2,014,"I-205 W/B","MOUNTAIN HOUSE PKWY",2640.00,E,N,A,-,Y,,,205,,,,,,W,Y,4,0,2,3,A,-,03,22350,,N,C,C,A,A,H,-,A,D,0,,,,Y,Y,,G,25,0,0,2,0,0,0,0,0,0,"- ","- ",37.742160797119141,-121.52349853515625,"SAN JOAQUIN",UNINCORPORATED,-121.52350616455078,37.742076873779297
91418120,2021,2021-03-01,9265,2021-02-17,1525,020785,,3,2,9,3900,0,3,5,,2,090,"TURNER RD","RAY RD",2482.00,E,N,A,-,N,,,,,,,,,,Y,2,0,1,1,C,-,18,,,N,E,I,A,A,H,-,A,D,0,,,,,Y,,-,"- ",1,0,0,0,0,0,0,0,0,"- ","- ",38.145679473876953,-121.36229705810547,"SAN JOAQUIN",UNINCORPORATED,-121.362548828125,38.145782470703125
91420559,2021,2021-03-04,9265,2021-02-24,1355,020785,,3,1,9,3900,0,3,5,,2,090,"THORNTON RD","NEW HOPE RD",0.00,,Y,A,-,N,,,,,,,,,,Y,4,0,1,2,A,-,09,21802,A,N,D,C,A,A,H,-,A,A,0,,,,,Y,,A,07,0,0,1,0,0,0,0,0,0,"- ","- ",38.231880187988281,-121.42832946777344,"SAN JOAQUIN",UNINCORPORATED,-121.42835998535156,38.23187255859375
9142177,2020,2020-10-14,3902,2020-08-08,1455,CA103,,6,5,5,3902,0,0,0,,0,,"W TRUNER RD","GRANT AV",286.00,W,N,A,-,N,,,,,,,,,,Y,4,0,1,4,A,-,01,23152,A,N,B,C,A,A,H,-,A,D,0,,,,,Y,Y,D,22,0,0,1,0,0,0,0,0,0,"- ","- ",,,"SAN JOAQUIN",LODI,-121.28363800048828,38.145637512207031
91422651,2021,2021-03-08,9266,2021-03-02,1835,018751,,2,2,9,3900,0,2,4,,2,020,"KASSON ROAD","HOMESTEAD ROAD",180.00,N,N,B,-,N,,,,,,,,,,Y,3,0,1,1,A,-,01,23152,A,N,F,A,A,A,H,-,D,D,0,,,,,Y,Y,A,01,0,1,0,0,0,0,0,0,0,"- ","- ",37.716678619384766,-121.31536102294922,"SAN JOAQUIN",UNINCORPORATED,-121.31538391113281,37.716545104980469
91423481,2021,2021-03-09,9266,2021-03-05,1100,015029,,5,1,9,3900,0,3,5,,2,001,"CANAL BLVD","PARADISE ROAD",0.00,,Y,A,D,N,,,,,,,,,,Y,2,0,2,2,A,-,12,22450,A,N,D,C,A,A,H,-,A,A,0,,,,,Y,,E,22,1,1,0,0,0,0,0,0,0,"- ","- ",37.775699615478516,-121.38099670410156,"SAN JOAQUIN",UNINCORPORATED,-121.38112640380859,37.775699615478516
91423574,2021,2021-03-09,9265,2021-02-27,1505,021781,,6,2,9,3900,0,2,4,,1,015,"ESCALON BELLOTA ROAD","MARIPOSA RD",0.00,,Y,A,-,N,,,,,,,,,,Y,4,0,1,2,A,-,09,21802,A,N,D,C,A,A,H,-,A,A,0,,,,,Y,,A,01,0,0,1,0,0,0,0,0,0,"- ","- ",37.834609985351562,-121.99819183349609,"SAN JOAQUIN",UNINCORPORATED,-120.99827999999999,37.834679999999999