CASE_ID,ACCIDENT_YEAR,PROC_DATE,JURIS,COLLISION_DATE,COLLISION_TIME,OFFICER_ID,REPORTING_DISTRICT,DAY_OF_WEEK,CHP_SHIFT,POPULATION,CNTY_CITY_LOC,SPECIAL_COND,BEAT_TYPE,CHP_BEAT_TYPE,CITY_DIVISION_LAPD,CHP_BEAT_CLASS,BEAT_NUMBER,PRIMARY_RD,SECONDARY_RD,DISTANCE,DIRECTION,INTERSECTION,WEATHER_1,WEATHER_2,STATE_HWY_IND,CALTRANS_COUNTY,CALTRANS_DISTRICT,STATE_ROUTE,ROUTE_SUFFIX,POSTMILE_PREFIX,POSTMILE,LOCATION_TYPE,RAMP_INTERSECTION,SIDE_OF_HWY,TOW_AWAY,COLLISION_SEVERITY,NUMBER_KILLED,NUMBER_INJURED,PARTY_COUNT,PRIMARY_COLL_FACTOR,PCF_CODE_OF_VIOL,PCF_VIOL_CATEGORY,PCF_VIOLATION,PCF_VIOL_SUBSECTION,HIT_AND_RUN,TYPE_OF_COLLISION,MVIW,PED_ACTION,ROAD_SURFACE,ROAD_COND_1,ROAD_COND_2,LIGHTING,CONTROL_DEVICE,CHP_ROAD_TYPE,PEDESTRIAN_ACCIDENT,BICYCLE_ACCIDENT,MOTORCYCLE_ACCIDENT,TRUCK_ACCIDENT,NOT_PRIVATE_PROPERTY,ALCOHOL_INVOLVED,STWD_VEHTYPE_AT_FAULT,CHP_VEHTYPE_AT_FAULT,COUNT_SEVERE_INJ,COUNT_VISIBLE_INJ,COUNT_COMPLAINT_PAIN,COUNT_PED_KILLED,COUNT_PED_INJURED,COUNT_BICYCLIST_KILLED,COUNT_BICYCLIST_INJURED,COUNT_MC_KILLED,COUNT_MC_INJURED,PRIMARY_RAMP,SECONDARY_RAMP,LATITUDE,LONGITUDE,COUNTY,CITY,POINT_X,POINT_Y
91423580,2021,2021-03-09,9265,2021-02-27,1140,018836,,6,1,9,3900,0,1,3,,2,006,"SR-99 N/B","SACRAMENTO COUNTY LINE",634.00,S,N,A,-,Y,,,99,,,,,,N,Y,4,0,1,2,A,-,04,21703,,N,C,C,A,A,H,-,A,D,0,,,,,Y,,A,01,0,0,1,0,0,0,0,0,0,"- ","- ",38.244251251220703,-121.28703308105469,"SAN JOAQUIN",UNINCORPORATED,-121.28701019287109,38.2442626953125
91424270,2021,2021-03-10,9266,2021-02-25,1349,019012,,4,1,9,3900,0,1,1,,1,015,"I-205 W/B","I-5 S/B",500.00,W,N,A,-,Y,,,205,,,,,,W,Y,3,0,1,1,A,-,08,22107,,N,F,A,A,A,H,-,A,D,0,,,,,Y,,D,22,0,1,0,0,0,0,0,0,0,"- ","- ",37.767910003662109,-121.33114624023438,"SAN JOAQUIN",UNINCORPORATED,-121.331298828125,37.768203735351562
91424418,2021,2021-03-10,9266,2021-03-06,1140,020599,,6,1,9,3900,0,2,4,,2,020,"KASSON ROAD","I-5 S/B TO KASSON RD",0.00,,Y,A,-,N,,,,,,,,,,Y,4,0,4,2,A,-,09,21802,A,N,D,C,A,A,H,-,A,A,0,,,,,Y,,A,01,0,0,4,0,0,0,0,0,0,"- ","- ",37.749561309814453,-121.34584808349609,"SAN JOAQUIN",UNINCORPORATED,-121.345775,37.749535000000002
91424956,2021,2021-03-11,9265,2021-03-01,0615,013515,,1,1,9,3900,0,1,3,,2,003,"SR-99 N/B","MARIPOSA ROAD",1056.00,N,N,A,-,Y,,,99,,,,,,N,Y,3,0,1,3,A,-,17,21711,,F,E,I,A,A,H,-,B,D,0,,,,Y,Y,,G,25,0,1,0,0,0,0,0,0,0,"- ","- ",37.936969757080078,-121.23416900634766,"SAN JOAQUIN",UNINCORPORATED,-121.23429870605469,37.936954498291016
91426999,2021,2021-03-15,9266,2021-03-07,0540,021956,,7,3,9,3900,0,1,1,,1,015,"I-205 W/B","CANAL BLVD",2170.00,W,N,A,-,Y,,,205,,,,,,W,Y,4,0,2,1,A,-,01,23152,A,M,E,I,A,A,H,-,D,D,0,,,,,Y,Y,A,01,0,0,2,0,0,0,0,0,0,"- ","- ",37.765121459960938,-121.35733032226562,"SAN JOAQUIN",UNINCORPORATED,-121.35733032226562,37.765106201171875
9142731,2020,2020-10-15,3905,2020-08-06,1143,2466,CIV,4,5,6,3905,0,0,0,,0,,"WASHINGTON ST","SAN JOAQUIN ST",7.00,W,N,A,-,N,,,,,,,,,,N,3,0,1,2,A,-,10,21950,A,N,G,B,B,A,H,-,A,A,0,Y,,,,Y,,D,22,0,1,0,0,1,0,0,0,0,"- ","- ",37.951171875,-121.28668212890625,"SAN JOAQUIN",STOCKTON,-121.28665161132812,37.951206207275391
91427640,2021,2021-03-15,9265,2021-03-12,1715,022356,,5,2,5,3902,0,1,3,,2,006,"SR-99 N/B","KETTLEMAN LN",5.00,S,N,A,-,Y,,,99,,,,,,N,N,4,0,1,3,A,-,04,21703,,N,C,C,A,A,H,-,A,D,0,,,,,Y,,A,01,0,0,1,0,0,0,0,0,0,"- ","- ",38.116180419921875,-121.25782012939453,"SAN JOAQUIN",LODI,-121.2578125,38.116176605224609
91429161,2021,2021-03-17,9265,2021-03-09,1433,017439,,2,2,4,3903,0,1,3,,2,001,"SR-99 S/B","AUSTIN RD.",250.00,S,N,B,-,Y,,,99,,,,,,S,Y,3,0,1,3,A,-,03,22350,,N,C,C,A,A,H,-,A,D,0,,,,,Y,,D,22,0,1,0,0,0,0,0,0,0,"- ","- ",37.773998260498047,-121.17851257324219,"SAN JOAQUIN",MANTECA,-121.17853546142578,37.773967742919922
91429304,2021,2021-03-17,9266,2021-03-12,0945,013668,,5,1,9,3900,0,1,1,,2,021,"I-580 W/B",SR-132,1584.00,W,N,A,-,Y,,,580,,,,,,W,N,3,0,1,3,A,-,07,21658,A,M,B,C,A,A,H,-,A,D,0,,,,,Y,,D,22,0,1,0,0,0,0,0,0,0,"- ","- ",37.641319274902344,-121.40586853027344,"SAN JOAQUIN",UNINCORPORATED,-121.4058837890625,37.64129638671875
91430330,2021,2021-03-18,9265,2021-03-11,2020,013539,,4,2,2,3920,0,1,1,,2,502,"I-5 S/B","LOUISE AVE",275.00,S,N,A,-,Y,,,5,,,,,,S,Y,3,0,1,2,A,-,01,23152,A,F,B,C,A,A,H,-,C,D,0,,,,,Y,Y,A,01,0,1,0,0,0,0,0,0,0,"- ","- ",37.810970306396484,-121.29618835449219,"SAN JOAQUIN",LATHROP,-121.29611206054688,37.810943603515625
91431066,2021,2021-03-19,9265,2021-03-12,0955,019128,,5,1,3,3904,0,1,3,,2,001,"SR-99 S/B","MAIN STREET",4224.00,S,N,A,-,Y,,,99,,,,,,S,N,4,0,1,2,A,-,08,22107,,N,B,C,A,A,H,-,A,D,0,,,,Y,Y,,A,01,0,0,1,0,0,0,0,0,0,"- ","- ",37.730300903320312,-121.11006927490234,"SAN JOAQUIN",RIPON,-121.11006927490234,37.730297088623047
91431115,2021,2021-03-19,9265,2021-03-14,2145,021625,,7,2,9,3900,0,1,3,,1,061,SR-26,"SHELLY RD",8976.00,W,N,A,-,N,,,26,,,,,,,Y,4,0,1,1,A,-,08,22107,,N,F,A,A,B,H,-,D,D,0,,,,,Y,,A,01,0,0,1,0,0,0,0,0,0,"- ","- ",38.068618774414062,-120.99008178710938,"SAN JOAQUIN",UNINCORPORATED,-120.99005126953125,38.068561553955078
91431121,2021,2021-05-07,9265,2021-03-15,2201,022123,,1,3,3,3904,0,1,3,,2,001,"SR-99 S/B","JACK TONE RD",1000.00,S,N,A,-,Y,,,99,,,,,,S,Y,4,0,1,2,A,-,03,22350,,N,C,C,A,A,H,-,C,D,0,,,,,Y,,A,01,0,0,1,0,0,0,0,0,0,"- ","- ",37.751228332519531,-121.14003753662109,"SAN JOAQUIN",RIPON,-121.14003753662109,37.751235961914062
91431135,2021,2021-03-19,9265,2021-03-15,1944,021644,,1,2,9,3900,0,1,3,,2,003,"SR-99 S/B","EAST MAIN ST",220.00,N,N,A,-,Y,,,99,,,,,,S,Y,3,0,1,2,A,-,07,21658,A,N,C,C,A,A,H,-,D,D,0,,,,Y,Y,,A,01,0,1,0,0,0,0,0,0,0,"- ","- ",37.954929351806641,-121.23957824707031,"SAN JOAQUIN",UNINCORPORATED,-121.23954772949219,37.954944610595703
91431312,2021,2021-03-19,9265,2021-03-08,1600,021526,,1,2,9,3900,0,2,4,,1,074,"BENJAMIN HOLT DR","ALEXANDRIA PL",80.00,W,N,A,-,N,,,,,,,,,,N,4,0,1,2,A,-,03,22350,,N,C,C,A,A,H,-,A,D,0,,,,,Y,,A,01,0,0,1,0,0,0,0,0,0,"- ","- ",38.005630493164062,-121.33905792236328,"SAN JOAQUIN",UNINCORPORATED,-121.33900451660156,38.005607604980469
91432222,2021,2021-03-22,9266,2021-03-16,0650,018217,,2,1,9,3900,0,1,1,,2,014,"I-205 W/B","MOUNTAIN HOUSE PKWY",1300.00,E,N,A,-,Y,,,205,,,,,,W,Y,4,0,1,2,A,-,03,22350,,F,C,C,A,A,H,-,B,D,0,,,Y,,Y,,C,02,0,0,1,0,0,0,0,0,1,"- ","- ",37.742198944091797,-121.52700042724609,"SAN JOAQUIN",UNINCORPORATED,-121.52699279785156,37.742294311523438
91432408,2021,2021-03-22,9265,2021-03-14,0144,022123,,7,3,9,3900,0,3,5,,2,050,"DEL MAR AVE","HORNER AVE",0.00,,Y,A,-,N,,,,,,,,,,Y,3,0,1,2,A,-,12,22450,A,N,D,C,A,A,H,-,C,A,0,,,,,Y,,A,01,0,1,0,0,0,0,0,0,0,"- ","- ",37.959671020507812,-121.22830200195312,"SAN JOAQUIN",UNINCORPORATED,-121.22828674316406,37.959686279296875
91432553,2021,2021-04-12,9265,2021-03-10,1710,021526,,3,2,6,3905,0,1,3,,1,042,"SR-4 W/B","MADISON ST",76.00,W,N,B,-,Y,,,4,,,,,,W,Y,4,0,1,2,A,-,03,22350,,N,C,C,A,B,H,-,A,D,0,,,,,Y,,A,01,0,0,1,0,0,0,0,0,0,"- ","- ",37.949848175048828,-121.29348754882812,"SAN JOAQUIN",STOCKTON,-121.29345703125,37.949649810791016
91433377,2021,2021-03-23,9265,2021-03-17,2010,018289,,3,2,9,3900,0,1,3,,1,062,SR-88,"HARNEY LN",0.00,,Y,B,-,Y,,,88,,,,,,,Y,4,0,1,2,A,-,09,21801,A,N,D,C,A,A,H,-,D,A,0,,,,,Y,,D,22,0,0,1,0,0,0,0,0,0,"- ","- ",38.101699829101562,-121.17822265625,"SAN JOAQUIN",UNINCORPORATED,-121.17824554443359,38.101707458496094
91434305,2021,2021-03-24,9265,2021-03-18,1800,018850,,4,2,9,3900,0,1,3,,2,003,"SR-99 S/B","MYRTLE ST",900.00,N,N,B,C,Y,,,99,,,,,,S,Y,3,0,1,2,A,-,08,22107,,N,B,C,A,B,H,-,A,D,0,,,,,Y,,A,01,0,1,0,0,0,0,0,0,0,"- ","- ",37.966850280761719,-121.24452209472656,"SAN JOAQUIN",UNINCORPORATED,-121.24452209472656,37.966846466064453
91434510,2021,2021-06-17,9265,2021-03-20,1818,020785,,6,2,6,3905,0,1,3,,1,042,"SR-4 W/B TO EL DORADO ST.","EL DORADO AVE",20.00,E,N,A,-,Y,,,4,,,,R,,W,N,4,0,1,2,A,-,03,22350,,F,C,C,A,A,H,-,A,D,0,,,,,Y,,D,22,0,0,1,0,0,0,0,0,0,"- ","- ",37.950691223144531,-121.28901672363281,"SAN JOAQUIN",STOCKTON,-121.28901672363281,37.950691223144531
91435062,2021,2021-03-25,9266,2021-03-13,2040,018888,,6,2,9,3900,0,1,1,,2,021,"I-580 E/B","CHRISMAN ROAD",5800.00,E,N,A,-,Y,,,580,,,,,,E,Y,4,0,1,2,A,-,03,22350,,N,C,C,A,A,H,-,D,D,0,,,,,Y,,A,01,0,0,1,0,0,0,0,0,0,"- ","- ",37.625980377197266,-121.38083648681641,"SAN JOAQUIN",UNINCORPORATED,-121.38093566894531,37.625816345214844
91435184,2021,2021-03-25,9265,2021-03-18,1351,019413,,4,1,4,3903,0,1,3,,2,025,"SR-120 E/B","UNION RD",1795.00,E,N,C,-,Y,,,120,,,,,,E,Y,2,0,1,2,A,-,03,22350,,N,C,C,A,B,H,-,A,D,0,,,,,Y,,A,01,1,0,0,0,0,0,0,0,0,"- ","- ",37.783168792724609,-121.22769165039062,"SAN JOAQUIN",MANTECA,-121.22769165039062,37.783157348632812
91435466,2021,2021-03-25,9265,2021-02-28,0206,018784,,7,3,5,3902,0,1,3,,2,006,SR-99,"VICTOR RD",150.00,S,N,A,-,Y,,,99,,,,,,,Y,1,1,0,1,A,-,01,23152,G,N,E,I,A,A,D,-,D,D,0,,,,,Y,Y,A,01,0,0,0,0,0,0,0,0,0,"- ","- ",38.137180328369141,-121.25740814208984,"SAN JOAQUIN",LODI,-121.25753784179688,38.137153625488281
91438151,2021,2021-03-29,9266,2021-03-19,1325,020083,,5,1,9,3900,0,1,1,,2,014,"I-205 E/B","MOUNTAIN HOUSE PKWY",100.00,W,N,B,C,Y,,,205,,,,,,E,N,4,0,2,4,A,-,03,22350,,N,C,C,A,B,H,-,A,D,0,,,,,Y,,A,01,0,0,2,0,0,0,0,0,0,"- ","- ",37.742458343505859,-121.53218841552734,"SAN JOAQUIN",UNINCORPORATED,-121.53218841552734,37.742439270019531
91439624,2021,2021-03-30,9265,2021-03-20,0630,019489,,6,1,9,3900,0,1,3,,1,041,SR-4,"BACON ISLAND ROAD",0.00,,Y,A,-,Y,,,4,,,,,,,Y,4,0,1,2,A,-,09,21802,A,N,C,C,A,A,H,-,D,A,0,,,,,Y,,A,07,0,0,1,0,0,0,0,0,0,"- ","- ",37.921920776367188,-121.43598937988281,"SAN JOAQUIN",UNINCORPORATED,-121.43595886230469,37.921867370605469
91440868,2021,2021-04-01,9266,2021-03-31,0435,013650,,3,3,9,3900,0,2,4,,1,016,"ELEVENTH STREET","CHRISMAN ROAD",575.00,W,N,A,-,N,,,,,,,,,,Y,3,0,1,2,A,-,08,22107,,N,D,C,A,A,H,-,D,D,0,,,,,Y,,D,22,0,1,0,0,0,0,0,0,0,"- ","- ",37.739761352539062,-121.40013122558594,"SAN JOAQUIN",UNINCORPORATED,-121.40029907226562,37.739803314208984
9144104,2020,2020-09-23,3905,2020-07-11,1831,2566,PAR,6,5,6,3905,0,0,0,,0,,"HARDING WY","AIRPORT WY",27.00,W,N,A,-,N,,,,,,,,,,Y,4,0,1,2,A,-,08,22107,,F,D,C,A,A,H,-,A,A,0,,,,,Y,,A,01,0,0,1,0,0,0,0,0,0,"- ","- ",37.970100402832031,-121.27799224853516,"SAN JOAQUIN",STOCKTON,-121.27830505371094,37.970165252685547
9144105,2020,2020-09-23,3905,2020-07-14,1255,2729,PAR,2,5,6,3905,0,0,0,,0,,"MARKET ST","AIRPORT WY",46.00,W,N,A,-,N,,,,,,,,,,Y,4,0,1,2,A,-,03,22350,,F,C,C,A,A,H,-,A,D,0,,,Y,,Y,,A,01,0,0,1,0,0,0,0,0,1,"- ","- ",37.954280853271484,-121.27384948730469,"SAN JOAQUIN",STOCKTON,-121.27408599853516,37.954364776611328
91442098,2021,2021-04-02,9265,2021-03-24,0608,013515,,3,1,9,3900,0,1,3,,2,003,"STATE ROUTE 99 (NORTHBOUND)","FARMINGTON ROAD",528.00,S,N,A,-,Y,,,,,,,,,,Y,4,0,1,1,A,-,08,22107,,N,E,I,A,A,D,-,D,D,0,,,,,Y,,A,07,0,0,1,0,0,0,0,0,0,"- ","- ",37.945571899414062,-121.23693084716797,"SAN JOAQUIN",UNINCORPORATED,-121.23484039306641,37.939888000488281
91442132,2021,2021-04-02,9265,2021-03-24,1440,013539,,3,2,4,3903,0,1,3,,2,025,"SR-120 E/B","MAIN STREET",785.00,W,N,A,-,Y,,,120,,,,,,E,Y,2,0,1,2,A,-,03,22350,,N,C,C,A,A,H,-,A,D,0,,,,Y,Y,,D,22,1,0,0,0,0,0,0,0,0,"- ","- ",37.783039093017578,-121.21855926513672,"SAN JOAQUIN",MANTECA,-121.21855926513672,37.783195495605469
9144265,2020,2020-10-14,3906,2020-08-23,1635,10492,,7,5,5,3906,0,0,0,,0,005,"N CHRISMAN RD","E PARADISE RD",1820.00,S,N,A,-,N,,,,,,,,,,Y,4,0,1,1,A,-,03,22350,,N,E,I,A,A,H,-,A,A,0,,,,,Y,,A,01,0,0,1,0,0,0,0,0,0,"- ","- ",,,"SAN JOAQUIN",TRACY,-121.39835357666016,37.745403289794922
91442900,2021,2021-04-05,9266,2021-03-24,0855,021956,,3,1,9,3900,0,2,4,,1,016,"ELEVENTH STREET",I-5,448.00,W,N,A,-,Y,,,,,,,,,,Y,2,0,1,2,A,-,01,23152,A,N,B,C,A,A,H,-,A,D,0,,,Y,,Y,Y,C,02,1,0,0,0,0,0,0,0,1,"- ","- ",37.758071899414062,-121.34423828125,"SAN JOAQUIN",UNINCORPORATED,-121.3414306640625,37.760540008544922
91442963,2021,2021-04-05,9266,2021-03-27,1005,021956,,6,1,9,3900,0,1,1,,2,014,"I-205 W/B","MOUNTAIN HOUSE PKWY",553.00,E,N,A,-,Y,,,205,,,,,,W,Y,3,0,2,3,A,-,03,22350,,N,C,C,A,A,H,-,A,D,0,,,,,Y,,A,07,0,1,1,0,0,0,0,0,0,"- ","- ",37.742401123046875,-121.53053283691406,"SAN JOAQUIN",UNINCORPORATED,-121.530517578125,37.742527008056641
91443309,2021,2021-04-05,9265,2021-03-26,2312,021625,,5,3,9,3900,0,1,3,,1,062,"STATE ROUTE 88","BRANDT RD",0.00,,Y,A,-,N,,,88,,,,,,,Y,4,0,2,2,A,-,12,22450,A,N,D,C,A,A,H,-,D,A,0,,,,,Y,,D,22,0,0,2,0,0,0,0,0,0,"- ","- ",38.14691162109375,-121.1588134765625,"SAN JOAQUIN",UNINCORPORATED,-121.1588134765625,38.14691162109375
91443327,2021,2021-04-05,9265,2021-03-26,0940,018836,,5,1,9,3900,0,1,3,,2,003,"SR-99 N/B","FRENCH CAMP RD",3168.00,N,N,A,-,Y,,,99,,,,,,N,Y,4,0,1,1,A,-,08,22107,,M,E,I,A,A,H,-,A,D,0,,,,,Y,,A,01,0,0,1,0,0,0,0,0,0,"- ","- ",37.868831634521484,-121.21887969970703,"SAN JOAQUIN",UNINCORPORATED,-121.21905517578125,37.868816375732422
91443509,2021,2021-04-05,9265,2021-03-24,1935,021781,,3,2,9,3900,0,1,3,,2,004,"SR-99 S/B","SR-99 N/B FROM WILSON WAY",100.00,S,N,A,-,Y,,,99,,,,,,S,Y,4,0,3,2,A,-,01,23152,A,N,C,C,A,A,H,-,A,D,0,,,,,Y,Y,A,01,0,0,3,0,0,0,0,0,0,"- ","- ",38.002719879150391,-121.25740051269531,"SAN JOAQUIN",UNINCORPORATED,-121.25733184814453,38.002765655517578
91443942,2021,2021-04-06,9266,2021-03-31,0825,018217,,3,1,9,3900,0,1,1,,2,014,"I-205 W/B","MOUNTAIN HOUSE PKWY",120.00,E,N,A,-,Y,,,205,,,,,,W,Y,4,0,1,3,A,-,03,22350,,N,C,C,A,A,H,-,A,D,0,,,,,Y,,A,08,0,0,1,0,0,0,0,0,0,"- ","- ",37.742618560791016,-121.53134918212891,"SAN JOAQUIN",UNINCORPORATED,-121.53134918212891,37.742576599121094
91444219,2021,2021-04-06,9265,2021-03-28,1450,017439,,7,2,4,3903,0,1,3,,2,025,"SR-120 E/B","MAIN ST.",2640.00,E,N,A,-,Y,,,,,,,,,,Y,3,0,2,2,A,-,03,22350,,N,C,C,A,A,H,-,A,D,0,,,,,Y,,A,01,0,2,0,0,0,0,0,0,0,"- ","- ",37.780021667480469,-121.20597839355469,"SAN JOAQUIN",MANTECA,-121.20672607421875,37.783184051513672
9144481,2020,2020-09-10,3906,2020-06-14,0010,1171,3906,7,5,5,3906,0,0,0,,0,002,TRACY,"CENTRAL AV",510.00,S,N,A,-,N,,,,,,,,,,Y,2,0,2,2,A,-,03,22350,,N,F,I,F,A,H,-,C,D,0,Y,,,,Y,,A,01,1,1,0,0,1,0,0,0,0,"- ","- ",,,"SAN JOAQUIN",TRACY,-121.43476867675781,37.713218688964844
91445313,2021,2021-04-07,9265,2021-03-30,2134,017439,,2,2,3,3904,0,1,3,,2,001,"SR-99 S/B","JACK TONE RD.",1056.00,S,N,A,-,Y,,,99,,,,,,S,Y,4,0,1,3,A,-,03,22350,,N,C,C,A,A,H,-,D,D,0,,,,,Y,,A,01,0,0,1,0,0,0,0,0,0,"- ","- ",37.751438140869141,-121.14024353027344,"SAN JOAQUIN",RIPON,-121.14025115966797,37.751426696777344
91445461,2021,2021-04-07,9265,2021-03-30,1950,017439,,2,2,4,3903,0,1,3,,2,025,"SR-120 E/B","MAIN ST.",1056.00,E,N,A,-,Y,,,120,,,,,,E,Y,3,0,1,2,A,-,03,22350,,N,C,C,A,A,H,-,D,D,0,,,,,Y,,A,01,0,1,0,0,0,0,0,0,0,"- ","- ",37.783168792724609,-121.21363830566406,"SAN JOAQUIN",MANTECA,-121.21363830566406,37.783210754394531
91446145,2021,2021-04-08,9265,2021-03-26,1550,022134,,5,2,9,3900,0,1,3,,1,041,SR-4,"ROBERTS RD",0.00,,Y,A,-,Y,,,4,,,,,,,Y,4,0,2,2,D,-,00,,,N,D,C,A,A,H,-,A,D,0,,,Y,,Y,,-,"- ",0,0,2,0,0,0,0,0,1,"- ","- ",37.927440643310547,-121.33242034912109,"SAN JOAQUIN",UNINCORPORATED,-121.33242797851562,37.927482604980469
91447168,2021,2021-04-09,9265,2021-03-29,1917,019413,,1,2,9,3900,0,2,4,,1,024,"AIRPORT WAY","MCMULLIN RD",917.00,S,N,A,-,N,,,,,,,,,,Y,2,0,1,1,A,-,03,22350,,N,E,I,A,A,H,-,D,D,0,,,,,Y,,A,01,1,0,0,0,0,0,0,0,0,"- ","- ",37.733211517333984,-121.25225830078125,"SAN JOAQUIN",UNINCORPORATED,-121.25214385986328,37.733242034912109
91450603,2021,2021-04-14,9265,2021-02-23,2305,021625,,2,3,9,3900,0,2,4,,1,014,"MARIPOSA RD","BRENNAN RD",1397.00,E,N,A,-,Y,,,,,,,,,,Y,1,1,0,2,A,-,01,23152,F,N,E,I,A,A,H,-,D,D,0,,,,,Y,,A,07,0,0,0,0,0,0,0,0,0,"- ","- ",37.843399047851562,-121.01515197753906,"SAN JOAQUIN",UNINCORPORATED,-121.01236724853516,37.841945648193359
91450694,2021,2021-05-11,9265,2021-02-18,2215,019139,,4,3,9,3900,0,1,1,,2,502,"N/B I/5","MATHEWS RD",86.00,S,N,A,-,Y,,,5,,,,,,,Y,1,1,0,1,A,-,01,23152,F,N,E,I,A,A,H,-,D,D,0,,,,,Y,,A,01,0,0,0,0,0,0,0,0,0,"- ","- ",37.881721496582031,-121.27876281738281,"SAN JOAQUIN",UNINCORPORATED,-121.27863311767578,37.881736755371094
91450702,2021,2021-04-14,9265,2021-04-02,1515,021526,,5,2,9,3900,0,1,3,,1,062,"SR-88 W/B","KETTLEMAN LN",536.00,E,N,A,-,Y,,,88,,,,,,W,Y,4,0,1,2,A,-,03,22350,,N,C,C,A,A,H,-,A,D,0,,,,,Y,,A,07,0,0,1,0,0,0,0,0,0,"- ","- ",38.117729187011719,-121.17295837402344,"SAN JOAQUIN",UNINCORPORATED,-121.17294311523438,38.117721557617188
91451267,2021,2021-04-15,9265,2021-04-05,1645,020785,,1,2,9,3900,0,2,4,,1,074,"BENJAMIN HOLT DR","GETTYSBURG PL",304.00,E,N,A,-,N,,,,,,,,,,N,4,0,1,2,A,-,09,21804,A,N,D,G,A,A,H,-,A,D,0,,Y,,,Y,,A,01,0,0,1,0,0,0,1,0,0,"- ","- ",38.010299682617188,-121.32290649414062,"SAN JOAQUIN",UNINCORPORATED,-121.32296752929688,38.010402679443359
91453011,2021,2021-04-19,9265,2021-04-02,1225,019073,,5,1,2,3920,0,1,1,,2,502,"I-5 N/B","LATHROP RD",1795.00,S,N,A,-,Y,,,5,,,,,,N,N,3,0,2,3,A,-,04,21703,,N,C,C,A,A,H,-,A,D,0,,,,,Y,,A,01,0,1,1,0,0,0,0,0,0,"- ","- ",37.821491241455078,-121.29170989990234,"SAN JOAQUIN",LATHROP,-121.29178619384766,37.821517944335938
91454176,2021,2021-04-20,9265,2021-04-11,1705,021781,,7,2,9,3900,0,3,5,,2,050,"WASHINGTON STREET","GERTRUDE AVE",0.00,,Y,A,-,N,,,,,,,,,,Y,4,0,5,2,A,-,09,21802,A,N,D,C,A,A,H,-,A,D,0,,,,,Y,,A,01,0,0,5,0,0,0,0,0,0,"- ","- ",37.963001251220703,-121.23576354980469,"SAN JOAQUIN",UNINCORPORATED,-121.23579406738281,37.962997436523438
91454603,2021,2021-04-20,9266,2021-04-15,2355,013650,,4,3,9,3900,0,1,1,,2,021,"I-580 E/B","CORRAL HOLLOW ROAD",3696.00,W,N,A,-,Y,,,,,,,,,,Y,4,0,4,2,A,-,01,23152,A,N,A,C,A,A,H,-,D,A,0,,,,,Y,Y,A,01,0,0,4,0,0,0,0,0,0,"- ","- ",37.679599761962891,-121.46952056884766,"SAN JOAQUIN",UNINCORPORATED,-121.46582794189453,37.677253723144531
91455110,2021,2021-04-21,9265,2021-04-13,2000,013539,,2,2,4,3903,0,1,1,,2,502,"I-5 S/B","ROTH ROAD",2040.00,S,N,A,-,Y,,,,,,,,,,Y,3,0,1,1,A,-,03,22350,,N,E,I,A,A,H,-,C,D,0,,,,,Y,,A,01,0,1,0,0,0,0,0,0,0,"- ","- ",37.860061645507812,-121.28117370605469,"SAN JOAQUIN",MANTECA,-121.28361511230469,37.850025177001953
91455326,2021,2021-04-21,9265,2021-04-16,1735,013539,,5,2,9,3900,0,1,1,,2,502,"I-5 S/B","MATHEWS ROAD",164.00,S,N,A,-,Y,,,5,,,,,,S,Y,3,0,1,2,A,-,03,22350,,N,C,C,A,A,H,-,A,D,0,,,,,Y,,A,01,0,1,0,0,0,0,0,0,0,"- ","- ",37.881549835205078,-121.27883148193359,"SAN JOAQUIN",UNINCORPORATED,-121.27895355224609,37.881534576416016
91455380,2021,2021-04-21,9265,2021-04-17,1150,018836,,6,1,9,3900,0,3,5,,2,010,"FRENCH CAMP RD",SR-99,875.00,E,N,A,-,N,,,,,,,,,,N,4,0,1,2,A,-,08,22107,,N,D,C,A,A,H,-,A,D,0,,,Y,,Y,,C,02,0,0,1,0,0,0,0,0,1,"- ","- ",37.858989715576172,-121.21552276611328,"SAN JOAQUIN",UNINCORPORATED,-121.22039031982422,37.860118865966797
91455919,2021,2021-04-22,9265,2021-04-18,1650,021644,,7,2,9,3900,0,1,3,,2,006,"SR-99 N/B","LODI AVE",430.00,S,N,A,-,Y,,,,,,,,,,Y,3,0,2,2,A,-,03,22350,,N,C,C,A,A,H,-,A,D,0,,,,,Y,,A,01,0,1,1,0,0,0,0,0,0,"- ","- ",38.129711151123047,-121.25729370117188,"SAN JOAQUIN",UNINCORPORATED,-121.25730895996094,38.129978179931641
91457192,2021,2021-08-19,9265,2021-04-12,2058,017439,,1,2,2,3920,0,1,1,,2,502,"I-5 N/B","LOUISE AVE",917.00,S,N,A,-,Y,,,5,,,,,,N,Y,3,0,1,2,A,-,08,22107,,N,B,C,A,A,H,-,D,D,0,,,,Y,Y,,A,07,0,1,0,0,0,0,0,0,0,"- ","- ",37.809310913085938,-121.29633331298828,"SAN JOAQUIN",LATHROP,-121.29633331298828,37.809310913085938