CASE_ID,ACCIDENT_YEAR,PROC_DATE,JURIS,COLLISION_DATE,COLLISION_TIME,OFFICER_ID,REPORTING_DISTRICT,DAY_OF_WEEK,CHP_SHIFT,POPULATION,CNTY_CITY_LOC,SPECIAL_COND,BEAT_TYPE,CHP_BEAT_TYPE,CITY_DIVISION_LAPD,CHP_BEAT_CLASS,BEAT_NUMBER,PRIMARY_RD,SECONDARY_RD,DISTANCE,DIRECTION,INTERSECTION,WEATHER_1,WEATHER_2,STATE_HWY_IND,CALTRANS_COUNTY,CALTRANS_DISTRICT,STATE_ROUTE,ROUTE_SUFFIX,POSTMILE_PREFIX,POSTMILE,LOCATION_TYPE,RAMP_INTERSECTION,SIDE_OF_HWY,TOW_AWAY,COLLISION_SEVERITY,NUMBER_KILLED,NUMBER_INJURED,PARTY_COUNT,PRIMARY_COLL_FACTOR,PCF_CODE_OF_VIOL,PCF_VIOL_CATEGORY,PCF_VIOLATION,PCF_VIOL_SUBSECTION,HIT_AND_RUN,TYPE_OF_COLLISION,MVIW,PED_ACTION,ROAD_SURFACE,ROAD_COND_1,ROAD_COND_2,LIGHTING,CONTROL_DEVICE,CHP_ROAD_TYPE,PEDESTRIAN_ACCIDENT,BICYCLE_ACCIDENT,MOTORCYCLE_ACCIDENT,TRUCK_ACCIDENT,NOT_PRIVATE_PROPERTY,ALCOHOL_INVOLVED,STWD_VEHTYPE_AT_FAULT,CHP_VEHTYPE_AT_FAULT,COUNT_SEVERE_INJ,COUNT_VISIBLE_INJ,COUNT_COMPLAINT_PAIN,COUNT_PED_KILLED,COUNT_PED_INJURED,COUNT_BICYCLIST_KILLED,COUNT_BICYCLIST_INJURED,COUNT_MC_KILLED,COUNT_MC_INJURED,PRIMARY_RAMP,SECONDARY_RAMP,LATITUDE,LONGITUDE,COUNTY,CITY,POINT_X,POINT_Y
91504671,2021,2021-06-23,9265,2021-06-12,2035,022356,,6,2,9,3900,0,2,4,,1,015,"ESCALON BELLOTA RD","LONE TREE RD",890.00,N,N,A,-,N,,,,,,,,,,Y,2,0,4,1,A,-,01,23152,A,N,F,A,A,A,H,-,A,D,0,,,,,Y,Y,D,22,1,0,3,0,0,0,0,0,0,"- ","- ",37.83013916015625,-120.99784088134766,"SAN JOAQUIN",UNINCORPORATED,-120.99768829345703,37.830123901367188
91506546,2021,2021-06-25,9266,2021-06-16,1630,013650,,3,2,9,3900,0,3,5,,2,002,"CORRAL HOLLOW RD",I-580,6336.00,S,N,A,-,N,,,,,,,,,,Y,3,0,1,1,A,-,08,22107,,N,E,I,A,A,H,-,A,D,0,,,,,Y,,A,08,0,1,0,0,0,0,0,0,0,"- ","- ",37.659191131591797,-121.47322845458984,"SAN JOAQUIN",UNINCORPORATED,-121.45783233642578,37.671791076660156
91506865,2021,2022-06-01,9265,2021-04-30,2325,021787,,5,3,9,3900,0,1,3,,2,004,"SR-99 S/B","MORADA LANE",528.00,N,N,A,-,Y,,,99,,,,,,S,Y,1,2,0,1,A,-,01,23152,F,N,E,I,A,A,H,-,A,D,0,,,,,Y,,A,01,0,0,0,0,0,0,0,0,0,"- ","- ",38.038818359375,-121.25882720947266,"SAN JOAQUIN",UNINCORPORATED,-121.25852966308594,38.038822174072266
91509160,2021,2021-06-29,9265,2021-06-16,0415,021440,,3,3,9,3900,0,1,1,,2,505,"I-5 S/B","WALNUT GROVE RD",3960.00,N,N,A,-,Y,,,5,,,,,,S,N,4,0,2,1,A,-,03,22350,,N,H,H,A,A,H,-,B,D,0,,,,,Y,,A,08,0,0,2,0,0,0,0,0,0,"- ","- ",38.235641479492188,-121.43792724609375,"SAN JOAQUIN",UNINCORPORATED,-121.43783569335938,38.235706329345703
91509177,2021,2021-06-29,9265,2021-06-11,1955,021781,,5,2,5,3902,0,1,3,,2,006,"SR-99 S/B","KETTLEMAN LANE",3168.00,N,N,A,-,Y,,,99,,,,,,S,N,3,0,2,2,A,-,03,22350,,N,C,2,A,A,H,-,A,D,0,,,,,Y,,D,22,0,1,1,0,0,0,0,0,0,"- ","- ",38.129650115966797,-121.25765228271484,"SAN JOAQUIN",LODI,-121.25756072998047,38.129650115966797
91509922,2021,2021-06-30,9265,2021-06-18,1135,018836,,5,1,9,3900,0,3,5,,2,010,"COMETA RD","DODDS RD",175.00,S,N,A,-,N,,,,,,,,,,Y,3,0,1,1,A,-,01,23152,A,N,E,I,A,A,H,-,A,D,0,,,,,Y,Y,D,22,0,1,0,0,0,0,0,0,0,"- ","- ",37.856300354003906,-120.94628143310547,"SAN JOAQUIN",UNINCORPORATED,-120.94624328613281,37.856327056884766
91509962,2021,2021-06-30,9265,2021-06-18,1212,015629,,5,1,9,3900,0,3,5,,2,070,"RUTLEDGE WAY EASTBOUND (E/B)","ALEXANDRIA DRIVE",550.00,W,N,A,-,N,,,,,,,,,,Y,3,0,2,3,A,-,08,22107,,N,A,E,E,A,H,-,A,D,0,Y,,,,Y,,A,01,0,1,1,0,1,0,0,0,0,"- ","- ",38.003711700439453,-121.34050750732422,"SAN JOAQUIN",UNINCORPORATED,-121.34031677246094,38.003749847412109
91510131,2021,2021-06-30,9265,2021-06-11,1550,021284,,5,2,9,3900,0,3,5,,2,090,"ARMSTRONG RD","MICKIE GROVE RD",1.00,E,N,A,-,N,,,,,,,,,,Y,4,0,1,2,A,-,03,22350,,N,C,C,A,A,H,-,A,D,0,,,,,Y,,A,01,0,0,1,0,0,0,0,0,0,"- ","- ",38.086471557617188,-121.26927947998047,"SAN JOAQUIN",UNINCORPORATED,-121.269287109375,38.086700439453125
91510204,2021,2022-02-25,9265,2021-06-12,2017,022364,,6,2,9,3900,0,1,1,,2,503,"I5 NB","MONTE DIABLO AVE",790.00,N,N,A,-,Y,,,,,,,,,,Y,4,0,1,2,A,-,03,22350,,N,C,C,A,A,H,-,D,D,0,,,,,Y,,A,07,0,0,1,0,0,0,0,0,0,"- ","- ",37.958221435546875,-121.3311767578125,"SAN JOAQUIN",UNINCORPORATED,-121.33144378662109,37.958427429199219
91511021,2021,2021-07-01,9265,2021-06-19,0708,018511,,6,1,9,3900,0,1,3,,2,006,"SR-99 S/B","WOODBRIDGE ROAD",60.00,N,N,A,-,Y,,,99,,,,,,S,Y,4,0,1,1,A,-,08,22107,,N,E,I,A,A,H,-,A,A,0,,,,,Y,,A,07,0,0,1,0,0,0,0,0,0,"- ","- ",38.160308837890625,-121.261962890625,"SAN JOAQUIN",UNINCORPORATED,-121.26189422607422,38.160316467285156
91511829,2021,2021-07-02,9265,2021-06-22,2355,018784,,2,3,9,3900,0,1,1,,2,502,"I-5 S/B","EL DORADO ST",1056.00,S,N,A,-,Y,,,5,,,,,,S,Y,3,0,1,1,A,-,08,22107,,N,E,I,A,A,H,-,D,D,0,,,,,Y,,A,01,0,1,0,0,0,0,0,0,0,"- ","- ",37.871761322021484,-121.27781677246094,"SAN JOAQUIN",UNINCORPORATED,-121.27786254882812,37.87176513671875
91511958,2021,2021-07-02,9265,2021-06-21,0955,015490,,1,1,9,3900,0,1,3,,2,004,"SR-99 SB","ARMSTRONG RD",100.00,N,N,A,-,Y,,,99,,,,,,S,Y,4,0,1,2,A,-,03,22350,,N,C,2,A,A,H,-,A,D,0,,,,,Y,,A,01,0,0,1,0,0,0,0,0,0,"- ","- ",38.087028503417969,-121.26029205322266,"SAN JOAQUIN",UNINCORPORATED,-121.26012420654297,38.087028503417969
91512015,2021,2021-07-02,9265,2021-06-21,1655,022356,,1,2,9,3900,0,1,3,,1,061,SR-26,"BONHAM ST",5.00,E,N,A,-,Y,,,26,,,,,,,Y,3,0,1,2,A,-,09,21804,A,N,A,C,A,A,H,-,A,A,0,,,,,Y,,D,22,0,1,0,0,0,0,0,0,0,"- ","- ",38.020938873291016,-121.08450317382812,"SAN JOAQUIN",UNINCORPORATED,-121.08448791503906,38.020900726318359
91512152,2021,2021-07-02,9265,2021-06-24,1408,017537,,4,2,9,3900,0,2,S,,2,034,"JAHANT RD","KENNEFICK RD",528.00,W,N,A,-,N,,,,,,,,,,Y,3,0,2,2,A,-,09,21804,A,M,D,C,A,A,H,-,A,D,0,,,,,Y,,A,01,0,2,0,0,0,0,0,0,0,"- ","- ",38.203590393066406,-121.24713897705078,"SAN JOAQUIN",UNINCORPORATED,-121.24625396728516,38.203601837158203
91512178,2021,2021-07-02,9265,2021-06-26,0915,020513,,6,1,9,3900,0,3,5,,2,070,"THORNTON RD","PERSHING AVE",150.00,S,N,A,-,N,,,,,,,,,,Y,4,0,1,2,A,-,08,22107,,N,E,J,A,A,H,-,A,D,0,,,,,Y,,D,22,0,0,1,0,0,0,0,0,0,"- ","- ",38.025539398193359,-121.32945251464844,"SAN JOAQUIN",UNINCORPORATED,-121.32943725585938,38.02569580078125
91512183,2021,2021-07-02,9265,2021-06-26,1250,019182,,6,1,3,3904,0,1,3,,2,001,"SR-99 NB","FULTON AVE",2112.00,S,N,A,-,Y,,,99,,,,,,N,Y,4,0,3,3,A,-,04,21703,,N,C,C,A,A,H,-,A,D,0,,,,,Y,,A,01,0,0,3,0,0,0,0,0,0,"- ","- ",37.743289947509766,-121.12761688232422,"SAN JOAQUIN",RIPON,-121.12758636474609,37.74334716796875
91513473,2021,2021-07-06,9266,2021-06-18,1742,020083,,5,2,9,3900,0,2,4,,1,012,"TRACY BLVD","STATE ROUTE 4",4382.00,S,N,A,-,N,,,,,,,,,,Y,2,0,1,1,A,-,01,23152,A,N,E,I,A,A,H,-,A,D,0,,,,,Y,Y,A,01,1,0,0,0,0,0,0,0,0,"- ","- ",37.89263916015625,-121.45751190185547,"SAN JOAQUIN",UNINCORPORATED,-121.45762634277344,37.892631530761719
91516882,2021,2021-07-09,9265,2021-07-02,1410,022356,,5,2,9,3900,0,3,5,,2,050,"MINER AVE","BROADWAY AVE",58.00,W,N,A,-,N,,,,,,,,,,Y,3,0,1,1,A,-,01,23152,A,N,E,I,A,A,H,-,A,D,0,,,,,Y,Y,A,01,0,1,0,0,0,0,0,0,0,"- ","- ",37.965438842773438,-121.24540710449219,"SAN JOAQUIN",UNINCORPORATED,-121.24530792236328,37.965419769287109
91516905,2021,2021-07-09,9266,2021-06-29,0535,015029,,2,3,9,3900,0,1,3,,1,011,SR-4,"OLD RIVER",4224.00,E,N,A,-,N,,,4,,,,,,,Y,3,0,1,2,A,-,03,22350,,N,C,C,A,A,H,-,B,D,0,,,,,Y,,A,01,0,1,0,0,0,0,0,0,0,"- ","- ",37.890350341796875,-121.55619812011719,"SAN JOAQUIN",UNINCORPORATED,-121.55619812011719,37.890037536621094
91517888,2021,2021-07-12,9265,2021-06-30,1230,018836,,3,1,6,3905,0,1,3,,1,042,"SR-4 W/B","B ST",350.00,E,N,A,-,Y,,,4,,,,,,W,Y,4,0,1,1,A,-,08,22107,,N,F,A,A,A,H,-,A,D,0,,,,,Y,,A,01,0,0,1,0,0,0,0,0,0,"- ","- ",37.956958770751953,-121.26347351074219,"SAN JOAQUIN",STOCKTON,-121.26343536376953,37.956901550292969
91518003,2021,2021-07-12,9265,2021-06-28,1610,021781,,1,2,9,3900,0,1,3,,2,001,"SR-99 S/B","AUSTIN ROAD",1584.00,S,N,A,-,Y,,,99,,,,,,S,N,4,0,2,2,A,-,03,22350,,N,C,C,A,A,H,-,A,D,0,,,,,Y,,A,01,0,0,2,0,0,0,0,0,0,"- ","- ",37.771869659423828,-121.17588806152344,"SAN JOAQUIN",UNINCORPORATED,-121.17587280273438,37.771892547607422
91518317,2021,2021-07-12,9266,2021-07-03,2108,018751,,6,2,9,3900,0,1,3,,1,026,"SR-132 E/B","BIRD ROAD",2235.00,E,N,A,-,Y,,,132,,,,,,E,N,2,0,1,1,A,-,08,22107,,N,F,A,A,A,H,-,D,D,0,,,,,Y,,A,01,1,0,0,0,0,0,0,0,0,"- ","- ",37.637660980224609,-121.35323333740234,"SAN JOAQUIN",UNINCORPORATED,-121.35323333740234,37.637687683105469
91520070,2021,2021-07-14,9265,2021-07-08,1620,022365,,4,2,9,3900,0,1,3,,2,025,"RT 120","MAIN ST",3379.00,E,N,A,-,Y,,,120,,,,,,,Y,4,0,1,2,A,-,03,22350,,N,C,C,A,A,H,-,A,D,0,,,,,Y,,D,22,0,0,1,0,0,0,0,0,0,"- ","- ",37.783218383789062,-121.20256805419922,"SAN JOAQUIN",UNINCORPORATED,-121.20256805419922,37.783203125
91521061,2021,2021-07-15,9265,2021-07-10,1425,021644,,6,2,9,3900,0,3,5,,2,060,"MACKVILLE RD","MEHRTEN RD",645.00,N,N,A,-,N,,,,,,,,,,Y,3,0,1,2,A,-,09,21801,A,N,D,C,A,A,H,-,A,D,0,,,,,Y,,A,01,0,1,0,0,0,0,0,0,0,"- ","- ",38.200019836425781,-121.08770751953125,"SAN JOAQUIN",UNINCORPORATED,-121.08755493164062,38.199939727783203
91521895,2021,2021-07-16,9265,2021-06-28,2145,021401,,1,2,6,3905,0,1,3,,1,042,"SR-4 W/B","AIRPORT WAY",102.00,W,N,A,-,Y,,,4,,,,,,W,Y,2,0,1,2,A,-,01,23152,A,N,E,I,F,A,H,-,D,D,0,Y,,,,Y,Y,A,01,1,0,0,0,1,0,0,0,0,"- ","- ",37.952888488769531,-121.27413177490234,"SAN JOAQUIN",STOCKTON,-121.27413940429688,37.952953338623047
91522176,2021,2021-07-16,9266,2021-07-13,1435,018751,,2,2,9,3900,0,2,4,,1,012,"TRACY BLVD","PLATTI ROAD",915.00,S,N,A,-,N,,,,,,,,,,N,4,0,1,1,C,-,18,,,N,E,I,A,A,H,-,A,D,0,,,,,Y,,-,"- ",0,0,1,0,0,0,0,0,0,"- ","- ",37.795169830322266,-121.49845123291016,"SAN JOAQUIN",UNINCORPORATED,-121.44837951660156,37.795124053955078
91523098,2021,2021-07-19,9266,2021-07-12,2315,021704,,1,3,9,3900,0,3,5,,2,001,"CLOVER ROAD","CORRAL HOLLOW ROAD",720.00,E,N,A,-,N,,,,,,,,,,Y,3,0,1,2,A,-,21,22106,,N,D,C,A,A,H,-,C,D,0,,,,,Y,Y,A,07,0,1,0,0,0,0,0,0,0,"- ","- ",37.761421203613281,-121.45079040527344,"SAN JOAQUIN",UNINCORPORATED,-121.45083618164062,37.761375427246094
91523127,2021,2021-07-19,9266,2021-07-11,0005,013650,,7,3,9,3900,0,3,5,,2,002,"LAMMERS ROAD","VALPICO ROAD",760.00,N,N,A,-,N,,,,,,,,,,Y,3,0,2,1,A,-,01,23152,A,N,E,I,A,A,H,-,D,D,0,,,,,Y,Y,A,01,0,2,0,0,0,0,0,0,0,"- ","- ",37.712680816650391,-121.71267700195312,"SAN JOAQUIN",UNINCORPORATED,-121.47653961181641,37.712608337402344
91525450,2021,2021-07-21,9266,2021-07-09,1740,013650,,5,2,9,3900,0,3,5,,2,002,"CORRAL HOLLOW ROAD","I-580 E/B",14784.00,S,N,A,-,N,,,,,,,,,,Y,4,0,1,2,A,-,08,22107,,N,E,I,A,A,H,-,A,D,0,,,,,Y,,A,01,0,0,1,0,0,0,0,0,0,"- ","- ",37.639019012451172,-121.49117279052734,"SAN JOAQUIN",UNINCORPORATED,-121.45783233642578,37.671791076660156
91526204,2021,2021-07-22,9265,2021-07-08,2125,021284,,4,2,9,3900,0,1,3,,2,004,"SR-99 S/B TO HAMMER LANE","HAMMER LN",471.00,S,N,A,-,Y,,,99,,,,R,,S,Y,3,0,1,1,A,-,01,23152,A,N,F,A,A,A,H,-,D,D,0,,,,,Y,Y,A,01,0,1,0,0,0,0,0,0,0,"- ","- ",38.019760131835938,-121.25933837890625,"SAN JOAQUIN",UNINCORPORATED,-121.25933837890625,38.019760131835938
91528981,2021,2021-07-26,9265,2021-05-15,2244,021440,,6,3,2,3920,0,1,1,,2,502,"I-5 S/B",SR-120,1584.00,N,N,A,-,Y,,,5,,,,,,S,Y,4,0,1,2,D,-,00,,,N,B,C,A,A,H,-,D,D,0,,,,,Y,,-,"- ",0,0,1,0,0,0,0,0,0,"- ","- ",37.793498992919922,-121.30088806152344,"SAN JOAQUIN",LATHROP,-121.30094146728516,37.793498992919922
91529622,2021,2021-11-01,9265,2021-07-13,1900,022134,,2,2,9,3900,0,3,5,,2,010,"ESCALON BALLOTA RD.","DODDS RD.",0.00,,Y,A,-,N,,,,,,,,,,Y,3,0,1,2,A,-,12,22450,A,N,A,C,A,A,H,-,A,A,0,,,,Y,Y,,-,"- ",0,1,0,0,0,0,0,0,0,"- ","- ",37.856658935546875,-120.99862670898438,"SAN JOAQUIN",UNINCORPORATED,-120.99864959716797,37.856700897216797
91530029,2021,2021-10-01,9266,2021-07-24,1136,019012,,6,1,9,3900,0,1,1,,2,021,"WESTBOUND I-580","CHRISMAN ROAD",3590.00,W,N,A,-,Y,,,580,,,,,,,Y,4,0,1,1,A,-,01,23152,A,N,E,I,A,A,H,-,A,D,0,,,,,Y,Y,A,01,0,0,1,0,0,0,0,0,0,"- ","- ",37.642551422119141,-121.40753936767578,"SAN JOAQUIN",UNINCORPORATED,-121.40764617919922,37.642372131347656
91530939,2021,2021-07-28,9265,2021-07-21,1100,015490,,3,1,9,3900,0,2,4,,1,053,"WATERLOO RD.","F ST.",0.00,,N,A,-,N,,,,,,,,,,Y,3,0,2,3,A,-,03,22350,,N,C,C,A,A,H,-,A,D,0,,,,,Y,,A,01,0,2,0,0,0,0,0,0,0,"- ","- ",37.976058959960938,-121.26344299316406,"SAN JOAQUIN",UNINCORPORATED,-121.26354217529297,37.975921630859375
91531608,2021,2021-07-29,9266,2021-07-15,2005,018888,,4,2,9,3900,0,1,1,,1,015,"I-205 E/B","TOM PAINE SLOUGH",2505.00,W,N,A,-,Y,,,205,,,,,,E,Y,2,0,2,1,A,-,08,22107,,N,F,A,A,A,H,-,D,D,0,,,,,Y,,A,07,1,0,1,0,0,0,0,0,0,"- ","- ",37.764759063720703,-121.35810089111328,"SAN JOAQUIN",UNINCORPORATED,-121.35810089111328,37.764804840087891
91531794,2021,2021-07-29,9265,2021-06-19,2220,021163,,6,3,9,3900,0,3,5,,2,010,"ESCALON BELLOTA RD","ELM ST",4646.00,S,N,A,-,N,,,,,,,,,,Y,2,0,1,2,A,-,03,22350,,N,C,C,A,A,H,-,D,D,0,,,Y,,Y,,C,02,1,0,0,0,0,0,0,0,1,"- ","- ",37.91619873046875,-121.00009918212891,"SAN JOAQUIN",UNINCORPORATED,-121.00011444091797,37.916294097900391
91533674,2021,2021-07-30,9265,2021-07-23,1320,017405,,5,1,9,3900,0,2,4,,1,031,"FRENCH CAMP RD.","ASH ST.",36.00,E,N,A,-,N,,,,,,,,,,N,4,0,1,2,A,-,03,22350,,N,C,C,A,A,H,-,A,A,0,,,,,Y,,D,22,0,0,1,0,0,0,0,0,0,"- ","- ",37.884330749511719,-121.2706298828125,"SAN JOAQUIN",UNINCORPORATED,-121.27069854736328,37.884365081787109
91533865,2021,2021-07-30,9265,2021-07-19,2030,022134,,1,2,9,3900,0,3,5,,2,060,"WHITE LANE","LEE CT.",300.00,N,N,A,-,N,,,,,,,,,,Y,4,0,1,1,A,-,03,22350,,N,E,I,A,A,H,-,D,D,0,,,,,Y,,A,01,0,0,1,0,0,0,0,0,0,"- ","- ",37.996391296386719,-121.22332000732422,"SAN JOAQUIN",UNINCORPORATED,-121.22370147705078,37.996261596679688
91535520,2021,2021-08-03,9266,2021-07-31,0213,021704,,6,3,9,3900,0,1,1,,1,015,"I-205 W/B","PARADISE RD",2112.00,E,N,A,-,Y,,,,,,,,,,Y,3,0,1,1,A,-,03,22350,,N,E,J,A,A,H,-,D,D,0,,,,,Y,,A,01,0,1,0,0,0,0,0,0,0,"- ","- ",37.765018463134766,-122.38053131103516,"SAN JOAQUIN",UNINCORPORATED,-121.38066101074219,37.765045166015625
9153599,2020,2020-09-21,3903,2020-07-06,1016,3540,,1,5,4,3903,0,0,0,,0,,"YOSEMITE AV","PESTANA AV",80.00,W,N,A,-,N,,,,,,,,,,Y,3,0,2,3,A,-,03,22350,,N,C,C,A,A,H,-,A,D,0,,,,,Y,,A,01,0,1,1,0,0,0,0,0,0,"- ","- ",37.797618865966797,-121.18672943115234,"SAN JOAQUIN",MANTECA,-121.18699645996094,37.797538757324219
91536617,2021,2021-08-04,9265,2021-07-23,1905,017439,,5,2,9,3900,0,3,5,,2,010,"E. RIVER RD.","EUGENIA AVE",0.00,,Y,A,-,N,,,,,,,,,,N,3,0,1,1,A,-,08,22107,,N,G,I,A,A,H,-,A,A,0,,,,,Y,,A,01,0,1,0,0,0,0,0,0,0,"- ","- ",37.761238098144531,-121.11490631103516,"SAN JOAQUIN",UNINCORPORATED,-121.11521911621094,37.761238098144531
91537301,2021,2021-08-05,9265,2021-07-24,2155,021625,,6,2,9,3900,0,2,4,,1,072,"WEST LANE","W. HAM LANE",898.00,N,N,A,-,N,,,,,,,,,,Y,4,0,1,2,A,-,08,22107,,N,C,C,A,A,H,-,A,D,0,,,,,Y,,A,01,0,0,1,0,0,0,0,0,0,"- ","- ",38.076858520507812,-121.28481292724609,"SAN JOAQUIN",UNINCORPORATED,-121.284912109375,38.076747894287109
91537331,2021,2021-08-05,9265,2021-07-24,2339,022123,,6,3,9,3900,0,2,4,,1,091,"THORNTON RD","DEVRIES RD",175.00,S,N,A,-,N,,,,,,,,,,Y,3,0,1,1,A,-,01,23152,A,N,E,I,A,A,H,-,D,D,0,,,,,Y,Y,A,01,0,1,0,0,0,0,0,0,0,"- ","- ",38.074558258056641,-121.35243225097656,"SAN JOAQUIN",UNINCORPORATED,-121.35251617431641,38.074398040771484
91537405,2021,2022-02-07,9265,2021-07-26,0818,015629,,1,1,9,3900,0,1,3,,1,092,"SR-12 EASTBOUND (E/B)","FLAG CITY BLVD",0.00,,Y,A,-,N,,,12,,,,,,E,N,4,0,1,2,A,-,08,22107,,N,D,C,A,A,H,-,A,D,0,,,,,Y,,D,22,0,0,1,0,0,0,0,0,0,"- ","- ",38.116111755371094,-121.38594055175781,"SAN JOAQUIN",UNINCORPORATED,-121.38594055175781,38.11614990234375
91538659,2021,2021-08-06,9265,2021-07-27,1753,017439,,2,2,4,3903,0,1,3,,2,025,"STATE ROUTE 120","AIRPORT WAY",25.00,E,N,A,-,Y,,,120,,,,,,,N,3,0,1,2,A,-,07,21658,A,F,E,A,A,A,H,-,A,D,0,,,,,Y,,-,99,0,1,0,0,0,0,0,0,0,"- ","- ",37.783401489257812,-121.25166320800781,"SAN JOAQUIN",MANTECA,-121.25166320800781,37.783412933349609
91541149,2021,2021-08-10,9265,2021-07-29,2100,022134,,4,2,6,3905,0,1,1,,2,503,"SR-4 W/B TO S/B I-5","LINCOLN ST",870.00,W,N,A,-,Y,,,4,,,,R,,W,Y,2,0,1,1,A,-,08,22107,,N,E,C,A,A,H,-,D,D,0,,,,,Y,,D,22,1,0,0,0,0,0,0,0,0,"- ","- ",37.948768615722656,-121.29976654052734,"SAN JOAQUIN",STOCKTON,-121.29976654052734,37.948768615722656
91541468,2021,2021-08-10,9266,2021-07-31,0050,022498,,6,3,9,3900,0,2,4,,2,020,"KASSON ROAD","GREENWOOD ROAD",27.00,S,N,A,-,N,,,,,,,,,,Y,3,0,1,1,A,-,01,23152,A,N,E,I,A,A,H,-,D,D,0,,,,,Y,Y,A,01,0,1,0,0,0,0,0,0,0,"- ","- ",37.653839111328125,-121.25863647460938,"SAN JOAQUIN",UNINCORPORATED,-121.25858306884766,37.653964996337891
91541584,2021,2021-08-10,9265,2021-07-30,1347,021644,,5,1,9,3900,0,1,3,,2,006,"N/B SR-99","KETTLEMAN LN",330.00,S,N,A,-,Y,,,99,,,,,,,Y,4,0,1,2,A,-,03,22350,,N,C,C,A,A,H,-,A,D,0,,,,,Y,,A,01,0,0,1,0,0,0,0,0,0,"- ","- ",38.115291595458984,-121.25801086425781,"SAN JOAQUIN",UNINCORPORATED,-121.25801086425781,38.115291595458984
91543518,2021,2021-08-12,9265,2021-08-04,0735,015490,,3,1,9,3900,0,1,3,,2,004,"SR99 S/B FROM WATERLOO RD. E/B",SR-99,105.00,W,N,A,-,Y,,,99,,,,R,,S,Y,4,0,1,2,A,-,03,22350,,N,C,C,A,A,H,-,A,A,0,,,,,Y,,A,01,0,0,1,0,0,0,0,0,0,"- ","- ",37.983291625976562,-121.25050354003906,"SAN JOAQUIN",UNINCORPORATED,-121.25050354003906,37.983291625976562
91543712,2021,2021-08-12,9265,2021-08-05,0820,015490,,4,1,9,3900,0,1,3,,1,061,SR-26,"SHELLEY RD.",1056.00,E,N,A,-,Y,,,,,,,,,,Y,4,0,1,2,A,-,06,21751,,N,B,C,A,A,H,-,A,D,0,,,,,Y,,A,01,0,0,1,0,0,0,0,0,0,"- ","- ",38.084369659423828,-121.96122741699219,"SAN JOAQUIN",UNINCORPORATED,-120.96006011962891,38.084793090820312
91543718,2021,2021-08-12,9265,2021-08-05,0630,015490,,4,1,9,3900,0,1,3,,1,062,SR-88,"SR-12 (VICTOR RD.)",3168.00,W,N,A,-,Y,,,88,,,,,,,Y,3,0,1,1,A,-,08,22107,,N,E,I,A,A,H,-,A,D,0,,,,,Y,,A,01,0,1,0,0,0,0,0,0,0,"- ","- ",38.127670288085938,-121.16842651367188,"SAN JOAQUIN",UNINCORPORATED,-121.16834259033203,38.127616882324219
91543758,2021,2021-08-12,9265,2021-08-05,1530,021625,,4,2,9,3900,0,1,3,,2,004,"SR-99 NORTHBOUND FROM FREMONT STREET","FREMONT STREET",550.00,N,N,A,-,Y,,,99,,,,R,,N,N,3,0,1,2,A,-,03,22350,,N,C,C,A,A,H,-,A,D,0,,,,,Y,,A,07,0,1,0,0,0,0,0,0,0,"- ","- ",37.971778869628906,-121.24617004394531,"SAN JOAQUIN",UNINCORPORATED,-121.24617004394531,37.971778869628906
91544342,2021,2021-08-13,9265,2021-08-03,1520,022134,,2,2,9,3900,0,3,5,,2,030,"LEO GIRON DR.","YETTNER RD.",1050.00,S,N,A,-,N,,,,,,,,,,Y,4,0,1,2,A,-,05,21460,A,N,D,C,A,A,H,-,A,D,0,,,,,Y,,A,01,0,0,1,0,0,0,0,0,0,"- ","- ",37.891628265380859,-121.28234100341797,"SAN JOAQUIN",UNINCORPORATED,-121.28253936767578,37.891437530517578
91544387,2021,2021-08-13,9265,2021-08-01,0140,021401,,7,3,6,3905,0,1,1,,2,503,"I-5 N/B","CHARTER WAY",660.00,N,N,A,-,Y,,,5,,,,,,N,Y,2,0,1,1,A,-,01,23152,A,N,F,0,A,A,H,-,D,D,0,,,,,Y,Y,A,01,1,0,0,0,0,0,0,0,0,"- ","- ",37.939041137695312,-121.29762268066406,"SAN JOAQUIN",STOCKTON,-121.29776763916016,37.939018249511719
91544730,2021,2021-08-13,9265,2021-07-18,1335,018836,,7,1,9,3900,0,1,3,,1,061,SR-26,"MURRAY RD",813.00,W,N,A,-,Y,,,26,,,,,,,Y,2,0,4,4,A,-,03,22350,,N,C,C,A,A,H,-,A,D,0,,,,,Y,Y,A,01,1,1,2,0,0,0,0,0,0,"- ","- ",38.010158538818359,-121.11640930175781,"SAN JOAQUIN",UNINCORPORATED,-121.11640930175781,38.010166168212891