CASE_ID,ACCIDENT_YEAR,PROC_DATE,JURIS,COLLISION_DATE,COLLISION_TIME,OFFICER_ID,REPORTING_DISTRICT,DAY_OF_WEEK,CHP_SHIFT,POPULATION,CNTY_CITY_LOC,SPECIAL_COND,BEAT_TYPE,CHP_BEAT_TYPE,CITY_DIVISION_LAPD,CHP_BEAT_CLASS,BEAT_NUMBER,PRIMARY_RD,SECONDARY_RD,DISTANCE,DIRECTION,INTERSECTION,WEATHER_1,WEATHER_2,STATE_HWY_IND,CALTRANS_COUNTY,CALTRANS_DISTRICT,STATE_ROUTE,ROUTE_SUFFIX,POSTMILE_PREFIX,POSTMILE,LOCATION_TYPE,RAMP_INTERSECTION,SIDE_OF_HWY,TOW_AWAY,COLLISION_SEVERITY,NUMBER_KILLED,NUMBER_INJURED,PARTY_COUNT,PRIMARY_COLL_FACTOR,PCF_CODE_OF_VIOL,PCF_VIOL_CATEGORY,PCF_VIOLATION,PCF_VIOL_SUBSECTION,HIT_AND_RUN,TYPE_OF_COLLISION,MVIW,PED_ACTION,ROAD_SURFACE,ROAD_COND_1,ROAD_COND_2,LIGHTING,CONTROL_DEVICE,CHP_ROAD_TYPE,PEDESTRIAN_ACCIDENT,BICYCLE_ACCIDENT,MOTORCYCLE_ACCIDENT,TRUCK_ACCIDENT,NOT_PRIVATE_PROPERTY,ALCOHOL_INVOLVED,STWD_VEHTYPE_AT_FAULT,CHP_VEHTYPE_AT_FAULT,COUNT_SEVERE_INJ,COUNT_VISIBLE_INJ,COUNT_COMPLAINT_PAIN,COUNT_PED_KILLED,COUNT_PED_INJURED,COUNT_BICYCLIST_KILLED,COUNT_BICYCLIST_INJURED,COUNT_MC_KILLED,COUNT_MC_INJURED,PRIMARY_RAMP,SECONDARY_RAMP,LATITUDE,LONGITUDE,COUNTY,CITY,POINT_X,POINT_Y
92375808,2024,2024-04-26,9265,2024-04-16,1515,022356,,2,2,9,3900,0,1,3,,1,013,SR-4,"ESCALON BELLOTA RD",0.00,,Y,A,-,Y,SJ,,4," "," ",33.082,H,,R,N,4,0,1,2,A,-,12,22450,A,N,D,C,A,A,H,-,A,A,0,,,,,Y,,D,22,0,0,1,0,0,0,0,0,0,"- ","- ",37.930049896240234,-121.00019836425781,"SAN JOAQUIN",UNINCORPORATED,-121.00019836425781,37.930042266845703
92377423,2024,2024-04-29,9265,2024-04-17,2120,022072,,3,2,9,3900,0,1,3,,1,062,SR-88,"PICCOLI RD",206.00,E,N,A,-,Y,SJ,,88," "," ",0.272,H,,R,Y,4,0,1,2,A,-,09,21804,A,N,D,C,A,A,H,-,C,D,0,,,,,Y,,D,22,0,0,1,0,0,0,0,0,0,"- ","- ",37.987148284912109,-121.24632263183594,"SAN JOAQUIN",UNINCORPORATED,-121.24623870849609,37.987068176269531
92377521,2024,2024-04-29,9265,2024-01-02,"510 ",023185,,2,3,6,3905,0,1,1,,2,503,"INTERSTATE 5 NORTHBOUND","DOWNING AVENUE",850.00,S,N,E,-,Y,SJ,,5," ",R,23.110,H,,R,Y,1,1,0,2,A,-,03,22350,,N,C,C,A,B,H,-,D,D,0,,,Y,Y,Y,,C,02,0,0,0,0,0,0,0,1,0,"- ","- ",37.905250549316406,-121.28659057617188,"SAN JOAQUIN",STOCKTON,-121.28657531738281,37.905254364013672
92377812,2024,2024-04-29,9265,2024-04-16,1337,020785,,2,1,9,3900,0,1,1,,2,505,"I-5 N/B",SR-12,600.00,N,N,A,-,Y,SJ,,5," "," ",39.705,H,,R,Y,3,0,1,2,A,-,03,22350,,N,C,C,A,A,H,-,A,D,0,,,,Y,Y,,F,27,0,1,0,0,0,0,0,0,0,"- ","- ",38.117790222167969,-121.39865875244141,"SAN JOAQUIN",UNINCORPORATED,-121.39868927001953,38.117782592773438
92377865,2024,2024-04-29,9265,2024-04-18,"505 ",022072,,4,3,9,3900,0,1,3,,1,092,SR-12,"FLAG CITY BLVD",0.00,,Y,A,-,Y,SJ,,12," "," ",10.826,H,,R,Y,3,0,1,2,A,-,09,21802,A,N,D,C,A,A,H,-,C,A,0,,,,,Y,,D,22,0,1,0,0,0,0,0,0,0,"- ","- ",38.116119384765625,-121.38594818115234,"SAN JOAQUIN",UNINCORPORATED,-121.38594818115234,38.11614990234375
92379770,2024,2024-05-14,9266,2024-04-23,"655 ",018628,,2,1,5,3906,0,1,1,,2,014,"I-205 W/B","GRANT LINE RD",2640.00,E,N,B,-,Y,SJ,,205," ",R,5.766,H,,L,Y,3,0,3,3,A,-,03,22350,,N,C,2,A,A,H,-,A,A,0,,,,,Y,,A,01,0,1,2,0,0,0,0,0,0,"- ","- ",37.757038116455078,-121.45641326904297,"SAN JOAQUIN",TRACY,-121.45641326904297,37.757045745849609
92379815,2024,2024-05-01,9265,2024-03-24,2330,020071,,7,3,9,3900,0,3,5,,2,030,"10TH STREET","D STREET",480.00,W,N,A,-,N,,,,,,,,,,Y,3,0,1,4,A,-,01,23152,A,N,C,C,A,A,H,-,C,D,0,,,,,Y,Y,A,07,0,1,0,0,0,0,0,0,0,"- ","- ",37.932430267333984,-121.25247955322266,"SAN JOAQUIN",UNINCORPORATED,-121.25239562988281,37.932468414306641
92380303,2024,2024-05-02,9266,2024-04-24,"510 ",021936,,3,3,9,3900,0,3,5,,2,001,"BETHANY ROAD","SAN JOSE ROAD",1110.00,E,N,B,-,N,,,,,,,,,,N,3,0,1,1,A,-,08,22107,,N,E,8,A,A,H,-,D,D,0,,,,,Y,,A,01,0,1,0,0,0,0,0,0,0,"- ","- ",37.780471801757812,-121.4869384765625,"SAN JOAQUIN",UNINCORPORATED,-121.48698425292969,37.780429840087891
92380311,2024,2024-05-02,9266,2024-04-30,"20  ",021774,,2,3,9,3900,0,1,3,,1,025,"SR-33 N/B","I-5 S/B",1056.00,S,N,A,-,N,,,,,,,,,,Y,3,0,1,1,A,-,08,22107,,N,E,I,A,A,H,-,A,D,0,,,,,Y,,A,01,0,1,0,0,0,0,0,0,0,"- ","- ",37.678611755371094,-121.33986663818359,"SAN JOAQUIN",UNINCORPORATED,-121.34109497070312,37.679649353027344
92380427,2024,2024-05-02,9265,2024-04-22,2032,023277,,1,2,4,3903,0,1,3,,2,025,"SR-120 W/B","AIRPORT WAY",2486.00,E,N,A,-,Y,SJ,,120," ",R,3.798,H,,L,Y,4,0,2,2,A,-,03,22350,,N,C,C,A,A,H,-,D,D,0,,,,,Y,,A,01,0,0,2,0,0,0,0,0,0,"- ","- ",37.783401489257812,-121.24349212646484,"SAN JOAQUIN",MANTECA,-121.24349212646484,37.783439636230469
92381363,2024,2024-05-03,9265,2024-04-23,1402,023096,,2,2,9,3900,0,1,1,,2,502,"I-5 N/B","ROTH RD",2112.00,N,N,A,-,Y,SJ,,5," ",R,19.997,H,,R,Y,3,0,1,2,A,-,07,21658,A,N,B,C,A,A,H,-,A,D,0,,,,,Y,,A,01,0,1,0,0,0,0,0,0,0,"- ","- ",37.861278533935547,-121.28038787841797,"SAN JOAQUIN",UNINCORPORATED,-121.28037261962891,37.861278533935547
92381387,2024,2024-05-03,9265,2024-04-23,1530,017439,,2,2,6,3905,0,1,1,,2,503,"INTERSTATE 5 NB TO MARCH LN.","MARCH LN.",75.00,S,N,A,-,Y,,,,,,,,,,N,3,0,1,2,A,-,03,22350,,N,C,C,A,A,H,-,A,D,0,,,,,Y,,-,"- ",0,1,0,0,0,0,0,0,0,"- ","- ",37.984050750732422,-121.34256744384766,"SAN JOAQUIN",STOCKTON,-121.34322357177734,37.984508514404297
92382834,2024,2024-05-06,9266,2024-04-24,1545,018628,,3,2,5,3906,0,1,1,,1,015,"I-205 EB TO MACARTHUR DR","MACARTHUR RD",400.00,W,N,A,-,Y,SJ,,205," ",R,8.060,H,,R,N,4,0,1,3,A,-,21,22106,,N,C,C,A,A,H,-,A,A,0,,,,,Y,,A,01,0,0,1,0,0,0,0,0,0,"- ","- ",37.763690948486328,-121.41619873046875,"SAN JOAQUIN",TRACY,-121.41624450683594,37.763877868652344
92384786,2024,2024-05-08,9265,2024-04-26,1034,020313,,5,1,9,3900,0,1,1,,2,502,"I-5 N/B TO LOUISE AVE","LOUISE AVENUE",635.00,S,N,A,-,Y,,,,,,,,,,N,4,0,1,3,A,-,03,22350,,N,C,C,A,A,H,-,A,A,0,,,,,Y,,D,22,0,0,1,0,0,0,0,0,0,"- ","- ",37.810161590576172,-121.29566192626953,"SAN JOAQUIN",UNINCORPORATED,-121.29496765136719,37.813095092773438
92385068,2024,2024-05-08,9265,2024-04-10,1240,023746,,3,1,9,3900,0,3,5,,2,030,"10TH STREET","B STREET",0.00,,Y,A,-,N,,,,,,,,,,Y,3,0,1,2,A,-,09,21802,B,N,D,C,A,A,H,-,A,A,0,,,,,Y,,-,"- ",0,1,0,0,0,0,0,0,0,"- ","- ",37.931919097900391,-121.25454711914062,"SAN JOAQUIN",UNINCORPORATED,-121.42790222167969,37.738510131835938
92385271,2024,2024-05-08,9265,2024-05-03,"750 ",019182,,5,1,9,3900,0,3,5,,2,010,"LONE TREE RD","SEXTON RD",2640.00,E,N,A,-,N,,,,,,,,,,Y,4,0,3,2,A,-,08,22107,,N,B,C,A,A,H,-,A,D,0,,,,Y,Y,,F,27,0,0,3,0,0,0,0,0,0,"- ","- ",37.827701568603516,-121.02525329589844,"SAN JOAQUIN",UNINCORPORATED,-121.02559661865234,37.827674865722656
92386141,2024,2024-05-09,9265,2024-04-16,1527,021364,,2,2,9,3900,0,1,3,,1,011,SR-120,"SEXTON RD",0.00,,Y,A,-,Y,SJ,,120," "," ",14.829,H,,R,Y,2,0,1,2,A,-,09,21802,A,N,D,C,A,A,H,-,A,A,0,,,Y,,Y,,C,06,1,0,0,0,0,0,0,0,1,"- ","- ",37.798679351806641,-121.03379821777344,"SAN JOAQUIN",UNINCORPORATED,-121.03379821777344,37.798587799072266
92386631,2024,2024-05-16,9265,2024-04-16,2115,023195,,2,2,9,3900,0,3,5,,2,070,"HAMMER LN","SR-99 W FRONTAGE RD",0.00,,Y,A,-,N,,,,,,,,,,N,2,0,2,2,A,-,09,21453,C,N,D,C,A,A,H,-,C,A,0,,,,,Y,,A,01,1,1,0,0,0,0,0,0,0,"- ","- ",38.021080017089844,-121.25982666015625,"SAN JOAQUIN",UNINCORPORATED,-121.25640869140625,38.021221160888672
92390817,2024,2024-05-15,9265,2024-05-01,"322 ",023736,,3,3,4,3903,0,1,3,,2,025,"SR-120 E/B",SR-99,2364.00,W,N,A,-,Y,SJ,,120," ",R,6.397,H,,R,Y,3,0,2,2,A,-,01,23152,A,N,B,2,A,A,H,-,E,D,0,,,,Y,Y,Y,A,01,0,1,1,0,0,0,0,0,0,"- ","- ",37.783241271972656,-121.19595336914062,"SAN JOAQUIN",MANTECA,-121.19595336914062,37.783199310302734
92390858,2024,2024-05-15,9265,2024-04-23,1219,021519,,2,1,9,3900,0,1,3,,1,092,SR-12,"DEVRIES ROAD",1565.00,W,N,A,-,N,,,,,,,,,,Y,2,0,2,2,A,-,03,22350,,N,H,F,A,A,H,-,A,A,0,,,,,Y,,B,07,2,0,0,0,0,0,0,0,0,"- ","- ",38.115859985351562,-121.35797882080078,"SAN JOAQUIN",UNINCORPORATED,-121.35791778564453,38.115859985351562
92390960,2024,2024-07-09,9266,2024-05-04,1650,023624,,6,2,9,3900,0,1,1,,1,015,"I-205 E/B","MACARTHUR DRIVE",13.00,W,N,B,-,Y,SJ,,205," ",R,8.141,H,,R,Y,4,0,1,3,A,-,03,22350,,N,C,C,A,B,H,-,A,D,0,,,,,Y,,A,01,0,0,1,0,0,0,0,0,0,"- ","- ",37.76416015625,-121.41474151611328,"SAN JOAQUIN",UNINCORPORATED,-121.41472625732422,37.764102935791016
92391410,2024,2024-05-16,9265,2024-05-04,1510,015629,,6,2,9,3900,0,1,3,,2,004,"STATE ROUTE 99 SOUTHBOUND","HARNEY LANE",100.00,S,N,B,-,Y,SJ,,99," "," ",28.467,H,,L,Y,3,0,3,4,A,-,03,22350,,N,B,C,A,B,H,-,A,A,0,,,,,Y,,A,07,0,1,2,0,0,0,0,0,0,"- ","- ",38.101398468017578,-121.26036071777344,"SAN JOAQUIN",UNINCORPORATED,-121.26029205322266,38.101398468017578
92391587,2024,2024-05-16,9265,2024-05-04,1140,021781,,6,1,9,3900,0,1,1,,2,502,"I-5 S/B TO SR-120 E/B",SR-120,40.00,S,N,C,-,Y,SJ,,5," ",R,14.593,H,,L,N,4,0,1,1,A,-,03,22350,,N,E,I,A,B,H,-,E,D,0,,,,,Y,,A,07,0,0,1,0,0,0,0,0,0,"- ","- ",37.78607177734375,-121.30522918701172,"SAN JOAQUIN",UNINCORPORATED,-121.30524444580078,37.786087036132812
92391704,2024,2024-05-16,9265,2024-05-02,"47  ",022706,,4,3,9,3900,0,1,3,,2,001,"SR-99 S/B","FRENCH CAMP RD",2847.00,S,N,A,-,Y,SJ,,99," "," ",10.812,H,,L,Y,3,0,1,2,A,-,03,22350,,N,C,C,A,A,H,-,D,A,0,,,,Y,Y,,A,01,0,1,0,0,0,0,0,0,0,"- ","- ",37.850109100341797,-121.21849822998047,"SAN JOAQUIN",UNINCORPORATED,-121.21846771240234,37.850109100341797
92392707,2024,2024-05-17,9266,2024-05-09,"655 ",018888,,4,1,9,3900,0,1,1,,2,021,"I-580 W/B","CORRAL HOLLOW ROAD",1056.00,E,N,B,-,Y,SJ,,580," "," ",7.955,H,,L,N,4,0,2,3,A,-,03,22350,,N,C,C,A,A,H,-,A,D,0,,,,,Y,,A,01,0,0,2,0,0,0,0,0,0,"- ","- ",37.670608520507812,-121.45437622070312,"SAN JOAQUIN",UNINCORPORATED,-121.45454406738281,37.670436859130859
92393871,2024,2024-05-20,9265,2024-05-03,1645,018836,,5,2,9,3900,0,3,5,,2,060,"WALL RD","COMSTOCK RD",1637.00,S,N,A,-,N,,,,,,,,,,Y,3,0,1,1,A,-,01,23152,A,N,E,I,A,A,H,-,A,D,0,,,,,Y,Y,A,01,0,1,0,0,0,0,0,0,0,"- ","- ",38.0406494140625,-121.07305145263672,"SAN JOAQUIN",UNINCORPORATED,-121.07308197021484,38.040763854980469
92394365,2024,2024-05-20,9266,2024-04-03,1910,021774,,3,2,9,3900,0,1,1,,2,024,"I-5 N/B TO SR-132 W/B",SR-132,373.00,N,N,G,-,Y,,,,,,,,,,Y,1,1,0,1,A,-,08,22107,,N,F,A,A,A,H,-,B,D,0,,,,,Y,,-,"- ",0,0,0,0,0,0,0,0,0,"- ","- ",37.638961791992188,-121.34255981445312,"SAN JOAQUIN",UNINCORPORATED,-121.34290313720703,37.638385772705078
92394498,2024,2024-05-21,9265,2024-05-03,1435,021781,,5,2,9,3900,0,3,5,,2,030,"SOUTH MCKINLEY AVE","INDUSTRIAL DR",451.00,N,N,A,-,N,,,,,,,,,,N,2,0,1,2,C,-,18,,,N,B,C,A,A,H,-,A,D,0,,,,,Y,,-,"- ",1,0,0,0,0,0,0,0,0,"- ","- ",37.908008575439453,-121.27433776855469,"SAN JOAQUIN",UNINCORPORATED,-121.27435302734375,37.908100128173828
92394503,2024,2024-05-21,9265,2024-05-06,1313,016639,,1,1,9,3900,0,2,4,,1,024,"AIRPORT WAY","FRENCH CAMP RD",300.00,S,N,A,-,N,,,,,,,,,,Y,3,0,1,2,A,-,09,21804,A,N,D,C,A,A,H,-,A,D,0,,,,,Y,,D,22,0,1,0,0,0,0,0,0,0,"- ","- ",37.873619079589844,-121.25344848632812,"SAN JOAQUIN",UNINCORPORATED,-121.25411987304688,37.872989654541016
92394507,2024,2024-05-21,9265,2024-05-03,"720 ",023752,,5,1,9,3900,0,1,3,,1,061,"SR-26 E/B","JACK TONE RD",0.00,,Y,A,-,N,,,,,,,,,,Y,4,0,1,2,A,-,12,22450,A,M,D,C,A,A,H,-,A,A,0,,,,,Y,,A,07,0,0,1,0,0,0,0,0,0,"- ","- ",38.000679016113281,-121.14949035644531,"SAN JOAQUIN",UNINCORPORATED,-121.14949798583984,38.000762939453125
9239697,2021,2021-04-19,3903,2021-01-11,1856,3905,,1,5,4,3903,0,0,0,,0,,"N SHERMAN AV","E CENTER ST",0.00,,Y,A,-,N,,,,,,,,,,Y,4,0,1,2,A,-,12,22450,,N,D,C,A,A,H,-,C,A,0,,,,,Y,,A,01,0,0,1,0,0,0,0,0,0,"- ","- ",37.799098968505859,-121.21275329589844,"SAN JOAQUIN",MANTECA,-121.21275329589844,37.799110412597656
9239698,2021,2021-04-14,3903,2021-01-14,1232,3540,,4,5,4,3903,0,0,0,,0,,"NORTH UNION RD","CHERRY LN",180.00,N,N,A,-,N,,,,,,,,,,Y,4,0,2,2,A,-,09,21804,A,N,A,C,A,A,H,-,A,D,0,,,,,Y,,A,01,0,0,2,0,0,0,0,0,0,"- ","- ",37.804740905761719,-121.23502349853516,"SAN JOAQUIN",MANTECA,-121.23513031005859,37.805183410644531
92399729,2024,2024-05-28,9265,2024-05-07,1401,023746,,2,2,9,3900,0,1,3,,1,092,SR-12,"DAVIS ROAD",0.00,,Y,A,-,Y,SJ,,12," "," ",13.663,H,,R,N,3,0,1,2,A,-,12,21453,A,N,D,G,A,A,H,-,A,A,0,,Y,,,Y,,L,04,0,1,0,0,0,0,1,0,0,"- ","- ",38.115650177001953,-121.33402252197266,"SAN JOAQUIN",UNINCORPORATED,-121.33402252197266,38.115547180175781
92400943,2024,2024-05-29,9265,2024-05-15,"130 ",021830,,3,3,9,3900,0,3,5,,2,060,"HARNEY LN","JACK TONE RD",3274.00,W,N,A,-,N,,,,,,,,,,N,4,0,1,1,A,-,03,22350,,N,E,I,A,A,H,-,D,D,0,,,,,Y,,A,01,0,0,1,0,0,0,0,0,0,"- ","- ",38.101760864257812,-121.16261291503906,"SAN JOAQUIN",UNINCORPORATED,-121.16220855712891,38.101787567138672
92401558,2024,2024-05-29,9265,2024-05-12,1404,021519,,7,2,9,3900,0,3,5,,2,010,"JACK TONE RD","COPPEROPOLIS RD",2200.00,N,N,A,-,N,,,,,,,,,,Y,2,0,2,2,A,-,03,22350,,N,C,C,A,A,H,-,A,D,0,,,,,Y,,A,01,2,0,0,0,0,0,0,0,0,"- ","- ",37.976570129394531,-121.14882659912109,"SAN JOAQUIN",UNINCORPORATED,-121.14868927001953,37.970458984375
92401586,2024,2024-05-29,9265,2024-05-06,1545,016639,,1,2,9,3900,0,3,5,,2,020,"LOVELACE RD","UNION RD",1000.00,W,N,A,-,N,,,,,,,,,,Y,3,0,3,2,A,-,09,21804,A,N,D,D,A,A,H,-,A,D,0,,,,,Y,,A,01,0,2,1,0,0,0,0,0,0,"- ","- ",37.848270416259766,-121.24021148681641,"SAN JOAQUIN",UNINCORPORATED,-121.2403564453125,37.848258972167969
9240181,2021,2021-04-27,3902,2021-02-22,1803,JW102,,1,5,5,3902,0,0,0,,0,,"S LOWER SACRAMENTO RD","KETTLEMAN LN",99.00,S,N,A,-,Y,SJ,10,12,-,-,15.155,I,6,E,N,3,0,1,2,A,-,10,21952,,N,G,B,F,A,H,-,C,D,0,Y,,,,Y,,A,01,0,1,0,0,1,0,0,0,0,"- ","- ",,,"SAN JOAQUIN",LODI,-121.30653381347656,38.115524291992188
92404413,2024,2024-06-03,9265,2024-05-18,1049,018836,,6,1,9,3900,0,3,5,,2,060,"TULLY RD","COMSTOCK RD",0.00,,Y,A,-,N,,,,,,,,,,Y,4,0,1,2,A,-,12,22450,A,N,D,C,A,A,H,-,A,A,0,,,,Y,Y,,A,01,0,0,1,0,0,0,0,0,0,"- ","- ",38.044269561767578,-121.12828063964844,"SAN JOAQUIN",UNINCORPORATED,-121.12834930419922,38.044258117675781
9240458,2021,2022-06-01,3905,2021-03-12,1324,3105,SEA,5,5,6,3905,0,0,0,,0,,"MARTIN LUTHER KING BL","GRANT ST",0.00,,Y,A,-,N,,,,,,,,,,Y,4,0,2,2,A,-,17,21451,A,N,A,C,A,A,H,-,A,A,0,,,,,Y,,A,01,0,0,2,0,0,0,0,0,0,"- ","- ",37.940418243408203,-121.27703857421875,"SAN JOAQUIN",STOCKTON,-121.27693176269531,37.940509796142578
92404596,2024,2024-06-03,9265,2024-05-21,"700 ",021364,,2,1,2,3920,0,1,1,,2,502,"I-5 N/B","LATHROP RD",1955.00,N,N,A,-,Y,SJ,,5," ",R,17.908,H,,R,Y,4,0,1,3,A,-,07,21658,A,N,B,C,A,A,H,-,A,D,0,,,,Y,Y,,-,"- ",0,0,1,0,0,0,0,0,0,"- ","- ",37.831569671630859,-121.28791046142578,"SAN JOAQUIN",LATHROP,-121.28789520263672,37.831565856933594
92405585,2024,2024-06-04,9265,2024-05-19,2205,023736,,7,3,9,3900,0,2,4,,1,091,"ARMSTRONG RD","LOWER SACRAMENTO RD",2096.00,W,N,A,-,N,,,,,,,,,,Y,3,0,1,2,A,-,08,22107,,N,A,C,A,A,H,-,D,D,0,,,,Y,Y,,A,07,0,1,0,0,0,0,0,0,0,"- ","- ",38.086551666259766,-121.31770324707031,"SAN JOAQUIN",UNINCORPORATED,-121.31545257568359,38.086540222167969
92405629,2024,2024-06-04,9265,2024-05-22,1600,022042,,3,2,9,3900,0,3,5,,2,050,"ALPINE AVENUE","E. STREET",0.00,,Y,A,-,N,,,,,,,,,,Y,4,0,2,2,A,-,09,21802,A,N,D,C,A,A,H,-,A,A,0,,,,,Y,,A,01,0,0,2,0,0,0,0,0,0,"- ","- ",37.987228393554688,-121.27121734619141,"SAN JOAQUIN",UNINCORPORATED,-121.27114868164062,37.987228393554688
92405806,2024,2024-06-04,9265,2024-05-20,2500,021519,,1,4,9,3900,0,1,3,,1,092,SR-12,"NORTH PEATLAND RD",1095.00,E,N,A,-,N,,,,,,,,,,Y,4,0,1,1,A,-,01,23152,A,N,E,J,A,A,H,-,B,D,0,,,,,Y,Y,A,07,0,0,1,0,0,0,0,0,0,"- ","- ",38.115161895751953,-121.45246887207031,"SAN JOAQUIN",UNINCORPORATED,-121.4525146484375,38.115390777587891
92406476,2024,2024-06-05,9265,2024-05-17,1800,023098,,5,2,9,3900,0,3,5,,2,020,"FIG RD","OLEANDER AVE",0.00,,Y,A,-,N,,,,,,,,,,Y,2,0,2,4,A,-,12,22450,A,N,D,C,A,A,H,-,A,A,0,,,,,Y,,A,01,1,1,0,0,0,0,0,0,0,"- ","- ",37.762248992919922,-121.24307250976562,"SAN JOAQUIN",UNINCORPORATED,-121.24305725097656,37.762271881103516
92406628,2024,2024-06-05,9265,2024-05-12,1313,016639,,7,1,9,3900,0,1,3,,2,025,"SR-120 W/B","AT THE BEGINNING OF THE SAN JOAQUIN RIVER BRIDGE",1.00,W,N,A,-,Y,,,,,,,,,,Y,3,0,2,4,A,-,03,22350,,F,C,C,A,A,H,-,A,D,0,,,,,Y,,A,01,0,2,0,0,0,0,0,0,0,"- ","- ",37.786079406738281,-121.30609893798828,"SAN JOAQUIN",UNINCORPORATED,,
9240842,2021,2021-04-13,3905,2021-03-02,1000,0086,,2,5,6,3905,0,0,0,,0,,"NAVY DR","CONSTRUCTION RD",0.00,,Y,A,-,N,,,,,,,,,,Y,4,0,1,2,A,-,09,21802,A,N,D,D,A,A,D,-,A,A,0,,,,,Y,,A,01,0,0,1,0,0,0,0,0,0,"- ","- ",37.947521209716797,-121.34087371826172,"SAN JOAQUIN",STOCKTON,,
9240843,2021,2021-04-06,3905,2021-01-29,0659,2097,PAR,5,5,6,3905,0,0,0,,0,,"ARCH RD","NEWCASTLE RD",0.00,,Y,A,-,N,,,,,,,,,,Y,4,0,2,2,A,-,12,21453,A,N,A,C,A,A,H,-,A,A,0,,,,,Y,,D,22,0,0,2,0,0,0,0,0,0,"- ","- ",37.904178619384766,-121.2039794921875,"SAN JOAQUIN",STOCKTON,-121.20224761962891,37.905307769775391
9240971,2021,2021-03-29,3905,2021-02-02,1421,2463,PAR,2,5,6,3905,0,0,0,,0,,"E ST","WEBER AV",0.00,,Y,B,-,,,,,,,,,,,Y,4,0,1,2,A,-,03,22350,,N,C,C,A,B,H,-,A,D,0,,,,,Y,,A,01,0,0,1,0,0,0,0,0,0,"- ","- ",37.959548950195312,-121.25852203369141,"SAN JOAQUIN",STOCKTON,-121.25862884521484,37.959766387939453
9240974,2021,2021-03-29,3905,2021-02-10,1445,2466,,3,5,6,3905,0,0,0,,0,,"WEST LN","ENTERPRISE ST",100.00,S,N,A,-,,,,,,,,,,,,4,0,2,2,A,-,03,22350,,M,C,C,A,A,H,-,A,A,0,,,,,Y,,A,01,0,0,2,0,0,0,0,0,0,"- ","- ",37.989639282226562,-121.28685760498047,"SAN JOAQUIN",STOCKTON,-121.28608703613281,37.989887237548828
9240995,2021,2021-04-05,3905,2021-02-19,0912,1422,VAL,5,5,6,3905,0,0,0,,0,,"KATHLEEN DR","TOMMYDON ST",237.00,N,N,C,-,N,,,,,,,,,,Y,4,0,1,2,A,-,09,21801,A,N,D,C,A,B,H,-,A,D,0,,,,,Y,,A,07,0,0,1,0,0,0,0,0,0,"- ","- ",38.018291473388672,-121.29725646972656,"SAN JOAQUIN",STOCKTON,-121.29686737060547,38.019462585449219
9240996,2021,2021-04-05,3905,2021-02-19,1426,7034,CIV,5,5,6,3905,0,0,0,,0,,"WEST LN","ENTERPRISE ST",445.00,N,N,B,-,N,,,,,,,,,,Y,3,0,3,2,A,-,09,21804,A,N,D,C,A,A,H,-,A,D,0,,,,,Y,,A,01,0,1,2,0,0,0,0,0,0,"- ","- ",37.990200042724609,-121.28569793701172,"SAN JOAQUIN",STOCKTON,-121.28659820556641,37.991325378417969
92410070,2024,2024-06-10,9265,2024-05-30,1440,023752,,4,2,9,3900,0,2,4,,1,051,"MAIN ST","GILLIS RD",31.00,E,N,A,-,N,,,,,,,,,,Y,3,0,1,2,A,-,03,22350,,N,C,C,A,A,H,-,A,D,0,,,,Y,Y,,A,01,0,1,0,0,0,0,0,0,0,"- ","- ",37.961029052734375,-121.20683288574219,"SAN JOAQUIN",UNINCORPORATED,-121.20687866210938,37.96099853515625
9241018,2021,2021-04-06,3905,2021-02-13,1422,7034,CIV,6,5,6,3905,0,0,0,,0,,"MADISON ST","POPLAR ST",0.00,,Y,A,-,N,,,,,,,,,,Y,4,0,3,2,A,-,09,21801,A,N,D,C,A,A,H,-,A,D,0,,,,,Y,,A,01,0,0,3,0,0,0,0,0,0,"- ","- ",37.961021423339844,-121.29601287841797,"SAN JOAQUIN",STOCKTON,-121.29615020751953,37.960975646972656
9241037,2021,2021-04-06,3905,2021-02-16,0134,3038,LAK,2,5,6,3905,0,0,0,,0,,"MEADOW AV","BRENTWOOD DR",38.00,E,N,A,-,N,,,,,,,,,,Y,4,0,1,1,A,-,03,22350,,N,E,I,A,A,H,-,C,D,0,,,,,Y,,A,07,0,0,1,0,0,0,0,0,0,"- ","- ",38.016361236572266,-121.33244323730469,"SAN JOAQUIN",STOCKTON,-121.33191680908203,38.016128540039062
92411219,2024,2024-06-11,9265,2024-05-30,2125,023098,,4,2,4,3903,0,1,3,,2,025,"SR-120 W/B","AIRPORT WAY",1714.00,E,N,A,-,Y,SJ,,120," ",R,3.640,H,,L,Y,4,0,1,2,A,-,03,22350,,N,C,C,A,A,H,-,D,D,0,,,,,Y,,A,01,0,0,1,0,0,0,0,0,0,"- ","- ",37.783378601074219,-121.24636840820312,"SAN JOAQUIN",MANTECA,-121.24636840820312,37.783439636230469