CASE_ID,ACCIDENT_YEAR,PROC_DATE,JURIS,COLLISION_DATE,COLLISION_TIME,OFFICER_ID,REPORTING_DISTRICT,DAY_OF_WEEK,CHP_SHIFT,POPULATION,CNTY_CITY_LOC,SPECIAL_COND,BEAT_TYPE,CHP_BEAT_TYPE,CITY_DIVISION_LAPD,CHP_BEAT_CLASS,BEAT_NUMBER,PRIMARY_RD,SECONDARY_RD,DISTANCE,DIRECTION,INTERSECTION,WEATHER_1,WEATHER_2,STATE_HWY_IND,CALTRANS_COUNTY,CALTRANS_DISTRICT,STATE_ROUTE,ROUTE_SUFFIX,POSTMILE_PREFIX,POSTMILE,LOCATION_TYPE,RAMP_INTERSECTION,SIDE_OF_HWY,TOW_AWAY,COLLISION_SEVERITY,NUMBER_KILLED,NUMBER_INJURED,PARTY_COUNT,PRIMARY_COLL_FACTOR,PCF_CODE_OF_VIOL,PCF_VIOL_CATEGORY,PCF_VIOLATION,PCF_VIOL_SUBSECTION,HIT_AND_RUN,TYPE_OF_COLLISION,MVIW,PED_ACTION,ROAD_SURFACE,ROAD_COND_1,ROAD_COND_2,LIGHTING,CONTROL_DEVICE,CHP_ROAD_TYPE,PEDESTRIAN_ACCIDENT,BICYCLE_ACCIDENT,MOTORCYCLE_ACCIDENT,TRUCK_ACCIDENT,NOT_PRIVATE_PROPERTY,ALCOHOL_INVOLVED,STWD_VEHTYPE_AT_FAULT,CHP_VEHTYPE_AT_FAULT,COUNT_SEVERE_INJ,COUNT_VISIBLE_INJ,COUNT_COMPLAINT_PAIN,COUNT_PED_KILLED,COUNT_PED_INJURED,COUNT_BICYCLIST_KILLED,COUNT_BICYCLIST_INJURED,COUNT_MC_KILLED,COUNT_MC_INJURED,PRIMARY_RAMP,SECONDARY_RAMP,LATITUDE,LONGITUDE,COUNTY,CITY,POINT_X,POINT_Y
6861482,2015,2016-09-16,3902,2015-03-08,1657,MH42,,7,5,5,3902,0,0,0,,0,,"RT 12","CHURCH ST",0.00,,Y,A,-,Y,SJ,10,12,-,-,17.100,H,-,W,N,3,0,1,2,A,-,05,21650,1,N,H,G,A,A,H,-,A,A,0,,Y,,,Y,,L,04,0,1,0,0,0,0,1,0,0,"- ","- ",,,"SAN JOAQUIN",LODI,-121.27587174999999,38.115631720000003
6864322,2015,2015-04-10,9265,2015-03-02,1150,018836,,1,1,9,3900,0,2,4,,1,074,"BENJAMIN HOLT DR","GETTYSBURG PL",295.00,E,N,A,-,N,,,,,,,,,,N,4,0,1,2,A,-,09,21804,A,N,D,C,A,A,H,-,A,D,0,,,,,Y,,D,22,0,0,1,0,0,0,0,0,0,"- ","- ",38.010269999999998,-121.3229,"SAN JOAQUIN",UNINCORPORATED,-121.32300028,38.010392500000002
6864369,2015,2016-09-14,9265,2015-03-06,1750,19888,,5,2,6,3905,0,1,3,,1,042,"RT 4","MADISON ST",600.00,W,N,A,-,Y,SJ,10,4,-,R,16.509,R,2,W,Y,3,0,3,4,A,-,03,22350,,N,C,C,A,A,H,-,A,D,1,,,,Y,Y,,A,01,0,1,2,0,0,0,0,0,0,"- ","- ",37.949550000000002,-121.29524000000001,"SAN JOAQUIN",STOCKTON,-121.29273726,37.949771230000003
6864723,2015,2016-09-19,9265,2015-03-06,1540,015490,,5,2,9,3900,0,1,3,,2,004,"RT 99","FREMONT ST",2112.00,N,N,A,-,Y,SJ,10,99,-,-,19.690,H,-,S,Y,4,0,1,4,A,-,03,22350,,N,C,D,A,A,H,-,A,D,1,,,,,Y,,D,22,0,0,1,0,0,0,0,0,0,"- ","- ",37.975490000000001,-121.24821,"SAN JOAQUIN",UNINCORPORATED,-121.24820812,37.975394420000001
6864727,2015,2016-09-20,9265,2015-03-06,1745,19803,,5,2,5,3902,0,1,3,,2,004,"RT 99","ARMSTRONG RD",3000.00,S,N,A,-,Y,SJ,10,99,-,-,26.930,H,-,S,Y,4,0,1,3,A,-,07,21658,A,N,B,C,A,A,H,-,A,D,1,,,,Y,Y,,G,25,0,0,1,0,0,0,0,0,0,"- ","- ",38.085320000000003,-121.26029,"SAN JOAQUIN",LODI,-121.26000737,38.079057470000002
6864787,2015,2015-04-22,9265,2015-03-03,1050,018836,,2,1,9,3900,0,2,4,,1,091,"LOWER SACRAMENTO RD","GRIDER WY",0.00,,Y,A,-,N,,,,,,,,,,Y,2,0,2,2,A,-,09,21453,C,N,A,C,A,A,H,-,A,D,0,,,,,Y,,A,01,1,0,1,0,0,0,0,0,0,"- ","- ",38.044550000000001,-121.32093,"SAN JOAQUIN",UNINCORPORATED,-121.32099997,38.044619969999999
6865582,2015,2015-04-17,3906,2015-03-30,1146,9820,,1,5,5,3906,0,0,0,,0,,GRANTLINE,TRACY,592.00,W,N,A,-,N,,,,,,,,,,N,4,0,1,2,A,-,09,21804,A,N,C,C,A,A,H,-,A,D,0,,,,,Y,,D,22,0,0,1,0,0,0,0,0,0,"- ","- ",,,"SAN JOAQUIN",TRACY,-121.43718789,37.754165479999998
6867466,2015,2015-04-14,3904,2015-03-13,1154,P090,3,5,5,3,3904,0,0,0,,0,00B,"WEST MAIN ST","S ROXIE DR",201.00,W,N,A,-,N,,,,,,,,,,N,4,0,1,2,A,-,08,22107,,N,D,C,A,A,H,-,A,D,0,,,,,Y,,A,01,0,0,1,0,0,0,0,0,0,"- ","- ",37.739269999999998,-121.14124,"SAN JOAQUIN",RIPON,-121.14131509000001,37.739525659999998
6875751,2015,2015-04-15,9266,2015-03-31,0726,13608,,2,1,9,3900,0,2,4,,2,029,"VALPICO RD","LAMMERS RD",200.00,E,N,A,-,N,,,,,,,,,,Y,4,0,2,3,A,-,03,22350,,N,C,C,A,A,H,-,A,D,0,,,,,Y,,A,01,0,0,2,0,0,0,0,0,0,"- ","- ",37.710529999999999,-121.47476,"SAN JOAQUIN",UNINCORPORATED,-121.47584854,37.710521919999998
6876402,2015,2015-09-08,9265,2015-03-23,1825,019774,,1,2,9,3900,0,3,5,,2,010,"AUSTIN RD","MARIPOSA RD",560.00,E,N,A,-,N,,,,,,,,,,Y,3,0,1,1,A,-,01,23152,A,N,F,A,A,A,H,-,A,D,0,,,,,Y,Y,D,22,0,1,0,0,0,0,0,0,0,"- ","- ",37.91272,-121.18503,"SAN JOAQUIN",UNINCORPORATED,-121.18517267999999,37.912799149999998
6876470,2015,2016-09-19,9265,2015-03-20,1620,15756,,5,2,9,3900,0,1,3,,2,003,"RT 99","FREMONT ST",138.00,S,N,A,-,Y,SJ,10,99,-,-,19.260,H,-,S,Y,4,0,3,3,A,-,03,22350,,N,C,D,A,A,H,-,A,D,1,,,,,Y,,D,22,0,0,3,0,0,0,0,0,0,"- ","- ",37.969349999999999,-121.24579,"SAN JOAQUIN",UNINCORPORATED,-121.24574595,37.969507720000003
6876844,2015,2016-09-19,9265,2015-03-18,1515,013325,,3,2,9,3900,0,1,3,,2,001,"RT 99","FRENCH CAMP RD",5280.00,S,N,A,-,Y,SJ,10,99,-,-,10.470,H,-,N,Y,3,0,2,2,A,-,03,22350,,N,C,C,A,A,H,-,A,D,1,,,,,Y,,A,01,0,1,1,0,0,0,0,0,0,"- ","- ",37.845109999999998,-121.21809,"SAN JOAQUIN",UNINCORPORATED,-121.21800198,37.84509723
6883311,2015,2016-11-05,3902,2015-04-02,1400,41,,4,5,5,3902,0,0,0,,0,,"RT 12","S MILLS AV",22.00,W,N,A,-,Y,SJ,10,12,-,-,15.670,H,-,E,N,4,0,1,2,A,-,03,22350,,N,C,C,A,A,H,-,A,A,0,,,,,Y,,A,07,0,0,1,0,0,0,0,0,0,"- ","- ",,,"SAN JOAQUIN",LODI,-121.29702331999999,38.115428710000003
6884770,2015,2015-04-22,3900,2015-03-30,1014,5966,,1,5,2,3920,0,0,0,,0,009,"LATHROP RD","HARLAN RD",0.00,,Y,A,-,N,,,,,,,,,,Y,3,0,2,2,A,-,12,21453,A,N,D,C,A,A,H,-,A,A,0,,,,,Y,,A,01,0,1,1,0,0,0,0,0,0,"- ","- ",,,"SAN JOAQUIN",LATHROP,-121.28689991,37.826369900000003
6885008,2015,2016-09-21,9265,2015-03-14,1540,19387,,6,2,6,3905,0,1,1,,2,503,"RT 5","MONTE DIABLO AV",25.00,N,N,A,-,Y,SJ,10,5,-,-,27.940,H,-,N,Y,4,0,2,2,A,-,09,21804,A,N,D,C,A,A,D,-,A,D,1,,,,Y,Y,,G,27,0,0,2,0,0,0,0,0,0,"- ","- ",37.9574,-121.3296,"SAN JOAQUIN",STOCKTON,-121.32944829,37.957301059999999
6885011,2015,2016-09-19,9265,2015-03-11,1040,15756,,3,1,3,3904,0,1,3,,2,001,"RT 99","AUSTIN RD",708.00,S,N,B,-,Y,SJ,10,99,-,-,4.760,H,-,N,Y,3,0,2,2,A,-,07,21658,A,N,B,C,A,B,H,-,A,D,1,,,,Y,Y,,A,01,0,1,1,0,0,0,0,0,0,"- ","- ",37.773069999999997,-121.17697,"SAN JOAQUIN",RIPON,-121.17750864999999,37.773391619999998
6885061,2015,2016-09-21,9265,2015-03-12,1430,019182,,4,2,6,3905,0,1,1,,2,503,"RT 5","MONTE DIABLO AV",2640.00,S,N,A,-,Y,SJ,10,5,-,-,27.440,H,-,N,Y,4,0,3,2,A,-,03,22350,,N,C,C,A,A,D,-,A,D,1,,,,,Y,,A,01,0,0,3,0,0,0,0,0,0,"- ","- ",37.956200000000003,-121.3231,"SAN JOAQUIN",STOCKTON,-121.32074111,37.956175700000003
6889193,2015,2016-11-02,9266,2015-04-13,1520,019730,,1,2,9,3900,0,1,3,,1,011,"RT 4","TRACY BL",200.00,W,N,A,-,Y,SJ,10,4,-,-,5.920,H,-,E,Y,4,0,1,2,A,-,03,22350,,N,C,C,A,A,H,-,A,D,0,,,,,Y,,A,01,0,0,1,0,0,0,0,0,0,"- ","- ",37.900640000000003,-121.46997,"SAN JOAQUIN",UNINCORPORATED,-121.46858268,37.90152673
6889233,2015,2016-09-19,9265,2015-03-27,1835,019657,,5,2,6,3905,0,1,3,,2,003,"RT 99","ARCH RD",200.00,N,N,A,-,Y,SJ,10,99,-,-,14.650,H,-,N,Y,4,0,1,2,A,-,03,22350,,N,C,C,A,A,H,-,A,D,1,,,,,Y,,A,01,0,0,1,0,0,0,0,0,0,"- ","- ",37.90699,-121.22367,"SAN JOAQUIN",STOCKTON,-121.22277289,37.904728740000003
6889265,2015,2015-05-13,9265,2015-03-26,1750,019888,,4,2,9,3900,0,2,4,,1,074,"BENJAMIN HOLT DR","BELMONT PL",300.00,E,N,A,-,N,,,,,,,,,,N,4,0,1,2,A,-,03,22350,,N,C,C,A,A,H,-,A,D,0,,,,,Y,,D,22,0,0,1,0,0,0,0,0,0,"- ","- ",38.005029999999998,-121.34227,"SAN JOAQUIN",UNINCORPORATED,-121.34234966,38.005117949999999
6889274,2015,2016-09-21,9265,2015-03-29,2100,019307,,7,2,2,3920,0,1,1,,2,502,"RT 5","ROTH RD",2000.00,S,N,A,-,Y,SJ,10,5,-,R,19.200,H,-,S,N,4,0,1,2,A,-,07,21658,A,F,B,C,A,A,H,-,D,D,1,,,,,Y,,D,22,0,0,1,0,0,0,0,0,0,"- ","- ",37.511299999999999,-121.1657,"SAN JOAQUIN",LATHROP,-121.2836068,37.849906599999997
6889318,2015,2016-09-21,9265,2015-03-30,0750,18836,,1,1,6,3905,0,1,1,,2,504,"RT 5","BENJAMIN HOLT DR",2640.00,N,N,A,-,Y,SJ,10,5,-,-,31.980,H,-,S,N,4,0,1,2,A,-,03,22350,,N,C,C,A,A,H,-,A,D,1,,,,,Y,,A,07,0,0,1,0,0,0,0,0,0,"- ","- ",38.011450000000004,-121.35414,"SAN JOAQUIN",STOCKTON,-121.35444621000001,38.011935819999998
6889354,2015,2015-06-02,9265,2015-03-25,1328,18784,,3,1,9,3900,0,2,4,,1,015,"ESCALON BELLOTA RD","EDWARDS AV",1056.00,S,N,A,-,N,,,,,,,,,,Y,1,1,2,2,A,-,09,21801,A,N,A,C,A,A,H,-,A,D,0,,,,,Y,,A,01,0,1,1,0,0,0,0,0,0,"- ","- ",37.840069999999997,-120.99815,"SAN JOAQUIN",UNINCORPORATED,-120.99799821000001,37.839331180000002
6890095,2015,2015-05-08,9265,2015-03-25,0743,013444,,3,1,9,3900,0,3,5,,2,060,"ACAMPO RD","BRUELLA RD",0.00,,Y,A,-,N,,,,,,,,,,Y,2,0,2,2,A,-,12,22450,A,N,D,C,A,A,H,-,A,A,0,,,,,Y,,A,01,1,0,1,0,0,0,0,0,0,"- ","- ",,,"SAN JOAQUIN",UNINCORPORATED,-121.20683990000001,38.175069909999998
6891207,2015,2015-09-02,9265,2015-03-17,2105,019307,,2,2,9,3900,0,2,4,,1,082,"COUNTRY CLUB BL","BUENA VISTA AV",0.00,,Y,A,-,N,,,,,,,,,,N,4,0,1,2,A,-,09,21802,A,N,D,G,A,A,H,-,E,A,0,,Y,,,Y,,A,01,0,0,1,0,0,0,1,0,0,"- ","- ",37.584000000000003,-121.1917,"SAN JOAQUIN",UNINCORPORATED,-121.3214299,37.967869890000003
6895523,2015,2015-05-06,9265,2015-04-09,1815,013515,,4,2,9,3900,0,3,5,,2,020,"SOUTH AIRPORT WY","W RIPON RD",0.00,,Y,A,-,N,,,,,,,,,,Y,2,0,4,2,A,-,09,21801,A,N,A,C,A,A,H,-,A,D,0,,,,,Y,Y,A,07,2,2,0,0,0,0,0,0,0,"- ","- ",37.739699999999999,-121.25203999999999,"SAN JOAQUIN",UNINCORPORATED,-121.25210993,37.739409950000002
6895750,2015,2015-05-06,9265,2015-04-15,1030,018590,,3,1,9,3900,0,2,4,,1,072,"DOUGLAS RD","PERSHING AV",0.00,,Y,A,-,N,,,,,,,,,,N,4,0,1,2,A,-,12,21453,A,M,D,C,A,A,H,-,A,A,0,,,,,Y,,A,01,0,0,1,0,0,0,0,0,0,"- ","- ",,,"SAN JOAQUIN",UNINCORPORATED,-121.32820992000001,38.005209970000003
6895757,2015,2015-05-05,3906,2015-04-18,1930,1384,3906,6,5,5,3906,0,0,0,,0,002,"GLENBRIAR CIR","GLENBRIAR DR",0.00,,Y,A,-,N,,,,,,,,,,N,2,0,1,2,A,-,03,22350,,N,G,B,E,A,H,-,B,A,0,Y,,,,Y,,-,,1,0,0,0,1,0,0,0,0,"- ","- ",,,"SAN JOAQUIN",TRACY,-121.42076994,37.709469990000002
6896256,2015,2016-11-05,3902,2015-04-01,1650,MH42,,3,5,5,3902,0,0,0,,0,,"CHURCH ST","RT 12",0.00,,Y,A,-,Y,SJ,10,12,-,-,17.090,I,5,W,Y,4,0,1,2,A,-,12,21453,A,N,D,C,A,A,H,-,A,A,0,,,,Y,Y,,F,25,0,0,1,0,0,0,0,0,0,"- ","- ",,,"SAN JOAQUIN",LODI,-121.27605552,38.115624429999997
6896979,2015,2015-05-16,3902,2015-04-08,1705,SD47,,3,5,5,3902,0,0,0,,0,,"CENTURY BL","SCARBOROUGH DR",0.00,,Y,A,-,N,,,,,,,,,,N,4,0,1,2,A,-,09,21802,A,N,D,C,A,A,H,-,A,D,0,,,,,Y,,A,01,0,0,1,0,0,0,0,0,0,"- ","- ",,,"SAN JOAQUIN",LODI,-121.28138987,38.10788994
6897003,2015,2015-05-16,3902,2015-04-24,1757,SD47,,5,5,5,3902,0,0,0,,0,,"HARNEY LN","HUTCHINS ST",345.00,W,N,B,-,N,,,,,,,,,,N,4,0,2,2,A,-,04,21703,,N,C,C,A,A,H,-,A,A,0,,,,,Y,,A,01,0,0,2,0,0,0,0,0,0,"- ","- ",,,"SAN JOAQUIN",LODI,-121.28005867,38.101030000000002
6897021,2015,2015-05-18,3902,2015-04-10,2219,RL25,,5,5,5,3902,0,0,0,,0,,"SOUTH STOCKTON ST","E TOKAY ST",249.00,S,N,A,-,N,,,,,,,,,,Y,4,0,1,2,A,-,01,23152,E,M,C,E,A,A,H,-,C,D,0,,,,,Y,,A,01,0,0,1,0,0,0,0,0,0,"- ","- ",,,"SAN JOAQUIN",LODI,-121.26971383999999,38.12587619
6899296,2015,2015-05-04,3906,2015-04-24,1515,1094,,5,5,5,3906,0,0,0,,0,002,"TRACY BL","SCHULTE RD",15.00,N,N,B,G,N,,,,,,,,,,N,3,0,1,2,A,-,"- ",,,F,G,B,B,A,H,-,A,A,0,Y,,,,Y,,A,01,0,1,0,0,1,0,0,0,0,"- ","- ",,,"SAN JOAQUIN",TRACY,-121.43486095999999,37.725251190000002
6910561,2015,2015-05-18,3901,2015-03-16,1307,L7,,1,5,2,3901,0,0,0,,0,,"VINE ST","JILL ST",25.00,W,N,A,-,N,,,,,,,,,,N,3,0,1,2,A,-,05,21650,1,N,H,G,A,A,H,-,A,D,0,,Y,,,Y,,L,04,0,1,0,0,0,0,1,0,0,"- ","- ",,,"SAN JOAQUIN",ESCALON,-120.98486651,37.789340510000002
6914861,2015,2016-11-19,9265,2015-04-13,0954,18821,,1,1,9,3900,0,1,3,,2,004,"RT 99","WATERLOO RD",400.00,N,N,A,-,Y,SJ,10,99,-,-,20.355,R,2,S,Y,4,0,1,1,A,-,03,22350,,N,E,I,A,A,H,-,A,D,1,,,,Y,Y,,G,25,0,0,1,0,0,0,0,0,0,FR,"- ",37.984189999999998,-121.25124,"SAN JOAQUIN",UNINCORPORATED,-121.25024231,37.984855850000002
6919993,2015,2016-11-02,9265,2015-04-01,1148,18955,,3,1,6,3905,0,1,3,,1,042,"RT 4","RT 5",290.00,E,N,A,-,Y,SJ,10,4,-,R,16.212,R,2,W,N,3,0,1,2,A,-,03,22350,,N,C,C,A,A,H,-,A,D,1,,,,,Y,,D,22,0,1,0,0,0,0,0,0,0,TO,"- ",37.949570000000001,-121.30034000000001,"SAN JOAQUIN",STOCKTON,-121.29808221,37.948865779999998
6924097,2015,2015-06-02,3906,2015-05-17,1747,1387,,7,5,5,3906,0,0,0,,0,006,"NAGLEE RD","AUTO PLAZA PKWY",0.00,,Y,A,-,N,,,,,,,,,,,4,0,2,2,A,-,09,21802,A,N,D,D,A,A,H,-,A,D,0,,,,,Y,,A,01,0,0,2,0,0,0,0,0,0,"- ","- ",,,"SAN JOAQUIN",TRACY,-121.46236991000001,37.763119949999997
6924832,2015,2015-06-03,9266,2015-05-16,1205,018888,,6,1,9,3900,0,3,5,,2,003,"W CAMARADA CT","S LISTA ST",528.00,W,N,A,-,N,,,,,,,,,,Y,3,0,1,1,A,-,01,23152,A,N,E,I,A,A,H,-,A,D,0,,,,,Y,Y,A,07,0,1,0,0,0,0,0,0,0,"- ","- ",37.768300000000004,-121.5519,"SAN JOAQUIN",UNINCORPORATED,-121.55233,37.768529999999998
6924848,2015,2016-12-07,9266,2015-05-14,1120,014808,,4,1,9,3900,0,1,1,,2,014,"RT 205","MOUNTAIN HOUSE PKWY",3168.00,W,N,B,-,Y,SJ,10,205,-,-,0.780,H,-,E,Y,4,0,1,1,A,-,08,22107,,N,E,I,A,A,H,-,A,D,1,,,,,Y,,A,01,0,0,1,0,0,0,0,0,0,"- ","- ",37.740099999999998,-121.53144,"SAN JOAQUIN",UNINCORPORATED,-121.54214003,37.743074460000003
6927076,2015,2016-11-19,9265,2015-04-06,1513,18477,,1,2,4,3903,0,1,3,,2,025,"RT 120","MOFFAT BL",400.00,W,N,B,-,Y,SJ,10,120,-,R,6.280,H,-,E,N,3,0,2,3,A,-,03,22350,,N,C,C,A,A,H,-,A,D,1,,,,,Y,,A,01,0,1,1,0,0,0,0,0,0,"- ","- ",37.783160000000002,-121.19781,"SAN JOAQUIN",MANTECA,-121.19775666,37.783201990000002
6932591,2015,2015-05-28,9265,2015-04-02,1100,018784,,4,1,9,3900,0,3,5,,2,020,"YOSEMITE AV","MCKINLEY AV",70.00,E,N,A,-,N,,,,,,,,,,Y,4,0,1,2,A,-,09,21801,A,N,D,C,A,A,H,-,A,D,0,,,,,Y,Y,A,07,0,0,1,0,0,0,0,0,0,"- ","- ",37.797150000000002,-121.26985000000001,"SAN JOAQUIN",UNINCORPORATED,-121.27061999999999,37.7971
6932599,2015,2015-05-28,9265,2015-04-03,1640,013444,,5,2,9,3900,0,3,5,,2,050,"MCALLEN RD","WILSON WY",1056.00,N,N,A,-,N,,,,,,,,,,Y,3,0,3,3,A,-,03,22350,,N,C,C,A,A,H,-,A,D,0,,,,,Y,,A,01,0,1,2,0,0,0,0,0,0,"- ","- ",38.000399999999999,-121.26626,"SAN JOAQUIN",UNINCORPORATED,-121.2638895,38.000406140000003
6938020,2015,2016-01-13,3906,2015-09-11,0725,1180,,5,5,5,3906,0,0,0,,0,002,"GLENBRIAR CIR","COSE LN",0.00,,Y,A,-,N,,,,,,,,,,Y,3,0,1,2,A,-,08,22107,,N,C,E,A,A,H,-,A,A,0,,,,,Y,,-,,0,1,0,0,0,0,0,0,0,"- ","- ",,,"SAN JOAQUIN",TRACY,-121.42188999,37.70408991
6943213,2015,2015-06-19,3906,2015-05-29,1814,1068,,5,5,5,3906,0,0,0,,0,003,"WEST 11TH ST","GATEWAY PLAZA DR",0.00,,Y,A,-,N,,,,,,,,,,Y,4,0,1,2,A,-,12,21453,A,N,D,C,A,A,H,-,A,A,0,,,,,Y,,A,07,0,0,1,0,0,0,0,0,0,"- ","- ",,,"SAN JOAQUIN",TRACY,,
6944654,2015,2015-06-27,3902,2015-05-08,1331,80,,5,5,5,3902,0,0,0,,0,,"HARNEY LN","STOCKTON ST",34.00,W,N,A,-,N,,,,,,,,,,N,4,0,2,2,A,-,03,22350,,N,C,C,A,A,H,-,A,A,0,,,,,Y,,A,01,0,0,2,0,0,0,0,0,0,"- ","- ",,,"SAN JOAQUIN",LODI,-121.26966795,38.101314379999998
6944658,2015,2015-06-27,3902,2015-05-29,1000,39,,5,5,5,3902,0,0,0,,0,,"HAM LN","WALNUT ST",0.00,,Y,A,-,N,,,,,,,,,,N,4,0,1,2,A,-,03,22350,,N,C,C,A,A,H,-,A,D,0,,,,,Y,,A,01,0,0,1,0,0,0,0,0,0,"- ","- ",,,"SAN JOAQUIN",LODI,-121.28833991,38.131369900000003
6944670,2015,2015-06-27,3902,2015-05-14,1824,MH42,,4,5,5,3902,0,0,0,,0,,"SOUTH CENTRAL AV","ACACIA ST",46.00,S,N,C,-,N,,,,,,,,,,Y,4,0,1,2,A,-,09,21801,A,N,D,C,A,B,H,-,A,D,0,,,,,Y,,A,01,0,0,1,0,0,0,0,0,0,"- ","- ",,,"SAN JOAQUIN",LODI,-121.26504842,38.117583680000003
6944678,2015,2015-06-27,3902,2015-05-23,1536,31,,6,5,5,3902,0,0,0,,0,,"STOCKTON ST","REDWOOD ST",0.00,,Y,A,-,N,,,,,,,,,,Y,3,0,1,2,A,-,09,21802,A,N,D,C,A,A,H,-,A,D,0,,,Y,,Y,,A,01,0,1,0,0,0,0,0,0,1,"- ","- ",,,"SAN JOAQUIN",LODI,-121.26970987999999,38.125449940000003
6946562,2015,2016-11-02,9265,2015-05-07,1650,19906,,4,2,6,3905,0,1,3,,1,042,"RT 4","MADISON ST",200.00,E,N,C,-,Y,SJ,10,4,-,R,16.540,H,-,W,Y,3,0,1,2,A,-,03,22350,,N,C,C,A,B,H,-,A,D,1,,,,,Y,,A,01,0,1,0,0,0,0,0,0,0,"- ","- ",37.950049999999997,-121.29248,"SAN JOAQUIN",STOCKTON,-121.29217903999999,37.949863950000001
6946585,2015,2016-11-19,9265,2015-05-14,1810,017989,,4,2,9,3900,0,1,3,,1,062,"RT 88","ALPINE RD",60.00,W,N,B,-,Y,SJ,10,88,-,-,3.200,H,-,E,N,4,0,1,2,A,-,03,22350,,M,C,D,A,B,H,-,A,A,0,,,,,Y,,D,22,0,0,1,0,0,0,0,0,0,"- ","- ",38.015929999999997,-121.20771000000001,"SAN JOAQUIN",UNINCORPORATED,-121.20729894999999,38.016273470000002
6946594,2015,2016-12-05,9265,2015-05-06,1026,18784,,3,1,9,3900,0,1,1,,2,503,"RT 5","CHARTER WY",355.00,S,N,A,-,Y,SJ,10,5,-,-,25.280,H,-,S,Y,3,0,1,2,D,-,00,,,N,E,J,A,A,D,H,A,D,1,,,,Y,Y,,-,"- ",0,1,0,0,0,0,0,0,0,"- ","- ",37.939489999999999,-121.29731,"SAN JOAQUIN",UNINCORPORATED,-121.29749468,37.935525239999997
6946617,2015,2016-12-05,9265,2015-05-11,2145,013444,,1,2,9,3900,0,1,1,,2,503,"RT 5","TELEGRAPH AV",125.00,N,N,A,-,Y,SJ,10,5,-,-,29.230,H,-,S,Y,4,0,3,3,A,-,03,22350,,N,C,D,A,A,D,-,A,A,1,,,,,Y,,D,22,0,0,3,0,0,0,0,0,0,"- ","- ",39.973959999999998,-121.33946,"SAN JOAQUIN",UNINCORPORATED,-121.33936896,37.973816100000001
6946621,2015,2017-01-28,9265,2015-05-06,0750,15756,,3,1,9,3900,0,2,4,,1,053,"WATERLOO RD","REPORT AV",0.00,,Y,A,-,N,,,,,,,,,,Y,4,0,1,3,A,-,09,21801,A,F,D,C,A,A,H,-,A,D,0,,,,,Y,,A,08,0,0,1,0,0,0,0,0,0,"- ","- ",37.981909999999999,-121.25445000000001,"SAN JOAQUIN",UNINCORPORATED,-121.25450997,37.98176995
6946639,2015,2015-07-01,9265,2015-05-09,1130,16479,,6,1,9,3900,0,3,5,,2,090,"RAY RD","PELTIER RD",0.00,,Y,A,-,N,,,,,,,,,,N,2,0,1,2,A,-,12,22450,,N,D,G,A,A,H,-,A,A,0,,Y,,,Y,,L,04,1,0,0,0,0,0,1,0,0,"- ","- ",38.1892,-121.3723,"SAN JOAQUIN",UNINCORPORATED,-121.37224000000001,38.189349999999997
6949285,2015,2015-10-26,9266,2015-05-28,0815,15969,,4,1,9,3900,0,3,5,,2,001,"LARCH RD","CORRAL HOLLOW RD",500.00,W,N,A,-,N,,,,,,,,,,N,4,0,1,2,A,-,06,21750,,N,B,C,A,A,H,-,A,D,0,,,,,Y,,A,07,0,0,1,0,0,0,0,0,0,"- ","- ",37.765479999999997,-121.4569,"SAN JOAQUIN",UNINCORPORATED,-121.45507986,37.765518389999997
6954031,2015,2015-07-09,3906,2015-06-19,1157,1052,34,5,5,5,3906,0,0,0,,0,001,"TRACY BL","CENTRAL AV",0.00,,Y,A,-,N,,,,,,,,,,Y,3,0,2,2,A,-,12,21453,A,N,D,C,A,A,H,-,A,A,0,,,,,Y,,-,"- ",0,1,1,0,0,0,0,0,0,"- ","- ",,,"SAN JOAQUIN",TRACY,-121.43477999,37.714619890000002
6954404,2015,2016-12-07,9266,2015-05-15,2305,018751,9266,5,3,9,3900,0,1,1,,2,014,"RT 205","BYRON RD",1725.00,W,N,A,-,Y,SJ,10,205,-,R,4.210,H,-,E,Y,4,0,1,2,A,-,03,22350,,F,C,C,A,A,H,-,D,D,1,,,,,Y,,A,01,0,0,1,0,0,0,0,0,0,"- ","- ",37.746789999999997,-121.40000999999999,"SAN JOAQUIN",UNINCORPORATED,-121.48196984,37.746233969999999
6954868,2015,2015-07-02,9265,2015-04-24,1517,016639,,5,2,9,3900,0,2,4,,1,082,"COUNTRY CLUB BL","MISSION RD",0.00,,Y,A,-,N,,,,,,,,,,N,3,0,1,2,A,-,11,21950,B,N,G,B,B,A,H,-,A,A,0,Y,,,,Y,,N,60,0,1,0,0,1,0,0,0,0,"- ","- ",37.967460000000003,-121.33356999999999,"SAN JOAQUIN",UNINCORPORATED,-121.32328997,37.96739994
6955036,2015,2016-11-29,3906,2015-06-16,1110,1242,219,2,5,5,3906,0,0,0,,0,004,"WEST GRANTLINE RD","RT 205",0.00,,Y,A,-,Y,SJ,10,205,-,R,5.122,R,4,E,Y,4,0,1,2,A,-,12,21453,A,N,D,C,A,A,H,-,A,A,0,,,,,Y,,-,"- ",0,0,1,0,0,0,0,0,0,"- ",EF,,,"SAN JOAQUIN",TRACY,-121.46690116000001,37.752405430000003
6955040,2015,2015-07-10,3906,2015-06-13,0346,1403,,6,5,5,3906,0,0,0,,0,003,"TENNIS LN",LAURIANA,44.00,E,N,A,-,N,,,,,,,,,,Y,3,0,2,1,A,-,07,21658,,N,F,I,A,A,H,-,C,D,0,,,,,Y,,A,01,0,1,1,0,0,0,0,0,0,"- ","- ",,,"SAN JOAQUIN",TRACY,-121.44702792,37.731605889999997
6956315,2015,2016-12-05,9265,2015-04-24,1320,018784,,5,1,9,3900,0,1,1,,2,503,"RT 5","MARCH LN",5280.00,S,N,A,-,Y,SJ,10,5,-,-,28.990,H,-,N,Y,3,0,1,2,A,-,07,21658,A,N,C,C,A,A,D,-,A,D,1,,,,Y,Y,,A,01,0,1,0,0,0,0,0,0,0,"- ","- ",37.955559999999998,-121.31993,"SAN JOAQUIN",UNINCORPORATED,-121.33772265,37.970569230000002