CASE_ID,ACCIDENT_YEAR,PROC_DATE,JURIS,COLLISION_DATE,COLLISION_TIME,OFFICER_ID,REPORTING_DISTRICT,DAY_OF_WEEK,CHP_SHIFT,POPULATION,CNTY_CITY_LOC,SPECIAL_COND,BEAT_TYPE,CHP_BEAT_TYPE,CITY_DIVISION_LAPD,CHP_BEAT_CLASS,BEAT_NUMBER,PRIMARY_RD,SECONDARY_RD,DISTANCE,DIRECTION,INTERSECTION,WEATHER_1,WEATHER_2,STATE_HWY_IND,CALTRANS_COUNTY,CALTRANS_DISTRICT,STATE_ROUTE,ROUTE_SUFFIX,POSTMILE_PREFIX,POSTMILE,LOCATION_TYPE,RAMP_INTERSECTION,SIDE_OF_HWY,TOW_AWAY,COLLISION_SEVERITY,NUMBER_KILLED,NUMBER_INJURED,PARTY_COUNT,PRIMARY_COLL_FACTOR,PCF_CODE_OF_VIOL,PCF_VIOL_CATEGORY,PCF_VIOLATION,PCF_VIOL_SUBSECTION,HIT_AND_RUN,TYPE_OF_COLLISION,MVIW,PED_ACTION,ROAD_SURFACE,ROAD_COND_1,ROAD_COND_2,LIGHTING,CONTROL_DEVICE,CHP_ROAD_TYPE,PEDESTRIAN_ACCIDENT,BICYCLE_ACCIDENT,MOTORCYCLE_ACCIDENT,TRUCK_ACCIDENT,NOT_PRIVATE_PROPERTY,ALCOHOL_INVOLVED,STWD_VEHTYPE_AT_FAULT,CHP_VEHTYPE_AT_FAULT,COUNT_SEVERE_INJ,COUNT_VISIBLE_INJ,COUNT_COMPLAINT_PAIN,COUNT_PED_KILLED,COUNT_PED_INJURED,COUNT_BICYCLIST_KILLED,COUNT_BICYCLIST_INJURED,COUNT_MC_KILLED,COUNT_MC_INJURED,PRIMARY_RAMP,SECONDARY_RAMP,LATITUDE,LONGITUDE,COUNTY,CITY,POINT_X,POINT_Y
84479578,2024,2024-11-22,3905,2024-10-16,1032,7349,,3,5,6,3905,0,0,0,,0,,"MCDOUGALD BL","WILLIAM MOSS BL",0.00,,Y,B,-,N,,,,,,,,,,Y,4,0,1,2,A,-,12,21453,A,N,D,C,A,A,H,-,A,A,0,,,,,Y,,A,01,0,0,1,0,0,0,0,0,0,"- ","- ",37.905860900878906,-121.29714965820312,"SAN JOAQUIN",STOCKTON,-121.29544067382812,37.9063720703125
84479594,2024,2024-11-22,3905,2024-10-19,1822,7192,,6,5,6,3905,0,0,0,,0,,"EL DORADO ST","SONORA ST",10.00,N,N,A,-,N,,,,,,,,,,N,4,0,1,2,A,-,09,21802,A,M,G,B,A,A,H,-,A,A,0,,,,,Y,,M,94,0,0,1,0,0,0,0,0,0,"- ","- ",37.948799133300781,-121.28874969482422,"SAN JOAQUIN",STOCKTON,-121.28872680664062,37.948837280273438
84481380,2024,2024-11-29,3905,2024-10-18,2001,3115,,5,5,6,3905,0,0,0,,0,,"HAMMER LN","PAVILION PZ",0.00,,Y,A,-,N,,,,,,,,,,Y,2,0,1,2,A,-,03,22350,,N,C,C,A,A,H,-,C,A,0,,,Y,,Y,,A,07,1,0,0,0,0,0,0,0,1,"- ","- ",38.020980834960938,-121.27694702148438,"SAN JOAQUIN",STOCKTON,-121.27669525146484,38.021049499511719
84481401,2024,2024-12-06,3905,2024-10-22,2251,3223,,2,5,6,3905,0,0,0,,0,,"PERSHING AV","PRINCETON AV",570.00,N,N,A,-,N,,,,,,,,,,Y,2,0,1,1,A,-,03,22350,,N,E,I,A,A,H,-,C,D,0,,,,,Y,,A,07,1,0,0,0,0,0,0,0,0,"- ","- ",37.977558135986328,-121.31797790527344,"SAN JOAQUIN",STOCKTON,-121.31861877441406,37.978889465332031
8448694,2017,2017-09-18,3903,2017-08-26,2300,3729,,6,5,4,3903,0,0,0,,0,,"WOODWARD AV","MCKINLEY AV",2290.00,W,N,A,-,N,,,,,,,,,,N,3,0,1,2,A,-,08,22107,,F,G,B,F,A,H,-,D,D,0,Y,,,,Y,,D,22,0,1,0,0,1,0,0,0,0,"- ","- ",37.77552,-121.27083,"SAN JOAQUIN",MANTECA,-121.27862311,37.775394679999998
84488111,2024,2024-12-04,3906,2024-11-20,2016,1707,,3,5,5,3906,0,0,0,,0,002,"CORRAL HOLLOW RD","TRACY HILLS DR",1926.00,S,N,A,-,N,,,,,,,,,,Y,2,0,1,2,A,-,09,21801,A,N,D,C,A,A,H,-,C,D,0,,,Y,,Y,,A,01,1,0,0,0,0,0,0,0,1,"- ","- ",37.675868988037109,-121.45362854003906,"SAN JOAQUIN",TRACY,-121.45259857177734,37.671070098876953
8449038,2017,2017-09-15,3903,2017-08-07,1450,1751,,1,5,4,3903,0,0,0,,0,,"UNION RD","DANIELS ST",0.00,,Y,A,-,N,,,,,,,,,,N,3,0,1,2,A,-,09,21801,A,N,D,C,A,A,H,-,A,D,0,,,,,Y,,A,01,0,1,0,0,0,0,0,0,0,"- ","- ",37.785629999999998,-121.23421999999999,"SAN JOAQUIN",MANTECA,-121.23417993,37.785799949999998
8449292,2017,2017-10-20,3906,2017-09-02,2019,10118,,6,5,5,3906,0,0,0,,0,004,"LOWELL AV","SOUTHBROOK ST",50.00,W,N,A,-,N,,,,,,,,,,Y,4,0,1,2,A,-,08,22107,,N,A,C,A,A,H,-,C,D,0,,,Y,,Y,,A,01,0,0,1,0,0,0,0,0,1,"- ","- ",,,"SAN JOAQUIN",TRACY,-121.46612429,37.747892049999997
8449300,2017,2017-09-28,3906,2017-09-10,2041,1505,,7,5,5,3906,0,0,0,,0,003,"W SCHULTE RD","S LAMMERS RD",3168.00,E,N,A,-,N,,,,,,,,,,N,4,0,1,1,A,-,08,22107,,N,E,I,A,A,H,-,D,D,0,,,,,Y,,-,,0,0,1,0,0,0,0,0,0,"- ","- ",,,"SAN JOAQUIN",TRACY,-121.47659,37.719349999999999
84495421,2024,2024-12-09,3906,2024-11-22,1233,903,,5,5,5,3906,0,0,0,,0,002,"VALPICO RD","GLENBRIAR DR",0.00,,Y,A,-,N,,,,,,,,,,Y,3,0,3,2,A,-,12,21453,A,N,A,C,A,A,H,-,A,A,0,,,,,Y,,A,07,0,1,2,0,0,0,0,0,0,"- ","- ",37.710651397705078,-121.42064666748047,"SAN JOAQUIN",TRACY,-121.42073059082031,37.710639953613281
84495577,2024,2024-12-11,3905,2024-10-24,1423,7164,,4,5,6,3905,0,0,0,,0,,"MONTEGO AV","ALPINE AV",70.00,N,N,A,-,N,,,,,,,,,,Y,4,0,1,1,A,-,08,22100,A,N,E,I,A,A,H,-,A,A,0,,,,,Y,,A,07,0,0,1,0,0,0,0,0,0,"- ","- ",37.985069274902344,-121.27881622314453,"SAN JOAQUIN",STOCKTON,-121.27925109863281,37.9853515625
84495586,2024,2024-12-09,3905,2024-10-25,1404,7164,,5,5,6,3905,0,0,0,,0,,"COUNTRY CLUB BL","PERSHING AV",0.00,,Y,A,-,N,,,,,,,,,,Y,3,0,2,2,A,-,17,21451,A,N,D,C,A,A,H,-,A,A,0,,,,,Y,,D,22,0,2,0,0,0,0,0,0,0,"- ","- ",37.969070434570312,-121.31611633300781,"SAN JOAQUIN",STOCKTON,-121.31513977050781,37.969470977783203
84495624,2024,2024-12-09,3905,2024-10-28,1500,7323,,1,5,6,3905,0,0,0,,0,,"CHEROKEE RD","SANGUINETTI LN",10.00,W,N,A,-,N,,,,,,,,,,N,4,0,1,2,A,-,03,22350,,N,C,C,A,A,H,-,A,D,0,,,,,Y,,A,01,0,0,1,0,0,0,0,0,0,"- ","- ",37.973369598388672,-121.268310546875,"SAN JOAQUIN",STOCKTON,-121.26737213134766,37.974037170410156
84495636,2024,2024-12-09,3905,2024-10-29,1549,2566,,2,5,6,3905,0,0,0,,0,,"STANISLAUS ST","MARTIN LUTHER KING BL",35.00,N,N,A,-,N,,,,,,,,,,Y,4,0,1,3,A,-,09,21804,A,M,D,C,A,A,H,-,A,D,0,,,,,Y,,D,22,0,0,1,0,0,0,0,0,0,"- ","- ",37.940200805664062,-121.27835083007812,"SAN JOAQUIN",STOCKTON,-121.27827453613281,37.940372467041016
84496211,2024,2025-01-17,3905,2024-11-01,2126,3045,,5,5,6,3905,0,0,0,,0,,"MARIPOSA RD","EIGHTH ST",0.00,,Y,C,-,N,,,,,,,,,,N,2,0,1,2,A,-,11,21954,A,F,G,B,D,B,H,-,C,A,0,Y,,,,Y,Y,N,60,1,0,0,0,1,0,0,0,0,"- ","- ",37.937931060791016,-121.24295806884766,"SAN JOAQUIN",STOCKTON,-121.24285888671875,37.938232421875
84502756,2024,2024-12-13,3905,2024-10-29,1450,7323,,2,5,6,3905,0,0,0,,0,,"WAGNER HEIGHTS RD","BRANSTETTER PL",0.00,,Y,A,-,N,,,,,,,,,,Y,3,0,1,2,A,-,09,21802,A,N,A,C,A,A,H,-,A,A,0,,,,,Y,,A,01,0,1,0,0,0,0,0,0,0,"- ","- ",38.033668518066406,-121.34622955322266,"SAN JOAQUIN",STOCKTON,-121.34601593017578,38.033847808837891
8450282,2017,2017-10-03,3902,2017-09-01,1245,CD93,,5,5,5,3902,0,0,0,,0,,"W ELM ST","PACIFIC AV",35.00,E,N,A,-,N,,,,,,,,,,N,4,0,2,2,A,-,03,22350,,N,C,C,A,A,H,-,A,D,0,,,,,Y,,J,48,0,0,2,0,0,0,0,0,0,"- ","- ",,,"SAN JOAQUIN",LODI,-121.2901184,38.136226139999998
8451450,2017,2017-09-15,3905,2017-08-14,1310,2566,LAK,1,5,6,3905,0,0,0,,0,,"PERSHING AV","ROBINHOOD DR",55.00,S,N,A,-,N,,,,,,,,,,Y,4,0,1,2,A,-,07,21658,A,N,D,C,A,A,H,-,A,A,0,,,,,Y,,A,01,0,0,1,0,0,0,0,0,0,"- ","- ",37.99832,-121.32487,"SAN JOAQUIN",STOCKTON,-121.32529542,37.997945250000001
8451466,2017,2017-09-15,3905,2017-08-05,2040,2448,SEA,6,5,6,3905,0,0,0,,0,,"CAROLYN WESTON BL","MANTHEY RD E",0.00,,Y,A,-,N,,,,,,,,,,Y,3,0,1,2,A,-,01,23152,A,F,D,C,A,A,H,-,C,D,0,,,,,Y,Y,A,01,0,1,0,0,0,0,0,0,0,"- ","- ",37.913029999999999,-121.2908,"SAN JOAQUIN",STOCKTON,-121.29463997000001,37.912259900000002
8451499,2017,2017-09-15,3905,2017-07-29,1427,2463,PAR,6,5,6,3905,0,0,0,,0,,"MARTIN LUTHER KING BL","WILSON WY",0.00,,Y,A,-,N,,,,,,,,,,N,4,0,1,2,A,-,12,21453,A,F,D,C,A,A,H,-,A,A,0,,,,,Y,,A,01,0,0,1,0,0,0,0,0,0,"- ","- ",37.94191,-121.26791,"SAN JOAQUIN",STOCKTON,-121.26783991000001,37.942099970000001
8451518,2017,2017-09-15,3905,2017-08-04,1011,1422,CIV,5,5,6,3905,0,0,0,,0,,"HARDING WY","CENTER ST",0.00,,Y,A,-,N,,,,,,,,,,Y,3,0,3,2,A,-,09,21801,A,N,D,C,A,A,H,-,A,A,0,,,,,Y,,A,01,0,1,2,0,0,0,0,0,0,"- ","- ",37.96734,-121.29494,"SAN JOAQUIN",STOCKTON,-121.29513987999999,37.967309929999999
84530359,2024,2025-01-08,3924,2024-12-05,1607,1355,,4,5,2,3920,0,0,0,,0,00R,"PARKSIDE DR","LAKESIDE DR",0.00,,Y,A,-,N,,,,,,,,,,N,3,0,1,2,A,-,10,21950,A,N,G,B,B,A,H,-,A,D,0,Y,,,,Y,,A,01,0,1,0,0,1,0,0,0,0,"- ","- ",37.791229248046875,-121.31667327880859,"SAN JOAQUIN",LATHROP,-121.31675720214844,37.791233062744141
84539399,2024,2025-01-16,3905,2024-06-30,2122,2660,,7,5,6,3905,0,0,0,,0,,"WEST LN","FULTON ST",0.00,,Y,A,-,N,,,,,,,,,,Y,1,2,1,2,A,-,01,23153,B,N,D,C,A,A,H,-,C,A,0,,,,,Y,Y,A,08,1,0,0,0,0,0,0,0,0,"- ","- ",37.986900329589844,-121.28453826904297,"SAN JOAQUIN",STOCKTON,-121.28499603271484,37.9869384765625
84540355,2024,2025-01-16,3924,2024-09-01,"119 ",1277,,7,5,2,3920,0,0,0,,0,00C,"HARLAN RD","LOUISE AVE",400.00,N,-,A,-,N,,,,,,,,,,Y,3,0,1,1,A,-,03,22350,,M,E,I,A,A,H,-,C,D,0,,,,,Y,,A,01,0,1,0,0,0,0,0,0,0,"- ","- ",37.811840057373047,-121.29144287109375,"SAN JOAQUIN",LATHROP,-121.29377746582031,37.812889099121094
84541022,2024,2025-01-17,3905,2024-11-05,1020,3095,,2,5,6,3905,0,0,0,,0,,"EL DORADO ST","JAMESTOWN ST",65.00,S,N,A,-,N,,,,,,,,,,N,4,0,1,2,A,-,05,21202,,N,H,G,A,A,H,-,A,D,0,,Y,,,Y,,L,04,0,0,1,0,0,0,1,0,0,"- ","- ",37.993621826171875,-121.30429840087891,"SAN JOAQUIN",STOCKTON,-121.30471038818359,37.993621826171875
84541077,2024,2025-01-17,3905,2024-11-10,"730 ",7356,,7,5,6,3905,0,0,0,,0,,"MARTIN LUTHER KING BL","SIKH TEMPLE ST",9.00,E,N,A,-,N,,,,,,,,,,N,3,0,1,2,A,-,10,21950,A,N,G,B,B,A,H,-,A,A,0,Y,,,,Y,,A,01,0,1,0,0,1,0,0,0,0,"- ","- ",37.940418243408203,-121.27703857421875,"SAN JOAQUIN",STOCKTON,-121.27690124511719,37.940502166748047
84541083,2024,2025-01-20,3905,2024-11-10,1734,7273,,7,5,6,3905,0,0,0,,0,,"QUAIL LAKES DR","MARCH LN",768.00,N,N,A,-,N,,,,,,,,,,Y,3,0,6,3,A,-,09,21804,A,N,D,C,A,A,H,-,C,A,0,,,,,Y,,A,01,0,2,4,0,0,0,0,0,0,"- ","- ",37.98516845703125,-121.33952331542969,"SAN JOAQUIN",STOCKTON,-121.33998870849609,37.986358642578125
84541084,2024,2025-01-17,3905,2024-11-10,1803,3229,,7,5,6,3905,0,0,0,,0,,"EIGHT MILE RD","TRINITY PK",650.00,W,N,A,-,N,,,,,,,,,,Y,4,0,2,3,A,-,03,22350,,N,D,E,A,A,H,-,C,D,0,,,,,Y,,A,01,0,0,2,0,0,0,0,0,0,"- ","- ",38.057918548583984,-121.37631225585938,"SAN JOAQUIN",STOCKTON,-121.37863922119141,38.057735443115234
84541088,2024,2025-01-17,3905,2024-11-10,1841,3020,,7,5,6,3905,0,0,0,,0,,"MISSION VALLEY LN","FARMINGTON RD",0.00,,Y,A,-,N,,,,,,,,,,N,3,0,1,2,A,-,09,21802,A,N,D,C,A,A,H,-,C,D,0,,,,,Y,,A,01,0,1,0,0,0,0,0,0,0,"- ","- ",37.938438415527344,-121.24028778076172,"SAN JOAQUIN",STOCKTON,-121.23894500732422,37.939319610595703
84541129,2024,2025-01-17,3905,2024-11-13,1649,7323,,3,5,6,3905,0,0,0,,0,,"GOLDEN GATE AV","MAIN ST",0.00,,Y,A,-,N,,,,,,,,,,N,4,0,1,2,A,-,12,21453,A,N,D,G,A,A,H,-,B,A,0,,Y,,,Y,,L,04,0,0,1,0,0,0,1,0,0,"- ","- ",37.954189300537109,-121.24446105957031,"SAN JOAQUIN",STOCKTON,-121.24446868896484,37.9544677734375
84541141,2024,2025-01-17,3905,2024-11-14,1740,2875,,4,5,6,3905,0,0,0,,0,,"MARCH LN","PACIFIC AV",13.00,W,N,A,-,N,,,,,,,,,,N,3,0,1,2,A,-,05,21650,,N,D,G,A,A,H,-,C,A,0,,Y,,,Y,,L,04,0,1,0,0,0,0,1,0,0,"- ","- ",37.991489410400391,-121.31227874755859,"SAN JOAQUIN",STOCKTON,-121.31285858154297,37.991405487060547
84541184,2024,2025-01-17,3905,2024-11-18,1829,7273,,1,5,6,3905,0,0,0,,0,,"ALPINE AV","ALLSTON WY",0.00,,Y,A,-,N,,,,,,,,,,N,4,0,1,2,A,-,10,21950,A,N,G,B,B,A,H,-,C,A,0,Y,,,,Y,,A,01,0,0,1,0,1,0,0,0,0,"- ","- ",37.977878570556641,-121.30699157714844,"SAN JOAQUIN",STOCKTON,-121.30613708496094,37.978317260742188
84541193,2024,2025-01-17,3905,2024-11-19,1600,7323,,2,5,6,3905,0,0,0,,0,,"MAIN ST","SHASTA AV",120.00,W,N,B,-,N,,,,,,,,,,Y,4,0,1,2,A,-,08,22102,,N,D,C,A,A,H,-,B,D,0,,,,,Y,,A,01,0,0,1,0,0,0,0,0,0,"- ","- ",37.954380035400391,-121.24787139892578,"SAN JOAQUIN",STOCKTON,-121.24834442138672,37.954669952392578
84541230,2024,2025-01-17,3905,2024-11-22,1838,7164,,5,5,6,3905,0,0,0,,0,,"WEST LN","BOURBON ST",0.00,,Y,C,-,N,,,,,,,,,,Y,4,0,1,2,A,-,12,21453,A,N,D,C,A,B,H,-,C,A,0,,,,,Y,,A,07,0,0,1,0,0,0,0,0,0,"- ","- ",37.987960815429688,-121.28489685058594,"SAN JOAQUIN",STOCKTON,-121.28536987304688,37.987957000732422
84541267,2024,2025-01-20,3905,2024-11-27,1500,7323,,3,5,6,3905,0,0,0,,0,,"CALIFORNIA ST","FOURTH ST",0.00,,Y,A,-,N,,,,,,,,,,Y,4,0,3,3,A,-,12,21453,A,N,D,C,A,A,H,-,A,A,0,,,,,Y,,D,22,0,0,3,0,0,0,0,0,0,"- ","- ",37.934158325195312,-121.28086090087891,"SAN JOAQUIN",STOCKTON,-121.27948760986328,37.934791564941406
84541271,2024,2025-01-20,3905,2024-11-28,"1   ",3071,,4,5,6,3905,0,0,0,,0,,"MINER AV","FLORENCE ST",0.00,,Y,A,-,N,,,,,,,,,,N,3,0,1,1,A,-,03,22350,,N,E,I,A,A,H,-,C,D,0,,,,,Y,,A,07,0,1,0,0,0,0,0,0,0,"- ","- ",37.959388732910156,-121.26844024658203,"SAN JOAQUIN",STOCKTON,-121.26853179931641,37.959453582763672
84541281,2024,2025-01-20,3905,2024-11-29,"448 ",3045,,5,5,6,3905,0,0,0,,0,,"ANDERSON ST","WINDSOR AV",0.00,,Y,A,-,N,,,,,,,,,,Y,4,0,1,1,A,-,01,23152,A,N,E,I,A,A,H,-,C,D,0,,,,,Y,Y,D,22,0,0,1,0,0,0,0,0,0,"- ","- ",37.953060150146484,-121.24289703369141,"SAN JOAQUIN",STOCKTON,-121.242919921875,37.953350067138672
84541312,2024,2025-01-20,3905,2024-12-03,1720,7323,,2,5,6,3905,0,0,0,,0,,"S STATE ROUTE 99 E FR RD","IMPERIAL WY",500.00,S,N,A,-,N,,,,,,,,,,Y,3,0,1,1,A,-,03,22350,,N,E,I,A,A,H,-,C,D,0,,,,,Y,,D,22,0,1,0,0,0,0,0,0,0,"- ","- ",37.909069061279297,-121.22411346435547,"SAN JOAQUIN",STOCKTON,-121.22402191162109,37.907852172851562
84541325,2024,2025-01-17,3905,2024-12-05,1525,7164,,4,5,6,3905,0,0,0,,0,,"MORADA LN","WEST LN",400.00,E,N,A,-,N,,,,,,,,,,Y,4,0,1,4,A,-,03,22350,,N,C,C,A,A,H,-,A,A,0,,,,,Y,,D,22,0,0,1,0,0,0,0,0,0,"- ","- ",38.036911010742188,-121.29518890380859,"SAN JOAQUIN",STOCKTON,-121.29354858398438,38.036880493164062
84541331,2024,2025-01-17,3905,2024-12-06,1250,7349,,5,5,6,3905,0,0,0,,0,,"MAIN ST","COURT ST",15.00,W,N,A,-,N,,,,,,,,,,N,3,0,2,2,A,-,09,21804,A,N,B,C,A,A,H,-,A,D,0,,,,,Y,,A,07,0,1,1,0,0,0,0,0,0,"- ","- ",37.955059051513672,-121.25975036621094,"SAN JOAQUIN",STOCKTON,-121.25978851318359,37.955242156982422
8454690,2017,2017-10-09,3900,2017-09-10,2050,159260,MANTE,7,5,2,3920,0,0,0,,0,009,"EAST LOUISE AV","OLD HARLAN RD",0.00,,Y,A,-,N,,,,,,,,,,N,4,0,1,2,B,-,22,,,N,G,B,F,A,H,-,C,D,0,Y,,,,Y,,D,22,0,0,1,0,1,0,0,0,0,"- ","- ",,,"SAN JOAQUIN",LATHROP,-121.29383999,37.811799899999997
84547625,2024,2025-01-23,3924,2024-12-31,"445 ",1295,,2,5,2,3920,0,0,0,,0,00C,"FIFTH ST","SHNOOP CT",117.00,N,-,A,-,N,,,,,,,,,,N,3,0,1,2,A,-,03,22350,,N,C,E,A,A,H,-,C,D,0,,,,,Y,,A,01,0,1,0,0,0,0,0,0,0,"- ","- ",37.814430236816406,-121.27765655517578,"SAN JOAQUIN",LATHROP,-121.27780151367188,37.814201354980469
84549907,2024,2025-02-03,3905,2024-12-14,1815,3226,,6,5,6,3905,0,0,0,,0,,"MARCH LN","PALM PLAZA DR",0.00,,Y,A,-,N,,,,,,,,,,Y,2,0,1,2,A,-,12,21457,A,N,D,C,A,A,H,-,A,A,0,,,Y,,Y,,C,02,1,0,0,0,0,0,0,0,1,"- ","- ",38.001678466796875,-121.29193115234375,"SAN JOAQUIN",STOCKTON,-121.29253387451172,38.001743316650391
84549922,2024,2025-01-27,3905,2024-12-20,"904 ",7034,,5,5,6,3905,0,0,0,,0,,"B ST","ARCH AIRPORT RD",30.00,N,N,B,-,N,,,,,,,,,,Y,3,0,1,2,A,-,03,22350,,N,A,C,A,A,H,-,A,A,0,,,,,Y,,A,01,0,1,0,0,0,0,0,0,0,"- ","- ",37.905769348144531,-121.24401092529297,"SAN JOAQUIN",STOCKTON,-121.24410247802734,37.905597686767578
84559951,2024,2025-02-03,3906,2024-12-28,"745 ",1922,,6,5,5,3906,0,0,0,,0,003,"CORRAL HOLLOW RD","WESTERN PACIFIC WAY",35.00,N,N,A,-,N,,,,,,,,,,N,4,0,1,2,A,-,05,21651,A,N,D,C,A,A,H,-,A,D,0,,,,,Y,,A,01,0,0,1,0,0,0,0,0,0,"- ","- ",37.723419189453125,-121.45301818847656,"SAN JOAQUIN",TRACY,-121.45310974121094,37.723487854003906
84560490,2024,2025-02-03,3902,2024-08-21,1807,67,,3,5,5,3902,0,0,0,,0,004,"POPLAR ST","STOCKTON ST",30.00,N,-,A,-,N,,,,,,,,,,N,3,0,1,2,A,-,05,21202,A,N,H,G,A,A,H,-,B,D,0,,Y,,,Y,,L,04,0,1,0,0,0,0,1,0,0,"- ","- ",,,"SAN JOAQUIN",LODI,-121.26963043212891,38.119281768798828
84560886,2024,2025-02-03,3902,2024-10-12,2136,113,,6,5,5,3902,0,0,0,,0,003,"KETTLEMAN LN","TIENDA DR",0.00,N,-,A,-,Y,,,,,,,,,,N,3,0,1,2,A,-,12,21453,A,N,D,C,A,A,H,-,C,A,0,,,Y,,Y,,C,02,0,1,0,0,0,0,0,0,1,"- ","- ",,,"SAN JOAQUIN",LODI,-121.30290985107422,38.115577697753906
84560957,2024,2025-02-03,3902,2024-10-31,1538,114,,4,5,5,3902,0,0,0,,0,004,"KETTLEMAN LN","SCHOOL ST",0.00,N,-,A,-,N,,,,,,,,,,N,3,0,1,2,A,-,04,21703,,N,C,D,A,A,H,-,A,D,0,,,,,Y,,A,01,0,1,0,0,0,0,0,0,0,"- ","- ",,,"SAN JOAQUIN",LODI,-121.27497863769531,38.115604400634766
84561095,2024,2025-02-03,3902,2024-11-27,1535,114,,3,5,5,3902,0,0,0,,0,003,"LOWER SACRAMENTO RD","KETTLEMAN LN",0.00,N,-,A,-,Y,,,,,,,,,,Y,3,0,1,2,A,-,12,21453,A,N,D,C,A,A,H,-,A,A,0,,,,,Y,,A,01,0,1,0,0,0,0,0,0,0,"- ","- ",,,"SAN JOAQUIN",LODI,-121.30664825439453,38.115577697753906
84561564,2024,2025-02-03,3905,2024-12-15,1048,2890,,7,5,6,3905,0,0,0,,0,,"COMMERCE ST","STADIUM DR",0.00,,Y,B,-,N,,,,,,,,,,N,4,0,1,2,A,-,12,22450,A,N,D,C,A,A,H,-,A,A,0,,,,,Y,,A,01,0,0,1,0,0,0,0,0,0,"- ","- ",37.980781555175781,-121.30314636230469,"SAN JOAQUIN",STOCKTON,-121.30348205566406,37.980682373046875
84561696,2024,2025-02-03,3905,2024-12-18,"828 ",2463,,3,5,6,3905,0,0,0,,0,,"UNION ST","OAK ST",0.00,,Y,B,E,N,,,,,,,,,,Y,3,0,2,2,A,-,09,21802,A,N,D,C,A,A,H,-,A,A,0,,,,,Y,,A,07,0,1,1,0,0,0,0,0,0,"- ","- ",37.960838317871094,-121.27828216552734,"SAN JOAQUIN",STOCKTON,-121.27840423583984,37.960918426513672
84561725,2024,2025-02-03,3905,2024-12-19,1613,7164,,4,5,6,3905,0,0,0,,0,,"SWAIN RD","FILLMORE AV",0.00,,Y,B,-,N,,,,,,,,,,Y,4,0,1,2,A,-,09,21801,A,N,D,C,A,A,H,-,A,A,0,,,,,Y,,A,07,0,0,1,0,0,0,0,0,0,"- ","- ",38.007621765136719,-121.30787658691406,"SAN JOAQUIN",STOCKTON,-121.30750274658203,38.007503509521484
84561728,2024,2025-02-05,3905,2024-12-20,"23  ",3202,,5,5,6,3905,0,0,0,,0,,"CENTER ST","FLORA ST",0.00,,Y,A,-,N,,,,,,,,,,Y,3,0,1,2,A,-,09,21802,A,N,D,C,A,A,H,-,C,A,0,,,,,Y,,A,01,0,1,0,0,0,0,0,0,0,"- ","- ",37.960460662841797,-121.29315185546875,"SAN JOAQUIN",STOCKTON,-121.29325103759766,37.960433959960938
84561814,2024,2025-02-03,3905,2024-12-27,1941,3141,,5,5,6,3905,0,0,0,,0,,"MARTIN LUTHER KING BL","B ST",485.00,E,N,A,-,N,,,,,,,,,,Y,4,0,1,1,C,-,18,,,N,E,I,A,A,H,-,C,D,0,,,,,Y,,-,"- ",0,0,1,0,0,0,0,0,0,"- ","- ",37.943721771240234,-121.25952911376953,"SAN JOAQUIN",STOCKTON,-121.25795745849609,37.944446563720703
84561820,2024,2025-02-03,3905,2024-12-28,1742,7164,,6,5,6,3905,0,0,0,,0,,"WEBER AV","WILSON WY",0.00,,Y,A,-,N,,,,,,,,,,N,4,0,3,5,A,-,09,21804,A,N,H,G,A,A,H,-,C,A,0,,Y,,,Y,,L,04,0,0,3,0,0,0,3,0,0,"- ","- ",37.956718444824219,-121.27176666259766,"SAN JOAQUIN",STOCKTON,-121.2718505859375,37.956844329833984
84561832,2024,2025-02-03,3905,2024-12-30,1143,7273,,1,5,6,3905,0,0,0,,0,,"MAIN ST","FILBERT ST",0.00,,Y,A,-,N,,,,,,,,,,Y,3,0,4,2,A,-,09,21801,A,N,D,C,A,A,H,-,A,A,0,,,,,Y,,A,01,0,2,2,0,0,0,0,0,0,"- ","- ",37.954608917236328,-121.25184631347656,"SAN JOAQUIN",STOCKTON,-121.25190734863281,37.954853057861328
84569737,2024,2025-02-07,3905,2024-12-23,1135,7273,,1,5,6,3905,0,0,0,,0,,"MAIN ST","BROADWAY AV",184.00,W,N,B,-,N,,,,,,,,,,N,3,0,1,2,A,-,09,21804,A,N,D,G,A,A,H,-,A,A,0,,Y,,,Y,,L,04,0,1,0,0,0,0,1,0,0,"- ","- ",37.953990936279297,-121.24104309082031,"SAN JOAQUIN",STOCKTON,-121.24172973632812,37.954334259033203
84579505,2024,2025-02-14,3905,2024-12-26,1525,7164,,4,5,6,3905,0,0,0,,0,,"E W S WOODS BL","CROWN PEAK LN",95.00,S,N,B,-,N,,,,,,,,,,Y,4,0,3,3,A,-,21,22106,,N,D,C,A,A,H,-,A,A,0,,,,,Y,,A,01,0,0,3,0,0,0,0,0,0,"- ","- ",37.898750305175781,-121.30502319335938,"SAN JOAQUIN",STOCKTON,-121.30323791503906,37.898929595947266