CASE_ID,ACCIDENT_YEAR,PROC_DATE,JURIS,COLLISION_DATE,COLLISION_TIME,OFFICER_ID,REPORTING_DISTRICT,DAY_OF_WEEK,CHP_SHIFT,POPULATION,CNTY_CITY_LOC,SPECIAL_COND,BEAT_TYPE,CHP_BEAT_TYPE,CITY_DIVISION_LAPD,CHP_BEAT_CLASS,BEAT_NUMBER,PRIMARY_RD,SECONDARY_RD,DISTANCE,DIRECTION,INTERSECTION,WEATHER_1,WEATHER_2,STATE_HWY_IND,CALTRANS_COUNTY,CALTRANS_DISTRICT,STATE_ROUTE,ROUTE_SUFFIX,POSTMILE_PREFIX,POSTMILE,LOCATION_TYPE,RAMP_INTERSECTION,SIDE_OF_HWY,TOW_AWAY,COLLISION_SEVERITY,NUMBER_KILLED,NUMBER_INJURED,PARTY_COUNT,PRIMARY_COLL_FACTOR,PCF_CODE_OF_VIOL,PCF_VIOL_CATEGORY,PCF_VIOLATION,PCF_VIOL_SUBSECTION,HIT_AND_RUN,TYPE_OF_COLLISION,MVIW,PED_ACTION,ROAD_SURFACE,ROAD_COND_1,ROAD_COND_2,LIGHTING,CONTROL_DEVICE,CHP_ROAD_TYPE,PEDESTRIAN_ACCIDENT,BICYCLE_ACCIDENT,MOTORCYCLE_ACCIDENT,TRUCK_ACCIDENT,NOT_PRIVATE_PROPERTY,ALCOHOL_INVOLVED,STWD_VEHTYPE_AT_FAULT,CHP_VEHTYPE_AT_FAULT,COUNT_SEVERE_INJ,COUNT_VISIBLE_INJ,COUNT_COMPLAINT_PAIN,COUNT_PED_KILLED,COUNT_PED_INJURED,COUNT_BICYCLIST_KILLED,COUNT_BICYCLIST_INJURED,COUNT_MC_KILLED,COUNT_MC_INJURED,PRIMARY_RAMP,SECONDARY_RAMP,LATITUDE,LONGITUDE,COUNTY,CITY,POINT_X,POINT_Y
8458112,2017,2017-10-16,3900,2017-08-24,2110,152782,MANTE,4,5,2,3920,0,0,0,,0,009,"INLAND PASSAGE WY","BRAMBLEWOOD AVE",58.00,S,N,A,-,N,,,,,,,,,,N,4,0,1,1,A,-,21,22106,,N,E,I,A,A,H,-,D,D,0,,,,,Y,,A,01,0,0,1,0,0,0,0,0,0,"- ","- ",,,"SAN JOAQUIN",LATHROP,-121.31138564,37.801020770000001
8458116,2017,2017-10-16,3900,2017-08-24,1830,152605,,4,5,2,3920,0,0,0,,0,009,"EAST LOUISE AV","HARLAN RD",0.00,,Y,A,-,N,,,,,,,,,,Y,4,0,1,2,A,-,12,21453,A,N,D,C,A,A,H,-,A,A,0,,,,,Y,,A,01,0,0,1,0,0,0,0,0,0,"- ","- ",,,"SAN JOAQUIN",LATHROP,-121.29383999,37.811799899999997
84581182,2025,2025-02-17,3905,2025-01-10,1313,7164,,5,5,6,3905,0,0,0,,0,,"HAMMER LN","KELLEY DR",0.00,,Y,A,-,N,,,,,,,,,,N,3,0,1,2,A,-,12,21453,A,N,D,C,A,A,H,-,A,A,0,,,Y,,Y,,C,02,0,1,0,0,0,0,0,0,1,"- ","- ",38.021228790283203,-121.35652160644531,"SAN JOAQUIN",STOCKTON,-121.35614776611328,38.021274566650391
84581542,2025,2025-02-17,3905,2025-01-16,1230,7349,,4,5,6,3905,0,0,0,,0,,"THORNTON RD","WAUDMAN AV",5.00,E,N,A,-,N,,,,,,,,,,N,4,0,1,2,A,-,03,22350,,F,G,B,D,A,H,-,A,D,0,Y,,,,Y,,A,01,0,0,1,0,1,0,0,0,0,"- ","- ",38.032661437988281,-121.33669281005859,"SAN JOAQUIN",STOCKTON,-121.33642578125,38.032890319824219
8458224,2017,2017-10-09,3906,2017-09-15,0611,1484,301,5,5,5,3906,0,0,0,,0,007,"SCHULTE RD","MOUNTAIN HOUSE PKWY",283.00,W,N,A,-,N,,,,,,,,,,Y,4,0,4,2,A,-,09,21804,,N,-,C,A,A,H,-,B,A,0,,,,,Y,,D,22,0,0,4,0,0,0,0,0,0,"- ","- ",,,"SAN JOAQUIN",TRACY,-121.53259,37.722618789999999
8458534,2017,2017-10-05,3906,2017-09-22,1733,1402,,5,5,5,3906,0,0,0,,0,001,"CENTRAL AV","9TH ST",88.00,N,N,A,-,N,,,,,,,,,,N,4,0,1,2,A,-,05,21650,,N,G,G,A,A,H,-,A,D,0,,Y,,,Y,,L,04,0,0,1,0,0,0,1,0,0,"- ","- ",,,"SAN JOAQUIN",TRACY,-121.42589432,37.737611680000001
84587183,2024,2025-02-24,3905,2024-12-27,1020,2008,,5,5,6,3905,0,0,0,,0,,"HAMMER LN","TAM O SHANTER DR",0.00,,Y,C,-,N,,,,,,,,,,Y,4,0,1,2,A,-,08,22100,A,N,D,C,A,B,H,-,A,A,0,,,,,Y,,A,08,0,0,1,0,0,0,0,0,0,"- ","- ",38.020999908447266,-121.30084228515625,"SAN JOAQUIN",STOCKTON,-121.30054473876953,38.020877838134766
84587374,2025,2025-02-24,3906,2025-02-05,1702,1094,,3,5,5,3906,0,0,0,,0,003,"ELEVENTH ST","SAFEWAY PLAZA",0.00,,Y,A,-,N,,,,,,,,,,Y,4,0,1,2,A,-,09,21453,C,N,D,C,A,A,H,-,A,A,0,,,,,Y,,A,01,0,0,1,0,0,0,0,0,0,"- ","- ",,,"SAN JOAQUIN",TRACY,,
84593602,2025,2025-03-03,3905,2025-01-22,1132,2463,,3,5,6,3905,0,0,0,,0,,"MAIN ST","A ST",0.00,,Y,A,-,N,,,,,,,,,,Y,4,0,1,2,A,-,09,21802,A,F,D,D,A,A,H,-,A,A,0,,,,,Y,,A,01,0,0,1,0,0,0,0,0,0,"- ","- ",37.955410003662109,-121.26573944091797,"SAN JOAQUIN",STOCKTON,-121.26582336425781,37.955554962158203
84593959,2025,2025-03-03,3905,2025-01-24,1106,3254,,5,5,6,3905,0,0,0,,0,,"HOLMAN RD","HAMMER LN",4.00,S,N,A,-,Y,,,,,,,,,,N,4,0,1,2,A,-,03,22350,,N,C,C,A,A,H,-,A,A,0,,,,,Y,,A,01,0,0,1,0,0,0,0,0,0,"- ","- ",38.020980834960938,-121.27191162109375,"SAN JOAQUIN",STOCKTON,-121.271728515625,38.021068572998047
84593965,2025,2025-03-03,3905,2025-01-25,"837 ",1315,,6,5,6,3905,0,0,0,,0,,"ARCH RD","FRONTIER WY",57.00,W,N,B,-,N,,,,,,,,,,Y,4,0,1,1,A,-,03,22350,,N,E,I,A,A,H,-,A,D,0,,,,,Y,,A,08,0,0,1,0,0,0,0,0,0,"- ","- ",37.905311584472656,-121.21295928955078,"SAN JOAQUIN",STOCKTON,-121.21318054199219,37.905227661132812
84593977,2025,2025-03-03,3905,2025-01-25,2102,3166,,6,5,6,3905,0,0,0,,0,,"PARK ST","SIERRA NEVADA ST",100.00,W,N,A,-,N,,,,,,,,,,N,4,0,2,4,A,-,11,21955,,N,G,B,D,A,H,-,D,D,0,Y,,,,Y,Y,N,60,0,0,2,0,2,0,0,0,0,"- ","- ",37.962448120117188,-121.27462768554688,"SAN JOAQUIN",STOCKTON,-121.27510833740234,37.962478637695312
84596677,2025,2025-03-05,3906,2025-01-14,1440,1596,,2,5,5,3906,0,0,0,,0,006,"LOWELL AVE","BESSIE AVE",0.00,,Y,A,-,N,,,,,,,,,,N,3,0,2,2,A,-,12,22450,A,N,B,G,A,A,H,-,A,D,0,,Y,,,Y,,L,04,0,2,0,0,0,0,2,0,0,"- ","- ",37.747268676757812,-121.43299865722656,"SAN JOAQUIN",TRACY,-121.43308258056641,37.747798919677734
84601100,2023,2025-03-18,3905,2023-09-26,2118,3160,,2,5,6,3905,0,0,0,,0,,"PACIFIC AV","MARCH LN",0.00,,Y,A,-,N,,,,,,,,,,N,3,0,1,2,A,-,08,22107,,F,E,I,A,A,H,-,C,A,0,,,Y,,Y,,A,01,0,1,0,0,0,0,0,0,0,"- ","- ",37.991489410400391,-121.31227874755859,"SAN JOAQUIN",STOCKTON,-121.31282043457031,37.991420745849609
84601110,2023,2025-03-18,3905,2023-10-11,"822 ",3201,,3,5,6,3905,0,0,0,,0,,"STANFIELD DR","LENOX PL",0.00,,Y,A,-,N,,,,,,,,,,Y,2,0,1,2,A,-,11,21954,A,N,G,B,D,A,H,-,A,A,0,Y,,,,Y,,N,60,1,0,0,0,1,0,0,0,0,"- ","- ",38.036579132080078,-121.34501647949219,"SAN JOAQUIN",STOCKTON,-121.34482574462891,38.036754608154297
84604588,2025,2025-03-18,3906,2025-02-07,1058,1831,,5,5,5,3906,0,0,0,,0,001,"TRACY BLVD","MONUMENT DR",0.00,,Y,A,-,N,,,,,,,,,,Y,4,0,1,2,A,-,09,21801,A,N,D,C,A,B,H,-,A,A,0,,,,,Y,Y,A,01,0,0,1,0,0,0,0,0,0,"- ","- ",37.7198486328125,-121.43473815917969,"SAN JOAQUIN",TRACY,-121.43480682373047,37.719863891601562
84604855,2025,2025-03-18,3905,2025-02-08,1400,3410,,6,5,6,3905,0,0,0,,0,,"HUNTER ST","OAK ST",45.00,N,N,A,-,N,,,,,,,,,,N,4,0,1,2,A,-,03,22350,,F,C,C,A,A,H,-,A,A,0,,,,,Y,,A,01,0,0,1,0,0,0,0,0,0,"- ","- ",37.958930969238281,-121.29003143310547,"SAN JOAQUIN",STOCKTON,-121.29015350341797,37.959041595458984
84624679,2025,2025-03-24,3924,2025-03-09,1053,1410,,7,5,2,3920,0,0,0,,0,00H,"CHIMES ST","MADRONE ST",133.00,N,-,A,-,N,,,,,,,,,,N,3,0,1,1,A,-,03,22350,,N,E,I,A,A,H,-,A,D,0,,,,,Y,,A,07,0,1,0,0,0,0,0,0,0,"- ","- ",37.823760986328125,-121.30555725097656,"SAN JOAQUIN",LATHROP,-121.30451965332031,37.823135375976562
8462574,2017,2017-10-23,3902,2017-09-02,0628,RD7,,6,5,5,3902,0,0,0,,0,,"LODI AV","SOUTH CENTRAL AV",151.00,W,N,A,-,N,,,,,,,,,,N,4,0,1,3,A,-,09,21804,A,F,C,C,A,A,H,-,A,A,0,,,,,Y,,A,01,0,0,1,0,0,0,0,0,0,"- ","- ",,,"SAN JOAQUIN",LODI,-121.26572362,38.130739910000003
8462637,2017,2017-10-23,3902,2017-09-17,2006,75,,7,5,5,3902,0,0,0,,0,,"N HAM LN","GERARD DR",145.00,S,N,A,-,N,,,,,,,,,,Y,4,0,3,2,A,-,03,22350,,N,C,C,A,A,H,-,C,D,0,,,,,Y,,A,01,0,0,3,0,0,0,0,0,0,"- ","- ",,,"SAN JOAQUIN",LODI,-121.28842109,38.139411850000002
84631472,2025,2025-03-31,3905,2025-02-23,1718,7323,,7,5,6,3905,0,0,0,,0,,"HAMMER LN","KELLEY DR",0.00,,Y,B,-,N,,,,,,,,,,Y,3,0,8,2,A,-,09,21453,C,N,D,C,A,A,H,-,A,A,0,,,,,Y,,A,01,0,3,5,0,0,0,0,0,0,"- ","- ",38.021228790283203,-121.35652160644531,"SAN JOAQUIN",STOCKTON,-121.35614776611328,38.021274566650391
84631682,2024,2025-03-31,3905,2024-05-04,2237,3202,,6,5,6,3905,0,0,0,,0,,"AIRPORT WY","HARDING WY",0.00,,Y,A,-,N,,,,,,,,,,Y,4,0,1,2,A,-,01,23152,A,F,D,C,A,A,H,-,A,A,0,,,,,Y,,A,01,0,0,1,0,0,0,0,0,0,"- ","- ",37.970100402832031,-121.27799224853516,"SAN JOAQUIN",STOCKTON,-121.27820587158203,37.970180511474609
84637169,2025,2025-04-04,3905,2025-02-07,2320,3154,,5,5,6,3905,0,0,0,,0,,"WAGNER HEIGHTS RD","DON AV",26.00,E,N,A,-,N,,,,,,,,,,N,4,0,1,2,A,-,00,23103,A,F,A,C,A,A,H,-,C,A,0,,,,,Y,,A,01,0,0,1,0,0,0,0,0,0,"- ","- ",38.033668518066406,-121.34622955322266,"SAN JOAQUIN",STOCKTON,-121.34593963623047,38.033878326416016
84638489,2025,2025-04-07,3903,2025-03-08,1127,5546,,6,5,4,3903,0,0,0,,0,,"CENTER ST","CHERRY LN",0.00,,Y,A,-,N,,,,,,,,,,Y,3,0,2,2,A,-,08,22107,,N,B,C,A,A,H,-,A,D,0,,,,,Y,,A,01,0,1,1,0,0,0,0,0,0,"- ","- ",,,"SAN JOAQUIN",MANTECA,-121.23107147216797,37.799163818359375
84638840,2025,2025-04-07,3905,2025-02-25,1559,7164,,2,5,6,3905,0,0,0,,0,,"AMERICAN ST","SIXTH ST",0.00,,Y,A,-,N,,,,,,,,,,Y,4,0,1,2,A,-,12,22450,A,F,D,C,A,A,H,-,A,A,0,,,,,Y,,A,07,0,0,1,0,0,0,0,0,0,"- ","- ",37.932441711425781,-121.27767944335938,"SAN JOAQUIN",STOCKTON,-121.27748870849609,37.932498931884766
84638878,2025,2025-04-07,3905,2025-03-01,1811,2566,,6,5,6,3905,0,0,0,,0,,"ALPINE AV","ALVARADO AV",2.00,E,N,A,-,N,,,,,,,,,,N,4,0,2,2,A,-,01,23152,A,N,C,C,A,A,H,-,C,A,0,,,,,Y,Y,A,01,0,0,2,0,0,0,0,0,0,"- ","- ",37.982749938964844,-121.28896331787109,"SAN JOAQUIN",STOCKTON,-121.28925323486328,37.982749938964844
84638888,2025,2025-04-07,3905,2025-03-05,1517,7273,,3,5,6,3905,0,0,0,,0,,"FREMONT ST","BROADWAY AV",75.00,E,N,B,C,N,,,,,,,,,,N,3,0,1,2,A,-,03,22350,,F,H,G,A,B,H,-,A,A,0,,Y,,,Y,,D,22,0,1,0,0,0,0,1,0,0,"- ","- ",37.968360900878906,-121.24881744384766,"SAN JOAQUIN",STOCKTON,-121.24883270263672,37.968708038330078
84638998,2025,2025-04-07,3906,2025-03-23,1816,1707,,7,5,5,3906,0,0,0,,0,004,"LINCOLN BLVD","DUNCAN DR",20.00,E,N,A,-,N,,,,,,,,,,Y,3,0,1,2,A,-,09,21801,A,N,D,C,A,A,H,-,A,A,0,,,,,Y,,D,22,0,1,0,0,0,0,0,0,0,"- ","- ",37.752948760986328,-121.44361114501953,"SAN JOAQUIN",TRACY,-121.44351959228516,37.752941131591797
84642294,2025,2025-04-11,3906,2025-03-14,2254,1744,,5,5,5,3906,0,0,0,,0,005,"MACARTHUR DR","STONEBRIDGE DR",2272.00,N,N,A,-,N,,,,,,,,,,N,3,0,1,1,A,-,03,22350,,N,E,I,A,A,H,-,E,D,0,,,,,Y,Y,A,01,0,1,0,0,0,0,0,0,0,"- ","- ",37.742061614990234,-121.41075134277344,"SAN JOAQUIN",TRACY,-121.40967559814453,37.748146057128906
84645767,2025,2025-04-11,3905,2025-03-06,"800 ",7035,,4,5,6,3905,0,0,0,,0,,"PERSHING AV","MARCH LN",210.00,S,N,A,-,N,,,,,,,,,,Y,4,0,1,3,A,-,03,22350,,N,C,C,A,A,H,-,A,D,0,,,,,Y,,A,01,0,0,1,0,0,0,0,0,0,"- ","- ",37.989238739013672,-121.32156372070312,"SAN JOAQUIN",STOCKTON,-121.32173919677734,37.988544464111328
84647101,2025,2025-04-14,3903,2025-03-21,1220,3768,,5,5,4,3903,0,0,0,,0,,"MAIN ST","NORTH ST",243.00,S,N,A,-,N,,,,,,,,,,N,4,0,1,3,A,-,03,22350,,N,C,D,A,A,H,-,A,D,0,,,,Y,Y,,F,26,0,0,1,0,0,0,0,0,0,"- ","- ",37.800941467285156,-121.21669006347656,"SAN JOAQUIN",MANTECA,-121.21660614013672,37.800342559814453
84647400,2024,2025-04-14,3905,2024-09-01,"440 ",2785,,7,5,6,3905,0,0,0,,0,,"WEST LN","EL PINAL DR",421.00,N,N,A,-,N,,,,,,,,,,N,1,1,0,2,A,-,11,21954,A,F,G,B,D,A,H,-,C,D,0,Y,,,,Y,,N,60,0,0,0,1,0,0,0,0,0,"- ","- ",37.977878570556641,-121.28098297119141,"SAN JOAQUIN",STOCKTON,-121.28144836425781,37.978973388671875
84647692,2025,2025-04-14,3905,2025-02-18,"515 ",3217,,2,5,6,3905,0,0,0,,0,,"S 99 FRONTAGE RD","ARCH RD",1351.00,S,N,A,-,N,,,,,,,,,,N,2,0,1,2,A,-,11,21954,A,F,G,B,D,A,H,-,B,D,0,Y,,,,Y,,N,60,1,0,0,0,1,0,0,0,0,"- ","- ",,,"SAN JOAQUIN",STOCKTON,-121.22064208984375,37.905170440673828
84647736,2025,2025-04-14,3905,2025-03-11,1000,7273,,2,5,6,3905,0,0,0,,0,,"FREMONT ST","EASTLAND DR",409.00,E,N,A,-,N,,,,,,,,,,N,3,0,1,2,A,-,05,21650,1,F,A,G,A,A,H,-,A,B,0,,Y,,,Y,,L,04,0,1,0,0,0,0,1,0,0,"- ","- ",37.961048126220703,-121.26986694335938,"SAN JOAQUIN",STOCKTON,-121.26861572265625,37.961414337158203
84649333,2025,2025-04-15,3905,2025-03-02,1558,3011,,7,5,6,3905,0,0,0,,0,,"WEST LN","SWAIN RD",1047.00,N,N,A,-,N,,,,,,,,,,Y,4,0,2,1,A,-,03,22350,,N,E,I,A,A,H,-,A,D,0,,,,,Y,,A,01,0,0,2,0,0,0,0,0,0,"- ","- ",38.010890960693359,-121.29457855224609,"SAN JOAQUIN",STOCKTON,-121.29483795166016,38.013717651367188
84649378,2025,2025-04-15,3905,2025-03-08,1718,3409,,6,5,6,3905,0,0,0,,0,,"CENTER ST","MINER AV",69.00,N,N,A,-,N,,,,,,,,,,N,4,0,1,2,A,-,03,22350,,N,C,C,A,A,H,-,A,D,0,,,,,Y,,A,01,0,0,1,0,0,0,0,0,0,"- ","- ",37.955490112304688,-121.29187774658203,"SAN JOAQUIN",STOCKTON,-121.29196929931641,37.95562744140625
84649388,2025,2025-04-15,3905,2025-03-09,"633 ",7366,,7,5,6,3905,0,0,0,,0,,"MARCH LN","PERSHING AV",0.00,,Y,A,-,N,,,,,,,,,,Y,4,0,1,2,A,-,12,21453,A,N,D,C,A,A,H,-,C,A,0,,,,,Y,,A,07,0,0,1,0,0,0,0,0,0,"- ","- ",37.989238739013672,-121.32156372070312,"SAN JOAQUIN",STOCKTON,-121.32196807861328,37.989089965820312
84649399,2025,2025-04-15,3905,2025-03-10,1529,2566,,1,5,6,3905,0,0,0,,0,,"CALIFORNIA ST","MAPLE ST",92.00,N,N,A,-,N,,,,,,,,,,N,4,0,3,2,A,-,03,22350,,N,C,C,A,A,H,-,A,A,0,,,,,Y,,A,01,0,0,3,0,0,0,0,0,0,"- ","- ",37.969318389892578,-121.28865814208984,"SAN JOAQUIN",STOCKTON,-121.28892517089844,37.969558715820312
84649402,2025,2025-04-22,3905,2025-03-11,2155,3189,,2,5,6,3905,0,0,0,,0,,"DIAMOND OAKS ST","EIGHTH ST",0.00,,Y,A,-,N,,,,,,,,,,Y,4,0,1,1,A,-,01,23152,A,N,E,I,A,A,H,-,C,D,0,,,,,Y,Y,A,07,0,0,1,0,0,0,0,0,0,"- ","- ",37.926849365234375,-121.31687164306641,"SAN JOAQUIN",STOCKTON,-121.31653594970703,37.926647186279297
84649408,2025,2025-04-15,3905,2025-03-12,"839 ",7349,,3,5,6,3905,0,0,0,,0,,"OAK ST","STANISLAUS ST",0.00,,Y,A,-,N,,,,,,,,,,Y,4,0,1,2,A,-,09,21802,A,N,D,C,A,A,H,-,A,A,0,,,,,Y,,A,07,0,0,1,0,0,0,0,0,0,"- ","- ",37.959991455078125,-121.28350067138672,"SAN JOAQUIN",STOCKTON,-121.28358459472656,37.960048675537109
84649411,2025,2025-04-15,3905,2025-03-12,1926,7273,,3,5,6,3905,0,0,0,,0,,"MAIN ST","SULLIVAN AV",80.00,E,N,C,-,N,,,,,,,,,,Y,4,0,2,3,A,-,08,22103,,N,D,E,A,B,H,-,C,A,0,,,,,Y,,A,01,0,0,2,0,0,0,0,0,0,"- ","- ",37.95452880859375,-121.25052642822266,"SAN JOAQUIN",STOCKTON,-121.25028228759766,37.954765319824219
84651031,2025,2025-04-21,3906,2025-03-03,2334,1895,,1,5,5,3906,0,0,0,,0,006,"NAGLEE RD","PAVILION PKWY",183.00,W,N,A,-,N,,,,,,,,,,N,3,0,1,1,A,-,01,23152,A,N,E,I,A,A,H,-,C,A,0,,,,,Y,Y,A,01,0,1,0,0,0,0,0,0,0,"- ","- ",37.756141662597656,-121.46312713623047,"SAN JOAQUIN",TRACY,-121.46392822265625,37.756217956542969
8465163,2017,2017-11-28,3903,2017-09-28,1435,3879,MPD,4,5,4,3903,0,0,0,,0,,"CENTER ST","ELM AV",10.00,E,N,A,-,N,,,,,,,,,,N,3,0,1,2,A,-,11,21950,B,N,G,B,B,A,H,-,A,A,0,Y,,,,Y,,N,60,0,1,0,0,1,0,0,0,0,"- ","- ",37.799210000000002,-121.22284999999999,"SAN JOAQUIN",MANTECA,-121.22272538999999,37.79912951
84654506,2025,2025-04-18,3905,2025-03-16,"533 ",2463,,7,5,6,3905,0,0,0,,0,,"KELLEY DR","STANFIELD DR",127.00,N,N,A,-,N,,,,,,,,,,Y,3,0,1,2,A,-,03,22350,,N,C,E,A,A,A,-,C,D,0,,,,,Y,,A,01,0,1,0,0,0,0,0,0,0,"- ","- ",38.034011840820312,-121.36405181884766,"SAN JOAQUIN",STOCKTON,-121.36394500732422,38.034416198730469
84654515,2025,2025-04-21,3905,2025-03-17,1926,7164,,1,5,6,3905,0,0,0,,0,,"FRENCH CAMP RD","MCDOUGALD BL",110.00,E,N,C,-,N,,,,,,,,,,Y,3,0,2,2,A,-,08,22102,,N,D,C,A,B,H,-,C,A,0,,,,,Y,,A,01,0,1,1,0,0,0,0,0,0,"- ","- ",37.896621704101562,-121.29666137695312,"SAN JOAQUIN",STOCKTON,-121.29442596435547,37.897167205810547
84659138,2025,2025-04-23,3906,2025-04-10,"850 ",1956,,4,5,5,3906,0,0,0,,0,005,"TRACY BLVD","EATON AVE",0.00,,Y,A,-,N,,,,,,,,,,N,4,0,1,2,A,-,12,21453,A,N,D,C,A,A,A,-,A,A,0,,,,,Y,,A,01,0,0,1,0,0,0,0,0,0,"- ","- ",37.743320465087891,-121.43502807617188,"SAN JOAQUIN",TRACY,-121.43498992919922,37.743309020996094
84663757,2025,2025-04-25,3905,2025-03-18,2120,3165,,2,5,6,3905,0,0,0,,0,,"ALPINE AV","WEST LN",24.00,W,N,A,-,N,,,,,,,,,,Y,4,0,2,2,A,-,01,23152,A,N,C,C,A,A,H,-,C,A,0,,,,,Y,Y,A,01,0,0,2,0,0,0,0,0,0,"- ","- ",37.983940124511719,-121.28349304199219,"SAN JOAQUIN",STOCKTON,-121.28398895263672,37.983943939208984
84670153,2025,2025-04-30,3924,2025-04-09,1518,1275,,3,5,2,3920,0,0,0,,0,00R,"RIVER ISLANDS PK","ROLL TIDE WY",150.00,E,-,A,-,N,,,,,,,,,,Y,3,0,1,1,C,-,18,,,N,E,I,A,A,H,-,A,D,0,,,,,Y,,-,"- ",0,1,0,0,0,0,0,0,0,"- ","- ",,,"SAN JOAQUIN",LATHROP,,
84671031,2025,2025-05-12,3906,2025-04-10,1708,1921,,4,5,5,3906,0,0,0,,0,006,"HOLLY DR","PORTOLA WAY",0.00,,Y,A,-,N,,,,,,,,,,N,4,0,2,3,A,-,09,21804,A,N,A,C,A,A,H,-,A,A,0,,,,,Y,Y,A,01,0,0,2,0,0,0,0,0,0,"- ","- ",37.755668640136719,-121.42603302001953,"SAN JOAQUIN",TRACY,-121.42597961425781,37.755710601806641
84672273,2025,2025-05-01,3924,2025-04-01,1243,1304,,2,5,2,3920,0,0,0,,0,00C,"WEST YOSEMITE AV","BUSINESS PARK CIRC",0.00,,Y,C,-,N,,,,,,,,,,Y,3,0,1,2,A,-,03,22350,,N,C,C,A,B,H,-,A,A,0,,,,,Y,,I,11,0,1,0,0,0,0,0,0,0,"- ","- ",37.795059204101562,-121.27835083007812,"SAN JOAQUIN",LATHROP,-121.30600738525391,37.957237243652344
84673100,2024,2025-05-02,3924,2024-11-07,"750 ",1281,,4,5,2,3920,0,0,0,,0,00H,"HARLAN RD","SLATE ST",10.00,N,-,A,-,N,,,,,,,,,,N,3,0,2,3,A,-,10,21950,A,N,G,B,D,A,H,-,A,A,0,Y,,,,Y,,A,01,0,2,0,0,2,0,0,0,0,"- ","- ",37.840919494628906,-121.28500366210938,"SAN JOAQUIN",LATHROP,-121.28499603271484,37.840995788574219
84674281,2025,2025-05-05,3905,2025-03-25,1622,2566,,2,5,6,3905,0,0,0,,0,,"SWAIN RD","EL DORADO ST",125.00,E,N,A,-,N,,,,,,,,,,N,4,0,2,2,A,-,03,22350,,N,C,C,A,A,H,-,A,A,0,,,,,Y,,A,07,0,0,2,0,0,0,0,0,0,"- ","- ",38.007358551025391,-121.30901336669922,"SAN JOAQUIN",STOCKTON,-121.30856323242188,38.007251739501953
84674295,2025,2025-05-05,3905,2025-03-26,1852,3187,,3,5,6,3905,0,0,0,,0,,"WHISTLER WY","THORNTON RD",0.00,,Y,A,-,N,,,,,,,,,,N,4,0,1,2,A,-,12,21453,A,N,A,C,A,A,H,-,A,A,0,,,,,Y,,A,01,0,0,1,0,0,0,0,0,0,"- ","- ",38.049148559570312,-121.35102081298828,"SAN JOAQUIN",STOCKTON,-121.35096740722656,38.049282073974609
84679791,2025,2025-05-08,3905,2025-04-02,1619,7273,,3,5,6,3905,0,0,0,,0,,"PARK ST","BAKER ST",0.00,,Y,A,-,N,,,,,,,,,,Y,4,0,2,2,A,-,08,22100,B,N,D,C,A,A,H,-,A,A,0,,,,,Y,,A,01,0,0,2,0,0,0,0,0,0,"- ","- ",37.957790374755859,-121.30332946777344,"SAN JOAQUIN",STOCKTON,-121.30342102050781,37.957687377929688
84681312,2025,2025-05-09,3905,2025-04-07,1444,2463,,1,5,6,3905,0,0,0,,0,,"CLAY ST","LINCOLN ST",18.00,W,N,A,-,N,,,,,,,,,,Y,4,0,1,1,A,-,03,22350,,M,E,I,A,A,H,-,A,A,0,,,,,Y,,A,01,0,0,1,0,0,0,0,0,0,"- ","- ",37.938591003417969,-121.29422760009766,"SAN JOAQUIN",STOCKTON,-121.29415893554688,37.938522338867188
84681338,2025,2025-05-09,3905,2025-03-28,1145,7323,,5,5,6,3905,0,0,0,,0,,"WILSON WY","FREMONT ST",30.00,S,N,C,-,N,,,,,,,,,,N,4,0,1,3,A,-,03,22350,,N,C,C,A,B,H,-,A,A,0,,,,,Y,,A,01,0,0,1,0,0,0,0,0,0,"- ","- ",37.960678100585938,-121.27281188964844,"SAN JOAQUIN",STOCKTON,-121.27288818359375,37.960678100585938
84682624,2025,2025-05-12,3903,2025-04-17,"819 ",3615,,4,5,4,3903,0,0,0,,0,,"UNION RD","YOSEMITE AV",290.00,S,N,A,-,N,,,,,,,,,,N,4,0,1,2,A,-,09,21804,A,N,D,C,A,A,H,-,A,D,0,,,,,Y,Y,A,01,0,0,1,0,0,0,0,0,0,"- ","- ",37.797378540039062,-121.23489379882812,"SAN JOAQUIN",MANTECA,-121.23486328125,37.796615600585938
84684812,2025,2025-05-13,3903,2025-04-27,"214 ",6194,,7,5,4,3903,0,0,0,,0,002,"PINE ST","SHERIDAN AV",198.00,W,N,A,-,N,,,,,,,,,,Y,4,0,1,3,A,-,01,23152,A,N,A,E,A,A,H,-,C,D,0,,,,,Y,Y,A,01,0,0,1,0,0,0,0,0,0,"- ","- ",37.799579620361328,-121.20623016357422,"SAN JOAQUIN",MANTECA,-121.20692443847656,37.799545288085938
84688306,2025,2025-05-15,3905,2025-04-11,1659,3115,,5,5,6,3905,0,0,0,,0,,"BIANCHI RD","DORSET ST",38.00,E,N,A,-,N,,,,,,,,,,Y,4,0,2,2,A,-,01,23152,B,N,C,C,A,A,H,-,A,D,0,,,,,Y,Y,A,01,0,0,2,0,0,0,0,0,0,"- ","- ",37.994380950927734,-121.29769134521484,"SAN JOAQUIN",STOCKTON,-121.29805755615234,37.994426727294922
84691205,2025,2025-05-19,3905,2025-04-11,1130,7273,,5,5,6,3905,0,0,0,,0,,"WEST LN","KLINGER RD",132.00,N,N,A,B,N,,,,,,,,,,Y,3,0,2,2,A,-,09,21804,A,N,D,C,A,A,H,-,A,A,0,,,Y,,Y,,A,01,0,1,1,0,0,0,0,0,1,"- ","- ",37.976970672607422,-121.28202819824219,"SAN JOAQUIN",STOCKTON,-121.28136444091797,37.977947235107422