CASE_ID,ACCIDENT_YEAR,PROC_DATE,JURIS,COLLISION_DATE,COLLISION_TIME,OFFICER_ID,REPORTING_DISTRICT,DAY_OF_WEEK,CHP_SHIFT,POPULATION,CNTY_CITY_LOC,SPECIAL_COND,BEAT_TYPE,CHP_BEAT_TYPE,CITY_DIVISION_LAPD,CHP_BEAT_CLASS,BEAT_NUMBER,PRIMARY_RD,SECONDARY_RD,DISTANCE,DIRECTION,INTERSECTION,WEATHER_1,WEATHER_2,STATE_HWY_IND,CALTRANS_COUNTY,CALTRANS_DISTRICT,STATE_ROUTE,ROUTE_SUFFIX,POSTMILE_PREFIX,POSTMILE,LOCATION_TYPE,RAMP_INTERSECTION,SIDE_OF_HWY,TOW_AWAY,COLLISION_SEVERITY,NUMBER_KILLED,NUMBER_INJURED,PARTY_COUNT,PRIMARY_COLL_FACTOR,PCF_CODE_OF_VIOL,PCF_VIOL_CATEGORY,PCF_VIOLATION,PCF_VIOL_SUBSECTION,HIT_AND_RUN,TYPE_OF_COLLISION,MVIW,PED_ACTION,ROAD_SURFACE,ROAD_COND_1,ROAD_COND_2,LIGHTING,CONTROL_DEVICE,CHP_ROAD_TYPE,PEDESTRIAN_ACCIDENT,BICYCLE_ACCIDENT,MOTORCYCLE_ACCIDENT,TRUCK_ACCIDENT,NOT_PRIVATE_PROPERTY,ALCOHOL_INVOLVED,STWD_VEHTYPE_AT_FAULT,CHP_VEHTYPE_AT_FAULT,COUNT_SEVERE_INJ,COUNT_VISIBLE_INJ,COUNT_COMPLAINT_PAIN,COUNT_PED_KILLED,COUNT_PED_INJURED,COUNT_BICYCLIST_KILLED,COUNT_BICYCLIST_INJURED,COUNT_MC_KILLED,COUNT_MC_INJURED,PRIMARY_RAMP,SECONDARY_RAMP,LATITUDE,LONGITUDE,COUNTY,CITY,POINT_X,POINT_Y
9014677,2019,2020-01-06,3903,2019-10-17,1323,3768,,4,5,4,3903,0,0,0,,0,,"ALAMEDA ST","LINCOLN AV",0.00,,Y,A,-,N,,,,,,,,,,N,4,0,1,2,A,-,12,22450,A,N,A,D,A,A,H,-,A,A,0,,,,,Y,,A,07,0,0,1,0,0,0,0,0,0,"- ","- ",37.804721832275391,-121.21407318115234,"SAN JOAQUIN",MANTECA,-121.21402740478516,37.804679870605469
9014697,2019,2020-01-06,3903,2019-10-20,1830,5014,,7,5,4,3903,0,0,0,,0,,"EAST LOUISE AV","GARDEN GATE DR",0.00,,Y,A,-,N,,,,,,,,,,Y,3,0,1,2,A,-,09,21802,A,N,D,C,A,A,H,-,A,A,0,,,,,Y,Y,A,01,0,1,0,0,0,0,0,0,0,"- ","- ",,,"SAN JOAQUIN",MANTECA,-121.21205139160156,37.81195068359375
9014714,2019,2019-12-26,3903,2019-11-16,0858,1741,,6,5,4,3903,0,0,0,,0,,"NORTHGATE DR","EASTWOOD AV",138.00,W,N,A,-,N,,,,,,,,,,Y,4,0,1,3,A,-,09,21804,A,N,D,E,A,A,H,-,A,A,0,,,,,Y,,A,01,0,0,1,0,0,0,0,0,0,"- ","- ",37.818939208984375,-121.22279357910156,"SAN JOAQUIN",MANTECA,-121.22299957275391,37.819049835205078
9014721,2019,2020-01-10,3903,2019-10-29,1243,3540,,2,5,4,3903,0,0,0,,0,,"AIRPORT WY","CROM ST",850.00,S,N,A,-,N,,,,,,,,,,Y,3,0,1,4,A,-,03,22350,,N,C,C,A,A,G,H,A,D,0,,,,,Y,Y,A,01,0,1,0,0,0,0,0,0,0,"- ","- ",,,"SAN JOAQUIN",MANTECA,-121.25248718261719,37.802398681640625
90147836,2016,2016-03-30,9266,2016-03-24,0400,018217,,4,3,9,3900,0,1,1,,1,015,"I-205 W/B","EL RANCHO ROAD",3696.00,E,N,A,-,Y,,,,,,,,,,Y,4,0,1,1,A,-,08,22107,,N,F,A,A,A,H,-,D,D,0,,,,,Y,,A,07,0,0,1,0,0,0,0,0,0,"- ","- ",37.6496,-121.35899999999999,"SAN JOAQUIN",UNINCORPORATED,-121.35916295,37.765090000000001
90149650,2016,2016-04-04,9265,2016-01-18,1805,019178,,1,2,9,3900,0,3,5,,2,020,"MCKINLEY AVENUE","ASH STREET",1320.00,S,N,B,-,N,,,,,,,,,,N,1,1,1,3,A,-,11,21956,,F,G,B,E,A,H,-,D,D,0,Y,,,,Y,Y,N,60,0,1,0,1,1,0,0,0,0,"- ","- ",37.878419999999998,-121.27415000000001,"SAN JOAQUIN",UNINCORPORATED,-121.27415272,37.878609300000001
90150025,2016,2016-04-04,9265,2016-03-26,0138,#13193,,6,3,9,3900,0,1,1,,2,505,"I-5 N/B",SR-12,2112.00,S,N,A,-,Y,,,5,,,,,,N,Y,3,0,1,1,A,-,01,23152,A,N,E,I,A,A,H,-,C,D,0,,,,,Y,Y,A,01,0,1,0,0,0,0,0,0,0,"- ","- ",38.110590000000002,-121.39433,"SAN JOAQUIN",UNINCORPORATED,-121.39428191,38.11063326
90150564,2016,2016-04-05,9265,2016-03-11,1715,018836,,5,2,9,3900,0,3,5,,2,030,"I-5 S/B TO FRENCH CAMP RD","FRENCH CAMP RD",0.00,,Y,C,-,Y,,,5,,,,R,,S,Y,3,0,2,2,A,-,12,21453,A,N,D,C,A,B,H,-,A,A,0,,,,,Y,,D,22,0,1,1,0,0,0,0,0,0,"- ","- ",37.897109999999998,-121.28561999999999,"SAN JOAQUIN",UNINCORPORATED,-121.28561999999999,37.897109999999998
90150741,2016,2016-04-11,9265,2016-03-21,1223,019413,,1,1,9,3900,0,3,5,,2,010,"SR-120 E/B","HAZELHURST RD",100.00,E,N,B,-,Y,,,120,,,,,,E,Y,3,0,5,3,A,-,03,22350,,N,C,C,A,A,H,-,A,D,0,,,,,Y,,A,01,0,3,2,0,0,0,0,0,0,"- ","- ",37.798430000000003,-121.06531,"SAN JOAQUIN",UNINCORPORATED,-121.0653087,37.798310239999999
90150839,2016,2016-04-05,9265,2016-03-20,0559,018289,,7,3,9,3900,0,2,4,,1,072,"WEST LANE","MORADA LANE",3678.00,N,N,A,-,N,,,,,,,,,,Y,3,0,1,1,A,-,08,22107,,N,F,A,A,A,H,-,D,D,0,,,,,Y,,A,07,0,1,0,0,0,0,0,0,0,"- ","- ",38.046900000000001,-121.2953,"SAN JOAQUIN",UNINCORPORATED,-121.29556574999999,38.046962460000003
90151141,2016,2016-04-05,9265,2016-03-25,1650,015490,,5,2,9,3900,0,1,3,,2,004,"SR-99 S/B","MORADA LN.",1584.00,N,N,A,-,Y,,,99,,,,,,S,N,4,0,1,2,A,-,03,22350,,M,C,C,A,A,H,-,A,D,0,,,,,Y,,A,01,0,0,1,0,0,0,0,0,0,"- ","- ",38.043990000000001,-121.25861,"SAN JOAQUIN",UNINCORPORATED,-121.25865145,38.043987569999999
90151146,2016,2016-04-05,9265,2016-03-24,1342,016639,,4,1,9,3900,0,1,1,,2,502,"I-5 N/B","ROTH RD",500.00,S,N,A,-,Y,,,5,,,,,,N,N,4,0,1,2,A,-,03,22350,,N,C,C,A,A,H,-,A,D,0,,,,,Y,,A,01,0,0,1,0,0,0,0,0,0,"- ","- ",37.851669999999999,-121.28292999999999,"SAN JOAQUIN",UNINCORPORATED,-121.28287355000001,37.851656089999999
9015134,2019,2020-02-07,3906,2019-12-24,1125,1092,,2,5,5,3906,0,0,0,,0,007,"IRON HORSE PKWY","PROMOTORY PKWY",60.00,S,N,B,-,N,,,,,,,,,,N,4,0,1,2,A,-,08,22107,,N,-,C,A,A,H,-,A,A,0,,,,Y,Y,,A,01,0,0,1,0,0,0,0,0,0,"- ","- ",,,"SAN JOAQUIN",TRACY,,
9015142,2019,2020-02-15,3906,2019-12-21,1021,1092,,6,5,5,3906,0,0,0,,0,001,"MACARTHUR DR","6TH ST",12.00,S,N,B,-,N,,,,,,,,,,Y,3,0,1,2,A,-,09,21802,A,N,F,I,A,A,H,-,A,D,0,,,Y,,Y,,D,22,0,1,0,0,0,0,0,0,1,"- ","- ",,,"SAN JOAQUIN",TRACY,-121.41656494140625,37.737358093261719
90152178,2016,2016-04-06,9265,2016-03-31,2200,013465,,4,3,9,3900,0,3,5,,2,010,"FUNCK RD","WAVERLY RD",5808.00,W,N,A,-,N,,,,,,,,,,Y,4,0,1,1,A,-,03,22350,,N,E,I,A,A,H,-,D,A,0,,,,,Y,,A,01,0,0,1,0,0,0,0,0,0,"- ","- ",37.564050000000002,-120.57588,"SAN JOAQUIN",UNINCORPORATED,-120.96491005999999,37.944768189999998
90153042,2016,2016-04-07,9265,2016-03-25,2220,019336,,5,3,9,3900,0,1,3,,2,003,"SR-99 S/B",SR-4,1584.00,S,N,A,-,Y,,,99,,,,,,S,Y,4,0,2,2,A,-,03,22350,,M,C,C,A,A,H,-,D,D,0,,,,,Y,,-,99,0,0,2,0,0,0,0,0,0,"- ","- ",37.95664,-121.24023,"SAN JOAQUIN",UNINCORPORATED,-121.24025967,37.956628350000003
90155730,2016,2016-04-12,9265,2016-04-08,1238,017286,,5,1,9,3900,0,2,4,,1,052,"CHEROKEE RD","CHERRYLAND AVE",0.00,,Y,A,-,N,,,,,,,,,,Y,4,0,1,2,A,-,08,22107,,N,E,I,A,A,H,-,A,D,0,,,,,Y,,A,07,0,0,1,0,0,0,0,0,0,"- ","- ",37.998719999999999,-121.24594,"SAN JOAQUIN",UNINCORPORATED,-121.24608997999999,37.998899950000002
90155956,2016,2016-04-12,9265,2016-03-22,0900,019193,,2,1,2,3920,0,1,1,,2,502,"I-5 S/B","LOUISE AVE",20.00,N,N,A,-,Y,,,5,,,,,,S,Y,4,0,1,2,A,-,07,21658,A,N,B,C,A,A,H,-,A,D,0,,,,,Y,,A,08,0,0,1,0,0,0,0,0,0,"- ","- ",37.811889999999998,-121.29576,"SAN JOAQUIN",LATHROP,-121.29577363999999,37.811894930000001
90156702,2016,2016-04-13,9265,2016-03-25,1130,018452,,5,1,6,3905,0,1,1,,2,504,"I-5 S/B FROM MARCH LN.","MARCH LN",1056.00,S,N,A,-,Y,,,5,,,,R,,S,Y,4,0,2,2,A,-,03,22350,,N,C,C,A,A,D,-,A,D,0,,,,,Y,,A,01,0,0,2,0,0,0,0,0,0,"- ","- ",37.980899999999998,-121.34220000000001,"SAN JOAQUIN",STOCKTON,-121.34220000000001,37.980899999999998
90157129,2016,2016-04-13,9265,2016-04-11,1118,018047,,1,1,4,3903,0,2,4,,1,024,"AIRPORT WAY","DIVISION RD",1584.00,S,N,A,-,N,,,,,,,,,,Y,4,0,2,2,A,-,08,22107,,N,D,C,A,A,H,-,A,A,0,,,Y,,Y,,-,99,0,0,2,0,0,0,0,0,2,"- ","- ",37.684649999999998,-121.25254,"SAN JOAQUIN",MANTECA,-121.25262726,37.684615620000002
90158227,2016,2016-04-14,9266,2016-04-13,0415,013866,,3,3,9,3900,0,2,4,,1,016,"GRANT LINE ROAD","BIRD ROAD",0.00,,Y,A,-,N,,,,,,,,,,N,4,0,1,2,A,-,03,22350,,N,C,C,A,A,H,-,A,D,0,,,,,Y,,A,01,0,0,1,0,0,0,0,0,0,"- ","- ",37.754219999999997,-121.36178,"SAN JOAQUIN",UNINCORPORATED,-121.36183997000001,37.754319950000003
90158491,2016,2016-04-15,9265,2016-03-11,0250,019136,,5,3,6,3905,0,1,3,,2,003,"SR-99 S/B","ARCH RD",77.00,N,N,B,-,Y,,,,,,,,,,Y,4,0,1,1,A,-,08,22107,,N,E,I,A,A,H,-,C,D,0,,,,,Y,,A,07,0,0,1,0,0,0,0,0,0,"- ","- ",37.541840000000001,-121.13227999999999,"SAN JOAQUIN",STOCKTON,-121.22307364,37.90500274
9016046,2019,2020-06-17,3905,2019-12-02,1517,2576,PAR,1,5,6,3905,0,0,0,,0,,"FREMONT ST","SIERRA NEVADA ST",89.00,E,N,A,-,N,,,,,,,,,,N,4,0,1,2,A,-,03,22350,,F,C,C,A,A,H,-,A,D,0,,,,,Y,Y,A,01,0,0,1,0,0,0,0,0,0,"- ","- ",37.959918975830078,-121.27532196044922,"SAN JOAQUIN",STOCKTON,-121.27392578125,37.960613250732422
90160563,2016,2016-04-19,9266,2016-04-16,0240,018751,9266,6,3,5,3906,0,1,1,,2,014,"I-205 E/B","TRACY BLVD",775.00,W,N,A,-,Y,,,205,,,,,,E,Y,4,0,2,1,A,-,08,22107,,N,E,I,A,A,H,-,C,D,0,,,,,Y,,A,01,0,0,2,0,0,0,0,0,0,"- ","- ",37.762410000000003,-121.44013,"SAN JOAQUIN",TRACY,-121.44015774,37.762606509999998
90160845,2016,2016-04-19,9265,2016-04-11,2130,019246,,1,2,9,3900,0,1,3,,2,001,"SR-99 S/B TO LATHROP RD","LATHROP RD",450.00,N,N,A,-,Y,,,,,,,,,,Y,3,0,1,1,A,-,08,22107,,N,E,I,A,A,H,-,D,D,0,,,,,Y,,A,01,0,1,0,0,0,0,0,0,0,"- ","- ",37.494309999999999,-121.13323,"SAN JOAQUIN",UNINCORPORATED,,
9016202,2019,2020-07-03,3905,2019-11-21,1315,3410,LAK,4,5,6,3905,0,0,0,,0,,"MARCH LN","RT 15",10.00,E,N,A,-,Y,SJ,10,5,-,-,30.141,R,4,N,,4,0,1,2,A,-,03,22350,,F,C,C,A,A,H,-,A,A,0,,,,,Y,,-,,0,0,1,0,0,0,0,0,0,"- ",NO,37.984451293945312,-121.34351348876953,"SAN JOAQUIN",STOCKTON,-121.34403228759766,37.986515045166016
90162075,2016,2016-04-20,9265,2016-04-16,1405,013515,,6,2,9,3900,0,3,5,,2,060,"JAHANT ROAD","DUSTIN ROAD",528.00,W,N,A,-,N,,,,,,,,,,N,4,0,1,2,A,-,03,22350,,N,C,C,A,A,H,-,A,D,0,,,,,Y,,D,22,0,0,1,0,0,0,0,0,0,"- ","- ",38.203769999999999,-121.22991,"SAN JOAQUIN",UNINCORPORATED,-121.22786701,38.203843990000003
90164365,2016,2016-06-20,9266,2016-04-21,0740,013866,,4,1,5,3906,0,3,5,,2,001,"I-205 W/B","GRANT LINE ROAD",300.00,W,N,A,-,Y,,,205,,,,,,W,Y,3,0,1,3,A,-,07,21658,A,N,B,C,A,A,H,-,A,D,0,,,Y,,Y,,A,01,0,1,0,0,0,0,0,0,1,"- ","- ",37.752890000000001,-121.46631000000001,"SAN JOAQUIN",TRACY,-121.46634793,37.752982420000002
90166493,2016,2016-04-27,9265,2016-04-20,0155,018511,,3,3,9,3900,0,1,3,,1,061,SR-26,"ALPINE RD",528.00,W,N,A,-,Y,,,26,,,,,,,Y,2,0,1,1,A,-,01,23152,A,N,E,J,A,A,H,-,D,D,0,,,,,Y,Y,A,01,1,0,0,0,0,0,0,0,0,"- ","- ",37.984949999999998,-121.19834,"SAN JOAQUIN",UNINCORPORATED,-121.19834052,37.984950599999998
9016797,2020,2020-02-25,3905,2020-01-16,1321,7035,BEA,4,5,6,3905,0,0,0,,0,,"HAMMER LN","KELLEY DR",260.00,W,N,B,-,N,,,,,,,,,,N,4,0,1,2,A,-,07,21658,A,N,D,C,A,B,H,-,A,D,0,,,,,Y,,A,01,0,0,1,0,0,0,0,0,0,"- ","- ",38.021228790283203,-121.0565185546875,"SAN JOAQUIN",STOCKTON,-121.3570556640625,38.021274566650391
90170779,2016,2016-05-02,9266,2016-04-23,1815,017920,,6,2,9,3900,0,1,1,,2,021,"I-580 E/B TO SR-132 E/B","CHRISMAN ROAD",975.00,W,N,A,-,Y,,,580,,,,R,,E,Y,3,0,1,1,A,-,01,23152,,N,E,I,A,A,H,-,A,D,0,,,,,Y,Y,A,07,0,1,0,0,0,0,0,0,0,"- ","- ",37.638599999999997,-121.40061,"SAN JOAQUIN",UNINCORPORATED,-121.40061,37.638599999999997
90173079,2016,2016-05-04,9265,2016-04-27,1355,013539,,3,1,9,3900,0,3,5,,2,030,"EL DORADO STREET","ARCH AIRPORT ROAD",132.00,N,N,C,-,N,,,,,,,,,,Y,4,0,1,1,A,-,08,22107,,N,E,I,A,B,H,-,A,D,0,,,,,Y,,A,01,0,0,1,0,0,0,0,0,0,"- ","- ",37.533700000000003,-121.1653,"SAN JOAQUIN",UNINCORPORATED,-121.27586936,37.895711599999998
90173915,2016,2016-05-05,9265,2016-05-04,0730,018590,,3,1,9,3900,0,1,3,,1,092,SR-12,"SACRAMENTO COUNTY LINE",3960.00,E,N,B,-,Y,,,12,,,,,,,Y,4,0,1,2,A,-,04,21703,,N,C,C,A,A,D,-,A,D,0,,,,,Y,,A,01,0,0,1,0,0,0,0,0,0,"- ","- ",38.120959999999997,-121.56891,"SAN JOAQUIN",UNINCORPORATED,-121.5688576,38.12108027
90174032,2016,2016-05-06,9265,2016-03-27,0942,019795,,7,1,9,3900,0,2,4,,1,093,"THORNTON ROAD","BEAVER SLOUGH",1105.00,S,N,A,-,N,,,,,,,,,,Y,1,1,0,1,A,-,01,23152,A,N,E,I,A,A,H,-,A,D,0,,,,,Y,Y,A,07,0,0,0,0,0,0,0,0,0,"- ","- ",38.200940000000003,-121.40922999999999,"SAN JOAQUIN",UNINCORPORATED,-121.40934,38.200924000000001
90174369,2016,2016-05-06,9265,2016-04-29,1315,015604,,5,1,4,3903,0,1,3,,2,025,"SR-120 E/B",SR-99,1056.00,W,N,A,-,Y,,,120,,,,,,E,Y,4,0,1,2,A,-,03,22350,,N,C,C,A,A,H,-,A,D,0,,,,,Y,,A,07,0,0,1,0,0,0,0,0,0,"- ","- ",37.783110000000001,-121.19409,"SAN JOAQUIN",MANTECA,-121.19409183,37.783200829999998
90174391,2016,2016-05-06,9266,2016-04-28,0430,018711,,4,3,9,3900,0,2,4,,1,023,"BIRD ROAD","11TH ST",8448.00,S,N,A,-,N,,,,,,,,,,Y,4,0,1,1,A,-,08,22107,,N,B,I,A,A,H,-,D,A,0,,,,,Y,,D,22,0,0,1,0,0,0,0,0,0,"- ","- ",,,"SAN JOAQUIN",UNINCORPORATED,-121.36167067,37.722737700000003
90174395,2016,2016-05-06,9266,2016-04-29,1140,015432,,5,1,9,3900,0,1,1,,2,014,"I-205 E/B","11TH ST. O/C",720.00,E,N,A,-,Y,,,205,,,,,,E,Y,3,0,1,1,A,-,07,21658,A,N,F,I,A,A,H,-,A,D,0,,,,,Y,,D,22,0,1,0,0,0,0,0,0,0,"- ","- ",37.741950000000003,-121.49233,"SAN JOAQUIN",UNINCORPORATED,-121.49234509,37.741986859999997
90176218,2016,2016-05-26,9265,2016-04-29,1345,013444,,5,1,9,3900,0,3,5,,2,060,"CLEMENTS ROAD","BRANDT RD",2640.00,N,N,A,-,N,,,,,,,,,,Y,2,0,1,1,A,-,08,22107,,N,E,I,A,A,H,-,A,D,0,,,,,Y,,A,07,1,0,0,0,0,0,0,0,0,"- ","- ",38.154240000000001,-121.07781,"SAN JOAQUIN",UNINCORPORATED,-121.07789694,38.15526929
9017735,2019,2020-02-12,3903,2019-12-06,1732,3951,,5,5,4,3903,0,0,0,,0,,"YOSEMITE AV","UNION RD",0.00,,Y,A,-,N,,,,,,,,,,N,4,0,1,3,A,-,04,21703,,N,C,C,A,A,H,-,C,A,0,,,,,Y,,A,01,0,0,1,0,0,0,0,0,0,"- ","- ",37.797210693359375,-121.23503112792969,"SAN JOAQUIN",MANTECA,-121.23490905761719,37.797409057617188
9017739,2019,2020-02-11,3903,2019-12-12,1452,3213,,4,5,4,3903,0,0,0,,0,,"UNION RD","DANIELS ST",0.00,,Y,B,C,N,,,,,,,,,,N,3,0,2,2,A,-,09,21801,A,N,D,C,A,A,H,-,A,D,0,,,,,Y,,A,01,0,1,1,0,0,0,0,0,0,"- ","- ",37.785629272460938,-121.23422241210938,"SAN JOAQUIN",MANTECA,-121.23417663574219,37.785800933837891
90181167,2016,2016-05-17,9265,2016-05-05,1530,015604,,4,2,4,3903,0,1,3,,2,025,"SR-120 E/B",SR-99,2640.00,W,N,B,-,Y,,,120,,,,,,E,Y,4,0,1,2,A,-,03,22350,,N,C,C,A,A,H,-,A,D,0,,,,,Y,,A,01,0,0,1,0,0,0,0,0,0,"- ","- ",37.783110000000001,-121.19409,"SAN JOAQUIN",MANTECA,-121.19409183,37.783200829999998
90181264,2016,2016-05-17,9265,2016-04-30,1315,013539,,6,1,9,3900,0,3,5,,2,030,"DOWNING AVE","ODELL AVE",0.00,,Y,A,-,N,,,,,,,,,,Y,3,0,1,2,A,-,09,21802,A,N,D,C,A,A,H,-,A,A,0,,,Y,,Y,,A,07,0,1,0,0,0,0,0,0,1,"- ","- ",37.545000000000002,-121.16549999999999,"SAN JOAQUIN",UNINCORPORATED,-121.28179995000001,37.914049929999997
90182116,2016,2016-05-18,9265,2016-05-06,0835,018452,,5,1,9,3900,0,2,4,,1,091,"LOWER SACRAMENTO RD","EIGHT MILE RD",3696.00,N,N,C,-,N,,,,,,,,,,Y,3,0,3,3,A,-,03,22350,,N,C,C,A,B,H,-,A,D,0,,,,,Y,,A,01,0,1,2,0,0,0,0,0,0,"- ","- ",38.068399999999997,-121.3104,"SAN JOAQUIN",UNINCORPORATED,-121.31058,38.057609999999997
90183629,2016,2016-05-20,9265,2016-05-11,1255,013539,,3,1,9,3900,0,3,5,,2,030,"ODELL AVE","WAIT AVE",0.00,,Y,A,-,N,,,,,,,,,,Y,3,0,1,2,A,-,03,22350,,N,A,E,A,A,H,-,A,A,0,,,Y,,Y,,C,02,0,1,0,0,0,0,0,0,1,"- ","- ",37.545000000000002,-121.16549999999999,"SAN JOAQUIN",UNINCORPORATED,-121.28092999,37.911889950000003
90184618,2016,2016-05-23,9265,2016-05-10,1605,019413,,2,2,9,3900,0,2,4,,1,015,"ESCALON BELLOTA RD","LONE TREE RD",0.00,,Y,A,-,N,,,,,,,,,,Y,4,0,1,2,A,-,12,21453,A,N,D,C,A,A,H,-,A,A,0,,,,,Y,,A,07,0,0,1,0,0,0,0,0,0,"- ","- ",37.827640000000002,-120.99759,"SAN JOAQUIN",UNINCORPORATED,-120.9976099,37.8276799
90184639,2016,2016-05-23,9265,2016-05-10,0825,019906,,2,1,9,3900,0,1,3,,2,003,"SR-99 N/B","FREMONT ST",1230.00,S,N,A,-,Y,,,99,,,,,,N,Y,3,0,1,1,C,-,18,,,N,E,I,A,A,H,-,A,D,0,,,,,Y,,-,"- ",0,1,0,0,0,0,0,0,0,"- ","- ",37.966830000000002,-121.24419,"SAN JOAQUIN",UNINCORPORATED,-121.24425116,37.966794550000003
90184668,2016,2016-05-23,9265,2016-05-10,1940,019246,,2,2,9,3900,0,2,4,,1,023,"MANTECA RD","DIVISION RD",86.00,N,N,A,-,N,,,,,,,,,,Y,3,0,1,1,A,-,08,22107,,M,E,I,A,A,H,-,A,D,0,,,,,Y,Y,A,01,0,1,0,0,0,0,0,0,0,"- ","- ",37.41339,-121.12538000000001,"SAN JOAQUIN",UNINCORPORATED,-121.21689481,37.691579249999997
90186318,2016,2016-05-24,9265,2016-05-17,1655,019906,,2,2,9,3900,0,1,3,,2,003,"SR-99 N/B","ARCH RD",2640.00,N,N,A,-,Y,,,99,,,,,,N,N,4,0,1,2,A,-,03,22350,,N,C,C,A,A,H,-,A,D,0,,,,,Y,,A,01,0,0,1,0,0,0,0,0,0,"- ","- ",37.916290000000004,-121.22759000000001,"SAN JOAQUIN",UNINCORPORATED,-121.22743696000001,37.916350690000002
90186578,2016,2016-05-24,9265,2016-05-16,0540,019413,,1,3,9,3900,0,2,4,,1,012,"JACK TONE RD","LEROY AVE",197.00,N,N,A,-,Y,,,,,,,,,,Y,4,0,4,2,A,-,03,22350,,N,C,C,A,A,H,-,A,D,0,,,,,Y,,A,01,0,0,4,0,0,0,0,0,0,"- ","- ",37.790970000000002,-121.14306999999999,"SAN JOAQUIN",UNINCORPORATED,-121.14307767,37.790940990000003
9018815,2020,2020-03-17,3906,2020-01-14,1441,1092,,2,5,5,3906,0,0,0,,0,002,"RIVERBROOK CT","SAGE WOOD LN",150.00,S,N,A,-,N,,,,,,,,,,N,3,0,2,2,A,-,00,21720,,N,D,C,A,A,H,-,A,-,0,,,,,Y,,M,94,0,2,0,0,0,0,0,0,0,"- ","- ",,,"SAN JOAQUIN",TRACY,-121.43717956542969,37.699050903320312
90188372,2016,2016-05-26,9266,2016-05-13,0356,018751,9266,5,3,9,3900,0,2,4,,2,013,"BYRON ROAD","WICKLUND ROAD",570.00,N,N,A,-,N,,,,,,,,,,Y,3,0,1,2,A,-,01,23152,A,N,E,J,A,A,H,-,D,D,0,,,,,Y,Y,A,01,0,1,0,0,0,0,0,0,0,"- ","- ",37.77561,-121.5196,"SAN JOAQUIN",UNINCORPORATED,-121.51955009,37.77548504
9018888,2020,2020-03-11,3906,2020-01-10,0227,1138,,5,5,5,3906,0,0,0,,0,006,"KAVANAGH AV","ELSINORE DR",30.00,W,N,A,-,N,,,,,,,,,,Y,4,0,1,2,A,-,08,22107,,M,C,E,A,-,H,-,C,A,0,,,,,Y,,A,01,0,0,1,0,0,0,0,0,0,"- ","- ",,,"SAN JOAQUIN",TRACY,-121.42818450927734,37.757801055908203
90191395,2016,2016-05-31,9265,2016-05-17,0535,019178,,2,3,9,3900,0,3,5,,2,060,"PELTIER RD",SR-99,3640.00,E,N,A,-,N,,,,,,,,,,Y,2,0,1,2,A,-,03,22350,,N,C,C,A,A,H,-,B,D,0,,,,,Y,,D,22,1,0,0,0,0,0,0,0,0,"- ","- ",38.189050000000002,-121.24979999999999,"SAN JOAQUIN",UNINCORPORATED,-121.26282,38.189219999999999
90191587,2016,2016-05-31,9265,2016-05-18,2046,019795,,3,2,6,3905,0,1,1,,2,504,"I-5 S/B","BENJAMIN HOLT DR",165.00,N,N,A,-,Y,,,5,,,,,,S,Y,2,0,1,2,A,-,07,21658,A,N,B,C,A,A,D,-,C,D,0,,,,Y,Y,,-,"- ",1,0,0,0,0,0,0,0,0,"- ","- ",38.005339999999997,-121.3518,"SAN JOAQUIN",STOCKTON,-121.35181417,38.005334449999999
90191619,2016,2016-05-31,9265,2016-05-18,1820,018784,,3,2,9,3900,0,1,3,,1,062,SR-88,"KETTLEMAN LN",2640.00,E,N,A,-,Y,,,88,,,,,,,Y,4,0,2,2,A,-,03,22350,,N,C,C,A,A,H,-,A,D,0,,,,,Y,,A,01,0,0,2,0,0,0,0,0,0,"- ","- ",38.124679999999998,-121.16997000000001,"SAN JOAQUIN",UNINCORPORATED,-121.1700099,38.124700470000001
90191952,2016,2016-06-01,9265,2016-05-17,0750,016479,,2,1,9,3900,0,2,4,,1,093,"LIBERTY RD","LOWER SACRAMENTO RD",0.00,,Y,A,-,N,,,,,,,,,,Y,3,0,1,2,A,-,09,21802,A,N,D,C,A,A,H,-,A,D,0,,,,,Y,,A,01,0,1,0,0,0,0,0,0,0,"- ","- ",38.233499999999999,-121.2911,"SAN JOAQUIN",UNINCORPORATED,-121.29104988,38.233499950000002
90193719,2016,2016-06-02,9265,2016-05-23,0521,019413,,1,3,9,3900,0,3,5,,2,010,"RIVER ROAD","HARROLD AVE",0.00,,Y,A,-,N,,,,,,,,,,Y,4,0,1,2,A,-,09,21801,A,N,F,A,A,A,H,-,A,D,0,,,Y,,Y,,D,22,0,0,1,0,0,0,0,0,1,"- ","- ",37.762099999999997,-121.96843,"SAN JOAQUIN",UNINCORPORATED,-120.96843995,37.762089889999999
90194044,2016,2016-06-03,9265,2016-05-24,1635,016479,,2,2,9,3900,0,1,1,,2,505,"I-5 N/B","TURNER RD",309.00,N,N,A,-,Y,,,,,,,,,,Y,3,0,1,2,A,-,03,22350,,N,C,C,A,A,H,-,A,D,0,,,,,Y,,D,22,0,1,0,0,0,0,0,0,0,"- ","- ",38.1434,-121.3961,"SAN JOAQUIN",UNINCORPORATED,-121.39905118,38.146848599999998
90200080,2016,2016-06-13,9266,2016-06-02,0635,014808,,4,1,9,3900,0,1,1,,2,021,"I-580 W/B","BIRD RD O/C",2000.00,E,N,A,-,Y,,,580,,,,,,W,Y,3,0,1,1,A,-,08,22107,,N,E,I,A,A,H,-,A,A,0,,,,,Y,,D,22,0,1,0,0,0,0,0,0,0,"- ","- ",37.608020000000003,-121.35549,"SAN JOAQUIN",UNINCORPORATED,-121.35551029,37.607993610000001