CASE_ID,ACCIDENT_YEAR,PROC_DATE,JURIS,COLLISION_DATE,COLLISION_TIME,OFFICER_ID,REPORTING_DISTRICT,DAY_OF_WEEK,CHP_SHIFT,POPULATION,CNTY_CITY_LOC,SPECIAL_COND,BEAT_TYPE,CHP_BEAT_TYPE,CITY_DIVISION_LAPD,CHP_BEAT_CLASS,BEAT_NUMBER,PRIMARY_RD,SECONDARY_RD,DISTANCE,DIRECTION,INTERSECTION,WEATHER_1,WEATHER_2,STATE_HWY_IND,CALTRANS_COUNTY,CALTRANS_DISTRICT,STATE_ROUTE,ROUTE_SUFFIX,POSTMILE_PREFIX,POSTMILE,LOCATION_TYPE,RAMP_INTERSECTION,SIDE_OF_HWY,TOW_AWAY,COLLISION_SEVERITY,NUMBER_KILLED,NUMBER_INJURED,PARTY_COUNT,PRIMARY_COLL_FACTOR,PCF_CODE_OF_VIOL,PCF_VIOL_CATEGORY,PCF_VIOLATION,PCF_VIOL_SUBSECTION,HIT_AND_RUN,TYPE_OF_COLLISION,MVIW,PED_ACTION,ROAD_SURFACE,ROAD_COND_1,ROAD_COND_2,LIGHTING,CONTROL_DEVICE,CHP_ROAD_TYPE,PEDESTRIAN_ACCIDENT,BICYCLE_ACCIDENT,MOTORCYCLE_ACCIDENT,TRUCK_ACCIDENT,NOT_PRIVATE_PROPERTY,ALCOHOL_INVOLVED,STWD_VEHTYPE_AT_FAULT,CHP_VEHTYPE_AT_FAULT,COUNT_SEVERE_INJ,COUNT_VISIBLE_INJ,COUNT_COMPLAINT_PAIN,COUNT_PED_KILLED,COUNT_PED_INJURED,COUNT_BICYCLIST_KILLED,COUNT_BICYCLIST_INJURED,COUNT_MC_KILLED,COUNT_MC_INJURED,PRIMARY_RAMP,SECONDARY_RAMP,LATITUDE,LONGITUDE,COUNTY,CITY,POINT_X,POINT_Y
90434307,2017,2017-04-14,9265,2017-03-24,1440,17405,,5,2,4,3903,0,1,3,,2,025,"SR-120 E/B","MOFFAT BLVD.",585.00,W,N,B,-,Y,,,120,,,,,,E,N,4,0,1,3,A,-,03,22350,,N,C,C,A,B,H,-,A,D,0,,,,,Y,,D,22,0,0,1,0,0,0,0,0,0,"- ","- ",37.783279999999998,-121.19779,"SAN JOAQUIN",MANTECA,-121.19779011,37.783202029999998
90435619,2017,2017-04-17,9265,2017-03-28,0555,019657,,2,3,9,3900,0,3,5,,2,020,"LOVELACE RD","UNION RD",2540.00,W,N,A,-,N,,,,,,,,,,Y,3,0,1,2,A,-,09,21801,A,N,D,C,A,A,H,-,D,D,0,,,Y,,Y,,D,22,0,1,0,0,0,0,0,0,1,"- ","- ",37.848300000000002,-121.24587,"SAN JOAQUIN",UNINCORPORATED,-121.24568712,37.848275000000001
90435653,2017,2017-05-02,9265,2017-04-07,2320,019888,,5,3,4,3903,0,1,3,,2,001,"SR-99 N/B","COTTAGE AVE",160.00,S,N,B,-,Y,,,99,,,,,,N,Y,3,0,1,2,A,-,03,22350,,N,C,C,A,A,H,-,C,D,0,,,,Y,Y,,A,08,0,1,0,0,0,0,0,0,0,"- ","- ",37.806849999999997,-121.19814,"SAN JOAQUIN",MANTECA,-121.19815848,37.80682719
90438437,2017,2017-04-20,9265,2017-04-10,1005,019193,,1,1,9,3900,0,1,3,,1,062,SR-88,"2ND ST",0.00,,Y,A,-,Y,,,88,,,,,,,Y,2,0,1,2,A,-,01,23152,A,N,A,C,A,A,H,-,A,D,0,,,,,Y,Y,D,22,1,0,0,0,0,0,0,0,0,"- ","- ",38.190719999999999,-121.0885,"SAN JOAQUIN",UNINCORPORATED,-121.08848319000001,38.190662119999999
90439613,2017,2017-04-21,9266,2017-04-19,1830,018330,,3,2,9,3900,0,1,1,,2,014,"I-205 E/B","BYRON ROAD",500.00,W,N,A,-,Y,,,205,,,,,,E,N,4,0,2,2,A,-,03,22350,,N,C,C,A,A,H,-,A,D,0,,,,,Y,,A,08,0,0,2,0,0,0,0,0,0,"- ","- ",37.748220000000003,-121.4774,"SAN JOAQUIN",UNINCORPORATED,-121.47735937,37.748120739999997
90440791,2017,2017-04-24,9265,2017-04-18,0740,016479,,2,1,9,3900,0,1,3,,1,062,SR-88,"ELM ST",0.00,,Y,C,-,Y,,,88,,,,,,,Y,4,0,1,2,A,-,04,21703,,N,C,C,A,A,H,-,A,A,0,,,,,Y,,D,22,0,0,1,0,0,0,0,0,0,"- ","- ",38.164070000000002,-121.14917,"SAN JOAQUIN",UNINCORPORATED,-121.14918762000001,38.164094679999998
90441465,2017,2017-04-25,9265,2017-04-23,0438,019307,,7,3,9,3900,0,1,1,,2,503,"I-5 S/B","MICHIGAN AVE",540.00,N,N,A,-,Y,,,5,,,,,,S,Y,4,0,1,1,A,-,01,23152,A,N,E,I,A,A,H,-,D,D,0,,,,,Y,Y,A,01,0,0,1,0,0,0,0,0,0,"- ","- ",37.968760000000003,-121.33741999999999,"SAN JOAQUIN",UNINCORPORATED,-121.33738762999999,37.968772319999999
90442658,2017,2017-04-26,9266,2017-04-24,2225,019730,,1,3,9,3900,0,1,3,,1,011,SR-4,"MIDDLE RIVER BRIDGE",400.00,E,N,A,-,Y,,,4,,,,,,,Y,3,0,1,2,A,-,05,21460,A,N,A,C,A,A,H,-,D,D,0,,,,Y,Y,,A,01,0,1,0,0,0,0,0,0,0,"- ","- ",37.892800000000001,-121.4872,"SAN JOAQUIN",UNINCORPORATED,-121.48721129,37.892818490000003
90442985,2017,2017-04-27,9265,2017-04-17,0540,018047,,1,3,6,3905,0,1,1,,2,502,"I-5 S/B","MATHEWS RD",2640.00,N,N,B,C,Y,,,,,,,,,,Y,3,0,2,1,A,-,08,22107,,N,C,C,A,B,H,-,D,B,0,,,,,Y,,A,07,0,2,0,0,0,0,0,0,0,"- ","- ",37.8887,-121.28094,"SAN JOAQUIN",STOCKTON,,
90443072,2017,2017-04-27,9265,2017-04-17,1550,019657,,1,2,6,3905,0,1,1,,2,503,"I-5 S/B","PERSHING AVE",510.00,N,N,B,-,Y,,,5,,,,,,S,Y,3,0,3,2,A,-,07,21658,A,N,B,C,A,B,H,-,A,D,0,,,,Y,Y,,G,25,0,2,1,0,0,0,0,0,0,"- ","- ",37.95534,-121.31425,"SAN JOAQUIN",STOCKTON,-121.31424250000001,37.95536791
90443163,2017,2017-04-27,9265,2017-04-18,1052,019413,,2,1,6,3905,0,1,3,,2,003,"SR-99 S/B","ARCH RD",3010.00,S,N,A,-,Y,,,99,,,,,,S,Y,4,0,2,1,A,-,08,22107,,N,E,I,A,A,H,-,A,D,0,,,,,Y,,A,07,0,0,2,0,0,0,0,0,0,"- ","- ",37.898690000000002,-121.22056000000001,"SAN JOAQUIN",STOCKTON,-121.22066251,37.898669120000001
90446498,2017,2017-05-01,9265,2017-04-24,1830,019991,,1,2,9,3900,0,1,3,,2,004,"REDWOOD AVE","VAIL AVE",0.00,,Y,A,-,N,,,,,,,,,,Y,4,0,1,2,A,-,12,22450,A,N,D,C,A,A,H,-,A,A,0,,,,,Y,,-,98,0,0,1,0,0,0,0,0,0,"- ","- ",37.984999999999999,-121.26600999999999,"SAN JOAQUIN",UNINCORPORATED,-121.26567989999999,37.985349890000002
90446505,2017,2017-05-01,9265,2017-04-24,0305,019307,,1,3,9,3900,0,1,1,,2,502,"I-5 N/B","LOUISE AVE",5280.00,S,N,A,-,Y,,,,,,,,,,Y,4,0,1,1,A,-,08,22107,,N,E,I,A,A,H,-,D,D,0,,,,,Y,,A,01,0,0,1,0,0,0,0,0,0,"- ","- ",37.79983,-121.29942,"SAN JOAQUIN",UNINCORPORATED,-121.30026659000001,37.797849599999999
90448241,2017,2017-05-03,9265,2017-04-26,0225,018511,,3,3,5,3902,0,1,3,,2,006,"SR-99 S/B","SR-12 (VICTOR ROAD)",100.00,S,N,A,-,Y,,,99,,,,,,S,Y,3,0,1,1,A,-,01,23152,A,N,E,I,A,A,H,-,C,D,0,,,,,Y,Y,A,01,0,1,0,0,0,0,0,0,0,"- ","- ",38.136180000000003,-121.25771,"SAN JOAQUIN",LODI,-121.25765129,38.136182390000002
90448933,2017,2017-05-04,9265,2017-04-28,2342,019073,,5,3,9,3900,0,1,3,,2,004,"SR-99 S/B TO WATERLOO RD","WATERLOO RD",510.00,N,N,A,-,Y,,,99,,,,R,,S,Y,3,0,1,1,A,-,03,22350,,N,F,A,A,A,H,-,C,D,0,,,,,Y,Y,A,07,0,1,0,0,0,0,0,0,0,"- ","- ",37.984999999999999,-121.25081,"SAN JOAQUIN",UNINCORPORATED,-121.25081,37.984999999999999
90449305,2017,2017-05-04,9265,2017-05-03,1350,019128,,3,1,4,3903,0,1,3,,2,025,"SR-120 E/B","VAN RYN AVE.",367.00,E,N,A,-,Y,,,,,,,,,,Y,4,0,2,2,A,-,03,22350,,N,C,C,A,A,H,-,A,D,0,,,,,Y,,A,07,0,0,2,0,0,0,0,0,0,"- ","- ",37.470140000000001,-121.12702,"SAN JOAQUIN",MANTECA,-121.19934004,37.783199830000001
90451042,2017,2017-05-08,9266,2017-05-04,2215,018751,,4,3,9,3900,0,2,4,,2,028,"SCHULTE ROAD","CHRISMAN ROAD",40.00,W,N,A,-,N,,,,,,,,,,Y,4,0,1,3,A,-,03,22350,,N,C,C,A,A,H,-,D,D,0,,,,,Y,Y,A,07,0,0,1,0,0,0,0,0,0,"- ","- ",37.725119999999997,-121.39834,"SAN JOAQUIN",UNINCORPORATED,-121.39833831,37.725220620000002
90452387,2017,2017-05-09,9265,2017-05-08,1900,019774,,1,2,9,3900,0,2,4,,1,014,"MARIPOSA RD","VAN ALLEN RD",0.00,,Y,A,-,N,,,,,,,,,,Y,4,0,1,2,A,-,09,21802,A,N,D,C,A,A,H,-,A,A,0,,,,,Y,,A,01,0,0,1,0,0,0,0,0,0,"- ","- ",37.862400000000001,-121.05403,"SAN JOAQUIN",UNINCORPORATED,-121.05419986,37.862429890000001
90452439,2017,2017-05-09,9265,2017-05-07,0520,016479,,7,3,2,3920,0,1,1,,2,502,"I-5 N/B","LATHROP RD",2300.00,S,N,A,-,Y,,,,,,,,,,Y,3,0,1,2,A,-,03,22350,,N,C,C,A,A,H,-,D,D,0,,,,,Y,,A,01,0,1,0,0,0,0,0,0,0,"- ","- ",37.818899999999999,-121.29174,"SAN JOAQUIN",LATHROP,-121.29223746,37.820306299999999
90454136,2017,2017-05-11,9265,2017-05-03,1803,013193,,3,2,9,3900,0,3,5,,2,090,"PELTIER RD","UPRR TRACKS",2640.00,E,N,A,-,N,,,,,,,,,,Y,2,0,1,1,A,-,01,23152,A,N,F,A,A,A,H,-,A,D,0,,,,,Y,Y,A,01,1,0,0,0,0,0,0,0,0,"- ","- ",38.189399999999999,-121.38976,"SAN JOAQUIN",UNINCORPORATED,-121.38976,38.189399999999999
90454856,2017,2017-05-12,9265,2017-05-05,1230,020785,,5,1,9,3900,0,3,5,,2,050,"DANA AVE","ANTHONY AVE",0.00,,Y,A,-,N,,,,,,,,,,N,4,0,1,2,A,-,09,21802,A,F,D,G,A,A,H,-,A,A,0,,Y,,,Y,,L,04,0,0,1,0,0,0,1,0,0,"- ","- ",37.966320000000003,-121.22893000000001,"SAN JOAQUIN",UNINCORPORATED,-121.22894993,37.96631996
90455267,2017,2017-05-15,9266,2017-05-04,1645,018888,,4,2,9,3900,0,1,1,,2,024,"I-5 S/B","I-205 E/B",1056.00,N,N,A,-,Y,,,5,,,,,,S,Y,4,0,1,2,A,-,07,21658,A,N,B,C,A,A,H,-,A,A,0,,,,,Y,,A,07,0,0,1,0,0,0,0,0,0,"- ","- ",37.768610000000002,-121.33029999999999,"SAN JOAQUIN",UNINCORPORATED,-121.33023165,37.768514969999998
90455913,2017,2017-05-15,9265,2017-05-03,1840,019666,,3,2,9,3900,0,3,5,,2,030,"MERCED AVE","HAZELTON AVE",125.00,S,N,A,-,N,,,,,,,,,,N,4,0,1,2,A,-,01,23152,A,N,C,C,A,A,H,-,A,D,0,,,,,Y,Y,A,01,0,0,1,0,0,0,0,0,0,"- ","- ",37.942779999999999,-121.31025,"SAN JOAQUIN",UNINCORPORATED,-121.31022055,37.942754090000001
90456342,2017,2017-05-16,9265,2017-05-09,2247,017039,,2,3,6,3905,0,1,1,,2,503,"I-5 N/B","CHARTER WAY",1373.00,S,N,A,-,Y,,,5,,,,,,N,Y,4,0,1,2,A,-,07,21658,A,N,B,C,A,A,H,-,C,D,0,,,,,Y,,-,99,0,0,1,0,0,0,0,0,0,"- ","- ",37.932380000000002,-121.29619,"SAN JOAQUIN",STOCKTON,-121.29635376,37.932319970000002
90456464,2017,2017-05-16,9266,2017-05-05,2145,019717,,5,2,9,3900,0,2,4,,2,031,"MOUNTAIN HOUSE PKWY","GRANT LINE ROAD",0.00,,Y,A,-,Y,,,,,,,,,,Y,3,0,1,2,A,-,01,23152,A,N,D,C,A,A,H,-,D,A,0,,,,,Y,Y,D,22,0,1,0,0,0,0,0,0,0,"- ","- ",37.757899999999999,-121.53173,"SAN JOAQUIN",UNINCORPORATED,-121.53170994,37.757949969999999
90456974,2017,2017-05-16,9266,2017-05-09,1030,013650,,2,1,9,3900,0,2,4,,1,023,"CHRISMAN ROAD","SR-132 W/B TO CHRISMAN ROAD",0.00,,Y,A,-,Y,,,,,,,,,,Y,4,0,1,2,A,-,09,21802,B,N,D,C,A,A,H,-,A,A,0,,,,,Y,,A,01,0,0,1,0,0,0,0,0,0,"- ","- ",37.639090000000003,-121.39832,"SAN JOAQUIN",UNINCORPORATED,,
90456999,2017,2017-05-16,9266,2017-05-09,1605,013650,,2,2,9,3900,0,3,5,,2,002,"VERNALIS ROAD",SR-33,3168.00,W,N,A,-,N,,,,,,,,,,Y,3,0,1,1,A,-,08,22107,,N,E,I,A,A,H,-,A,D,0,,,,,Y,,A,08,0,1,0,0,0,0,0,0,0,"- ","- ",37.638539999999999,-121.30592,"SAN JOAQUIN",UNINCORPORATED,-121.29629,37.638480000000001
90457025,2017,2017-05-16,9265,2017-05-10,0430,017021,,3,3,6,3905,0,1,1,,2,502,"I-5 S/B","BOWMAN RD",1320.00,N,N,A,-,Y,,,,,,,,,,Y,4,0,1,3,A,-,07,21658,A,N,B,C,A,A,H,-,C,D,0,,,,,Y,,A,01,0,0,1,0,0,0,0,0,0,"- ","- ",38.237699999999997,-121.2654,"SAN JOAQUIN",STOCKTON,,
90457652,2017,2017-05-17,9265,2017-05-08,0005,015629,,1,3,3,3904,0,1,3,,2,001,"SR-99 S/B","JACK TONE ROAD",2212.00,N,N,A,-,Y,,,99,,,,,,S,Y,2,0,2,4,A,-,01,23152,A,N,C,C,A,A,D,-,C,A,0,,,,,Y,Y,A,01,1,0,1,0,0,0,0,0,0,"- ","- ",37.755380000000002,-121.14908,"SAN JOAQUIN",RIPON,-121.14890378,37.755675420000003
90461367,2017,2017-05-23,9265,2017-02-12,1330,019558,,7,1,9,3900,0,1,3,,2,006,"SR-99 N/B","ACAMPO RD",1750.00,S,N,A,-,Y,,,99,,,,,,N,Y,4,0,2,3,A,-,01,23152,A,F,C,C,A,A,H,-,A,D,0,,,,Y,Y,Y,A,08,0,0,2,0,0,0,0,0,0,"- ","- ",38.172409999999999,-121.26209,"SAN JOAQUIN",UNINCORPORATED,-121.26210897999999,38.172409139999999
90461750,2017,2017-05-23,9265,2017-05-16,0750,019387,,2,1,9,3900,0,1,1,,2,503,"INTERSTATE 5 SOUTHBOUND","ALPINE AVENUE",528.00,S,N,A,-,Y,,,5,,,,,,S,Y,4,0,2,3,A,-,03,22350,,N,C,C,A,A,H,-,A,D,0,,,,,Y,,A,01,0,0,2,0,0,0,0,0,0,"- ","- ",37.969499999999996,-121.33750000000001,"SAN JOAQUIN",UNINCORPORATED,-121.33764377,37.969445280000002
90462087,2017,2017-05-23,9265,2017-05-17,0515,020785,,3,3,9,3900,0,3,5,,2,060,"LIBERTY RD","DUSTIN RD",1200.00,E,N,A,-,N,,,,,,,,,,Y,4,0,1,2,A,-,03,22350,,N,C,C,A,A,H,-,D,D,0,,,,,Y,,A,01,0,0,1,0,0,0,0,0,0,"- ","- ",38.233780000000003,-121.21445,"SAN JOAQUIN",UNINCORPORATED,-121.2225632,38.234118180000003
90462601,2017,2017-05-24,9265,2017-05-10,1900,018850,,3,2,9,3900,0,2,4,,1,053,"WATERLOO RD","SIERRA LN",0.00,,Y,A,-,N,,,,,,,,,,Y,3,0,2,2,A,-,09,21801,A,N,D,C,A,A,H,-,A,D,0,,,Y,,Y,,A,01,0,1,1,0,0,0,0,0,1,"- ","- ",37.975479999999997,-121.26433,"SAN JOAQUIN",UNINCORPORATED,-121.26430995,37.975409970000001
90462711,2017,2017-05-24,9265,2017-05-18,1758,019885,,4,2,9,3900,0,2,4,,1,091,"WEST LN","EIGHT MILE RD",0.00,,Y,A,-,N,,,,,,,,,,Y,2,0,2,3,A,-,12,21453,A,N,D,C,A,A,H,-,A,A,0,,,,,Y,,A,01,1,1,0,0,0,0,0,0,0,"- ","- ",38.05706,-121.29643,"SAN JOAQUIN",UNINCORPORATED,-121.29633990000001,38.05745993
9046314,2020,2020-06-08,3906,2020-02-03,1220,1672,,1,5,5,3906,0,0,0,,0,006,"GRANT LINE RD","TRAVAO LN",0.00,,Y,A,-,N,,,,,,,,,,N,4,0,1,2,A,-,09,21801,A,N,D,C,A,A,H,-,A,A,0,,,,,Y,,A,07,0,0,1,0,0,0,0,0,0,"- ","- ",,,"SAN JOAQUIN",TRACY,-121.44727325439453,37.754219055175781
90463329,2017,2017-05-25,9265,2017-05-13,1145,019128,,6,1,4,3903,0,1,3,,2,025,"SR-120 W/B","AIRPORT WAY",1848.00,E,N,A,-,Y,,,120,,,,,,W,Y,3,0,2,4,A,-,03,22350,,N,C,C,A,A,H,-,A,D,0,,,,,Y,,D,22,0,1,1,0,0,0,0,0,0,"- ","- ",37.783360000000002,-121.24611,"SAN JOAQUIN",MANTECA,-121.24610997000001,37.783439950000002
90463762,2017,2017-05-25,9265,2017-05-21,1730,020513,,7,2,4,3903,0,1,3,,2,025,"SR-120 E/B","MOFFAT BLVD",500.00,W,N,A,-,Y,,,,,,,,,,Y,3,0,2,2,A,-,03,22350,,N,C,C,A,A,H,-,A,D,0,,,,,Y,,A,01,0,2,0,0,0,0,0,0,0,"- ","- ",37.465940000000003,-121.11518,"SAN JOAQUIN",MANTECA,-121.19744018999999,37.783189999999998
90465491,2017,2017-05-26,9265,2017-05-13,1420,018836,,6,2,9,3900,0,1,3,,1,062,SR-88,"BRUMBY RD",790.00,W,N,A,-,Y,,,88,,,,,,,Y,3,0,2,2,A,-,03,22350,,N,B,C,A,A,H,-,A,D,0,,,,,Y,,A,01,0,1,1,0,0,0,0,0,0,"- ","- ",38.052390000000003,-121.18819999999999,"SAN JOAQUIN",UNINCORPORATED,-121.18819748,38.05239091
90466747,2017,2017-05-30,9266,2017-05-23,0900,013668,,2,1,9,3900,0,1,1,,1,015,"I-205 E/B","PARADISE ROAD",1584.00,E,N,A,-,Y,,,205,,,,,,E,Y,3,0,1,1,A,-,08,22107,,N,F,A,A,A,H,-,A,D,0,,,,,Y,,A,01,0,1,0,0,0,0,0,0,0,"- ","- ",37.764870000000002,-121.38382,"SAN JOAQUIN",UNINCORPORATED,-121.38381981000001,37.764759130000002
90466766,2017,2017-05-30,9266,2017-05-20,1610,018888,,6,2,9,3900,0,1,1,,2,014,"I-205 E/B","TRACY BLVD",528.00,W,N,A,-,Y,,,205,,,,,,E,N,4,0,2,2,A,-,04,21703,,N,C,C,A,A,H,-,A,D,0,,,,Y,Y,,F,26,0,0,2,0,0,0,0,0,0,"- ","- ",37.762799999999999,-121.43522,"SAN JOAQUIN",UNINCORPORATED,-121.43522014,37.762792570000002
90466897,2017,2017-05-30,9265,2017-05-17,0940,016382,,3,1,4,3903,0,1,3,,2,025,"SR-120 W/B","AIRPORT WAY",540.00,E,N,A,-,Y,,,120,,,,,,W,Y,3,0,5,3,A,-,03,22350,,N,C,C,A,A,H,-,A,D,0,,,,,Y,,A,01,0,1,4,0,0,0,0,0,0,"- ","- ",37.783299999999997,-121.24853,"SAN JOAQUIN",MANTECA,-121.24853038000001,37.783424310000001
90467778,2017,2017-05-31,9266,2017-05-30,0355,018330,,2,3,9,3900,0,1,1,,2,024,"I-5 S/B","SAN JOAQUIN RIVER",2640.00,S,N,A,-,Y,,,5,,,,,,S,Y,4,0,1,2,A,-,04,21703,,N,C,C,A,A,H,-,D,D,0,,,,,Y,,A,01,0,0,1,0,0,0,0,0,0,"- ","- ",37.781359999999999,-121.31271,"SAN JOAQUIN",UNINCORPORATED,-121.31268758,37.781329370000002
90467817,2017,2017-05-31,9266,2017-05-19,1745,014807,,5,2,9,3900,0,1,3,,1,026,"SR-132 W/B","CHRISMAN ROAD",0.00,,Y,A,-,Y,,,132,,,,,,W,Y,3,0,1,2,A,-,09,21802,A,N,D,C,A,A,H,-,A,A,0,,,,,Y,,E,22,0,1,0,0,0,0,0,0,0,"- ","- ",37.639060000000001,-121.39773,"SAN JOAQUIN",UNINCORPORATED,-121.39774696000001,37.638721519999997
90468075,2017,2017-07-10,9265,2017-05-15,1616,019657,,1,2,9,3900,0,2,4,,1,093,"THORNTON RD","ACAMPO RD",1750.00,N,N,A,-,N,,,,,,,,,,Y,3,0,2,2,A,-,08,22107,,N,D,C,A,A,H,-,A,D,0,,,,,Y,,A,01,0,1,1,0,0,0,0,0,0,"- ","- ",38.179780000000001,-121.39952,"SAN JOAQUIN",UNINCORPORATED,-121.39950234,38.179725169999998
90468273,2017,2017-05-31,9265,2017-05-20,1113,019657,,6,1,9,3900,0,3,5,,2,050,"MCALLEN RD","HOLMAN RD",715.00,E,N,A,-,N,,,,,,,,,,Y,4,0,1,2,A,-,05,21460,A,N,A,C,A,A,H,-,A,D,0,,,,,Y,,A,01,0,0,1,0,0,0,0,0,0,"- ","- ",38.000340000000001,-121.26769,"SAN JOAQUIN",UNINCORPORATED,-121.2678054,38.000345830000001
90469880,2017,2017-06-02,9265,2017-05-23,1610,013539,,2,2,9,3900,0,1,1,,2,503,"I-5 S/B","DOWING AVE",475.00,N,N,A,-,Y,,,5,,,,,,S,Y,3,0,2,1,A,-,08,22107,,N,E,I,A,A,H,-,A,D,0,,,,,Y,,A,01,0,2,0,0,0,0,0,0,0,"- ","- ",37.916910000000001,-121.29105,"SAN JOAQUIN",UNINCORPORATED,-121.29112189,37.916883419999998
90470005,2017,2017-06-02,9265,2017-05-23,1500,018289,,2,2,9,3900,0,1,3,,1,062,"STATE ROUTE 88","HARNEY LANE",950.00,W,N,A,-,Y,,,,,,,,,,Y,4,0,1,2,A,-,05,21460,A,N,D,C,A,A,H,-,A,D,0,,,,,Y,,A,01,0,0,1,0,0,0,0,0,0,"- ","- ",38.103000000000002,-121.173,"SAN JOAQUIN",UNINCORPORATED,-121.17903826,38.09918098
90470561,2017,2017-06-05,9265,2017-05-23,1430,019489,,2,2,9,3900,0,3,5,,2,090,"LIBERTY RD","DUSTIN RD",1500.00,W,N,A,-,N,,,,,,,,,,Y,4,0,2,3,A,-,03,22350,,N,C,C,A,A,H,-,A,D,0,,,,,Y,,A,08,0,0,2,0,0,0,0,0,0,"- ","- ",38.233930000000001,-121.23088,"SAN JOAQUIN",UNINCORPORATED,-121.23196016999999,38.233915850000002
90470589,2017,2017-06-05,9265,2017-05-24,0525,019991,,3,3,2,3920,0,1,1,,2,502,"I-5 S/B TO LOUISE AVE","LOUISE AVE",1422.00,N,N,C,-,Y,,,5,,,,R,,S,Y,2,0,1,2,A,-,07,21658,A,N,B,C,A,A,H,-,A,D,0,,,Y,,Y,,A,01,1,0,0,0,0,0,0,0,0,"- ","- ",37.813780000000001,-121.29528999999999,"SAN JOAQUIN",LATHROP,-121.29528999999999,37.813780000000001
90470598,2017,2017-06-05,9265,2017-05-24,1040,015490,,3,1,9,3900,0,3,5,,2,050,"WEST LN. S/B","ALPINE AVE",50.00,N,N,B,-,N,,,,,,,,,,N,4,0,1,2,A,-,21,22106,,N,C,C,A,A,H,-,A,A,0,,,,,Y,,A,01,0,0,1,0,0,0,0,0,0,"- ","- ",37.984169999999999,-121.28394,"SAN JOAQUIN",UNINCORPORATED,-121.28395897999999,37.984091730000003
90470744,2017,2017-06-05,9266,2017-06-02,2220,019717,,5,3,9,3900,0,1,1,,2,024,"I-5 N/B","PARADISE CUT",50.00,S,N,A,-,Y,,,5,,,,,,N,Y,4,0,1,2,A,-,03,22350,,N,C,C,A,A,H,-,D,D,0,,,,,Y,,A,01,0,0,1,0,0,0,0,0,0,"- ","- ",37.770330000000001,-121.32702,"SAN JOAQUIN",UNINCORPORATED,-121.32707266,37.770402269999998
90471127,2017,2017-06-05,9266,2017-03-12,2304,020083,,7,3,9,3900,0,1,1,,2,024,"I-5 N/B",SR-132,2415.00,N,N,A,-,Y,,,5,,,,,,N,Y,4,0,1,2,A,-,03,22350,,N,A,C,A,A,H,-,D,D,0,,,,,Y,,A,07,0,0,1,0,0,0,0,0,0,"- ","- ",37.650530000000003,-121.34301000000001,"SAN JOAQUIN",UNINCORPORATED,-121.34298724999999,37.650530140000001
90471237,2017,2017-06-05,9266,2017-03-12,2303,020083,,7,3,9,3900,0,1,1,,2,024,"I-5 N/B",SR-132,2505.00,N,N,A,-,Y,,,5,,,,,,N,Y,4,0,1,2,A,-,03,22350,,N,C,C,A,A,H,-,D,D,0,,,,,Y,,A,01,0,0,1,0,0,0,0,0,0,"- ","- ",37.650530000000003,-121.34301000000001,"SAN JOAQUIN",UNINCORPORATED,-121.34298724999999,37.650530140000001
90471619,2017,2017-06-06,9265,2017-05-22,1945,019991,,1,2,5,3902,0,1,3,,2,004,"SR-99 S/B","HARNEY LN",630.00,N,N,A,-,Y,,,99,,,,,,S,Y,3,0,2,2,A,-,01,23152,A,N,D,C,A,A,H,-,A,D,0,,,,,Y,Y,A,01,0,1,1,0,0,0,0,0,0,"- ","- ",38.103409999999997,-121.26036000000001,"SAN JOAQUIN",LODI,-121.26031233,38.103410599999997
90471955,2017,2017-06-06,9266,2017-06-05,0620,013866,,1,1,5,3906,0,1,1,,2,014,"I-205 W/B","BYRON RD.",384.00,E,N,A,-,Y,,,205,,,,,,W,N,3,0,1,2,A,-,07,21658,A,F,C,C,A,A,H,-,A,D,0,,,Y,,Y,,A,07,0,1,0,0,0,0,0,0,1,"- ","- ",37.750149999999998,-121.47338000000001,"SAN JOAQUIN",TRACY,-121.47335721,37.750094390000001
90472578,2017,2017-06-07,9265,2017-05-26,0400,018836,,5,3,9,3900,0,1,3,,1,063,SR-12,"MC INTIRE RD",770.00,E,N,A,-,Y,,,12,,,,,,,Y,2,0,1,1,A,-,08,22107,,N,F,A,A,A,H,-,D,D,0,,,,,Y,,A,01,1,0,0,0,0,0,0,0,0,"- ","- ",38.201369999999997,-121.03440999999999,"SAN JOAQUIN",UNINCORPORATED,-121.03440664,38.201308750000003
90472637,2017,2017-06-07,9265,2017-05-27,1440,020785,,6,2,6,3905,0,1,1,,2,503,"1-5 N/B","DOWNING AVE",700.00,S,N,A,-,Y,,,,,,,,,,Y,4,0,1,2,A,-,03,22350,,N,C,C,A,A,H,-,A,D,0,,,,,Y,,A,01,0,0,1,0,0,0,0,0,0,"- ","- ",37.91131,-121.28892,"SAN JOAQUIN",STOCKTON,,
90472802,2017,2017-06-07,9265,2017-05-28,1945,019991,,7,2,9,3900,0,2,4,,1,014,"MARIPOSA RD","JACK TONE RD",15.00,E,N,A,-,N,,,,,,,,,,Y,3,0,2,2,A,-,01,23152,A,N,C,C,A,A,H,-,A,A,0,,,,,Y,Y,A,01,0,2,0,0,0,0,0,0,0,"- ","- ",37.905009999999997,-121.14726,"SAN JOAQUIN",UNINCORPORATED,-121.14725172,37.905014719999997
90472880,2017,2017-06-07,9265,2017-05-29,0038,017021,,1,3,6,3905,0,2,4,,1,053,"WILSON WAY","NEWTON RD",40.00,S,N,A,-,N,,,,,,,,,,Y,4,0,1,2,A,-,01,23152,A,F,C,C,A,A,H,-,C,A,0,,,,,Y,Y,A,08,0,0,1,0,0,0,0,0,0,"- ","- ",38.3551,-121.7534,"SAN JOAQUIN",STOCKTON,-121.26035107,38.000240820000002