CASE_ID,ACCIDENT_YEAR,PROC_DATE,JURIS,COLLISION_DATE,COLLISION_TIME,OFFICER_ID,REPORTING_DISTRICT,DAY_OF_WEEK,CHP_SHIFT,POPULATION,CNTY_CITY_LOC,SPECIAL_COND,BEAT_TYPE,CHP_BEAT_TYPE,CITY_DIVISION_LAPD,CHP_BEAT_CLASS,BEAT_NUMBER,PRIMARY_RD,SECONDARY_RD,DISTANCE,DIRECTION,INTERSECTION,WEATHER_1,WEATHER_2,STATE_HWY_IND,CALTRANS_COUNTY,CALTRANS_DISTRICT,STATE_ROUTE,ROUTE_SUFFIX,POSTMILE_PREFIX,POSTMILE,LOCATION_TYPE,RAMP_INTERSECTION,SIDE_OF_HWY,TOW_AWAY,COLLISION_SEVERITY,NUMBER_KILLED,NUMBER_INJURED,PARTY_COUNT,PRIMARY_COLL_FACTOR,PCF_CODE_OF_VIOL,PCF_VIOL_CATEGORY,PCF_VIOLATION,PCF_VIOL_SUBSECTION,HIT_AND_RUN,TYPE_OF_COLLISION,MVIW,PED_ACTION,ROAD_SURFACE,ROAD_COND_1,ROAD_COND_2,LIGHTING,CONTROL_DEVICE,CHP_ROAD_TYPE,PEDESTRIAN_ACCIDENT,BICYCLE_ACCIDENT,MOTORCYCLE_ACCIDENT,TRUCK_ACCIDENT,NOT_PRIVATE_PROPERTY,ALCOHOL_INVOLVED,STWD_VEHTYPE_AT_FAULT,CHP_VEHTYPE_AT_FAULT,COUNT_SEVERE_INJ,COUNT_VISIBLE_INJ,COUNT_COMPLAINT_PAIN,COUNT_PED_KILLED,COUNT_PED_INJURED,COUNT_BICYCLIST_KILLED,COUNT_BICYCLIST_INJURED,COUNT_MC_KILLED,COUNT_MC_INJURED,PRIMARY_RAMP,SECONDARY_RAMP,LATITUDE,LONGITUDE,COUNTY,CITY,POINT_X,POINT_Y
91059014,2019,2019-08-26,9265,2019-08-22,2245,020513,,4,3,9,3900,0,1,3,,1,042,"SR-4 EB TO SR-99 NB","MYRTLE ST",600.00,S,N,A,-,Y,,,4,,,,R,,E,Y,3,0,1,1,A,-,01,23152,F,N,F,I,A,A,H,-,C,D,0,,,,,Y,,A,01,0,1,0,0,0,0,0,0,0,"- ","- ",37.963188171386719,-121.24198150634766,"SAN JOAQUIN",UNINCORPORATED,-121.24198150634766,37.963188171386719
91060113,2019,2019-08-27,9266,2019-08-21,1720,014717,,3,2,9,3900,0,1,1,,2,021,"I-205 W/B","PATTERSON PASS ROAD",1875.00,E,N,F,G,Y,,,,,,,,,,Y,3,0,3,2,A,-,03,22350,,N,C,C,A,A,H,-,A,D,0,,,,,Y,,A,01,0,2,1,0,0,0,0,0,0,"- ","- ",37.716541290283203,-121.53018951416016,"SAN JOAQUIN",UNINCORPORATED,,
91061595,2019,2019-08-28,9266,2019-08-10,0105,021956,,6,3,9,3900,0,3,5,,2,002,"CORRAL HOLLOW ROAD","SITE 300",2640.00,N,N,A,-,N,,,,,,,,,,Y,3,0,1,1,A,-,01,23152,A,N,E,I,A,A,H,-,D,D,0,,,,,Y,Y,A,01,0,1,0,0,0,0,0,0,0,"- ","- ",37.636260986328125,-121.49333190917969,"SAN JOAQUIN",UNINCORPORATED,-121.49333190917969,37.636260986328125
91061678,2019,2019-08-28,9266,2019-08-14,0930,015029,,3,1,9,3900,0,1,3,,1,026,"I-580 EB TO SR-132 EB","SR-132 O/C",2112.00,W,N,A,-,Y,,,580,,,,R,,E,Y,4,0,1,2,A,-,07,21658,A,N,C,C,A,A,H,-,A,D,0,,,,Y,Y,,A,01,0,0,1,0,0,0,0,0,0,"- ","- ",37.642818450927734,-121.41001129150391,"SAN JOAQUIN",UNINCORPORATED,-121.41001129150391,37.642818450927734
91062491,2019,2019-08-29,9266,2019-08-21,1840,013652,,3,2,2,3920,0,1,1,,2,024,"I-5 N/B","STEWART RD",500.00,S,N,A,-,Y,,,5,,,,,,N,N,3,0,3,3,A,-,07,21658,A,F,B,C,A,A,H,-,A,D,0,,,,,Y,,A,01,0,1,2,0,0,0,0,0,0,"- ","- ",37.778270721435547,-121.31626129150391,"SAN JOAQUIN",LATHROP,-121.31626129150391,37.778274536132812
91062531,2019,2019-08-29,9266,2019-08-21,0125,018324,,3,3,9,3900,0,1,1,,2,014,"I-205 E/B","MOUNTAIN HOUSE PKWY",2112.00,W,N,A,-,Y,,,205,,,,,,E,Y,4,0,1,2,A,-,01,23152,A,N,C,C,A,A,D,-,D,D,0,,,,,Y,Y,A,01,0,0,1,0,0,0,0,0,0,"- ","- ",37.742729187011719,-121.53716278076172,"SAN JOAQUIN",UNINCORPORATED,-121.53715515136719,37.742755889892578
9106407,2020,2020-08-19,3906,2020-06-02,1816,1678,99,2,5,5,3906,0,0,0,,0,006,"E GRANT LINE RD","BANTA RD",637.00,W,N,A,-,N,,,,,,,,,,Y,3,0,1,2,A,-,04,21703,,N,E,C,A,A,H,-,A,A,0,,,,,Y,,A,01,0,1,0,0,0,0,0,0,0,"- ","- ",,,"SAN JOAQUIN",TRACY,-121.38220977783203,37.754497528076172
9106408,2020,2020-08-19,3906,2020-06-03,1853,1678,174,3,5,5,3906,0,0,0,,0,006,"GRANT LINE RD","HOLLY DR",0.00,,Y,A,-,N,,,,,,,,,,Y,4,0,2,2,A,-,03,22350,,N,C,C,A,A,H,-,A,A,0,,,,,Y,,A,01,0,0,2,0,0,0,0,0,0,"- ","- ",,,"SAN JOAQUIN",TRACY,-121.42591857910156,37.754199981689453
91064166,2019,2019-10-08,9266,2019-08-20,0730,021956,,2,1,9,3900,0,2,4,,2,030,"HERITAGE DRIVE","CENTRAL PARKWAY",4.00,E,N,A,-,N,,,,,,,,,,N,4,0,1,2,A,-,03,22350,,N,D,G,A,A,H,-,A,A,0,,Y,,,Y,,D,22,0,0,1,0,0,0,1,0,0,"- ","- ",37.770858764648438,-121.54698181152344,"SAN JOAQUIN",UNINCORPORATED,-121.54707336425781,37.770999908447266
91064383,2019,2019-08-30,9265,2019-08-21,1220,017989,,3,1,9,3900,0,2,4,,1,082,"COUNTRY CLUB BLVD","PERSHING AVE",105.00,W,N,A,-,N,,,,,,,,,,N,4,0,1,2,A,-,21,22106,,N,H,C,A,A,H,-,A,D,0,,,,,Y,,A,01,0,0,1,0,0,0,0,0,0,"- ","- ",37.969310760498047,-121.31545257568359,"SAN JOAQUIN",UNINCORPORATED,-121.31548309326172,37.969383239746094
91064517,2019,2019-08-30,9266,2019-08-26,1201,019012,,1,1,9,3900,0,2,4,,1,016,"GRANT LINE ROAD","S. CENTRAL PARKWAY",695.00,W,N,A,-,N,,,,,,,,,,N,4,0,1,2,A,-,03,22350,,N,D,C,A,A,H,-,A,D,0,,,Y,Y,Y,,C,02,0,0,1,0,0,0,0,0,1,"- ","- ",37.756679534912109,-121.54975128173828,"SAN JOAQUIN",UNINCORPORATED,-121.54964447021484,37.756633758544922
91065611,2019,2019-09-03,9266,2019-08-26,1700,019532,,1,2,9,3900,0,2,4,,2,020,"KASSON RD.","DURHAM FERRY ROAD",640.00,N,N,A,-,N,,,,,,,,,,Y,2,0,1,1,A,-,08,22107,,N,E,I,A,A,H,-,A,D,0,,,,,Y,,D,22,1,0,0,0,0,0,0,0,0,"- ","- ",37.673721313476562,-121.27414703369141,"SAN JOAQUIN",UNINCORPORATED,-121.27429962158203,37.673568725585938
91066308,2019,2019-09-03,9265,2019-08-22,1155,015756,,4,1,6,3905,0,1,3,,1,042,"SR-4 E/B","MAIN ST.",374.00,W,N,A,-,Y,,,4,,,,,,E,Y,3,0,2,4,A,-,03,22350,,M,C,C,A,A,H,-,A,D,0,,,,,Y,,A,01,0,1,1,0,0,0,0,0,0,"- ","- ",37.954269409179688,-121.26714324951172,"SAN JOAQUIN",STOCKTON,-121.26718902587891,37.954376220703125
91066846,2019,2019-09-04,9266,2019-08-30,1430,018751,,5,2,9,3900,0,2,4,,1,023,"CHRISMAN ROAD","LINNE ROAD",3076.00,S,N,A,-,N,,,,,,,,,,Y,4,0,2,2,A,-,06,21750,A,N,B,C,A,A,H,-,A,D,0,,,,,Y,,D,22,0,0,2,0,0,0,0,0,0,"- ","- ",37.687618255615234,-121.39810943603516,"SAN JOAQUIN",UNINCORPORATED,-121.39801788330078,37.687713623046875
91066970,2019,2019-09-04,9265,2019-08-24,2151,020248,,6,2,9,3900,0,3,5,,2,060,"COLLIER RD","KENNEFICK RD",1373.00,E,N,A,-,N,,,,,,,,,,Y,3,0,1,2,A,-,01,23152,A,N,C,C,A,A,H,-,C,D,0,,,,Y,Y,Y,D,22,0,1,0,0,0,0,0,0,0,"- ","- ",38.218189239501953,-121.2401123046875,"SAN JOAQUIN",UNINCORPORATED,-121.2401123046875,38.218166351318359
91067443,2019,2019-09-04,9266,2019-08-31,1557,021241,,6,2,5,3906,0,1,1,,2,014,"I-205 E/B","11TH ST",5.00,E,N,A,-,Y,,,205,,,,,,E,Y,4,0,1,2,A,-,07,21658,A,N,B,C,A,A,H,-,A,D,0,,,,,Y,,A,01,0,0,1,0,0,0,0,0,0,"- ","- ",37.741111755371094,-121.49501037597656,"SAN JOAQUIN",TRACY,-121.49501037597656,37.741100311279297
91067503,2019,2019-09-04,9266,2019-08-29,1830,014717,,4,2,5,3906,0,1,1,,1,015,"I-205 E/B","TRACY BLVD",10.00,E,N,B,-,Y,,,205,,,,,,E,Y,3,0,1,2,A,-,03,22350,,N,C,C,A,A,H,-,A,D,0,,,,,Y,,A,01,0,1,0,0,0,0,0,0,0,"- ","- ",37.762809753417969,-121.43498229980469,"SAN JOAQUIN",TRACY,-121.43498229980469,37.762790679931641
91069175,2019,2019-09-27,9265,2019-08-22,1650,013539,,4,2,2,3920,0,1,1,,2,502,"I-5 S/B","LOUISE AVE",750.00,N,N,A,-,Y,,,5,,,,,,S,Y,4,0,1,2,A,-,03,22350,,F,C,C,A,A,H,-,A,D,0,,,,,Y,,-,99,0,0,1,0,0,0,0,0,0,"- ","- ",37.818859100341797,-121.29347991943359,"SAN JOAQUIN",LATHROP,-121.29316711425781,37.818740844726562
91069222,2019,2019-09-06,9266,2019-08-31,1745,021241,,6,2,5,3906,0,1,1,,1,015,"I-205 E/B","MACARTHUR DRIVE",2640.00,E,N,A,-,Y,,,205,,,,,,E,N,4,0,2,2,A,-,03,22350,,N,C,C,A,A,H,-,A,D,0,,,,,Y,,D,22,0,0,2,0,0,0,0,0,0,"- ","- ",37.764690399169922,-121.40541839599609,"SAN JOAQUIN",TRACY,-121.40541839599609,37.764701843261719
91069224,2019,2019-09-06,9265,2019-09-03,0545,015490,,2,3,9,3900,0,1,3,,1,062,SR-88,"LIVE OAK RD",400.00,W,N,A,-,Y,,,88,,,,,,,Y,4,0,1,3,A,-,03,22350,,N,C,C,A,A,H,-,D,D,0,,,,,Y,,D,22,0,0,1,0,0,0,0,0,0,"- ","- ",38.078708648681641,-121.18522644042969,"SAN JOAQUIN",UNINCORPORATED,-121.18529510498047,38.078731536865234
91069294,2019,2019-09-06,9266,2019-09-04,1425,018888,,3,2,9,3900,0,2,4,,2,020,"KASSON ROAD","LORNEZEN RD",528.00,S,N,A,-,N,,,,,,,,,,Y,4,0,1,1,A,-,08,22107,,N,E,I,A,A,H,-,A,D,0,,,,,Y,,A,01,0,0,1,0,0,0,0,0,0,"- ","- ",37.724201202392578,-121.32520294189453,"SAN JOAQUIN",UNINCORPORATED,-121.32453155517578,37.723773956298828
91070065,2019,2019-09-09,9265,2019-08-30,1501,017537,,5,2,9,3900,0,3,5,,2,090,"THORNTON RD","KILE RD",975.00,N,N,A,-,N,,,,,,,,,,Y,4,0,1,1,A,-,08,22107,,N,E,I,A,A,H,-,A,D,0,,,,,Y,,A,01,0,0,1,0,0,0,0,0,0,"- ","- ",38.221031188964844,-121.41770935058594,"SAN JOAQUIN",UNINCORPORATED,-121.41799163818359,38.221240997314453
91070588,2019,2019-09-09,9266,2019-09-06,1540,018888,,5,2,9,3900,0,1,3,,1,026,"SR-132 E/B",SR-33,500.00,W,N,A,-,Y,,,132,,,,,,E,Y,4,0,1,3,A,-,03,22350,,N,C,C,A,A,H,-,A,D,0,,,,,Y,,A,01,0,0,1,0,0,0,0,0,0,"- ","- ",37.638031005859375,-121.29570007324219,"SAN JOAQUIN",UNINCORPORATED,-121.29570007324219,37.637996673583984
91070589,2019,2019-09-09,9265,2019-08-30,1500,018289,,5,2,9,3900,0,1,3,,2,004,"STATE ROUTE 99 N/B","SR-88/WATERLOO ROAD",4224.00,N,N,A,-,Y,,,99,,,,,,N,N,4,0,1,2,A,-,03,22350,,N,C,C,A,A,H,-,A,D,0,,,,,Y,,A,01,0,0,1,0,0,0,0,0,0,"- ","- ",37.986129760742188,-121.25028228759766,"SAN JOAQUIN",UNINCORPORATED,-121.25029754638672,37.986125946044922
9107206,2020,2020-08-07,3902,2020-05-16,1826,21,,6,5,5,3902,0,0,0,,0,,"NORTH CHEROKEE WY","VICTOR RD",0.00,,Y,A,-,N,,,,,,,,,,Y,4,0,1,2,A,-,09,21801,,N,D,C,A,A,H,-,B,A,0,,,,,Y,,A,01,0,0,1,0,0,0,0,0,0,"- ","- ",,,"SAN JOAQUIN",LODI,-121.26093292236328,38.137279510498047
9107312,2020,2020-11-18,3905,2020-05-06,0945,3059,BEA,3,5,6,3905,0,0,0,,0,,"TRINITY PK","SCOTT CREEK DR",38.00,N,N,A,-,N,,,,,,,,,,N,3,0,1,2,A,-,03,22350,,N,C,C,A,A,H,-,A,A,0,,,,,Y,,A,01,0,1,0,0,0,0,0,0,0,"- ","- ",38.053821563720703,-121.37531280517578,"SAN JOAQUIN",STOCKTON,-121.37542724609375,38.053874969482422
91073147,2019,2019-09-12,9265,2019-08-03,1830,019139,,6,2,9,3900,0,3,5,,2,060,"COMSTOCK RD","COX RD",210.00,E,N,A,-,N,,,,,,,,,,Y,2,0,1,1,A,-,01,23152,A,N,E,I,A,A,H,-,A,D,0,,,,,Y,Y,A,01,1,0,0,0,0,0,0,0,0,"- ","- ",38.045169830322266,-121.08075714111328,"SAN JOAQUIN",UNINCORPORATED,-121.08160400390625,38.045101165771484
9107316,2020,2020-11-18,3905,2020-05-06,0702,3058,SEA,3,5,6,3905,0,0,0,,0,,"FRENCH CAMP RD","E W S WOODS BL",0.00,,Y,A,-,N,,,,,,,,,,Y,3,0,1,2,A,-,12,21453,A,N,B,C,A,A,H,-,A,A,0,,,,,Y,,A,01,0,1,0,0,0,0,0,0,0,"- ","- ",37.896701812744141,-121.30516815185547,"SAN JOAQUIN",STOCKTON,-121.30329895019531,37.897178649902344
9107318,2020,2020-11-18,3905,2020-05-07,1643,2097,PAR,4,5,6,3905,0,0,0,,0,,"WILSON WY","PINCHOT ST",28.00,S,N,A,-,N,,,,,,,,,,N,4,0,1,2,A,-,03,22350,,F,C,C,A,A,H,-,A,A,0,,,,,Y,,-,99,0,0,1,0,0,0,0,0,0,"- ","- ",37.968860626220703,-121.27493286132812,"SAN JOAQUIN",STOCKTON,-121.27513122558594,37.968875885009766
9107366,2020,2020-08-04,3905,2020-04-30,1025,1422,VAL,4,5,6,3905,0,0,0,,0,,"HAMMER LN","TAM O SHANTER DR",62.00,W,N,A,-,N,,,,,,,,,,N,4,0,1,1,C,-,18,,,N,E,I,A,A,H,-,A,A,0,,,,,Y,,-,"- ",0,0,1,0,0,0,0,0,0,"- ","- ",38.020999908447266,-121.30084228515625,"SAN JOAQUIN",STOCKTON,-121.30075836181641,38.021022796630859
9107379,2020,2020-08-04,3905,2020-04-29,1856,2466,SEA,3,5,6,3905,0,0,0,,0,,"HOUSTON AV","DRY CREEK WY",55.00,W,N,A,-,N,,,,,,,,,,,3,0,1,2,A,-,03,22350,,N,B,E,A,A,H,-,A,D,0,,,,,Y,,A,01,0,1,0,0,0,0,0,0,0,"- ","- ",,,"SAN JOAQUIN",STOCKTON,-121.30886840820312,37.920917510986328
91074018,2019,2019-09-13,9265,2019-09-04,1635,018289,,3,2,9,3900,0,3,5,,2,050,"ALPINE AVENUE","E STREET",49.00,W,N,A,-,N,,,,,,,,,,N,2,0,1,2,A,-,03,22350,,N,C,C,A,A,H,-,A,D,0,,,Y,,Y,,C,02,1,0,0,0,0,0,0,0,1,"- ","- ",37.987239837646484,-121.2713623046875,"SAN JOAQUIN",UNINCORPORATED,-121.27138519287109,37.987163543701172
91074195,2019,2019-09-13,9266,2019-09-12,0800,014808,,4,1,9,3900,0,1,1,,2,021,"I-580 W/B","INTERNATIONAL BLVD. O/C",4650.00,W,N,A,-,Y,,,580,,,,,,W,Y,4,0,1,3,A,-,03,22350,,N,C,C,A,A,H,-,A,D,0,,,,,Y,,A,01,0,0,1,0,0,0,0,0,0,"- ","- ",37.72930908203125,-121.54611968994141,"SAN JOAQUIN",UNINCORPORATED,-121.54603576660156,37.729404449462891
91074429,2019,2019-09-13,9265,2019-09-06,1740,021246,,5,2,9,3900,0,1,3,,1,011,SR-120,"FRENCH CAMP ROAD",0.00,,Y,A,-,Y,,,120,,,,,,,Y,4,0,1,2,A,-,09,21802,A,N,D,C,A,A,H,-,A,A,0,,,,,Y,,A,01,0,0,1,0,0,0,0,0,0,"- ","- ",37.798099517822266,-121.09259796142578,"SAN JOAQUIN",UNINCORPORATED,-121.09259796142578,37.798095703125
91075392,2019,2019-09-16,9265,2019-09-07,0335,021540,,6,3,9,3900,0,1,3,,1,061,SR-26,"MARKET ST",528.00,E,N,A,-,Y,,,26,,,,,,,Y,3,0,1,3,A,-,01,23152,A,N,D,C,A,A,H,-,C,D,0,,,,,Y,Y,A,07,0,1,0,0,0,0,0,0,0,"- ","- ",38.022571563720703,-121.08019256591797,"SAN JOAQUIN",UNINCORPORATED,-121.08010101318359,38.022300720214844
9107577,2020,2020-11-10,3905,2020-05-08,0453,1315,PAR,5,5,6,3905,0,0,0,,0,,"AIRPORT WY","10TH ST",44.00,N,N,A,-,N,,,,,,,,,,N,4,0,1,2,A,-,08,22107,,F,B,C,A,A,H,-,B,D,0,,,,,Y,,A,01,0,0,1,0,0,0,0,0,0,"- ","- ",37.928470611572266,-121.26760864257812,"SAN JOAQUIN",STOCKTON,-121.26624298095703,37.929267883300781
9107580,2020,2020-11-10,3905,2020-05-01,1226,7035,SEA,5,5,6,3905,0,0,0,,0,,"CENTER ST","JACKSON ST",5.00,N,N,A,-,N,,,,,,,,,,Y,3,0,1,1,A,-,03,22350,,N,E,I,A,A,H,-,A,A,0,,,,,Y,,A,01,0,1,0,0,0,0,0,0,0,"- ","- ",37.940059661865234,-121.28922271728516,"SAN JOAQUIN",STOCKTON,-121.28787231445312,37.940624237060547
91076141,2019,2019-09-17,9266,2019-09-16,1651,018365,,1,2,9,3900,0,3,5,,2,002,"CORRAL HOLLOW ROAD","I-580 E/B",10560.00,S,N,A,-,N,,,,,,,,,,Y,3,0,2,1,A,-,08,22107,,N,F,A,A,A,H,-,A,D,0,,,,,Y,Y,D,22,0,2,0,0,0,0,0,0,0,"- ","- ",37.636539459228516,-121.49333190917969,"SAN JOAQUIN",UNINCORPORATED,-121.49333190917969,37.636539459228516
91078194,2019,2019-09-19,9265,2019-09-10,0600,019341,,2,1,9,3900,0,1,3,,2,006,"SR-99 N/B","WOODBRIDGE RD",927.00,S,N,A,-,Y,,,99,,,,,,N,N,4,0,1,2,A,-,03,22350,,N,C,C,A,A,H,-,B,D,0,,,,,Y,,A,01,0,0,1,0,0,0,0,0,0,"- ","- ",38.158039093017578,-121.26161956787109,"SAN JOAQUIN",UNINCORPORATED,-121.26158905029297,38.158039093017578
9107948,2020,2020-08-12,3902,2020-04-10,1404,58,,5,5,5,3902,0,0,0,,0,,"W ELM ST","N HAM LN",0.00,,Y,A,-,N,,,,,,,,,,Y,4,0,2,2,A,-,12,21453,A,N,D,C,A,A,H,-,A,A,0,,,,,Y,,A,01,0,0,2,0,0,0,0,0,0,"- ","- ",,,"SAN JOAQUIN",LODI,-121.28836822509766,38.136058807373047
91081877,2019,2019-09-24,9266,2019-09-18,1630,014717,,3,2,9,3900,0,1,1,,1,015,"I-205 E/B","EAST EDGE PARADISE CUT BRIDGE",115.00,W,N,B,-,Y,,,205,,,,,,E,Y,2,0,2,2,A,-,07,21658,A,F,E,I,A,A,H,-,A,D,0,,,,,Y,,-,99,1,1,0,0,0,0,0,0,0,"- ","- ",37.771041870117188,-121.32480621337891,"SAN JOAQUIN",UNINCORPORATED,-121.32469940185547,37.770957946777344
91081934,2019,2019-09-24,9265,2019-09-15,1220,017123,,7,1,6,3905,0,1,1,,2,503,"I-5 S/B","ANDERSON ST",140.00,S,N,A,-,Y,,,5,,,,,,S,Y,3,0,2,2,A,-,08,22107,,N,D,C,A,A,H,-,A,D,0,,,,,Y,,A,01,0,2,0,0,0,0,0,0,0,"- ","- ",37.940479278564453,-121.29826354980469,"SAN JOAQUIN",STOCKTON,-121.29831695556641,37.940471649169922
91082520,2019,2019-09-25,9265,2019-09-07,2244,021440,,6,3,9,3900,0,1,3,,1,092,SR-12,"SACRAMENTO COUNTY LINE",50.00,E,N,A,-,Y,,,12,,,,,,,Y,2,0,6,2,A,-,08,22107,,N,A,C,A,A,H,-,D,A,0,,,,,Y,Y,A,01,1,3,2,0,0,0,0,0,0,"- ","- ",38.125869750976562,-121.57993316650391,"SAN JOAQUIN",UNINCORPORATED,-121.57992553710938,38.125877380371094
91082848,2019,2019-09-25,9265,2019-09-15,1830,021781,,7,2,6,3905,0,1,1,,2,504,SR-99,"HAMMER LANE",528.00,S,N,A,-,Y,,,,,,,,,,N,4,0,1,2,A,-,07,21658,A,N,B,C,A,A,H,-,A,D,0,,,,,Y,,A,07,0,0,1,0,0,0,0,0,0,"- ","- ",36.016929626464844,-121.25821685791016,"SAN JOAQUIN",STOCKTON,-121.25978088378906,38.021278381347656
91089046,2019,2019-10-02,9265,2019-09-25,0910,015629,,3,1,9,3900,0,3,5,,2,090,"TURNER ROAD E/B","DAVIS ROAD",20.00,W,N,A,-,N,,,,,,,,,,Y,3,0,1,2,A,-,03,22350,,N,C,C,A,A,H,-,A,A,0,,,,,Y,,D,22,0,1,0,0,0,0,0,0,0,"- ","- ",38.087329864501953,-121.20066070556641,"SAN JOAQUIN",UNINCORPORATED,-121.33448028564453,38.145671844482422
91089838,2019,2019-10-03,9265,2019-02-12,2340,013193,,2,3,6,3905,0,1,1,,2,503,"I-5 N/B","PERSHING AVE",252.00,S,N,C,-,Y,,,5,,,,,,N,Y,1,1,0,2,A,-,08,22107,,F,E,I,A,B,H,-,C,D,0,,,,,Y,,A,07,0,0,0,0,0,0,0,0,0,"- ","- ",37.955059051513672,-121.31266021728516,"SAN JOAQUIN",STOCKTON,-121.31265258789062,37.955074310302734
91093833,2019,2019-10-09,9265,2019-09-28,1305,019128,,6,1,9,3900,0,3,5,,2,090,"HARNEY LANE","DAVIS ROAD",4171.00,E,N,A,-,N,,,,,,,,,,Y,3,0,1,1,A,-,01,23152,A,M,F,A,A,A,H,-,A,D,0,,,,,Y,Y,A,07,0,1,0,0,0,0,0,0,0,"- ","- ",38.101070404052734,-121.31932067871094,"SAN JOAQUIN",UNINCORPORATED,-121.31937408447266,38.101097106933594
91093847,2019,2019-10-09,9265,2019-09-27,1405,013539,,5,2,2,3920,0,1,1,,2,502,"I-5 N/B","LOUISE AVE",2100.00,S,N,A,-,Y,,,5,,,,,,N,N,4,0,1,2,A,-,03,22350,,F,C,C,A,A,H,-,A,D,0,,,,,Y,,A,01,0,0,1,0,0,0,0,0,0,"- ","- ",37.806068420410156,-121.29750061035156,"SAN JOAQUIN",LATHROP,-121.29747772216797,37.806060791015625
91094538,2019,2019-10-10,9265,2019-09-30,0930,019341,,1,1,9,3900,0,1,1,,2,505,"I-5 N/B","BARBER RD",721.00,S,N,A,B,Y,,,5,,,,,,N,Y,4,0,1,2,A,-,07,21658,A,N,B,C,A,A,H,-,A,D,0,,,,,Y,,A,01,0,0,1,0,0,0,0,0,0,"- ","- ",38.244140625,-121.44332122802734,"SAN JOAQUIN",UNINCORPORATED,-121.44336700439453,38.244113922119141
91094564,2019,2019-10-10,9266,2019-09-27,1758,020083,,5,2,5,3906,0,1,1,,2,014,"I-205 E/B","TRACY BLVD",2640.00,W,N,A,-,Y,,,205,,,,,,E,Y,2,0,3,4,A,-,03,22350,,N,C,C,A,A,H,-,A,D,0,,,,,Y,,A,01,1,0,2,0,0,0,0,0,0,"- ","- ",37.761341094970703,-121.44567108154297,"SAN JOAQUIN",TRACY,-121.44558715820312,37.761127471923828
91094663,2019,2019-10-10,9265,2019-09-30,1530,019885,,1,2,9,3900,0,3,5,,2,090,"SR-99 W FRONTAGE RD","WOODBRIDGE RD",0.00,,Y,A,-,N,,,,,,,,,,Y,2,0,2,2,A,-,09,21802,A,N,D,C,A,A,H,-,A,A,0,,,,,Y,,A,01,1,1,0,0,0,0,0,0,0,"- ","- ",38.160011291503906,-121.26363372802734,"SAN JOAQUIN",UNINCORPORATED,-121.263384,38.160218999999998
91094942,2019,2019-10-10,9265,2019-09-20,1835,018836,,5,2,5,3902,0,1,3,,2,006,"SR-99 N/B FROM KETTLEMAN LN","KETTLEMAN LN",135.00,N,N,A,-,Y,,,99,,,,R,,N,Y,4,0,1,1,A,-,08,22107,,N,E,I,A,A,H,-,A,D,0,,,,,Y,,A,01,0,0,1,0,0,0,0,0,0,"- ","- ",38.11669921875,-121.25727844238281,"SAN JOAQUIN",LODI,-121.25727844238281,38.11669921875
91095340,2019,2019-10-11,9265,2019-10-01,2244,018511,,2,3,9,3900,0,3,5,,2,060,"CHEROKEE RD","ALPINE RD",0.00,,Y,A,-,N,,,,,,,,,,Y,4,0,1,1,A,-,12,22450,A,N,E,I,A,A,H,-,C,A,0,,,,,Y,,A,07,0,0,1,0,0,0,0,0,0,"- ","- ",38.026100158691406,-121.21109771728516,"SAN JOAQUIN",UNINCORPORATED,-121.21134185791016,38.02587890625
91096288,2019,2019-10-14,9265,2019-10-02,1610,019885,,3,2,9,3900,0,2,4,,1,093,"DEVRIES RD","PELTIER RD",0.00,,Y,A,-,N,,,,,,,,,,Y,4,0,2,3,A,-,09,21802,A,F,D,C,A,A,H,-,A,D,0,,,,,Y,,A,01,0,0,2,0,0,0,0,0,0,"- ","- ",38.18927001953125,-121.35395812988281,"SAN JOAQUIN",UNINCORPORATED,-121.35398000000001,38.18927
91096427,2019,2019-10-14,9265,2019-09-16,1024,015629,,1,1,6,3905,0,1,1,,2,504,"I-5 S/B","HAMMER LANE",4752.00,N,N,C,-,Y,,,5,,,,,,S,Y,1,1,1,1,A,-,03,22350,,N,E,I,A,B,H,-,A,D,0,,,,,Y,,A,01,1,0,0,0,0,0,0,0,0,"- ","- ",38.033420562744141,-121.36509704589844,"SAN JOAQUIN",STOCKTON,-121.36498260498047,38.033477783203125
91096913,2019,2019-10-14,9266,2019-10-03,0723,018544,,4,1,9,3900,0,3,5,,2,001,"LAMMERS ROAD","TRACY BLVD",540.00,W,N,A,-,N,,,,,,,,,,N,2,0,1,2,A,-,03,22350,,N,C,G,A,A,H,-,B,D,0,,Y,,,Y,,A,01,1,0,0,0,0,0,1,0,0,"- ","- ",37.790370941162109,-121.44947814941406,"SAN JOAQUIN",UNINCORPORATED,-121.44824981689453,37.790363311767578