CASE_ID,ACCIDENT_YEAR,PROC_DATE,JURIS,COLLISION_DATE,COLLISION_TIME,OFFICER_ID,REPORTING_DISTRICT,DAY_OF_WEEK,CHP_SHIFT,POPULATION,CNTY_CITY_LOC,SPECIAL_COND,BEAT_TYPE,CHP_BEAT_TYPE,CITY_DIVISION_LAPD,CHP_BEAT_CLASS,BEAT_NUMBER,PRIMARY_RD,SECONDARY_RD,DISTANCE,DIRECTION,INTERSECTION,WEATHER_1,WEATHER_2,STATE_HWY_IND,CALTRANS_COUNTY,CALTRANS_DISTRICT,STATE_ROUTE,ROUTE_SUFFIX,POSTMILE_PREFIX,POSTMILE,LOCATION_TYPE,RAMP_INTERSECTION,SIDE_OF_HWY,TOW_AWAY,COLLISION_SEVERITY,NUMBER_KILLED,NUMBER_INJURED,PARTY_COUNT,PRIMARY_COLL_FACTOR,PCF_CODE_OF_VIOL,PCF_VIOL_CATEGORY,PCF_VIOLATION,PCF_VIOL_SUBSECTION,HIT_AND_RUN,TYPE_OF_COLLISION,MVIW,PED_ACTION,ROAD_SURFACE,ROAD_COND_1,ROAD_COND_2,LIGHTING,CONTROL_DEVICE,CHP_ROAD_TYPE,PEDESTRIAN_ACCIDENT,BICYCLE_ACCIDENT,MOTORCYCLE_ACCIDENT,TRUCK_ACCIDENT,NOT_PRIVATE_PROPERTY,ALCOHOL_INVOLVED,STWD_VEHTYPE_AT_FAULT,CHP_VEHTYPE_AT_FAULT,COUNT_SEVERE_INJ,COUNT_VISIBLE_INJ,COUNT_COMPLAINT_PAIN,COUNT_PED_KILLED,COUNT_PED_INJURED,COUNT_BICYCLIST_KILLED,COUNT_BICYCLIST_INJURED,COUNT_MC_KILLED,COUNT_MC_INJURED,PRIMARY_RAMP,SECONDARY_RAMP,LATITUDE,LONGITUDE,COUNTY,CITY,POINT_X,POINT_Y
91097659,2019,2019-10-21,9265,2019-09-24,1409,017537,,2,2,9,3900,0,2,4,,1,091,"LOWER SACRAMENTO RD","ARMSTRONG RD",2429.00,N,N,A,-,N,,,,,,,,,,Y,4,0,1,1,A,-,08,22107,,N,F,A,A,A,H,-,A,D,0,,,,,Y,,A,01,0,0,1,0,0,0,0,0,0,"- ","- ",38.093299865722656,-121.31025695800781,"SAN JOAQUIN",UNINCORPORATED,-121.31047821044922,38.09320068359375
91097924,2019,2019-10-15,9266,2019-10-09,0600,018217,,3,1,9,3900,0,1,1,,2,014,"I-205 W/B","MOUNTAIN HOUSE PKWY",3400.00,E,N,A,-,Y,,,205,,,,,,W,Y,2,0,1,2,A,-,07,21658,A,N,B,C,A,A,H,-,D,D,0,,,Y,,Y,,A,01,1,0,0,0,0,0,0,0,1,"- ","- ",37.741718292236328,-121.51944732666016,"SAN JOAQUIN",UNINCORPORATED,-121.51944732666016,37.741817474365234
91097949,2019,2019-10-15,9266,2019-10-12,0809,015029,,6,1,9,3900,0,1,1,,2,014,"I-205 E/B","MOUNTAIN HOUSE PKWY",3195.00,W,N,A,-,Y,,,,,,,,,,Y,2,0,1,1,A,-,08,22107,,N,E,I,A,A,H,-,A,D,0,,,,,Y,,A,01,1,0,0,0,0,0,0,0,0,"- ","- ",37.443000793457031,-121.31269836425781,"SAN JOAQUIN",UNINCORPORATED,-121.54264068603516,37.743091583251953
91099433,2019,2019-10-17,9266,2019-10-16,1430,018751,,3,2,9,3900,0,2,4,,1,016,"GRANT LINE ROAD","BERRY AVENUE",0.00,,Y,A,-,N,,,,,,,,,,Y,4,0,1,2,A,-,09,21802,A,N,B,C,A,A,H,-,A,D,0,,,,,Y,,A,01,0,0,1,0,0,0,0,0,0,"- ","- ",37.754199981689453,-121.35845947265625,"SAN JOAQUIN",UNINCORPORATED,-121.35810089111328,37.754119873046875
91099557,2019,2019-10-17,9265,2019-10-14,0950,015490,,1,1,9,3900,0,3,5,,2,060,"E. SR-99 FRONTAGE RD.","SR-99 N/B TO EIGHT MILE RD.",0.00,,Y,A,-,N,,,,,,,,,,Y,3,0,2,2,A,-,09,21801,A,N,A,C,A,A,H,-,A,D,0,,,,,Y,,D,22,0,1,1,0,0,0,0,0,0,"- ","- ",38.056049346923828,-121.25804138183594,"SAN JOAQUIN",UNINCORPORATED,-121.258019,38.056061999999997
91099896,2019,2019-10-17,9265,2019-10-08,1810,013539,,2,2,2,3920,0,1,1,,2,502,"I-5 N/B","ROTH ROAD",600.00,N,N,A,-,Y,,,,,,,,,,Y,4,0,2,2,A,-,03,22350,,N,C,C,A,A,H,-,A,D,0,,,,,Y,,A,01,0,0,2,0,0,0,0,0,0,"- ","- ",37.860790252685547,-121.28035736083984,"SAN JOAQUIN",LATHROP,-121.28151702880859,37.857143402099609
91099916,2019,2019-10-17,9265,2019-10-08,1745,019182,,2,2,6,3905,0,1,3,,1,042,"SR-4 W/B","EL DORADO ST",1109.00,W,N,A,-,Y,,,,,,,,,,N,4,0,1,3,A,-,03,22350,,N,C,C,A,A,H,-,B,D,0,,,,,Y,,A,01,0,0,1,0,0,0,0,0,0,"- ","- ",37.9298095703125,-121.29546356201172,"SAN JOAQUIN",STOCKTON,-121.29290008544922,37.949752807617188
9110262,2020,2020-09-14,3905,2020-06-05,1516,2529,,5,5,6,3905,0,0,0,,0,,"FITE CT","ARCH RD",0.00,,Y,A,-,N,,,,,,,,,,,4,0,2,3,A,-,12,21453,A,N,C,C,A,A,H,-,A,A,0,,,,Y,Y,,A,01,0,0,2,0,0,0,0,0,0,"- ","- ",37.905300140380859,-121.20828247070312,"SAN JOAQUIN",STOCKTON,-121.20832061767578,37.905281066894531
9110270,2020,2020-09-01,3905,2020-06-09,1230,2992,PAR,2,5,6,3905,0,0,0,,0,,"WILSON WY","MARKET ST",0.00,,Y,A,-,N,,,,,,,,,,,4,0,1,2,A,-,12,21453,A,N,D,C,A,A,H,-,A,A,0,,,,,Y,,D,22,0,0,1,0,0,0,0,0,0,"- ","- ",37.954139709472656,-121.27245330810547,"SAN JOAQUIN",STOCKTON,-121.27130126953125,37.954818725585938
9110271,2020,2020-09-01,3905,2020-06-09,1731,2837,PAR,2,5,6,3905,0,0,0,,0,PAR,"FREMONT ST","A ST",0.00,,Y,A,-,N,,,,,,,,,,Y,4,0,1,2,A,-,09,21801,A,N,D,C,A,A,H,-,A,D,0,,,,,Y,,A,07,0,0,1,0,0,0,0,0,0,"- ","- ",37.960811614990234,-121.26924896240234,"SAN JOAQUIN",STOCKTON,-121.26812744140625,37.961521148681641
91103613,2019,2019-10-23,9266,2019-10-21,0405,013650,,1,3,9,3900,0,1,1,,2,024,"I-5 S/B","PARADISE CUT U/C",395.00,S,N,A,-,Y,,,5,,,,,,S,Y,3,0,4,3,A,-,03,22350,,N,C,C,A,A,H,-,D,D,0,,,,,Y,,A,01,0,1,3,0,0,0,0,0,0,"- ","- ",37.768848419189453,-121.32997894287109,"SAN JOAQUIN",UNINCORPORATED,-121.32991027832031,37.768749237060547
9110400,2020,2020-10-20,3905,2020-06-23,0420,2966,SEA,2,5,6,3905,0,0,0,,0,,"MARTIN LUTHER KING BL","EL DORADO ST",0.00,,Y,A,-,N,,,,,,,,,,Y,3,0,3,2,A,-,12,21453,A,F,D,C,A,A,H,-,C,A,0,,,,,Y,,A,01,0,1,2,0,0,0,0,0,0,"- ","- ",37.938930511474609,-121.28616333007812,"SAN JOAQUIN",STOCKTON,-121.28604888916016,37.939010620117188
9110481,2020,2020-09-14,3905,2020-05-06,1524,2463,CIV,3,5,6,3905,0,0,0,,0,,"HUNTER ST","PARK ST",0.00,,Y,A,-,N,,,,,,,,,,Y,3,0,3,2,A,-,12,22450,,N,D,C,A,A,H,-,A,A,0,,,,,Y,Y,A,01,0,2,1,0,0,0,0,0,0,"- ","- ",37.959911346435547,-121.290283203125,"SAN JOAQUIN",STOCKTON,-121.29039764404297,37.95989990234375
91105243,2019,2019-10-24,9265,2019-10-15,0728,019073,,2,1,9,3900,0,3,5,,2,010,"FRENCH CAMP RD","N. RIPON RD",0.00,,Y,A,-,N,,,,,,,,,,Y,3,0,1,2,A,-,09,21801,A,N,B,C,A,A,H,-,A,A,0,,,,Y,Y,,G,25,0,1,0,0,0,0,0,0,0,"- ","- ",37.815731048583984,-121.12570190429688,"SAN JOAQUIN",UNINCORPORATED,-121.12595367431641,37.815761566162109
91105274,2019,2019-10-24,9265,2019-10-13,2220,021781,,7,3,9,3900,0,2,4,,1,064,"HIBBARD ROAD","HARNEY LANE",0.00,,Y,A,-,N,,,,,,,,,,Y,4,0,2,2,A,-,09,21802,A,N,D,C,A,A,H,-,D,A,0,,,,,Y,,D,22,0,0,2,0,0,0,0,0,0,"- ","- ",38.101749420166016,-121.16677093505859,"SAN JOAQUIN",UNINCORPORATED,-121.16674041748047,38.101768493652344
91106785,2019,2019-10-25,9265,2019-10-17,1018,017439,,4,1,9,3900,0,2,4,,1,015,"COPPEROPOLIS RD","ESCALON BELLOTA RD",0.00,,Y,A,-,N,,,,,,,,,,Y,4,0,5,3,A,-,09,21802,A,N,D,C,A,A,H,-,A,A,0,,,,,Y,,A,01,0,0,5,0,0,0,0,0,0,"- ","- ",37.973468780517578,-120.99948120117188,"SAN JOAQUIN",UNINCORPORATED,-120.99962615966797,37.973468780517578
91108095,2019,2019-10-28,9266,2019-10-16,1745,019312,,3,2,9,3900,0,2,4,,2,013,"BYRON ROAD","REEVE ROAD",0.00,,Y,A,-,N,,,,,,,,,,Y,4,0,1,2,A,-,05,21460,C,N,D,C,A,A,H,-,B,D,0,,,,,Y,,A,01,0,0,1,0,0,0,0,0,0,"- ","- ",37.763198852539062,-121.49960327148438,"SAN JOAQUIN",UNINCORPORATED,-121.49969,37.763129999999997
91108664,2019,2019-10-29,9265,2019-10-20,2353,021440,,7,3,9,3900,0,1,3,,1,011,"SR 120 W/B TO I-5 N/B","GUTHMILLER RD",3802.00,W,N,A,-,Y,,,120,,,,R,,W,Y,3,0,1,1,A,-,01,23152,A,N,E,I,A,A,H,-,D,A,0,,,,,Y,Y,A,01,0,1,0,0,0,0,0,0,0,"- ","- ",37.789779663085938,-121.30033874511719,"SAN JOAQUIN",UNINCORPORATED,-121.30033874511719,37.789779663085938
91109293,2019,2019-10-29,9265,2019-10-19,1610,013539,,6,2,6,3905,0,1,1,,2,503,"I-5 S/B","FRENCH CAMP ROAD",2007.00,N,N,B,-,Y,,,5,,,,,,S,Y,4,0,1,1,A,-,08,22107,,N,E,I,A,A,H,-,A,D,0,,,,,Y,,A,01,0,0,1,0,0,0,0,0,0,"- ","- ",37.902610778808594,-121.28605651855469,"SAN JOAQUIN",STOCKTON,-121.28598022460938,37.902637481689453
91111422,2019,2019-11-01,9265,2019-10-17,2159,013193,,4,2,9,3900,0,1,1,,2,505,"I-5 S/B",SR-12,2112.00,N,N,A,-,Y,,,5,,,,,,S,Y,3,0,1,1,A,-,01,23152,G,N,E,I,A,A,H,-,C,D,0,,,,,Y,Y,A,07,0,1,0,0,0,0,0,0,0,"- ","- ",38.127128601074219,-121.40030670166016,"SAN JOAQUIN",UNINCORPORATED,-121.40036010742188,38.127140045166016
91111645,2019,2019-12-11,9265,2019-10-30,0700,013515,,3,1,9,3900,0,1,3,,2,006,"STATE ROUTE 99 (SOUTHBOUND)","COLLIER ROAD",528.00,N,N,A,-,Y,,,99,,,,,,,Y,3,0,2,2,A,-,04,21703,,N,C,C,A,A,H,-,A,D,0,,,,,Y,,D,22,0,1,1,0,0,0,0,0,0,"- ","- ",38.220718383789062,-121.27226257324219,"SAN JOAQUIN",UNINCORPORATED,-121.27227783203125,38.220706939697266
91112507,2019,2019-11-04,9265,2019-10-23,1120,019073,,3,1,9,3900,0,2,4,,1,074,"BENJAMIN HOLT DR","PACIFIC AVE",343.00,W,N,A,-,N,,,,,,,,,,Y,4,0,1,3,A,-,09,21804,A,N,D,C,A,A,H,-,A,A,0,,,,,Y,,A,01,0,0,1,0,0,0,0,0,0,"- ","- ",38.010711669921875,-121.32183837890625,"SAN JOAQUIN",UNINCORPORATED,-121.32180786132812,38.010734558105469
91114077,2019,2019-11-05,9266,2019-11-01,0735,018217,,5,1,9,3900,0,1,3,,1,025,"SR-33 S/B","VERNALIS ROAD",700.00,N,N,A,-,Y,,,33,,,,,,S,Y,4,0,1,1,A,-,08,22107,,N,F,A,A,A,H,-,A,D,0,,,,,Y,,A,01,0,0,1,0,0,0,0,0,0,"- ","- ",37.639640808105469,-121.29705810546875,"SAN JOAQUIN",UNINCORPORATED,-121.29709625244141,37.639602661132812
91115086,2019,2019-11-06,9265,2019-10-28,1117,022365,,1,1,9,3900,0,1,3,,2,004,"SR-99 N/B","CHEROKEE RD",528.00,N,N,A,-,Y,,,99,,,,,,N,Y,4,0,1,2,A,-,03,22350,,N,C,C,A,A,H,-,A,D,0,,,,,Y,,A,01,0,0,1,0,0,0,0,0,0,"- ","- ",37.995090484619141,-121.25370788574219,"SAN JOAQUIN",UNINCORPORATED,-121.25380706787109,37.995052337646484
91115520,2019,2019-11-07,9266,2019-10-31,1515,014717,,4,2,2,3920,0,1,1,,2,024,"I-5 N/B",SR-120,400.00,S,N,A,-,Y,,,,,,,,,,Y,3,0,1,3,A,-,03,22350,,N,C,C,A,A,H,-,A,D,0,,,,Y,Y,,A,01,0,1,0,0,0,0,0,0,0,"- ","- ",37.749561309814453,-121.34568786621094,"SAN JOAQUIN",LATHROP,-121.22038269042969,37.783046722412109
91118001,2019,2019-11-12,9266,2019-11-05,0915,018217,,2,1,9,3900,0,2,4,,2,013,"GRANT LINE ROAD","HANSEN ROAD",1848.00,W,N,A,-,N,,,,,,,,,,Y,4,0,2,2,A,-,03,22350,,N,C,C,A,A,H,-,A,D,0,,,,,Y,,A,01,0,0,2,0,0,0,0,0,0,"- ","- ",37.758308410644531,-121.52021789550781,"SAN JOAQUIN",UNINCORPORATED,-121.51963043212891,37.758285522460938
91118328,2019,2019-11-12,9266,2019-11-07,0115,020599,,4,3,9,3900,0,1,1,,1,015,"I-205 W/B","MACARTHUR DRIVE",528.00,E,N,A,-,Y,,,,,,,,,,Y,4,0,1,2,A,-,01,23152,A,N,C,C,A,A,H,-,C,D,0,,,,Y,Y,Y,A,01,0,0,1,0,0,0,0,0,0,"- ","- ",37.764659881591797,-121.41275024414062,"SAN JOAQUIN",UNINCORPORATED,-121.4129638671875,37.764656066894531
91118809,2019,2019-11-13,9265,2019-11-04,1148,015629,,1,1,6,3905,0,1,1,,2,504,"I-5 N/B TO MARCH LANE","MARCH LANE",180.00,S,N,A,-,Y,,,5,,,,R,,N,Y,4,0,2,3,A,-,03,22350,,N,C,C,A,A,H,-,A,A,0,,,,,Y,,A,07,0,0,2,0,0,0,0,0,0,"- ","- ",37.983810424804688,-121.34255218505859,"SAN JOAQUIN",STOCKTON,-121.34255218505859,37.983810424804688
91119489,2019,2019-11-13,9265,2019-11-05,1650,022356,,2,2,9,3900,0,3,5,,2,030,"MATHEWS RD","BRIGHT RD",190.00,E,N,A,-,N,,,,,,,,,,Y,4,0,1,2,A,-,03,22350,,N,C,C,A,A,H,-,A,D,0,,,,,Y,,A,01,0,0,1,0,0,0,0,0,0,"- ","- ",37.882431030273438,-121.29132080078125,"SAN JOAQUIN",UNINCORPORATED,-121.29134368896484,37.8824462890625
91119643,2019,2019-11-13,9265,2019-11-03,1808,022356,,7,2,9,3900,0,3,5,,2,050,"GUERNSEY AVE","HINKLEY AVE",60.00,E,N,A,-,N,,,,,,,,,,Y,4,0,1,3,C,-,18,,,F,B,C,E,A,H,-,D,D,0,Y,,,,Y,,-,"- ",0,0,1,0,0,0,0,0,0,"- ","- ",37.951919555664062,-121.23533630371094,"SAN JOAQUIN",UNINCORPORATED,-121.23540496826172,37.951877593994141
91120449,2019,2019-11-14,9265,2019-11-04,1520,017439,,1,2,4,3903,0,1,3,,2,025,"SR-120 E/B","MOFFAT BLVD",300.00,W,N,A,-,Y,,,,,,,,,,Y,4,0,1,2,A,-,07,21658,A,M,B,C,A,A,H,-,A,D,0,,,,,Y,,-,99,0,0,1,0,0,0,0,0,0,"- ","- ",37.465900421142578,-121.11489868164062,"SAN JOAQUIN",MANTECA,-121.19674682617188,37.783191680908203
91120607,2019,2019-11-14,9266,2019-11-03,1400,021975,,7,2,9,3900,0,1,3,,1,011,"SR-4 W/B","OLD RIVER BRIDGE",11.00,E,N,A,-,Y,,,4,,,,,,W,Y,4,0,1,1,C,-,18,,,N,E,I,A,A,H,-,A,D,0,,,,,Y,,-,"- ",0,0,1,0,0,0,0,0,0,"- ","- ",37.890121459960938,-121.56938171386719,"SAN JOAQUIN",UNINCORPORATED,-121.56938171386719,37.890010833740234
91124475,2019,2019-11-20,9266,2019-11-15,1732,019012,,5,2,2,3920,0,1,1,,2,024,"I-5 N/B","STEWART ROAD",200.00,N,N,A,-,Y,,,5,,,,,,N,N,4,0,1,2,A,-,03,22350,,N,C,C,A,A,H,-,D,D,0,,,,,Y,,D,22,0,0,1,0,0,0,0,0,0,"- ","- ",37.78070068359375,-121.31289672851562,"SAN JOAQUIN",LATHROP,-121.31291961669922,37.780731201171875
91124882,2019,2019-11-20,9265,2019-11-09,2240,021440,,6,3,9,3900,0,1,3,,1,041,"SR-4 W/B","INLAND DR",0.00,,Y,A,-,Y,,,4,,,,,,W,Y,3,0,3,2,A,-,09,21802,A,N,A,C,A,A,H,-,D,D,0,,,,,Y,,A,07,0,1,2,0,0,0,0,0,0,"- ","- ",37.926898956298828,-121.39703369140625,"SAN JOAQUIN",UNINCORPORATED,-121.39703369140625,37.926891326904297
91125871,2019,2019-11-21,9265,2019-11-10,2312,018511,,7,3,9,3900,0,1,3,,2,006,"SR-99 N/B","KETTLEMAN LN",2112.00,S,N,A,-,Y,,,99,,,,,,N,Y,4,0,1,2,A,-,03,22350,,N,C,C,A,A,H,-,C,D,0,,,,,Y,,A,01,0,0,1,0,0,0,0,0,0,"- ","- ",38.109939575195312,-121.25900268554688,"SAN JOAQUIN",UNINCORPORATED,-121.25916290283203,38.109973907470703
91127528,2019,2019-11-22,9265,2019-08-10,2302,021401,,6,3,9,3900,0,3,5,,2,060,"N. ALPINE ROAD","FINKBOHNER ROAD",660.00,S,N,A,-,N,,,,,,,,,,Y,1,1,1,2,A,-,01,23152,G,N,A,C,A,A,H,-,D,D,0,,,,,Y,Y,A,01,1,0,0,0,0,0,0,0,0,"- ","- ",37.979808807373047,-121.19078826904297,"SAN JOAQUIN",UNINCORPORATED,-121.19070434570312,37.979732513427734
9112812,2020,2020-08-26,3906,2020-06-16,2130,1655,,2,5,5,3906,0,0,0,,0,002,"CHERRY BLOSSOM LN","WINDSONG DR",58.00,W,N,A,-,N,,,,,,,,,,Y,3,0,2,3,A,-,01,23152,A,N,A,E,A,A,H,-,C,D,0,,,,,Y,Y,A,01,0,2,0,0,0,0,0,0,0,"- ","- ",,,"SAN JOAQUIN",TRACY,-121.44342041015625,37.702724456787109
9112816,2020,2020-08-26,3906,2020-06-20,1130,941,,6,5,5,3906,0,0,0,,0,002,"11TH ST","TRACY BL",242.00,W,N,A,-,N,,,,,,,,,,Y,3,0,1,1,A,-,08,22107,,N,E,I,A,A,H,-,A,D,0,,,,,Y,,A,07,0,1,0,0,0,0,0,0,0,"- ","- ",,,"SAN JOAQUIN",TRACY,-121.43721771240234,37.739677429199219
91128882,2019,2019-11-25,9265,2019-11-14,1740,020313,,4,2,6,3905,0,1,3,,2,003,"ORO AVE","MYRTLE ST",0.00,,Y,A,-,N,,,,,,,,,,N,4,0,1,2,A,-,21,22106,,N,D,G,A,A,H,-,D,D,0,,Y,,,Y,,L,04,0,0,1,0,0,0,1,0,0,"- ","- ",37.965778350830078,-121.2388916015625,"SAN JOAQUIN",STOCKTON,-121.23883056640625,37.96575927734375
91129017,2019,2019-11-25,9266,2019-11-16,1125,018217,,6,1,5,3906,0,1,1,,2,014,"I-205 E/B","TRACY BLVD",1100.00,W,N,A,-,Y,,,205,,,,,,E,Y,4,0,2,3,A,-,07,21658,A,N,B,C,A,A,H,-,A,D,0,,,,,Y,,-,"- ",0,0,2,0,0,0,0,0,0,"- ","- ",37.762840270996094,-121.43833160400391,"SAN JOAQUIN",TRACY,-121.43833160400391,37.762790679931641
91129169,2019,2019-11-25,9266,2019-11-23,1600,018217,,6,2,5,3906,0,1,1,,1,015,"I-205 E/B","MACARTHUR DRIVE",400.00,E,N,A,-,Y,,,205,,,,,,E,Y,3,0,1,2,A,-,03,22350,,N,C,C,A,A,H,-,A,D,0,,,,,Y,,A,01,0,1,0,0,0,0,0,0,0,"- ","- ",37.76470947265625,-121.41159057617188,"SAN JOAQUIN",TRACY,-121.41157531738281,37.764560699462891
91129393,2019,2019-11-25,9265,2019-11-10,0300,019128,,7,3,9,3900,0,1,3,,2,004,"SR-99 S/B TO WATERLOO ROAD","WATERLOO ROAD",100.00,N,N,A,-,Y,,,99,,,,R,,S,N,4,0,1,2,A,-,00,22017,,M,B,C,A,A,H,-,C,D,0,,,,,Y,,A,01,0,0,1,0,0,0,0,0,0,"- ","- ",37.985401153564453,-121.25092315673828,"SAN JOAQUIN",UNINCORPORATED,-121.25092315673828,37.985401153564453
91129916,2019,2019-11-26,9265,2019-11-05,1500,022364,,2,2,9,3900,0,2,4,,1,052,"WATERLOO WB","REPORT AVE",0.00,,Y,A,-,Y,,,,,,,,,,N,3,0,1,2,A,-,09,21802,A,F,D,G,A,A,H,-,A,A,0,,Y,,,Y,,A,08,0,1,0,0,0,0,1,0,0,"- ","- ",37.981830596923828,-121.25457763671875,"SAN JOAQUIN",UNINCORPORATED,-121.25450897216797,37.981769561767578
91133850,2019,2019-12-03,9265,2019-11-21,0740,017989,,4,1,6,3905,0,1,3,,1,042,"SR-4 W/B","CENTER ST",150.00,E,N,A,-,Y,,,4,,,,,,W,N,4,0,1,2,A,-,03,22350,,N,C,C,A,A,A,-,A,D,0,,,,,Y,,D,22,0,0,1,0,0,0,0,0,0,"- ","- ",37.95037841796875,-121.28987121582031,"SAN JOAQUIN",STOCKTON,-121.28984832763672,37.95025634765625
91134303,2019,2019-12-03,9265,2019-11-15,0900,015756,,5,1,9,3900,0,3,5,,2,030,"MARIPOSA RD","JULIET RD",0.00,,Y,A,-,N,,,,,,,,,,N,3,0,1,2,A,-,09,21801,A,N,D,B,A,A,H,-,A,D,0,,,Y,,Y,,A,01,0,1,0,0,0,0,0,0,1,"- ","- ",37.940330505371094,-121.24681854248047,"SAN JOAQUIN",UNINCORPORATED,-121.24688720703125,37.940299987792969
91134338,2019,2019-12-03,9265,2019-11-18,1907,019657,,1,2,9,3900,0,3,5,,2,060,"EIGHT MILE ROAD","ALPINE ROAD",0.00,,Y,A,-,N,,,,,,,,,,Y,3,0,3,2,A,-,12,22450,A,N,A,C,A,A,H,-,D,A,0,,,,,Y,,A,01,0,1,2,0,0,0,0,0,0,"- ","- ",38.057830810546875,-121.21028137207031,"SAN JOAQUIN",UNINCORPORATED,-121.21025848388672,38.057811737060547
91135486,2019,2019-12-04,9266,2019-12-03,0808,018217,,2,1,9,3900,0,2,4,,2,028,"SCHULTE ROAD","INTERNATIONAL PKWY",600.00,W,N,B,-,N,,,,,,,,,,Y,4,0,1,2,A,-,03,22350,,N,B,C,A,B,H,-,A,D,0,,,,Y,Y,,A,01,0,0,1,0,0,0,0,0,0,"- ","- ",37.723438262939453,-121.53394317626953,"SAN JOAQUIN",UNINCORPORATED,-121.53394317626953,37.723438262939453
91136002,2019,2019-12-04,9265,2019-11-23,1515,020313,,6,2,4,3903,0,1,3,,2,025,"SR-120 E/B","VAN RYN O/C",1320.00,W,N,A,-,Y,,,120,,,,,,E,Y,4,0,4,2,A,-,03,22350,,N,C,C,A,A,H,-,A,D,0,,,,,Y,,A,01,0,0,4,0,0,0,0,0,0,"- ","- ",37.783149719238281,-121.2052001953125,"SAN JOAQUIN",MANTECA,-121.2052001953125,37.783206939697266
91138638,2019,2019-12-10,9266,2019-11-27,1435,018888,,3,2,9,3900,0,1,3,,1,026,SR-132,SR-33,2640.00,W,N,C,-,Y,,,132,,,,,,,Y,4,0,2,2,A,-,03,22350,,N,C,C,A,B,H,-,A,D,0,,,,,Y,,A,01,0,0,2,0,0,0,0,0,0,"- ","- ",37.63800048828125,-121.29869842529297,"SAN JOAQUIN",UNINCORPORATED,-121.29869842529297,37.63800048828125
91138673,2019,2019-12-10,9266,2019-12-04,0730,013668,,3,1,9,3900,0,1,1,,2,021,"I-580 W/B","PATTERSON PASS ROAD",13200.00,E,N,B,C,Y,,,580,,,,,,W,Y,3,0,4,3,A,-,03,22350,,N,C,C,A,B,H,-,A,D,0,,,,,Y,,D,22,0,1,3,0,0,0,0,0,0,"- ","- ",37.6976318359375,-121.49878692626953,"SAN JOAQUIN",UNINCORPORATED,-121.49880218505859,37.697605133056641
91139124,2019,2019-12-10,9265,2019-11-27,1435,017537,,3,2,9,3900,0,2,4,,1,014,"MARIPOSA RD","BRENNAN RD",3696.00,W,N,B,F,N,,,,,,,,,,Y,4,0,1,1,C,-,18,,,N,E,I,A,C,F,-,A,D,0,,,,,Y,,-,"- ",0,0,1,0,0,0,0,0,0,"- ","- ",37.849269866943359,-121.02703094482422,"SAN JOAQUIN",UNINCORPORATED,-121.02735900878906,37.849311828613281
91139797,2019,2020-02-24,9265,2019-11-28,2020,020156,,4,2,9,3900,0,2,4,,1,031,"FRENCH CAMP RD","AIRPORT WAY",2323.00,W,N,B,-,N,,,,,,,,,,Y,4,0,1,2,A,-,08,22107,,N,D,C,A,B,H,-,D,D,0,,,,,Y,,A,07,0,0,1,0,0,0,0,0,0,"- ","- ",37.877830505371094,-121.25993347167969,"SAN JOAQUIN",UNINCORPORATED,-121.25357055664062,37.873691558837891
91140186,2019,2019-12-10,9265,2019-11-28,0208,019341,,4,3,6,3905,0,1,1,,2,503,"I-5 S/B","WALKER SLOUGH",48.00,S,N,B,C,Y,,,5,,,,,,S,Y,4,0,1,2,A,-,03,22350,,N,C,C,A,B,H,-,D,D,0,,,,Y,Y,,D,22,0,0,1,0,0,0,0,0,0,"- ","- ",37.917339324951172,-121.29123687744141,"SAN JOAQUIN",STOCKTON,-121.29128265380859,37.917324066162109
91140329,2019,2019-12-10,9266,2019-12-09,1725,019532,,1,2,9,3900,0,2,4,,1,016,"GRANT LINE ROAD","BANTA ROAD",300.00,W,N,A,-,N,,,,,,,,,,Y,3,0,3,2,A,-,03,22350,,N,C,C,A,A,H,-,C,D,0,,,,,Y,,A,01,0,1,2,0,0,0,0,0,0,"- ","- ",37.754501342773438,-121.38101959228516,"SAN JOAQUIN",UNINCORPORATED,-121.38105010986328,37.754528045654297
91140374,2019,2019-12-10,9265,2019-09-04,2256,021440,,3,3,9,3900,0,3,5,,2,020,"MCKINLEY AVE","ROTH RD",575.00,N,N,A,-,N,,,,,,,,,,N,1,1,0,2,A,-,11,21954,A,N,G,D,E,A,H,-,D,A,0,Y,,,,Y,,N,60,0,0,0,1,0,0,0,0,0,"- ","- ",37.857200622558594,-121.27429962158203,"SAN JOAQUIN",UNINCORPORATED,-121.27436828613281,37.857170104980469
91140457,2019,2019-12-10,9265,2019-11-30,0130,022364,,6,3,9,3900,0,2,4,,1,091,"EIGHT MILE ROAD","LOWER SACRAMENTO RD",117.00,E,N,B,-,N,,,,,,,,,,Y,3,0,1,2,A,-,01,23152,A,N,C,C,A,B,H,-,C,A,0,,,,,Y,Y,A,01,0,1,0,0,0,0,0,0,0,"- ","- ",38.057640075683594,-121.31008148193359,"SAN JOAQUIN",UNINCORPORATED,-121.31057739257812,38.057609558105469