CASE_ID,ACCIDENT_YEAR,PROC_DATE,JURIS,COLLISION_DATE,COLLISION_TIME,OFFICER_ID,REPORTING_DISTRICT,DAY_OF_WEEK,CHP_SHIFT,POPULATION,CNTY_CITY_LOC,SPECIAL_COND,BEAT_TYPE,CHP_BEAT_TYPE,CITY_DIVISION_LAPD,CHP_BEAT_CLASS,BEAT_NUMBER,PRIMARY_RD,SECONDARY_RD,DISTANCE,DIRECTION,INTERSECTION,WEATHER_1,WEATHER_2,STATE_HWY_IND,CALTRANS_COUNTY,CALTRANS_DISTRICT,STATE_ROUTE,ROUTE_SUFFIX,POSTMILE_PREFIX,POSTMILE,LOCATION_TYPE,RAMP_INTERSECTION,SIDE_OF_HWY,TOW_AWAY,COLLISION_SEVERITY,NUMBER_KILLED,NUMBER_INJURED,PARTY_COUNT,PRIMARY_COLL_FACTOR,PCF_CODE_OF_VIOL,PCF_VIOL_CATEGORY,PCF_VIOLATION,PCF_VIOL_SUBSECTION,HIT_AND_RUN,TYPE_OF_COLLISION,MVIW,PED_ACTION,ROAD_SURFACE,ROAD_COND_1,ROAD_COND_2,LIGHTING,CONTROL_DEVICE,CHP_ROAD_TYPE,PEDESTRIAN_ACCIDENT,BICYCLE_ACCIDENT,MOTORCYCLE_ACCIDENT,TRUCK_ACCIDENT,NOT_PRIVATE_PROPERTY,ALCOHOL_INVOLVED,STWD_VEHTYPE_AT_FAULT,CHP_VEHTYPE_AT_FAULT,COUNT_SEVERE_INJ,COUNT_VISIBLE_INJ,COUNT_COMPLAINT_PAIN,COUNT_PED_KILLED,COUNT_PED_INJURED,COUNT_BICYCLIST_KILLED,COUNT_BICYCLIST_INJURED,COUNT_MC_KILLED,COUNT_MC_INJURED,PRIMARY_RAMP,SECONDARY_RAMP,LATITUDE,LONGITUDE,COUNTY,CITY,POINT_X,POINT_Y
91188383,2020,2020-02-18,9265,2020-02-09,1550,022356,,7,2,9,3900,0,3,5,,2,010,"LOUISE AVE","JACK TONE RD",2400.00,W,N,A,-,N,,,,,,,,,,Y,2,0,1,1,A,-,08,22107,,N,F,A,A,A,H,-,A,D,0,,,,,Y,,D,22,1,0,0,0,0,0,0,0,0,"- ","- ",37.812339782714844,-121.15213012695312,"SAN JOAQUIN",UNINCORPORATED,-121.14376068115234,37.812198638916016
91189052,2020,2020-02-19,9265,2020-02-03,2000,020248,,1,2,9,3900,0,2,4,,1,074,"BENJAMIN HOLT DR","GETTYSBURG PL",0.00,,Y,A,-,N,,,,,,,,,,Y,4,0,1,2,A,-,12,21453,A,N,D,C,A,A,H,-,C,A,0,,,,,Y,,A,01,0,0,1,0,0,0,0,0,0,"- ","- ",38.010051727294922,-121.32402801513672,"SAN JOAQUIN",UNINCORPORATED,-121.32395935058594,38.010108947753906
91189154,2020,2020-02-19,9265,2020-02-08,1808,020313,,6,2,4,3903,0,1,3,,2,025,"SR-120 E/B","MAIN ST",1600.00,E,N,A,-,Y,,,120,,,,,,E,Y,4,0,1,3,A,-,03,22350,,N,C,C,A,A,H,-,D,D,0,,,,,Y,,A,01,0,0,1,0,0,0,0,0,0,"- ","- ",37.783069610595703,-121.21015930175781,"SAN JOAQUIN",MANTECA,-121.21015930175781,37.783203125
91189659,2020,2020-03-25,9265,2020-02-05,1150,022365,,3,1,9,3900,0,1,3,,1,062,"SR-12 (SR-88)","ATKINS RD",450.00,W,N,A,-,Y,,,88,,,,,,,Y,4,0,1,2,A,-,08,22107,,N,B,C,A,A,H,-,A,D,0,,,,,Y,,A,01,0,0,1,0,0,0,0,0,0,"- ","- ",38.185638427734375,-121.09828948974609,"SAN JOAQUIN",UNINCORPORATED,-121.09827423095703,38.185600280761719
91190240,2020,2020-02-20,9265,2020-01-29,0648,019073,,3,1,9,3900,0,1,3,,1,013,SR-4,"HEWITT RD",188.00,E,N,B,-,Y,,,4,,,,,,,Y,3,0,2,3,A,-,03,22350,,N,C,C,A,A,H,-,B,D,0,,,,,Y,,D,22,0,1,1,0,0,0,0,0,0,"- ","- ",37.929828643798828,-121.03761291503906,"SAN JOAQUIN",UNINCORPORATED,-121.03760528564453,37.929843902587891
91190252,2020,2020-02-20,9265,2020-01-17,2035,022365,,5,2,9,3900,0,2,4,,1,065,"SR-99 E. FRONTAGE RD.","MORADA LANE",500.00,N,N,A,-,Y,,,99,,,,,,,Y,2,0,1,1,A,-,08,22107,,N,E,I,A,A,H,-,D,D,0,,,,,Y,,D,22,1,0,0,0,0,0,0,0,0,"- ","- ",38.038421630859375,-121.25803375244141,"SAN JOAQUIN",UNINCORPORATED,-121.25831604003906,38.038417816162109
91190414,2020,2020-02-20,9266,2020-02-14,1550,018888,,5,2,9,3900,0,1,1,,1,015,"I-205 E/B","PARADISE ROAD",2640.00,E,N,A,-,Y,,,205,,,,,,E,N,4,0,1,2,A,-,03,22350,,N,C,C,A,A,H,-,A,D,0,,,,,Y,,D,22,0,0,1,0,0,0,0,0,0,"- ","- ",37.764900207519531,-121.38059997558594,"SAN JOAQUIN",UNINCORPORATED,-121.38059997558594,37.7647705078125
91190549,2020,2020-02-20,9265,2020-02-11,2055,019136,,2,2,6,3905,0,1,3,,2,004,"SR-99 S/B",SR-26,500.00,N,N,A,-,Y,,,,,,,,,,N,4,0,3,1,A,-,08,22107,,N,E,I,A,A,C,-,C,D,0,,,,,Y,,D,22,0,0,3,0,0,0,0,0,0,"- ","- ",37.970859527587891,-121.24639892578125,"SAN JOAQUIN",STOCKTON,,
91191027,2020,2020-02-21,9265,2020-02-11,0020,019307,,2,3,2,3920,0,1,3,,2,025,"SR-120 W/B","GUTHMILLER ROAD",1700.00,W,N,A,-,Y,,,120,,,,,,W,Y,2,0,1,1,A,-,01,23152,A,N,E,I,A,A,H,-,D,D,0,,,,,Y,Y,A,07,1,0,0,0,0,0,0,0,0,"- ","- ",37.790470123291016,-121.29241180419922,"SAN JOAQUIN",LATHROP,-121.29241180419922,37.7904052734375
91191812,2020,2020-02-24,9265,2020-02-12,1205,019182,,3,1,4,3903,0,1,3,,2,001,"SR-99 S/B","AUSTIN RD",45.00,N,N,A,-,Y,,,99,,,,,,S,Y,4,0,2,4,A,-,03,22350,,N,C,C,A,A,H,-,A,D,0,,,,,Y,,D,22,0,0,2,0,0,0,0,0,0,"- ","- ",37.775058746337891,-121.17961883544922,"SAN JOAQUIN",MANTECA,-121.17974090576172,37.77490234375
91192291,2020,2020-02-24,9266,2020-02-12,0800,022498,,3,1,9,3900,0,3,5,,2,003,"CENTRAL PARKWAY","HERITAGE DRIVE",6.00,S,N,A,-,N,,,,,,,,,,N,4,0,1,2,A,-,10,21950,A,M,D,C,A,A,H,-,A,A,0,,,Y,,Y,,-,99,0,0,1,0,0,0,0,0,1,"- ","- ",37.770889282226562,-121.54692077636719,"SAN JOAQUIN",UNINCORPORATED,-121.54707336425781,37.770984649658203
91192760,2020,2020-02-25,9265,2020-02-14,0743,019073,,5,1,9,3900,0,1,3,,2,004,"SR-99 N/B FROM SR-88 (WATERLOO RD)","SR-88 (WATERLOO RD)",325.00,S,N,A,-,Y,,,99,,,,R,,N,Y,3,0,2,2,A,-,03,22350,,N,C,C,A,A,H,-,A,A,0,,,,,Y,,A,01,0,1,1,0,0,0,0,0,0,"- ","- ",37.984081268310547,-121.24933624267578,"SAN JOAQUIN",UNINCORPORATED,-121.24933624267578,37.984081268310547
9119342,2020,2020-09-11,3903,2020-06-30,0831,1751,,2,5,4,3903,0,0,0,,0,,"AL FONSECA LN","NASCIMENTO LN",0.00,,Y,A,-,N,,,,,,,,,,Y,4,0,2,2,D,-,00,,,N,D,D,A,A,H,-,A,D,0,,,,,Y,,-,"- ",0,0,2,0,0,0,0,0,0,"- ","- ",,,"SAN JOAQUIN",MANTECA,-121.23715,37.77272
9119354,2020,2020-09-11,3903,2020-06-15,1610,1751,,1,5,4,3903,0,0,0,,0,,"MAIN ST","LOUISE AV",15.00,S,N,A,G,N,,,,,,,,,,N,4,0,1,2,A,-,03,22350,,F,C,C,A,A,H,-,A,A,0,,,,,Y,,A,07,0,0,1,0,0,0,0,0,0,"- ","- ",37.811969757080078,-121.21700286865234,"SAN JOAQUIN",MANTECA,-121.217041015625,37.811897277832031
91193785,2020,2020-02-26,9265,2020-02-23,1918,018955,,7,2,4,3903,0,1,3,,2,025,"SR-120 E/B TO SR-99 S/B","MOFFAT BLVD",425.00,E,N,A,-,Y,,,120,,,,R,,E,Y,4,0,2,2,A,-,03,22350,,N,C,C,A,A,H,-,C,D,0,,,,,Y,,A,01,0,0,2,0,0,0,0,0,0,"- ","- ",37.783138275146484,-121.19407653808594,"SAN JOAQUIN",MANTECA,-121.19407653808594,37.783138275146484
91193993,2020,2020-02-26,9265,2020-02-18,0846,017405,,2,1,4,3903,0,1,3,,2,025,"SR-120 W/B","AIRPORT WAY",2534.00,W,N,A,-,Y,,,120,,,,,,W,N,4,0,2,3,A,-,03,22350,,N,C,C,A,A,D,-,A,D,0,,,,,Y,,A,01,0,0,2,0,0,0,0,0,0,"- ","- ",37.783359527587891,-121.26246643066406,"SAN JOAQUIN",MANTECA,-121.26246643066406,37.783370971679688
91194257,2020,2020-02-26,9266,2020-02-20,0540,022498,,4,3,9,3900,0,1,1,,2,014,"I-205 W/B","HANSEN RD",877.00,W,N,A,-,Y,,,205,,,,,,W,Y,3,0,1,2,A,-,03,22350,,N,C,C,A,A,H,-,D,D,0,,,,,Y,,A,01,0,1,0,0,0,0,0,0,0,"- ","- ",37.741561889648438,-121.51631927490234,"SAN JOAQUIN",UNINCORPORATED,-121.51631927490234,37.741622924804688
91194772,2020,2020-02-27,9265,2020-02-20,1525,021246,,4,2,9,3900,0,3,5,,2,070,"PERSHING AVE.","BENJAMIN HOLT DR.",60.00,S,N,A,-,N,,,,,,,,,,Y,4,0,1,2,A,-,03,22350,,N,C,C,A,A,H,-,A,D,0,,,,,Y,,A,07,0,0,1,0,0,0,0,0,0,"- ","- ",38.008110046386719,-121.32908630371094,"SAN JOAQUIN",UNINCORPORATED,-121.3292236328125,38.008419036865234
91194856,2020,2020-02-27,9265,2020-02-07,2316,021781,,5,3,9,3900,0,2,4,,1,091,"LOWER SACRAMENTO ROAD","GRIDER WAY",0.00,,Y,A,-,N,,,,,,,,,,Y,4,0,4,2,A,-,12,21453,A,N,D,C,A,A,H,-,D,D,0,,,,,Y,Y,A,01,0,0,4,0,0,0,0,0,0,"- ","- ",38.044578552246094,-121.32090759277344,"SAN JOAQUIN",UNINCORPORATED,-121.32099914550781,38.044620513916016
91198448,2020,2020-02-28,9265,2020-02-23,1553,018955,,7,2,4,3903,0,1,3,,2,025,"SR-120 E/B","MAIN ST",1815.00,E,N,A,-,Y,,,120,,,,,,E,N,4,0,2,2,A,-,03,22350,,N,C,C,A,A,H,-,A,D,0,,,,,Y,,A,07,0,0,2,0,0,0,0,0,0,"- ","- ",37.783180236816406,-121.20947265625,"SAN JOAQUIN",MANTECA,-121.20947265625,37.783195495605469
91198458,2020,2020-02-28,9265,2020-02-23,2110,018289,,7,2,9,3900,0,1,3,,2,025,"STATE ROUTE 120 WESTBOUND","MAIN STREET",1162.00,E,N,A,-,Y,,,,,,,,,,Y,3,0,1,3,A,-,03,22350,,N,C,D,A,A,H,-,D,D,0,,,,,Y,,A,08,0,1,0,0,0,0,0,0,0,"- ","- ",37.783519744873047,-121.21161651611328,"SAN JOAQUIN",UNINCORPORATED,-121.21183776855469,37.783527374267578
91198495,2020,2020-02-28,9265,2020-02-24,1330,015490,,1,1,9,3900,0,1,3,,2,004,"SR-99 S/B FROM HAMMER LN.","HAMMER LN.",10.00,S,N,A,-,Y,,,99,,,,R,,S,N,4,0,2,2,D,-,00,,,N,B,C,A,A,H,-,A,A,0,,,,,Y,,-,"- ",0,0,2,0,0,0,0,0,0,"- ","- ",38.021018981933594,-121.25985717773438,"SAN JOAQUIN",UNINCORPORATED,-121.25985717773438,38.021018981933594
91200564,2020,2020-03-03,9265,2020-02-25,1744,018289,,2,2,9,3900,0,3,5,,2,090,"COLLIER ROAD","LOWER SACRAMENTO RD",57.00,E,N,A,-,N,,,,,,,,,,Y,4,0,2,1,A,-,08,22107,,N,E,I,A,A,H,-,B,D,0,,,,,Y,,A,07,0,0,2,0,0,0,0,0,0,"- ","- ",38.218318939208984,-121.29048919677734,"SAN JOAQUIN",UNINCORPORATED,-121.29057312011719,38.218242645263672
91200696,2020,2020-03-03,9265,2020-02-26,1146,019341,,3,1,9,3900,0,1,1,,2,502,"I-5 S/B","HOSPITAL RD",159.00,S,N,A,-,Y,,,5,,,,,,S,Y,4,0,1,2,A,-,03,22350,,N,C,C,A,A,H,-,A,D,0,,,,,Y,,A,01,0,0,1,0,0,0,0,0,0,"- ","- ",37.885349273681641,-121.27969360351562,"SAN JOAQUIN",UNINCORPORATED,-121.27973937988281,37.885334014892578
91201057,2020,2020-03-03,9265,2020-02-18,1940,020248,,2,2,9,3900,0,2,4,,1,064,"ALPINE RD","HARNEY LN",0.00,,Y,A,-,N,,,,,,,,,,Y,4,0,1,2,A,-,12,22450,A,N,D,C,A,A,H,-,C,A,0,,,,,Y,,A,01,0,0,1,0,0,0,0,0,0,"- ","- ",38.101371765136719,-121.21501159667969,"SAN JOAQUIN",UNINCORPORATED,-121.21498107910156,38.10137939453125
91201703,2020,2020-03-04,9265,2020-02-28,1405,021246,,5,2,9,3900,0,3,5,,2,070,"BENJAMIN HOLT DR.","GETTYSBURG PL.",50.00,W,N,A,-,N,,,,,,,,,,Y,4,0,1,3,A,-,03,22350,,N,C,C,A,A,H,-,A,D,0,,,,,Y,,A,01,0,0,1,0,0,0,0,0,0,"- ","- ",38.009941101074219,-121.32465362548828,"SAN JOAQUIN",UNINCORPORATED,-121.32411956787109,38.010063171386719
91202671,2020,2020-03-05,9265,2020-03-04,0915,015490,,3,1,9,3900,0,1,3,,2,004,"SR-99 N/B","WATERLOO RD.",528.00,S,N,A,-,Y,,,99,,,,,,N,Y,4,0,1,2,C,-,18,,,N,E,J,A,A,H,-,A,D,0,,,,,Y,,-,"- ",0,0,1,0,0,0,0,0,0,"- ","- ",37.983001708984375,-121.25007629394531,"SAN JOAQUIN",UNINCORPORATED,-121.24999237060547,37.983005523681641
91204186,2020,2020-03-09,9265,2020-01-12,1813,020313,,7,2,9,3900,0,3,5,,2,030,"MATHEWS RD","DELIVERY DRIVE",550.00,E,N,A,-,N,,,,,,,,,,Y,1,1,0,2,A,-,21,22106,,N,D,C,A,A,H,-,D,D,0,,,Y,,Y,,D,22,0,0,0,0,0,0,0,1,0,"- ","- ",37.882358551025391,-121.28634643554688,"SAN JOAQUIN",UNINCORPORATED,-121.28646850585938,37.882350921630859
91205416,2020,2020-03-10,9266,2020-03-04,1405,022498,,3,2,9,3900,0,3,5,,2,001,"LAMMERS ROAD","PHILLIP MARTIN CT",0.00,,Y,A,-,N,,,,,,,,,,Y,4,0,1,2,A,-,06,21750,,M,B,C,A,A,H,-,A,D,0,,,,,Y,Y,-,99,0,0,1,0,0,0,0,0,0,"- ","- ",37.790401458740234,-121.45800018310547,"SAN JOAQUIN",UNINCORPORATED,-121.45800018310547,37.790401458740234
91206416,2020,2020-03-11,9266,2020-03-04,0650,014808,,3,1,9,3900,0,1,1,,2,021,"I-580 W/B",SR-132,3468.00,W,N,A,-,Y,,,580,,,,,,W,Y,3,0,1,2,A,-,03,22350,,N,C,C,A,A,H,-,A,D,0,,,,,Y,,A,07,0,1,0,0,0,0,0,0,0,"- ","- ",37.644569396972656,-121.41155242919922,"SAN JOAQUIN",UNINCORPORATED,-121.41146850585938,37.644699096679688
91206888,2020,2020-03-12,9265,2020-03-06,0635,019182,,5,1,9,3900,0,3,5,,2,060,"HARNEY LN","ATKINS RD",2640.00,W,N,A,-,N,,,,,,,,,,Y,4,0,1,2,A,-,04,21703,,N,C,C,A,A,H,-,A,D,0,,,,,Y,,D,22,0,0,1,0,0,0,0,0,0,"- ","- ",38.103328704833984,-121.10572052001953,"SAN JOAQUIN",UNINCORPORATED,-121.10570526123047,38.103340148925781
91207787,2020,2020-03-13,9266,2020-03-05,0313,021241,,4,3,5,3906,0,1,1,,2,014,"I-205 W/B","CORRAL HOLLOW ROAD",1584.00,E,N,A,-,Y,,,205,,,,,,W,Y,4,0,2,2,A,-,07,21658,A,N,C,C,A,A,H,-,D,D,0,,,,,Y,,A,01,0,0,2,0,0,0,0,0,0,"- ","- ",37.760471343994141,-121.44831085205078,"SAN JOAQUIN",TRACY,-121.44826507568359,37.760360717773438
91208794,2020,2020-03-16,9266,2020-03-04,0045,020599,,3,3,9,3900,0,3,5,,2,001,"DELTA AVE","MACARTHUR DRIVE",50.00,E,N,A,-,N,,,,,,,,,,Y,2,0,3,1,A,-,01,23152,A,F,E,I,A,A,H,-,D,D,0,,,,,Y,Y,A,07,1,1,1,0,0,0,0,0,0,"- ","- ",37.798191070556641,-121.41177368164062,"SAN JOAQUIN",UNINCORPORATED,-121.41176605224609,37.798110961914062
91209074,2020,2020-03-16,9266,2020-03-11,1642,021956,,3,2,9,3900,0,1,1,,1,015,"I-205 E/B","PARADISE ROAD",250.00,W,N,A,-,Y,,,205,,,,,,E,Y,3,0,2,2,A,-,03,22350,,N,C,C,A,A,H,-,A,D,0,,,,,Y,,A,01,0,1,1,0,0,0,0,0,0,"- ","- ",37.764690399169922,-121.39060974121094,"SAN JOAQUIN",UNINCORPORATED,-121.39060974121094,37.764743804931641
91211215,2020,2020-03-18,9265,2020-03-03,1610,021781,,2,2,9,3900,0,3,5,,2,060,"BRUELLA ROAD","JAHANT ROAD",0.00,,Y,A,-,N,,,,,,,,,,Y,4,0,1,2,A,-,09,21802,A,N,D,C,A,A,H,-,A,D,0,,,,,Y,,A,07,0,0,1,0,0,0,0,0,0,"- ","- ",38.204109191894531,-121.20789337158203,"SAN JOAQUIN",UNINCORPORATED,-121.20789337158203,38.2041015625
91212602,2020,2020-03-20,9265,2020-03-14,0215,020651,,6,3,9,3900,0,1,3,,1,042,"SR-4 E/B","WILSON WAY",840.00,W,N,A,-,Y,,,,,,,,,,Y,4,0,1,1,A,-,01,23152,A,N,E,I,A,A,H,-,C,D,0,,,,,Y,Y,A,01,0,0,1,0,0,0,0,0,0,"- ","- ",37.952701568603516,-121.27375030517578,"SAN JOAQUIN",UNINCORPORATED,-121.27346038818359,37.952751159667969
91213664,2020,2020-03-23,9265,2020-03-12,0325,022155,,4,3,9,3900,0,1,1,,2,504,"I-5 N/B","8 MILE RD.",2006.00,N,N,A,-,Y,,,,,,,,,,Y,3,0,1,2,A,-,01,23152,A,F,C,C,A,A,H,-,D,D,0,,,,,Y,Y,A,01,0,1,0,0,0,0,0,0,0,"- ","- ",38.348121643066406,-121.22274017333984,"SAN JOAQUIN",UNINCORPORATED,,
91213771,2020,2020-03-23,9265,2020-03-12,1400,021246,,4,2,9,3900,0,3,5,,2,060,"COLLIER RD.","KENNEFICK RD.",0.00,,Y,A,-,N,,,,,,,,,,Y,4,0,1,2,A,-,09,21802,A,N,D,C,A,A,H,-,A,D,0,,,,,Y,,D,22,0,0,1,0,0,0,0,0,0,"- ","- ",38.21807861328125,-121.244873046875,"SAN JOAQUIN",UNINCORPORATED,-121.24488830566406,38.218128204345703
91214060,2020,2020-03-23,9265,2020-03-04,0847,019073,,3,1,6,3905,0,1,1,,2,503,"I-5 N/B","BUENA VISTA AVE",253.00,N,N,A,-,Y,,,5,,,,,,N,Y,3,0,2,4,A,-,08,22107,,N,C,E,A,A,H,-,A,D,0,,,,,Y,,A,01,0,1,1,0,0,0,0,0,0,"- ","- ",37.956081390380859,-121.31781005859375,"SAN JOAQUIN",STOCKTON,-121.31781005859375,37.956081390380859
91214214,2019,2020-05-11,9265,2019-12-06,1815,019136,,5,2,9,3900,0,3,5,,2,090,"SR-99 W FRONTAGE RD","COLLIER ROAD",490.00,N,N,B,-,Y,,,99,,,,,,,N,1,1,0,2,A,-,10,21950,A,N,G,B,D,A,H,-,C,D,0,Y,,,,Y,,D,22,0,0,0,1,0,0,0,0,0,"- ","- ",38.219688415527344,-121.27268981933594,"SAN JOAQUIN",UNINCORPORATED,-121.272739,38.219580000000001
91214581,2020,2020-03-24,9265,2020-03-21,2030,020248,,6,2,9,3900,0,2,4,,1,051,"WASHINGTON ST","GERTRUDE AVE",0.00,,Y,A,-,N,,,,,,,,,,Y,3,0,2,2,A,-,01,23152,A,N,D,C,A,A,H,-,E,A,0,,,,,Y,Y,D,22,0,2,0,0,0,0,0,0,0,"- ","- ",37.963031768798828,-121.23577117919922,"SAN JOAQUIN",UNINCORPORATED,-121.23578643798828,37.963001251220703
91214690,2020,2020-03-24,9265,2020-03-14,2110,021781,,6,2,9,3900,0,1,3,,2,006,"SR-99 E. FRONTAGE ROAD","JAHANT ROAD",528.00,S,N,C,-,Y,,,99,,,,,,,Y,3,0,1,1,A,-,01,23152,A,N,E,I,A,B,H,-,D,D,0,,,,,Y,Y,A,07,0,1,0,0,0,0,0,0,0,"- ","- ",38.203231811523438,-121.26262664794922,"SAN JOAQUIN",UNINCORPORATED,-121.26292419433594,38.203220367431641
91214707,2020,2020-03-24,9265,2020-03-16,1342,022356,,1,1,9,3900,0,1,3,,2,004,"SR-99 S/B","MORADA LN",75.00,S,N,B,C,Y,,,99,,,,,,S,Y,4,0,2,4,A,-,08,22107,,N,D,C,A,B,H,-,A,D,0,,,,,Y,,D,22,0,0,2,0,0,0,0,0,0,"- ","- ",38.037029266357422,-121.25852966308594,"SAN JOAQUIN",UNINCORPORATED,-121.25851440429688,38.037029266357422
91214894,2020,2020-03-24,9265,2020-03-16,0351,021440,,1,3,9,3900,0,1,1,,2,504,"I-5 N/B",SR-12,3274.00,S,N,C,-,Y,,,5,,,,,,N,Y,4,0,1,2,A,-,03,22350,,N,A,C,A,B,H,-,D,D,0,,,,,Y,,A,01,0,0,1,0,0,0,0,0,0,"- ","- ",38.087718963623047,-121.38201141357422,"SAN JOAQUIN",UNINCORPORATED,-121.38199615478516,38.087726593017578
91215353,2020,2020-03-25,9265,2020-03-16,0343,021537,,1,3,6,3905,0,1,1,,2,504,"I-5 N/B",SR-12,11563.00,S,N,B,C,Y,,,,,,,,,,Y,4,0,1,1,A,-,08,22107,,N,E,I,A,B,H,-,C,D,0,,,,,Y,,A,01,0,0,1,0,0,0,0,0,0,"- ","- ",38.086860656738281,-121.38149261474609,"SAN JOAQUIN",STOCKTON,-121.39775848388672,38.115940093994141
91215435,2020,2020-03-25,9266,2020-03-14,0220,021241,,6,3,9,3900,0,1,1,,1,015,"I-205 E/B","PARADISE ROAD",1086.00,W,N,A,-,Y,,,205,,,,,,E,Y,4,0,3,2,A,-,03,22350,,N,C,A,A,A,H,-,D,D,0,,,,,Y,,A,01,0,0,3,0,0,0,0,0,0,"- ","- ",37.764968872070312,-121.39066314697266,"SAN JOAQUIN",UNINCORPORATED,-121.39066314697266,37.764743804931641
9121555,2020,2020-09-03,3906,2020-06-26,2140,1659,165,5,5,5,3906,0,0,0,,0,001,"S TRACY BL","W MT DIABLO AV",0.00,,Y,A,-,N,,,,,,,,,,N,4,0,1,2,A,-,16,24002,A,N,-,C,A,A,H,-,C,A,0,,,Y,,Y,,C,02,0,0,1,0,0,0,0,0,1,"- ","- ",,,"SAN JOAQUIN",TRACY,-121.43491363525391,37.728919982910156
9121690,2020,2020-09-21,3904,2020-06-03,1104,P104,3,3,5,3,3904,0,0,0,,0,00B,"MAIN ST","N JACK TONE RD",0.00,,Y,A,-,N,,,,,,,,,,N,3,0,1,2,A,-,17,21451,A,N,D,C,A,A,H,-,A,A,0,,,Y,,Y,,C,02,0,1,0,0,0,0,0,0,1,"- ","- ",37.739509582519531,-121.14219665527344,"SAN JOAQUIN",RIPON,-121.14221954345703,37.739521026611328
91217622,2020,2020-03-27,9265,2020-02-21,1858,018289,,5,2,9,3900,0,1,3,,2,004,"STATE ROUTE 99 S/B TO SR-88/WATERLOO RD","SR-88/WATERLOO ROAD",428.00,N,N,A,-,Y,,,99,,,,R,,S,Y,1,1,0,1,A,-,08,22107,,N,E,I,A,A,H,-,D,A,0,,,,,Y,,A,01,0,0,0,0,0,0,0,0,0,"- ","- ",37.985530853271484,-121.25064086914062,"SAN JOAQUIN",UNINCORPORATED,-121.25064086914062,37.985530853271484
91219474,2020,2020-04-01,9265,2020-03-19,2305,019139,,4,3,9,3900,0,1,3,,1,042,"SR-99 N/B TO SR-4 W/B",SR-99,24.00,W,N,A,-,Y,,,99,,,,R,,N,Y,3,0,1,2,A,-,08,22107,,N,E,I,A,A,H,-,D,D,0,,,,Y,Y,,A,01,0,1,0,0,0,0,0,0,0,"- ","- ",37.961318969726562,-121.24166870117188,"SAN JOAQUIN",UNINCORPORATED,-121.24166870117188,37.961318969726562
91220371,2020,2020-04-03,9265,2020-03-30,1538,017439,,1,2,9,3900,0,1,3,,1,016,SR-120,"HARROLD AVE",2112.00,W,N,A,-,Y,,,120,,,,,,,Y,3,0,1,2,A,-,03,22350,,N,C,C,A,A,H,-,A,D,0,,,,,Y,,A,01,0,1,0,0,0,0,0,0,0,"- ","- ",37.794048309326172,-120.97772979736328,"SAN JOAQUIN",UNINCORPORATED,-120.97772979736328,37.794151306152344
91221017,2020,2020-04-06,9265,2020-04-04,1303,018836,,6,1,6,3905,0,1,3,,1,042,"I-5 N/B TO SR-4 E/B","LINCOLN ST",10.00,W,N,C,-,Y,,,,,,,,,,Y,4,0,1,1,A,-,03,22350,,N,E,I,A,B,H,-,A,D,0,,,,,Y,,A,07,0,0,1,0,0,0,0,0,0,"- ","- ",37.948078155517578,-121.29689788818359,"SAN JOAQUIN",STOCKTON,-121.29201507568359,37.931724548339844
91223388,2020,2020-04-09,9265,2020-04-08,0225,020651,,3,3,9,3900,0,1,1,,2,503,"I-5 N/B TO SR-4 E/B","LINCOLN ST",53.00,W,N,A,-,Y,,,,,,,,,,Y,4,0,1,1,A,-,01,23152,A,N,E,I,A,A,H,-,C,D,0,,,,,Y,Y,A,01,0,0,1,0,0,0,0,0,0,"- ","- ",37.94805908203125,-121.29701232910156,"SAN JOAQUIN",UNINCORPORATED,-121.29216003417969,37.931694030761719
91224010,2020,2020-04-28,9265,2020-04-06,0752,018511,,1,1,9,3900,0,3,5,,2,060,"EIGHT MILE RD","ALPINE RD",0.00,,Y,A,-,N,,,,,,,,,,Y,4,0,1,2,A,-,12,22450,A,N,D,C,A,B,H,-,A,A,0,,,,,Y,,A,07,0,0,1,0,0,0,0,0,0,"- ","- ",38.057781219482422,-121.21063995361328,"SAN JOAQUIN",UNINCORPORATED,-121.21025848388672,38.057811737060547
91224441,2020,2020-04-13,9265,2020-04-06,2020,018955,,1,2,9,3900,0,2,4,,1,024,"AIRPORT WAY","FIG RD",985.00,S,N,B,-,N,,,,,,,,,,Y,3,0,2,2,A,-,01,23152,A,F,C,C,A,A,H,-,D,D,0,,,,,Y,Y,D,22,0,1,1,0,0,0,0,0,0,"- ","- ",37.759609222412109,-121.25209045410156,"SAN JOAQUIN",UNINCORPORATED,-121.25208282470703,37.759624481201172
91224529,2020,2020-04-13,9265,2020-04-09,0540,021163,,4,3,9,3900,0,1,3,,2,003,"SR-99 N/B","MAIN ST",63.00,N,N,A,-,Y,,,99,,,,,,N,Y,3,0,1,2,A,-,03,22350,,N,C,C,A,A,H,-,E,D,0,,,,,Y,,A,01,0,1,0,0,0,0,0,0,0,"- ","- ",37.954551696777344,-121.23918914794922,"SAN JOAQUIN",UNINCORPORATED,-121.23915100097656,37.954566955566406