CASE_ID,ACCIDENT_YEAR,PROC_DATE,JURIS,COLLISION_DATE,COLLISION_TIME,OFFICER_ID,REPORTING_DISTRICT,DAY_OF_WEEK,CHP_SHIFT,POPULATION,CNTY_CITY_LOC,SPECIAL_COND,BEAT_TYPE,CHP_BEAT_TYPE,CITY_DIVISION_LAPD,CHP_BEAT_CLASS,BEAT_NUMBER,PRIMARY_RD,SECONDARY_RD,DISTANCE,DIRECTION,INTERSECTION,WEATHER_1,WEATHER_2,STATE_HWY_IND,CALTRANS_COUNTY,CALTRANS_DISTRICT,STATE_ROUTE,ROUTE_SUFFIX,POSTMILE_PREFIX,POSTMILE,LOCATION_TYPE,RAMP_INTERSECTION,SIDE_OF_HWY,TOW_AWAY,COLLISION_SEVERITY,NUMBER_KILLED,NUMBER_INJURED,PARTY_COUNT,PRIMARY_COLL_FACTOR,PCF_CODE_OF_VIOL,PCF_VIOL_CATEGORY,PCF_VIOLATION,PCF_VIOL_SUBSECTION,HIT_AND_RUN,TYPE_OF_COLLISION,MVIW,PED_ACTION,ROAD_SURFACE,ROAD_COND_1,ROAD_COND_2,LIGHTING,CONTROL_DEVICE,CHP_ROAD_TYPE,PEDESTRIAN_ACCIDENT,BICYCLE_ACCIDENT,MOTORCYCLE_ACCIDENT,TRUCK_ACCIDENT,NOT_PRIVATE_PROPERTY,ALCOHOL_INVOLVED,STWD_VEHTYPE_AT_FAULT,CHP_VEHTYPE_AT_FAULT,COUNT_SEVERE_INJ,COUNT_VISIBLE_INJ,COUNT_COMPLAINT_PAIN,COUNT_PED_KILLED,COUNT_PED_INJURED,COUNT_BICYCLIST_KILLED,COUNT_BICYCLIST_INJURED,COUNT_MC_KILLED,COUNT_MC_INJURED,PRIMARY_RAMP,SECONDARY_RAMP,LATITUDE,LONGITUDE,COUNTY,CITY,POINT_X,POINT_Y
91435074,2021,2021-03-25,9266,2021-03-13,2042,018888,,6,2,9,3900,0,1,1,,2,021,"I-580 E/B","CHRISMAN ROAD",5815.00,E,N,A,-,Y,,,580,,,,,,E,Y,4,0,1,2,A,-,03,22350,,N,E,J,A,A,H,-,D,D,0,,,,,Y,,A,01,0,0,1,0,0,0,0,0,0,"- ","- ",37.625980377197266,-121.38083648681641,"SAN JOAQUIN",UNINCORPORATED,-121.38093566894531,37.625816345214844
91437143,2021,2021-03-26,9265,2021-03-18,0905,017989,,4,1,9,3900,0,1,1,,2,505,"I-5 S/B",SR-12,380.00,S,N,A,-,Y,,,5,,,,,,S,Y,4,0,2,2,A,-,08,22107,,N,B,C,A,A,H,-,A,D,0,,,,,Y,,A,01,0,0,2,0,0,0,0,0,0,"- ","- ",38.114910125732422,-121.39755249023438,"SAN JOAQUIN",UNINCORPORATED,-121.39760589599609,38.114879608154297
91437895,2021,2021-03-29,9265,2021-03-19,1440,021284,,5,2,9,3900,0,1,3,,1,062,SR-88,"DISCH RD",1212.00,W,N,C,-,Y,,,88,,,,,,,Y,4,0,2,2,A,-,01,23152,A,N,C,C,A,B,H,-,A,D,0,,,,,Y,Y,D,22,0,0,2,0,0,0,0,0,0,"- ","- ",38.176979064941406,-121.11891937255859,"SAN JOAQUIN",UNINCORPORATED,-121.11888122558594,38.176895141601562
91439554,2021,2021-03-30,9266,2021-03-19,1146,015029,,5,1,9,3900,0,1,1,,2,014,"I-205 E/B","BYRON ROAD",1500.00,W,N,B,-,Y,,,205,,,,,,E,Y,2,0,1,2,A,-,03,22350,,N,C,C,A,A,H,-,A,D,0,,,,,Y,,A,01,1,0,0,0,0,0,0,0,0,"- ","- ",37.746898651123047,-121.48040008544922,"SAN JOAQUIN",UNINCORPORATED,-121.48039245605469,37.746879577636719
91439594,2021,2021-03-30,9265,2021-03-19,0405,020071,,5,3,9,3900,0,1,3,,1,061,SR-26,"BEYER LN",0.00,,Y,B,-,Y,,,26,,,,,,,Y,4,0,1,1,A,-,03,22350,,N,E,I,A,A,H,-,D,A,0,,,,,Y,,A,07,0,0,1,0,0,0,0,0,0,"- ","- ",37.975631713867188,-121.22604370117188,"SAN JOAQUIN",UNINCORPORATED,-121.22604370117188,37.975643157958984
9144107,2020,2020-09-23,3905,2020-07-27,1525,2566,LAK,1,5,6,3905,0,0,0,,0,,"ROSE MARIE LN","PRECISSI LN",0.00,,Y,A,-,N,,,,,,,,,,Y,3,0,4,3,A,-,12,21453,A,F,D,C,A,A,H,-,A,A,0,,,,,Y,,A,01,0,2,2,0,0,0,0,0,0,"- ","- ",37.988269805908203,-121.31434631347656,"SAN JOAQUIN",STOCKTON,-121.31475067138672,37.988090515136719
9144111,2020,2020-09-23,3905,2020-07-14,1600,2842,SEA,2,5,6,3905,0,0,0,,0,,"CHURCH ST","EL DORADO ST",0.00,,Y,A,-,N,,,,,,,,,,,3,0,1,2,A,-,09,21802,A,F,D,G,A,A,H,-,A,A,0,,Y,,,Y,,L,04,0,1,0,0,0,0,1,0,0,"- ","- ",37.947818756103516,-121.28849029541016,"SAN JOAQUIN",STOCKTON,-121.28845977783203,37.947799682617188
91442955,2021,2021-04-05,9266,2021-03-30,1428,019012,,2,2,9,3900,0,2,4,,1,016,"11TH STREET","BIRD ROAD",0.00,,Y,A,-,N,,,,,,,,,,Y,3,0,2,2,A,-,09,21453,C,N,D,C,A,A,H,-,A,A,0,,,,,Y,,A,07,0,2,0,0,0,0,0,0,0,"- ","- ",37.745891571044922,-121.36132049560547,"SAN JOAQUIN",UNINCORPORATED,-121.36179351806641,37.745937347412109
91442993,2021,2021-04-05,9265,2021-03-25,0742,017405,,4,1,2,3920,0,1,3,,2,025,"SR-120 W/B","MCKINLEY AVE.",1426.00,W,N,A,-,Y,,,120,,,,,,W,Y,4,0,1,2,A,-,03,22350,,N,C,C,A,A,H,-,A,D,0,,,,,Y,,A,01,0,0,1,0,0,0,0,0,0,"- ","- ",37.786350250244141,-121.27536010742188,"SAN JOAQUIN",LATHROP,-121.27535247802734,37.786376953125
91443781,2021,2021-04-06,9265,2021-03-26,0854,019885,,5,1,6,3905,0,1,3,,2,003,"SR-99 N/B","CLARK DR",60.00,S,N,A,-,Y,,,99,,,,,,N,Y,4,0,1,2,A,-,07,21658,A,N,B,C,A,A,H,-,A,D,0,,,,Y,Y,,A,01,0,0,1,0,0,0,0,0,0,"- ","- ",37.919528961181641,-121.22862243652344,"SAN JOAQUIN",STOCKTON,-121.22867584228516,37.919509887695312
91443842,2021,2021-04-06,9265,2021-03-26,1705,021284,,5,2,5,3902,0,1,3,,2,006,"SR-99 N/B","KETTLEMAN LN",221.00,S,N,A,-,Y,,,99,,,,,,N,Y,4,0,3,3,A,-,03,22350,,N,C,C,A,A,H,-,A,D,0,,,,,Y,,A,07,0,0,3,0,0,0,0,0,0,"- ","- ",38.1156005859375,-121.25801086425781,"SAN JOAQUIN",LODI,-121.25794982910156,38.115585327148438
91444204,2021,2021-04-06,9265,2021-03-28,1337,019413,,7,1,9,3900,0,1,3,,2,025,"SR-120 W/B","I-5 N/B",690.00,E,N,A,-,Y,,,120,,,,,,W,Y,4,0,3,4,A,-,03,22350,,N,C,C,A,A,H,-,A,D,0,,,,,Y,,A,01,0,0,3,0,0,0,0,0,0,"- ","- ",37.789421081542969,-121.29943084716797,"SAN JOAQUIN",UNINCORPORATED,-121.29943084716797,37.789424896240234
91445292,2021,2021-04-07,9265,2021-03-30,1841,013539,,2,2,4,3903,0,1,3,,2,025,"SR-120 E/B","MAIN STREET",2640.00,E,N,A,-,Y,,,120,,,,,,E,Y,4,0,1,2,A,-,03,22350,,N,C,C,A,A,H,-,A,D,0,,,,Y,Y,,F,27,0,0,1,0,0,0,0,0,0,"- ","- ",37.783191680908203,-121.20755004882812,"SAN JOAQUIN",MANTECA,-121.20755004882812,37.783206939697266
91445540,2020,2021-04-07,9266,2020-11-21,2052,018217,,6,2,9,3900,0,1,1,,1,015,"I-205 W/B, NORTH ACCESS ROAD","EL RANCHO ROAD",1714.00,W,N,A,-,Y,,,205,,,,,,W,Y,4,0,1,1,A,-,03,22350,,N,E,I,A,A,H,-,D,D,0,,,,,Y,,A,01,0,0,1,0,0,0,0,0,0,"- ","- ",37.765399932861328,-121.3785400390625,"SAN JOAQUIN",UNINCORPORATED,-121.3785400390625,37.765068054199219
91447189,2021,2021-04-09,9265,2021-03-31,1928,019413,,3,2,9,3900,0,3,5,,2,050,"FREMONT ST","BROADWAY AVE",0.00,,Y,A,-,N,,,,,,,,,,Y,4,0,1,2,A,-,08,22107,,N,B,C,A,A,H,-,B,D,0,,,,,Y,,A,01,0,0,1,0,0,0,0,0,0,"- ","- ",37.96868896484375,-121.24877166748047,"SAN JOAQUIN",UNINCORPORATED,-121.24906158447266,37.968605041503906
91447496,2021,2021-04-09,9265,2021-04-02,2125,022356,,5,2,9,3900,0,1,3,,2,003,"SR-99 S/B","MARIPOSA RD",4230.00,S,N,A,-,Y,,,99,,,,,,S,Y,3,0,3,4,A,-,03,22350,,N,C,C,A,A,H,-,D,D,0,,,,Y,Y,,D,22,0,1,2,0,0,0,0,0,0,"- ","- ",37.922569274902344,-121.23011016845703,"SAN JOAQUIN",UNINCORPORATED,-121.23015594482422,37.922550201416016
91449197,2021,2021-04-13,9265,2021-04-03,1405,021781,,6,2,9,3900,0,2,4,,1,014,"KAISER ROAD","MARIPOSA ROAD",0.00,,Y,A,-,N,,,,,,,,,,Y,4,0,1,2,A,-,09,21802,A,N,D,C,A,A,H,-,A,A,0,,,,,Y,,A,01,0,0,1,0,0,0,0,0,0,"- ","- ",37.910549163818359,-121.16573333740234,"SAN JOAQUIN",UNINCORPORATED,-121.16574096679688,37.910602569580078
91449233,2021,2021-04-13,9266,2021-04-01,1300,014717,,4,1,5,3906,0,1,1,,2,014,"I-205 W/B","CORRAL HOLLOW ROAD",1715.00,W,N,A,-,Y,,,205,,,,,,W,Y,4,0,1,2,A,-,08,22107,,N,B,C,A,A,H,-,A,D,0,,,,,Y,,A,01,0,0,1,0,0,0,0,0,0,"- ","- ",37.756160736083984,-121.45871734619141,"SAN JOAQUIN",TRACY,-121.45870208740234,37.756118774414062
91449249,2021,2021-04-13,9266,2021-04-06,1428,020083,,2,2,9,3900,0,2,4,,1,012,"TRACY BLVD","GRIMES ROAD",10.00,S,N,A,-,Y,,,,,,,,,,Y,4,0,1,2,A,-,03,22350,,N,C,C,A,A,H,-,A,D,0,,,,,Y,,D,22,0,0,1,0,0,0,0,0,0,"- ","- ",37.817729949951172,-121.44969177246094,"SAN JOAQUIN",UNINCORPORATED,-121.44969177246094,37.817661285400391
91449488,2021,2021-04-13,9265,2021-04-05,1725,021644,,1,2,9,3900,0,1,3,,1,062,SR-88,"WILCOX RD",0.00,,Y,A,-,Y,,,88,,,,,,,Y,4,0,1,2,A,-,09,21801,A,N,D,C,A,A,H,-,A,D,0,,,,,Y,,A,01,0,0,1,0,0,0,0,0,0,"- ","- ",37.988380432128906,-121.24447631835938,"SAN JOAQUIN",UNINCORPORATED,-121.24445343017578,37.98834228515625
91449564,2021,2021-04-13,9265,2021-04-05,1344,020313,,1,1,9,3900,0,3,5,,2,010,"FRENCH CAMP ROAD","N. RIPON ROAD",0.00,,Y,A,-,N,,,,,,,,,,Y,4,0,1,2,A,-,05,21752,D,N,D,C,A,A,H,-,A,D,0,,,,,Y,,A,07,0,0,1,0,0,0,0,0,0,"- ","- ",37.815910339355469,-121.1260986328125,"SAN JOAQUIN",UNINCORPORATED,-121.12595367431641,37.815757751464844
91449624,2021,2021-04-13,9266,2021-04-08,1552,018751,,4,2,5,3906,0,1,1,,2,014,"I-205 E/B","TRACY BLVD",3200.00,W,N,A,-,Y,,,205,,,,,,E,Y,4,0,1,3,A,-,03,22350,,N,C,C,A,A,H,-,A,D,0,,,,,Y,,A,07,0,0,1,0,0,0,0,0,0,"- ","- ",37.760860443115234,-121.44618988037109,"SAN JOAQUIN",TRACY,-121.44619750976562,37.760879516601562
91450122,2021,2021-04-14,9266,2021-04-12,1555,018751,,1,2,9,3900,0,1,1,,2,024,"I-5 N/B","11TH STREET",600.00,N,N,A,-,Y,,,,,,,,,,Y,3,0,1,1,A,-,03,22350,,N,F,A,A,A,H,-,A,D,0,,,,,Y,,D,22,0,1,0,0,0,0,0,0,0,"- ","- ",37.759788513183594,-121.33966064453125,"SAN JOAQUIN",UNINCORPORATED,-121.3414306640625,37.760540008544922
91451091,2021,2021-04-15,9265,2021-01-18,2251,021787,,1,3,9,3900,0,1,3,,2,006,"SR-99 S/B","LIBERTY ROAD",3485.00,N,N,A,-,Y,,,99,,,,,,S,Y,1,1,0,1,A,-,01,23152,A,N,E,I,A,A,H,-,D,D,0,,,,,Y,Y,A,07,0,0,0,0,0,0,0,0,0,"- ","- ",38.242069244384766,-121.28578948974609,"SAN JOAQUIN",UNINCORPORATED,-121.28585815429688,38.242027282714844
91451179,2021,2021-04-15,9265,2021-04-11,0135,021787,,7,3,9,3900,0,1,3,,1,061,SR-26,"WALL ROAD",84.00,W,N,A,-,N,,,26,,,,,,,Y,2,0,1,1,A,-,01,23152,A,N,F,I,A,A,H,-,D,D,0,,,,,Y,Y,A,01,1,0,0,0,0,0,0,0,0,"- ","- ",38.024490356445312,-121.07363128662109,"SAN JOAQUIN",UNINCORPORATED,-121.07359313964844,38.024387359619141
91453086,2021,2021-04-19,9265,2021-04-07,1505,022365,,3,2,4,3903,0,1,3,,2,025,"SR-120 E/B","MAIN ST",615.00,W,N,A,-,Y,,,120,,,,,,E,Y,4,0,2,3,A,-,03,22350,,N,C,C,A,A,H,-,A,D,0,,,,,Y,,A,01,0,0,2,0,0,0,0,0,0,"- ","- ",37.783168792724609,-121.21888732910156,"SAN JOAQUIN",MANTECA,-121.21888732910156,37.783191680908203
91453185,2021,2021-04-19,9266,2021-04-13,0550,015029,,2,3,9,3900,0,2,4,,2,013,"BYRON ROAD","CENTRAL PKWY O/C",800.00,W,N,A,-,N,,,,,,,,,,Y,3,0,1,2,A,-,08,22107,,N,D,C,A,A,H,-,B,D,0,,,,,Y,,A,07,0,1,0,0,0,0,0,0,0,"- ","- ",37.472000122070312,-121.32279968261719,"SAN JOAQUIN",UNINCORPORATED,-121.54114532470703,37.788948059082031
91453369,2021,2021-04-19,9265,2021-04-08,1255,015490,,4,1,9,3900,0,3,5,,2,090,"WOODSON RD","SR-99 W FRONTAGE RD",100.00,W,N,A,-,N,,,,,,,,,,Y,2,0,1,1,A,-,08,22107,,N,E,I,A,A,H,-,A,D,0,,,,,Y,,D,22,1,0,0,0,0,0,0,0,0,"- ","- ",38.205101013183594,-121.26481628417969,"SAN JOAQUIN",UNINCORPORATED,-121.265196,38.204965999999999
91453534,2021,2021-04-19,9265,2021-04-09,0542,022155,,5,3,9,3900,0,1,3,,1,042,"SR-4 W/B",STANISLAUS,336.00,E,N,A,-,Y,,,,,,,,,,Y,4,0,1,1,A,-,08,22107,,N,E,I,A,A,H,-,B,D,0,,,,,Y,,A,01,0,0,1,0,0,0,0,0,0,"- ","- ",37.952358245849609,-121.27722930908203,"SAN JOAQUIN",UNINCORPORATED,-121.28022003173828,37.951934814453125
91455091,2021,2021-04-21,9265,2021-03-24,0455,019139,,3,3,9,3900,0,1,1,,2,504,"I-5 N/B","EIGHT MILE RD",1250.00,S,N,A,-,Y,,,5,,,,,,N,Y,3,0,3,2,A,-,03,22350,,N,C,C,A,A,H,-,D,D,0,,,,Y,Y,,M,47,0,3,0,0,0,0,0,0,0,"- ","- ",38.054519653320312,-121.37146759033203,"SAN JOAQUIN",UNINCORPORATED,-121.37142944335938,38.054534912109375
91455105,2021,2021-05-18,9265,2021-04-10,1425,021781,,6,2,9,3900,0,1,3,,2,001,"SR-99 NORTHBOUND","JACK TONE RD",528.00,S,N,A,-,Y,,,,,,,,,,Y,4,0,1,5,A,-,08,22107,,N,C,C,A,A,H,-,A,D,0,,,,,Y,,A,01,0,0,1,0,0,0,0,0,0,"- ","- ",37.748008728027344,-121.13558959960938,"SAN JOAQUIN",UNINCORPORATED,-121.14085388183594,37.752101898193359
91455170,2021,2021-04-21,9265,2021-04-15,2235,022123,,4,3,9,3900,0,2,4,,1,082,"I-5 S/B TO ALPINE AVE","ALPINE AVE",0.00,,Y,A,-,Y,,,5,,,,R,,S,Y,4,0,1,2,A,-,12,21453,A,N,D,C,A,A,H,-,C,A,0,,,,,Y,,A,01,0,0,1,0,0,0,0,0,0,"- ","- ",37.970279693603516,-121.33824920654297,"SAN JOAQUIN",UNINCORPORATED,-121.33824920654297,37.970279693603516
91455179,2021,2021-04-21,9265,2021-04-15,1535,022134,,4,2,6,3905,0,1,1,,2,503,"I-5 S/B TO 8TH ST.","8TH ST",40.00,N,N,A,-,Y,,,5,,,,R,,S,N,4,0,1,2,A,-,03,22350,,F,C,C,A,A,H,-,A,A,0,,,,,Y,,A,01,0,0,1,0,0,0,0,0,0,"- ","- ",37.926868438720703,-121.29522705078125,"SAN JOAQUIN",STOCKTON,-121.29522705078125,37.926868438720703
9145607,2020,2020-10-16,3905,2020-08-18,0949,7122,CIV,2,5,6,3905,0,0,0,,0,,"MADISON ST","MARKET ST",300.00,N,N,A,-,N,,,,,,,,,,,3,0,1,1,A,-,05,21650,,N,E,I,A,A,H,-,A,D,0,,,,,Y,,A,07,0,1,0,0,0,0,0,0,0,"- ","- ",37.951099395751953,-121.29344940185547,"SAN JOAQUIN",STOCKTON,-121.29368591308594,37.951873779296875
9145683,2020,2020-10-27,3902,2020-08-30,1247,GR31,,7,5,5,3902,0,0,0,,0,,"E TURNER RD","N BECKMAN RD",0.00,,Y,A,-,N,,,,,,,,,,Y,3,0,1,2,A,-,09,21802,A,N,D,C,A,A,H,-,A,A,0,,,,,Y,,A,01,0,1,0,0,0,0,0,0,0,"- ","- ",,,"SAN JOAQUIN",LODI,-121.25930786132812,38.145771026611328
91457151,2021,2021-04-23,9266,2021-03-21,0140,013650,,7,3,9,3900,0,1,1,,2,014,"I-205 E/B","ELEVENTH STREET",1325.00,W,N,A,-,Y,,,205,,,,,,E,Y,1,2,4,3,A,-,08,22107,,N,F,A,A,A,H,-,D,D,0,,,,,Y,,A,01,1,1,2,0,0,0,0,0,0,"- ","- ",37.740478515625,-121.50140380859375,"SAN JOAQUIN",UNINCORPORATED,-121.50139617919922,37.740486145019531
91458381,2021,2021-04-26,9265,2021-04-18,0745,017989,,7,1,9,3900,0,1,1,,2,505,"I-5 S/B","EIGHT MILE RD",3696.00,N,N,A,-,Y,,,5,,,,,,S,Y,4,0,1,2,A,-,03,22350,,N,C,C,A,A,H,-,A,D,0,,,,Y,Y,,A,01,0,0,1,0,0,0,0,0,0,"- ","- ",38.067279815673828,-121.37579345703125,"SAN JOAQUIN",UNINCORPORATED,-121.37577819824219,38.067283630371094
91459769,2021,2021-04-27,9266,2021-04-19,1610,018365,,1,2,9,3900,0,2,4,,1,022,"CORRAL HOLLOW RD","VALPICO RD",30.00,N,N,A,-,N,,,,,,,,,,Y,3,0,2,2,A,-,01,23152,A,M,C,C,A,A,H,-,A,A,0,,,,,Y,Y,A,01,0,1,1,0,0,0,0,0,0,"- ","- ",37.710899353027344,-121.45292663574219,"SAN JOAQUIN",UNINCORPORATED,-121.45290374755859,37.710674285888672
91460260,2021,2021-04-28,9265,2021-04-18,1255,019128,,7,1,4,3903,0,1,3,,2,025,"SR-120 W/B","UNION ROAD",1500.00,E,N,A,-,Y,,,120,,,,,,W,Y,4,0,1,4,A,-,03,22350,,N,C,C,A,A,H,-,A,D,0,,,,,Y,,D,22,0,0,1,0,0,0,0,0,0,"- ","- ",37.783420562744141,-121.22844696044922,"SAN JOAQUIN",MANTECA,-121.22844696044922,37.783496856689453
91461269,2021,2021-04-29,9265,2021-04-25,1156,019073,,7,1,9,3900,0,1,3,,1,042,"SR-4 E/B TO SR-99 N/B","SR-99 N/B TO SR-4 W/B",127.00,W,N,B,-,Y,,,4,,,,R,,E,Y,4,0,2,4,A,-,03,22350,,N,E,I,A,A,H,-,A,A,0,,,,Y,Y,,G,25,0,0,2,0,0,0,0,0,0,"- ","- ",37.961208343505859,-121.24278259277344,"SAN JOAQUIN",UNINCORPORATED,-121.24278259277344,37.961208343505859
91461748,2021,2021-05-27,9265,2021-04-27,1045,013515,,2,1,9,3900,0,1,3,,1,061,"STATE ROUTE 26","DUNCAN ROAD",0.00,,Y,A,-,Y,,,26,,,,,,,Y,4,0,1,2,A,-,09,21800,A,N,D,C,A,A,H,-,A,A,0,,,,,Y,,A,01,0,0,1,0,0,0,0,0,0,"- ","- ",38.017559051513672,-121.09565734863281,"SAN JOAQUIN",UNINCORPORATED,-121.09558868408203,38.017353057861328
91464076,2021,2021-05-03,9266,2021-04-21,1910,020083,,3,2,9,3900,0,3,5,,2,003,"BELLA VITA ST","TERRA MIA AVE",0.00,,Y,A,-,N,,,,,,,,,,Y,3,0,2,2,A,-,01,23152,A,N,D,C,A,A,H,-,A,A,0,,,,,Y,,D,22,0,1,1,0,0,0,0,0,0,"- ","- ",37.758899688720703,-121.54046630859375,"SAN JOAQUIN",UNINCORPORATED,-121.54046630859375,37.75885009765625
91464693,2021,2021-05-03,9265,2021-04-01,0532,015756,,4,3,9,3900,0,2,4,,1,024,"AIRPORT WAY","ROTH ROAD",1356.00,N,N,A,-,N,,,,,,,,,,N,1,1,0,2,A,-,11,21954,A,N,G,B,D,A,H,-,D,D,0,Y,,,,Y,,N,60,0,0,0,1,0,0,0,0,0,"- ","- ",37.859291076660156,-121.25569915771484,"SAN JOAQUIN",UNINCORPORATED,-121.25566101074219,37.859302520751953
91465568,2021,2021-05-04,9265,2021-04-26,1637,017439,,1,2,9,3900,0,1,1,,2,502,"I-5 N/B","FRENCH CAMP RD.",1584.00,S,N,A,-,Y,,,5,,,,,,N,N,3,0,1,2,A,-,03,22350,,F,C,C,A,A,H,-,A,D,0,,,,,Y,,A,01,0,1,0,0,0,0,0,0,0,"- ","- ",37.905780792236328,-121.28708648681641,"SAN JOAQUIN",UNINCORPORATED,-121.28680419921875,37.9058837890625
91466541,2021,2021-05-27,9265,2021-04-28,0835,015490,,3,1,9,3900,0,1,3,,2,004,"SR-99 S/B","ARMSTRONG RD.",1584.00,S,N,A,-,Y,,,99,,,,,,S,Y,3,0,2,3,A,-,03,22350,,N,C,C,A,A,H,-,A,D,0,,,,Y,Y,,A,01,0,2,0,0,0,0,0,0,0,"- ","- ",38.082401275634766,-121.26003265380859,"SAN JOAQUIN",UNINCORPORATED,-121.26005554199219,38.082401275634766
91471699,2021,2021-05-27,9266,2021-05-07,1240,013866,,5,1,9,3900,0,1,1,,2,024,"I-5 S/B",I-205,1056.00,N,N,A,-,Y,,,5,,,,,,S,N,4,0,1,2,A,-,07,21658,A,F,B,C,A,A,H,-,A,D,0,,,,,Y,,-,99,0,0,1,0,0,0,0,0,0,"- ","- ",37.770099639892578,-121.32807922363281,"SAN JOAQUIN",UNINCORPORATED,-121.32806396484375,37.77008056640625
91471999,2021,2021-05-12,9265,2021-05-02,1535,021284,,7,2,9,3900,0,1,3,,2,004,"SR-99 N/B TO SR-88 (WATERLOO RD)","WATERLOO RD O/C",366.00,S,N,A,-,Y,,,99,,,,R,,N,Y,4,0,1,1,A,-,08,22107,,N,E,I,A,A,H,-,A,A,0,,,,,Y,,A,01,0,0,1,0,0,0,0,0,0,"- ","- ",37.984001159667969,-121.24910736083984,"SAN JOAQUIN",UNINCORPORATED,-121.24910736083984,37.984001159667969
91472810,2021,2021-05-27,9265,2021-05-01,1145,013515,,6,1,9,3900,0,1,3,,2,006,"STATE ROUTE 99 (SOUTHBOUND)","ACAMPO ROAD",528.00,N,N,A,-,Y,,,99,,,,,,,Y,4,0,3,2,A,-,03,22350,,N,C,2,A,A,H,-,A,D,0,,,,,Y,,D,22,0,0,3,0,0,0,0,0,0,"- ","- ",38.177040100097656,-121.26249694824219,"SAN JOAQUIN",UNINCORPORATED,-121.26250457763672,38.177040100097656
91472923,2021,2021-05-27,9265,2021-05-02,1710,022356,,7,2,2,3920,0,1,3,,2,025,"SR-120 E/B TO YOSEMITE AVE","YOSEMITE AVE",300.00,W,N,A,-,Y,,,120,,,,R,,E,Y,4,0,1,1,A,-,08,22107,,N,F,A,A,A,H,-,A,D,0,,,,,Y,,A,01,0,0,1,0,0,0,0,0,0,"- ","- ",37.789188385009766,-121.28816223144531,"SAN JOAQUIN",LATHROP,-121.28816223144531,37.789188385009766
91473128,2021,2021-05-27,9265,2021-04-30,1440,022134,,5,2,6,3905,1,4,S,,2,901,"CASTLE OAKS DR.","NEWGATE CT.",0.00,,Y,A,-,N,,,,,,,,,,N,3,0,1,2,A,-,08,22107,,N,H,G,A,A,H,-,A,D,0,,Y,,,Y,,L,04,0,1,0,0,0,0,1,0,0,"- ","- ",38.014320373535156,-121.18135070800781,"SAN JOAQUIN",STOCKTON,-121.30374908447266,38.028663635253906
91473490,2021,2021-05-27,9266,2021-05-05,1945,018888,,3,2,9,3900,0,1,3,,1,011,SR-4,"OLD RIVER BRIDGE",44.00,E,N,A,-,Y,,,4,,,,,,,Y,2,0,4,3,A,-,03,22350,,N,A,2,A,A,H,-,D,A,0,,,,,Y,,A,01,2,1,1,0,0,0,0,0,0,"- ","- ",37.890121459960938,-121.56929016113281,"SAN JOAQUIN",UNINCORPORATED,-121.56929016113281,37.890007019042969
91473635,2021,2021-05-27,9265,2021-05-04,0325,021625,,2,3,6,3905,0,1,1,,2,503,"I-5 SOUTHBOUND","CHARTER WAY",1320.00,S,N,A,-,Y,,,5,,,,,,S,Y,3,0,1,2,A,-,08,22107,,N,B,C,A,A,H,-,D,D,0,,,Y,Y,Y,,C,02,0,1,0,0,0,0,0,0,1,"- ","- ",37.933029174804688,-121.29695892333984,"SAN JOAQUIN",STOCKTON,-121.29694366455078,37.933036804199219
91473959,2021,2021-05-14,9265,2021-05-05,1220,019073,,3,1,9,3900,0,1,3,,1,011,SR-120,"VAN ALLEN RD",0.00,,Y,A,-,Y,,,120,,,,,,,Y,4,0,1,2,A,-,12,22450,A,N,A,C,A,A,H,-,A,A,0,,,,,Y,,A,01,0,0,1,0,0,0,0,0,0,"- ","- ",37.798450469970703,-121.05207824707031,"SAN JOAQUIN",UNINCORPORATED,-121.05207824707031,37.798446655273438
91474695,2021,2021-05-27,9266,2021-05-06,0200,021822,,4,3,9,3900,0,1,1,,2,021,"I-580 W/B","TRACY BLVD",2730.00,W,N,A,-,Y,,,580,,,,,,W,Y,2,0,1,1,A,-,08,22107,,N,E,I,A,A,H,-,D,D,0,,,,,Y,,A,01,1,0,0,0,0,0,0,0,0,"- ","- ",37.664291381835938,-121.44367218017578,"SAN JOAQUIN",UNINCORPORATED,-121.44371032714844,37.664222717285156
91475039,2021,2021-05-27,9266,2021-05-13,0900,014717,,4,1,9,3900,0,3,5,,2,002,"KASSON ROAD","DURHAM FERRY ROAD",210.00,S,N,A,-,N,,,,,,,,,,Y,4,0,1,1,A,-,08,22107,,N,F,I,A,A,H,-,A,D,0,,,,,Y,,A,07,0,0,1,0,0,0,0,0,0,"- ","- ",37.673599243164062,-121.26988220214844,"SAN JOAQUIN",UNINCORPORATED,-121.27285766601562,37.6722412109375