CASE_ID,ACCIDENT_YEAR,PROC_DATE,JURIS,COLLISION_DATE,COLLISION_TIME,OFFICER_ID,REPORTING_DISTRICT,DAY_OF_WEEK,CHP_SHIFT,POPULATION,CNTY_CITY_LOC,SPECIAL_COND,BEAT_TYPE,CHP_BEAT_TYPE,CITY_DIVISION_LAPD,CHP_BEAT_CLASS,BEAT_NUMBER,PRIMARY_RD,SECONDARY_RD,DISTANCE,DIRECTION,INTERSECTION,WEATHER_1,WEATHER_2,STATE_HWY_IND,CALTRANS_COUNTY,CALTRANS_DISTRICT,STATE_ROUTE,ROUTE_SUFFIX,POSTMILE_PREFIX,POSTMILE,LOCATION_TYPE,RAMP_INTERSECTION,SIDE_OF_HWY,TOW_AWAY,COLLISION_SEVERITY,NUMBER_KILLED,NUMBER_INJURED,PARTY_COUNT,PRIMARY_COLL_FACTOR,PCF_CODE_OF_VIOL,PCF_VIOL_CATEGORY,PCF_VIOLATION,PCF_VIOL_SUBSECTION,HIT_AND_RUN,TYPE_OF_COLLISION,MVIW,PED_ACTION,ROAD_SURFACE,ROAD_COND_1,ROAD_COND_2,LIGHTING,CONTROL_DEVICE,CHP_ROAD_TYPE,PEDESTRIAN_ACCIDENT,BICYCLE_ACCIDENT,MOTORCYCLE_ACCIDENT,TRUCK_ACCIDENT,NOT_PRIVATE_PROPERTY,ALCOHOL_INVOLVED,STWD_VEHTYPE_AT_FAULT,CHP_VEHTYPE_AT_FAULT,COUNT_SEVERE_INJ,COUNT_VISIBLE_INJ,COUNT_COMPLAINT_PAIN,COUNT_PED_KILLED,COUNT_PED_INJURED,COUNT_BICYCLIST_KILLED,COUNT_BICYCLIST_INJURED,COUNT_MC_KILLED,COUNT_MC_INJURED,PRIMARY_RAMP,SECONDARY_RAMP,LATITUDE,LONGITUDE,COUNTY,CITY,POINT_X,POINT_Y
91605102,2021,2021-10-25,9265,2021-10-14,1550,021284,,4,2,9,3900,0,1,3,,2,004,"SR-99 N/B","CHEROKEE RD",770.00,N,N,A,-,Y,,,99,,,,,,N,Y,4,0,1,2,A,-,08,22107,,N,D,C,A,A,H,-,A,D,0,,,,,Y,,A,01,0,0,1,0,0,0,0,0,0,"- ","- ",37.994300842285156,-121.25325012207031,"SAN JOAQUIN",UNINCORPORATED,-121.25348663330078,37.994205474853516
91605307,2021,2021-10-25,9265,2021-10-14,0750,013515,,4,1,9,3900,0,3,5,,2,050,"HINKLEY AVENUE","HORNER AVENUE",0.00,,Y,A,-,N,,,,,,,,,,Y,3,0,1,2,A,-,12,22450,A,N,D,C,A,A,H,-,A,A,0,,,,,Y,,A,07,0,1,0,0,0,0,0,0,0,"- ","- ",37.957569122314453,-121.23796844482422,"SAN JOAQUIN",UNINCORPORATED,-121.23782348632812,37.957237243652344
91605666,2021,2021-10-25,9266,2021-10-16,1615,013668,,6,2,9,3900,0,2,4,,1,023,"CHRISMAN ROAD","SCHULTE ROAD",0.00,,Y,A,-,N,,,,,,,,,,Y,4,0,1,2,A,-,08,22107,,N,D,C,A,A,H,-,A,A,0,,,,,Y,,A,01,0,0,1,0,0,0,0,0,0,"- ","- ",37.725269317626953,-121.39823150634766,"SAN JOAQUIN",UNINCORPORATED,-121.39820098876953,37.7252197265625
91605843,2021,2021-10-25,9266,2021-10-17,1800,018365,,7,2,9,3900,0,3,5,,2,002,"CORRAL HOLLOW RD","MIDWAY DR",150.00,N,N,A,G,N,,,,,,,,,,Y,3,0,1,3,A,-,03,22350,,N,C,C,A,A,H,-,A,D,0,,,,,Y,,A,01,0,1,0,0,0,0,0,0,0,"- ","- ",37.182910919189453,-121.45301818847656,"SAN JOAQUIN",UNINCORPORATED,-121.45296478271484,37.718402862548828
91606195,2021,2021-10-26,9265,2021-10-10,2105,021781,,7,2,9,3900,0,1,3,,2,025,"SR-120 E\B","UNION ROAD",1056.00,E,N,A,-,Y,,,,,,,,,,N,4,0,4,3,A,-,03,22350,,N,C,C,A,A,H,-,D,A,0,,,,,Y,,A,01,0,0,4,0,0,0,0,0,0,"- ","- ",37.783191680908203,-121.23712921142578,"SAN JOAQUIN",UNINCORPORATED,-121.22959899902344,37.783149719238281
91606853,2021,2021-10-26,9265,2021-09-27,0717,017405,,1,1,4,3903,0,1,3,,2,025,"SR-120 E/B","MAIN ST.",1901.00,E,N,A,-,Y,,,120,,,,,,E,Y,4,0,2,3,A,-,03,22350,,N,C,C,A,A,H,-,A,D,0,,,,,Y,,A,01,0,0,2,0,0,0,0,0,0,"- ","- ",37.783191680908203,-121.20919799804688,"SAN JOAQUIN",MANTECA,-121.20919799804688,37.783199310302734
91607812,2021,2021-10-27,9265,2021-10-20,1630,022356,,3,2,9,3900,0,3,5,,2,060,"LIBERTY RD","DRY CREEK RD",965.00,E,N,A,-,N,,,,,,,,,,Y,3,0,2,2,A,-,08,22107,,N,B,C,A,A,H,-,A,D,0,,,,,Y,,A,01,0,1,1,0,0,0,0,0,0,"- ","- ",38.234878540039062,-121.13202667236328,"SAN JOAQUIN",UNINCORPORATED,-121.13203430175781,38.234897613525391
91608463,2021,2021-10-28,9265,2021-10-16,1400,013539,,6,2,9,3900,0,3,5,,2,030,"BOWMAN ROAD","HOLMES ROAD",0.00,,Y,A,-,N,,,,,,,,,,Y,3,0,1,2,A,-,05,21752,D,N,A,C,A,A,H,-,A,D,0,,,,,Y,,A,01,0,1,0,0,0,0,0,0,0,"- ","- ",37.864860534667969,-121.31281280517578,"SAN JOAQUIN",UNINCORPORATED,-121.31287384033203,37.864891052246094
91608583,2021,2021-10-28,9265,2021-10-06,1224,013515,,3,1,9,3900,0,3,5,,2,050,"ADELBERT AVENUE","WASHINGTON STREET",0.00,,Y,A,-,N,,,,,,,,,,Y,3,0,4,2,A,-,12,22450,A,N,D,C,A,A,H,-,A,A,0,,,,,Y,,A,01,0,4,0,0,0,0,0,0,0,"- ","- ",37.962730407714844,-121.23673248291016,"SAN JOAQUIN",UNINCORPORATED,-121.23674774169922,37.962745666503906
91608839,2021,2021-10-28,9265,2021-10-20,0640,018836,,3,1,9,3900,0,1,3,,2,006,"SR-99 S/B","PELTIER RD",100.00,N,N,B,-,Y,,,99,,,,,,S,Y,4,0,3,2,A,-,03,22350,,N,C,C,A,A,H,-,D,D,0,,,,,Y,,A,01,0,0,3,0,0,0,0,0,0,"- ","- ",38.189540863037109,-121.26286315917969,"SAN JOAQUIN",UNINCORPORATED,-121.26282501220703,38.189540863037109
91608856,2021,2021-10-28,9265,2021-10-21,0744,018511,,4,1,9,3900,0,1,3,,2,004,"SR-99 S/B","WATERLOO ROAD",1590.00,S,N,B,-,Y,,,99,,,,,,S,N,4,0,2,4,A,-,03,22350,,M,C,C,A,B,H,-,A,D,0,,,,,Y,,-,99,0,0,2,0,0,0,0,0,0,"- ","- ",37.981349945068359,-121.25,"SAN JOAQUIN",UNINCORPORATED,-121.25008392333984,37.981342315673828
91609019,2021,2021-10-28,9265,2021-10-23,0345,021661,,6,3,9,3900,0,2,4,,1,014,"MARIPOSA RD E/B","JACK TONE ROAD",100.00,W,N,A,-,N,,,,,,,,,,Y,3,0,1,2,A,-,03,22350,,N,C,C,A,A,H,-,C,D,0,,,,Y,Y,,A,01,0,1,0,0,0,0,0,0,0,"- ","- ",37.905139923095703,-121.14785766601562,"SAN JOAQUIN",UNINCORPORATED,-121.14762115478516,37.905136108398438
91612663,2021,2021-11-01,9265,2021-10-20,1207,019136,,3,1,9,3900,0,1,3,,1,062,SR-88,"COMSTOCK RD",85.00,W,N,B,-,Y,,,88,,,,,,,Y,3,0,2,1,A,-,08,22107,,N,E,I,A,A,H,-,A,A,0,,,,,Y,,A,08,0,2,0,0,0,0,0,0,0,"- ","- ",38.035140991210938,-121.18704986572266,"SAN JOAQUIN",UNINCORPORATED,-121.18716430664062,38.035148620605469
91612734,2021,2021-11-01,9265,2021-10-01,0820,017405,,5,1,9,3900,0,1,1,,2,502,"I-5 S/B","ROTH RD.",1109.00,N,N,A,-,Y,,,5,,,,,,S,N,4,0,1,3,A,-,03,22350,,N,C,C,A,A,H,-,A,D,0,,,,,Y,,A,01,0,0,1,0,0,0,0,0,0,"- ","- ",37.858661651611328,-121.28141021728516,"SAN JOAQUIN",UNINCORPORATED,-121.28141784667969,37.858661651611328
91613330,2021,2021-11-02,9265,2021-10-21,1832,021830,,4,2,9,3900,0,1,3,,1,092,SR-12,"GUARD RD",3062.00,E,N,A,-,Y,,,12,,,,,,,Y,4,0,2,2,A,-,21,22106,,N,D,C,A,A,H,-,A,D,0,,,,,Y,,A,01,0,0,2,0,0,0,0,0,0,"- ","- ",38.116050720214844,-121.41182708740234,"SAN JOAQUIN",UNINCORPORATED,-121.41182708740234,38.116119384765625
91616061,2021,2021-11-04,9265,2021-10-25,1100,019128,,1,1,9,3900,0,3,5,,2,010,"SOUTHLAND ROAD","SOUTHLAND COURT",140.00,W,N,B,C,N,,,,,,,,,,Y,4,0,1,1,A,-,08,22107,,N,E,I,A,B,H,-,A,D,0,,,,,Y,,A,07,0,0,1,0,0,0,0,0,0,"- ","- ",37.819351196289062,-121.18943786621094,"SAN JOAQUIN",UNINCORPORATED,-121.18938446044922,37.819267272949219
91616203,2021,2021-11-04,9265,2021-10-24,1740,021830,,7,2,6,3905,0,1,3,,2,003,"SR-99 N/B","FRENCH CAMP RD",5386.00,N,N,C,-,Y,,,,,,,,,,Y,4,0,1,2,A,-,03,22350,,N,D,2,A,B,H,-,A,D,0,,,,,Y,,A,01,0,0,1,0,0,0,0,0,0,"- ","- ",37.874740600585938,-121.21955108642578,"SAN JOAQUIN",STOCKTON,-121.21947479248047,37.874351501464844
91617587,2021,2021-11-05,9265,2021-10-27,1900,019182,,3,2,9,3900,0,2,4,,1,014,"JACK TONE RD","MARIPOSA RD",3696.00,N,N,A,-,N,,,,,,,,,,Y,4,0,2,1,A,-,08,22107,,M,E,I,A,A,H,-,D,D,0,,,,,Y,,A,01,0,0,2,0,0,0,0,0,0,"- ","- ",37.915058135986328,-121.14775848388672,"SAN JOAQUIN",UNINCORPORATED,-121.14746856689453,37.915180206298828
9161804,2020,2020-11-25,3905,2020-09-09,1219,2466,CIV,3,5,6,3905,0,0,0,,0,,"HARDING WY","SAN JOAQUIN ST W",25.00,E,N,A,-,N,,,,,,,,,,Y,4,0,1,2,A,-,09,21801,,F,A,C,A,A,H,-,A,A,0,,,,,Y,,A,01,0,0,1,0,0,0,0,0,0,"- ","- ",37.967979431152344,-121.29103088378906,"SAN JOAQUIN",STOCKTON,-121.2911376953125,37.967983245849609
91619973,2021,2021-11-09,9265,2021-10-28,1520,019182,,4,2,9,3900,0,1,3,,1,011,SR-120,"VON GLAHN RD",160.00,W,N,A,-,N,,,120,,,,,,,Y,3,0,4,3,A,-,01,23152,A,N,C,C,A,A,H,-,A,D,0,,,,,Y,Y,D,22,0,1,3,0,0,0,0,0,0,"- ","- ",37.798480987548828,-121.05863952636719,"SAN JOAQUIN",UNINCORPORATED,-121.05863952636719,37.798419952392578
91620286,2021,2021-11-09,9265,2021-11-05,2358,021661,,5,3,9,3900,0,3,5,,2,030,"FRENCH CAMP RD","AIRPORT WAY",350.00,W,N,A,-,N,,,,,,,,,,Y,3,0,1,2,A,-,01,23152,A,N,B,C,A,A,H,-,C,D,0,,,,,Y,Y,A,01,0,1,0,0,0,0,0,0,0,"- ","- ",37.872779846191406,-121.25229644775391,"SAN JOAQUIN",UNINCORPORATED,-121.25357055664062,37.873691558837891
91620354,2021,2021-11-09,9265,2021-10-30,1755,021284,,6,2,9,3900,0,2,4,,1,052,"MCALLEN RD","WILSON WAY",0.00,,Y,A,-,N,,,,,,,,,,N,4,0,1,2,A,-,03,22350,,M,C,C,A,A,H,-,A,A,0,,,,,Y,,-,99,0,0,1,0,0,0,0,0,0,"- ","- ",38.000419616699219,-121.26048278808594,"SAN JOAQUIN",UNINCORPORATED,-121.26026916503906,38.000331878662109
91620364,2021,2021-11-09,9265,2021-10-30,1830,022356,,6,2,9,3900,0,1,3,,2,025,"SR-120 E/B","MAIN ST",1600.00,W,N,A,-,Y,,,,,,,,,,Y,4,0,1,3,A,-,03,22350,,N,C,C,A,A,H,-,A,D,0,,,,,Y,,A,07,0,0,1,0,0,0,0,0,0,"- ","- ",37.783168792724609,-121.22144317626953,"SAN JOAQUIN",UNINCORPORATED,-121.22139739990234,37.783164978027344
91620720,2021,2021-11-09,9265,2021-11-03,0815,015490,,3,1,9,3900,0,1,3,,1,042,"SR-4 W/B","FILBERT ST.",528.00,E,N,A,-,Y,,,,,,,,,,N,4,0,1,2,A,-,04,21703,,N,C,C,A,A,H,-,A,D,0,,,,Y,Y,,F,26,0,0,1,0,0,0,0,0,0,"- ","- ",37.960109710693359,-121.25200653076172,"SAN JOAQUIN",UNINCORPORATED,-121.25492095947266,37.959465026855469
91620773,2021,2021-11-09,9265,2021-11-05,0755,015490,,5,1,9,3900,0,1,3,,2,004,"SR-99 S/B","WATERLOO RD.",1056.00,N,N,A,-,Y,,,99,,,,,,S,Y,4,0,1,2,A,-,04,21703,,N,C,C,A,A,H,-,A,D,0,,,,,Y,,D,22,0,0,1,0,0,0,0,0,0,"- ","- ",37.987911224365234,-121.25103759765625,"SAN JOAQUIN",UNINCORPORATED,-121.25114440917969,37.987869262695312
91624495,2021,2021-11-15,9265,2021-10-20,1630,019139,,3,2,9,3900,0,3,5,,2,030,"MANTHEY RD","MATHEWS RD",0.00,,Y,A,-,N,,,,,,,,,,Y,4,0,1,3,A,-,21,22106,,N,D,C,A,A,H,-,A,A,0,,,,,Y,,A,07,0,0,1,0,0,0,0,0,0,"- ","- ",38.882190704345703,-121.28034210205078,"SAN JOAQUIN",UNINCORPORATED,-121.28035736083984,37.882198333740234
91624798,2021,2021-11-15,9265,2021-10-20,1850,019139,,3,2,2,3920,0,1,3,,2,025,"SR-120 E/B","YOSEMITE AVE",60.00,W,N,A,-,Y,,,,,,,,,,Y,3,0,2,3,A,-,03,22350,,N,C,C,A,A,H,-,D,D,0,,,,,Y,,A,01,0,1,1,0,0,0,0,0,0,"- ","- ",38.789089202880859,-121.28675079345703,"SAN JOAQUIN",LATHROP,-121.28483581542969,37.78851318359375
91624961,2021,2021-11-15,9266,2021-11-03,0518,021241,,3,3,9,3900,0,1,1,,2,024,"I-5 S/B","I-205 E/B",3168.00,N,N,A,-,Y,,,5,,,,,,S,N,4,0,1,3,A,-,03,22350,,N,C,C,A,A,H,-,D,D,0,,,,,Y,,D,22,0,0,1,0,0,0,0,0,0,"- ","- ",37.773361206054688,-121.32360076904297,"SAN JOAQUIN",UNINCORPORATED,-121.32359313964844,37.773349761962891
91627204,2021,2021-11-17,9265,2021-11-09,0805,019128,,2,1,9,3900,0,1,3,,1,062,"SR-88 E/B","WILCOX ROAD",260.00,W,N,B,-,Y,,,88,,,,,,E,N,4,0,1,2,A,-,09,21804,A,N,D,C,A,B,H,-,A,D,0,,,,,Y,,A,01,0,0,1,0,0,0,0,0,0,"- ","- ",37.987819671630859,-121.24513244628906,"SAN JOAQUIN",UNINCORPORATED,-121.2451171875,37.987796783447266
91627448,2021,2021-11-17,9265,2021-11-09,1244,020313,,2,1,9,3900,0,1,3,,2,004,"SR-99 S/B","HAMMER LANE",1540.00,S,N,B,-,Y,,,99,,,,,,S,Y,4,0,2,2,A,-,03,22350,,N,C,C,A,B,H,-,A,D,0,,,,,Y,,A,01,0,0,2,0,0,0,0,0,0,"- ","- ",38.017219543457031,-121.25833892822266,"SAN JOAQUIN",UNINCORPORATED,-121.25825500488281,38.017219543457031
91628252,2021,2021-11-18,9265,2021-11-10,1903,017439,,3,2,9,3900,0,1,3,,2,025,"STATE ROUTE 120 E/B","MAIN ST.",0.00,,N,A,-,Y,,,,,,,,,,Y,3,0,1,2,A,-,03,22350,,N,C,C,A,A,H,-,A,D,0,,,,,Y,,A,01,0,1,0,0,0,0,0,0,0,"- ","- ",37.753231048583984,-121.14273071289062,"SAN JOAQUIN",UNINCORPORATED,-121.21585845947266,37.783180236816406
91628292,2021,2021-11-18,9266,2021-11-11,0841,013668,,4,1,9,3900,0,1,3,,1,011,SR-4,"MIDDLE RIVER BRIDGE",5280.00,W,N,A,-,Y,,,4,,,,,,,N,4,0,1,2,A,-,03,22350,,M,C,C,A,A,H,-,A,D,0,,,,,Y,,D,22,0,0,1,0,0,0,0,0,0,"- ","- ",37.891040802001953,-121.50977325439453,"SAN JOAQUIN",UNINCORPORATED,-121.50975036621094,37.890926361083984
91628585,2021,2021-11-18,9265,2021-11-15,0645,017123,,1,1,6,3905,0,1,1,,2,503,"I-5 S/B","DOWNING AVE",810.00,S,N,B,-,Y,,,5,,,,,,S,Y,3,0,1,1,A,-,08,22107,,N,E,I,A,A,H,-,B,D,0,,,,,Y,,D,22,0,1,0,0,0,0,0,0,0,"- ","- ",37.910789489746094,-121.28881072998047,"SAN JOAQUIN",STOCKTON,-121.28890228271484,37.910755157470703
91630452,2021,2021-11-19,9265,2021-11-01,1549,018289,,1,2,9,3900,0,3,5,,2,050,"DAWES AVENUE","HORNER AVENUE",400.00,S,N,B,-,N,,,,,,,,,,N,3,0,1,2,A,-,08,22107,,N,E,J,A,B,H,-,A,D,0,,,,,Y,,D,22,0,1,0,0,0,0,0,0,0,"- ","- ",37.958660125732422,-121.22834014892578,"SAN JOAQUIN",UNINCORPORATED,-121.22965240478516,37.958183288574219
91630881,2021,2021-11-19,9265,2021-11-16,1730,020513,,2,2,6,3905,0,1,1,,2,504,"I-5 NB TO EIGHT MILE RD","EIGHT MILE RD",600.00,S,N,A,-,Y,,,5,,,,R,,N,Y,4,0,1,2,A,-,03,22350,,N,C,C,A,A,H,-,D,D,0,,,,,Y,,A,01,0,0,1,0,0,0,0,0,0,"- ","- ",38.056140899658203,-121.37171936035156,"SAN JOAQUIN",STOCKTON,-121.37171936035156,38.056140899658203
91632317,2021,2021-11-22,9265,2021-11-13,1750,021781,,6,2,9,3900,0,3,5,,2,010,"STEINEGUL ROAD","LONE TREE ROAD",0.00,,Y,A,-,N,,,,,,,,,,N,3,0,4,2,A,-,12,22450,A,N,D,C,A,A,H,-,D,D,0,,,,,Y,,A,01,0,1,3,0,0,0,0,0,0,"- ","- ",37.827888488769531,-121.96101379394531,"SAN JOAQUIN",UNINCORPORATED,-120.96090698242188,37.827613830566406
91632362,2021,2021-11-22,9266,2021-11-05,0655,020083,,5,1,9,3900,0,1,1,,2,014,"I-205 W/B TO MOUNTAIN HOUSE PKWY OFF-RAMP","MOUNTAIN HOUSE PKWY",0.00,,Y,A,-,Y,,,205,,,,R,,W,Y,2,0,1,3,A,-,01,23152,A,N,D,C,A,A,H,-,C,A,0,,,,,Y,Y,A,07,1,0,0,0,0,0,0,0,0,"- ","- ",37.743019104003906,-121.53154754638672,"SAN JOAQUIN",UNINCORPORATED,-121.53154754638672,37.743019104003906
91633041,2021,2021-11-23,9266,2021-11-07,2237,021822,,7,3,9,3900,0,1,1,,2,021,"I-580 E/B","CORRAL HOLLOW ROAD",2572.00,E,N,A,-,Y,,,580,,,,,,E,Y,3,0,1,1,A,-,08,22107,,N,F,A,A,A,H,-,D,D,0,,,,,Y,,A,01,0,1,0,0,0,0,0,0,0,"- ","- ",37.667739868164062,-121.45025634765625,"SAN JOAQUIN",UNINCORPORATED,-121.45021820068359,37.667808532714844
91633432,2021,2021-11-23,9265,2021-11-22,0945,015827,,1,1,9,3900,0,1,3,,2,025,"SR-120 W/B","AIRPORT WAY",2640.00,W,N,A,-,Y,,,,,,,,,,N,4,0,3,3,A,-,03,22350,,N,C,C,A,A,H,-,A,D,0,,,,,Y,,A,01,0,0,3,0,0,0,0,0,0,"- ","- ",37.783321380615234,-121.26126861572266,"SAN JOAQUIN",UNINCORPORATED,-121.25628662109375,37.783340454101562
91634479,2021,2021-11-24,9265,2021-11-12,2030,022134,,5,2,9,3900,0,1,3,,2,004,"HARNEY LN","CURRY AVE",125.00,E,N,E,-,N,,,,,,,,,,N,2,0,1,2,A,-,11,21954,A,N,G,B,E,A,H,-,D,D,0,Y,,,,Y,Y,N,60,1,0,0,0,1,0,0,0,0,"- ","- ",38.101249694824219,-121.23735809326172,"SAN JOAQUIN",UNINCORPORATED,-121.23741912841797,38.101268768310547
91634528,2021,2021-11-24,9265,2021-11-18,0630,015629,,4,1,9,3900,0,2,4,,1,074,"BENJAMIN HOLT DRIVE WESTBOUND (W/B)","BELMONT PLACE",200.00,E,N,E,-,N,,,,,,,,,,Y,4,0,1,2,A,-,08,22107,,N,C,E,A,A,H,-,A,D,0,,,,,Y,,A,01,0,0,1,0,0,0,0,0,0,"- ","- ",38.005161285400391,-121.34258270263672,"SAN JOAQUIN",UNINCORPORATED,-121.34269714355469,38.005115509033203
91634696,2021,2021-11-24,9266,2021-11-10,1230,015029,,3,1,9,3900,0,1,1,,1,015,"I-205 E/B","MACARTHUR DRIVE",5280.00,E,N,A,-,Y,,,205,,,,,,E,N,3,0,1,2,A,-,08,22107,,N,B,C,A,A,H,-,A,D,0,,,,,Y,,D,22,0,1,0,0,0,0,0,0,0,"- ","- ",37.764980316162109,-121.39054870605469,"SAN JOAQUIN",UNINCORPORATED,-121.39054870605469,37.764743804931641
91634790,2021,2021-11-24,9266,2021-11-21,0110,021704,,7,3,9,3900,0,3,5,,2,002,"DURHAM FERRY RD","CHRISMAN RD",30.00,W,N,A,-,N,,,,,,,,,,Y,3,0,1,1,A,-,01,23152,A,N,E,J,A,A,H,-,D,D,0,,,,,Y,Y,A,01,0,1,0,0,0,0,0,0,0,"- ","- ",37.667171478271484,-121.39797210693359,"SAN JOAQUIN",UNINCORPORATED,-121.3978271484375,37.667129516601562
91636743,2021,2021-11-29,9266,2021-11-25,1230,013668,,4,1,9,3900,0,3,5,,2,001,"BETHANY ROAD","SAN JOSE ROAD",1100.00,E,N,A,-,N,,,,,,,,,,Y,2,0,1,1,A,-,08,22107,,N,E,I,A,A,H,-,A,D,0,,,,,Y,,A,01,1,0,0,0,0,0,0,0,0,"- ","- ",37.780380249023438,-121.48700714111328,"SAN JOAQUIN",UNINCORPORATED,-121.48701477050781,37.780426025390625
91637311,2021,2021-11-29,9265,2021-11-18,1650,021649,,4,2,6,3905,0,2,4,,1,091,"I-5 S/B","W. CHARTER WAY",251.00,S,N,A,-,Y,,,5,,,,,,S,Y,4,0,1,4,A,-,07,21658,A,M,E,I,A,A,H,-,C,D,0,,,,,Y,,-,99,0,0,1,0,0,0,0,0,0,"- ","- ",37.935989379882812,-121.29743194580078,"SAN JOAQUIN",STOCKTON,-121.29756927490234,37.935966491699219
91638609,2021,2021-11-30,9266,2021-11-07,1141,015029,,7,1,9,3900,0,2,4,,1,023,"CHRISMAN ROAD","LINNE ROAD",325.00,S,N,A,-,N,,,,,,,,,,Y,2,0,3,1,A,-,03,22350,,N,E,I,A,A,H,-,A,D,0,,,,,Y,,A,01,1,2,0,0,0,0,0,0,0,"- ","- ",37.694919586181641,-121.39794921875,"SAN JOAQUIN",UNINCORPORATED,-121.39809417724609,37.695266723632812
91641113,2021,2021-12-02,9265,2021-11-20,2110,021644,,6,2,9,3900,0,1,3,,2,003,"SR-99 N/B","FRENCH CAMP RD",528.00,N,N,A,-,Y,,,99,,,,,,N,Y,2,0,1,2,A,-,03,22350,,N,C,2,A,A,H,-,D,D,0,,,,,Y,,A,01,1,0,0,0,0,0,0,0,0,"- ","- ",37.862010955810547,-121.21869659423828,"SAN JOAQUIN",UNINCORPORATED,-121.21867370605469,37.862010955810547
91641233,2021,2021-12-02,9266,2021-11-24,1612,018365,,3,2,9,3900,0,1,3,,1,026,SR-132,"VERNALIS RD",0.00,,Y,A,-,Y,,,132,,,,,,,Y,3,0,2,2,A,-,09,21802,A,N,D,C,A,A,H,-,A,A,0,,,,,Y,,A,01,0,2,0,0,0,0,0,0,0,"- ","- ",37.638111114501953,-121.29187774658203,"SAN JOAQUIN",UNINCORPORATED,-121.29187774658203,37.637996673583984
91642088,2021,2021-12-03,9265,2021-11-28,0605,020071,,7,1,9,3900,0,3,5,,2,050,"HORNER AVE","OLIVE AVE",0.00,,Y,A,-,N,,,,,,,,,,N,2,0,1,2,A,-,09,21802,A,N,D,C,A,A,H,-,D,A,0,,,,,Y,,M,96,1,0,0,0,0,0,0,0,0,"- ","- ",37.957511901855469,-121.23680877685547,"SAN JOAQUIN",UNINCORPORATED,-121.23683166503906,37.957500457763672
91643562,2021,2021-12-06,9266,2021-12-02,0445,021241,,4,3,9,3900,0,1,1,,2,021,"I-580 E/B","CORRAL HOLLOW RD",1200.00,E,N,A,-,Y,,,580,,,,,,E,Y,3,0,1,1,A,-,08,22107,,N,E,I,A,A,H,-,D,D,0,,,,,Y,,A,01,0,1,0,0,0,0,0,0,0,"- ","- ",37.670009613037109,-121.45384979248047,"SAN JOAQUIN",UNINCORPORATED,-121.45384216308594,37.670017242431641
91643926,2021,2021-12-06,9265,2021-11-24,1527,017439,,3,2,3,3904,0,1,3,,2,001,"SR-99 N/B","MAIN ST.",1584.00,S,N,A,-,Y,,,99,,,,,,N,Y,3,0,1,2,A,-,07,21658,A,N,B,C,A,A,H,-,A,D,0,,,,Y,Y,,G,25,0,1,0,0,0,0,0,0,0,"- ","- ",37.743240356445312,-121.12751007080078,"SAN JOAQUIN",RIPON,-121.12747955322266,37.7432861328125
91645592,2021,2021-12-07,9266,2021-11-26,0225,020599,,5,3,9,3900,0,1,1,,2,024,"I-5 S/B",SR-132,3470.00,N,N,A,-,Y,,,5,,,,,,S,Y,4,0,1,1,A,-,01,23152,A,N,H,A,A,A,H,-,D,D,0,,,,Y,Y,Y,G,25,0,0,1,0,0,0,0,0,0,"- ","- ",37.647201538085938,-121.34320068359375,"SAN JOAQUIN",UNINCORPORATED,-121.34332275390625,37.647197723388672
91650529,2021,2021-12-13,9265,2021-12-04,2010,021284,,6,2,9,3900,0,3,5,,2,060,"COLLIER RD","NORTH CHEROKEE WY",2381.00,E,N,E,-,N,,,,,,,,,,Y,2,0,1,1,A,-,01,23152,A,N,A,I,A,A,H,-,D,D,0,,,,,Y,Y,A,01,1,0,0,0,0,0,0,0,0,"- ","- ",38.218288421630859,-121.25479125976562,"SAN JOAQUIN",UNINCORPORATED,-121.25490570068359,38.218235015869141
91652961,2021,2022-01-31,9265,2021-12-04,0840,017989,,6,1,9,3900,0,1,1,,2,505,"I-5 SOUTHBOUND",SR-12,11616.00,S,N,E,-,Y,,,5,,,,,,S,N,2,0,1,2,A,-,07,21658,A,N,B,C,A,A,H,-,A,D,0,,,,,Y,,A,01,1,0,0,0,0,0,0,0,0,"- ","- ",38.086891174316406,-121.3819580078125,"SAN JOAQUIN",UNINCORPORATED,-121.38198852539062,38.086879730224609
91653107,2021,2021-12-15,9265,2021-12-07,0830,018850,,2,1,9,3900,0,2,4,,1,015,"COPPEROPOLIS RD","DUNCAN RD",0.00,,Y,B,-,N,,,,,,,,,,Y,3,0,2,2,A,-,08,22107,,N,D,C,A,B,H,-,A,D,0,,,,,Y,,D,22,0,1,1,0,0,0,0,0,0,"- ","- ",37.972068786621094,-121.09512329101562,"SAN JOAQUIN",UNINCORPORATED,-121.09465026855469,37.972133636474609