CASE_ID,ACCIDENT_YEAR,PROC_DATE,JURIS,COLLISION_DATE,COLLISION_TIME,OFFICER_ID,REPORTING_DISTRICT,DAY_OF_WEEK,CHP_SHIFT,POPULATION,CNTY_CITY_LOC,SPECIAL_COND,BEAT_TYPE,CHP_BEAT_TYPE,CITY_DIVISION_LAPD,CHP_BEAT_CLASS,BEAT_NUMBER,PRIMARY_RD,SECONDARY_RD,DISTANCE,DIRECTION,INTERSECTION,WEATHER_1,WEATHER_2,STATE_HWY_IND,CALTRANS_COUNTY,CALTRANS_DISTRICT,STATE_ROUTE,ROUTE_SUFFIX,POSTMILE_PREFIX,POSTMILE,LOCATION_TYPE,RAMP_INTERSECTION,SIDE_OF_HWY,TOW_AWAY,COLLISION_SEVERITY,NUMBER_KILLED,NUMBER_INJURED,PARTY_COUNT,PRIMARY_COLL_FACTOR,PCF_CODE_OF_VIOL,PCF_VIOL_CATEGORY,PCF_VIOLATION,PCF_VIOL_SUBSECTION,HIT_AND_RUN,TYPE_OF_COLLISION,MVIW,PED_ACTION,ROAD_SURFACE,ROAD_COND_1,ROAD_COND_2,LIGHTING,CONTROL_DEVICE,CHP_ROAD_TYPE,PEDESTRIAN_ACCIDENT,BICYCLE_ACCIDENT,MOTORCYCLE_ACCIDENT,TRUCK_ACCIDENT,NOT_PRIVATE_PROPERTY,ALCOHOL_INVOLVED,STWD_VEHTYPE_AT_FAULT,CHP_VEHTYPE_AT_FAULT,COUNT_SEVERE_INJ,COUNT_VISIBLE_INJ,COUNT_COMPLAINT_PAIN,COUNT_PED_KILLED,COUNT_PED_INJURED,COUNT_BICYCLIST_KILLED,COUNT_BICYCLIST_INJURED,COUNT_MC_KILLED,COUNT_MC_INJURED,PRIMARY_RAMP,SECONDARY_RAMP,LATITUDE,LONGITUDE,COUNTY,CITY,POINT_X,POINT_Y
94839090,2025,2026-01-14,9265,2025-08-28,1606,024262,,4,2,9,3900,0,3,5,,2,010,"RIVER RD","MCHENNRY AVE",0.00,,Y,A,-,N,,,,,,,,,,Y,3,0,1,1,A,-,08,22107,,N,F,I,A,A,H,-,A,D,0,,,,Y,Y,,G,25,0,1,0,0,0,0,0,0,0,"- ","- ",37.760810852050781,-120.99594879150391,"SAN JOAQUIN",UNINCORPORATED,-120.99567413330078,37.760868072509766
94842717,2025,2025-09-12,9265,2025-08-31,"400 ",023301,,7,3,9,3900,0,1,3,,2,006,"SR-99 S/B","PELTIER RD",739.00,N,N,A,-,Y,SJ,,99," "," ",34.721,H,,L,Y,3,0,1,1,A,-,08,22107,,M,E,J,A,A,H,-,D,D,0,,,,,Y,,D,22,0,1,0,0,0,0,0,0,0,"- ","- ",38.191341400146484,-121.26297760009766,"SAN JOAQUIN",UNINCORPORATED,-121.26287078857422,38.191341400146484
94843080,2025,2025-09-12,9266,2025-09-02,1655,021774,,2,2,9,3900,0,3,5,,2,001,"LAMMERS ROAD","BETHANY ROAD",2640.00,S,N,A,-,N,,,,,,,,,,Y,4,0,1,2,A,-,09,21804,A,N,D,C,A,A,H,-,A,D,0,,,,,Y,,D,22,0,0,1,0,0,0,0,0,0,"- ","- ",37.772789001464844,-121.47669982910156,"SAN JOAQUIN",UNINCORPORATED,-121.47698211669922,37.773441314697266
94843103,2025,2025-09-12,9265,2025-09-02,"840 ",024641,,2,1,6,3905,0,1,3,,2,003,"SR-99 S/B","MAIN ST O/C",968.00,S,N,A,-,Y,SJ,,99," "," ",17.940,H,,L,N,3,0,1,3,A,-,03,22350,,N,C,C,A,A,H,-,A,D,0,,,,,Y,,A,01,0,1,0,0,0,0,0,0,0,"- ","- ",37.951408386230469,-121.23806762695312,"SAN JOAQUIN",STOCKTON,-121.23810577392578,37.951400756835938
9484339,2022,2022-08-22,3903,2022-06-11,0955,3558,,6,5,4,3903,0,0,0,,0,,"WEST YOSEMITE AV","UNION RD S",0.00,,Y,A,-,N,,,,,,,,,,Y,4,0,5,2,A,-,12,21453,A,N,D,C,A,A,H,-,A,A,0,,,,,Y,,A,07,0,0,5,0,0,0,0,0,0,"- ","- ",37.797401428222656,-121.23490142822266,"SAN JOAQUIN",MANTECA,-121.23490905761719,37.797409057617188
9484344,2022,2022-08-31,3903,2022-06-02,1350,3768,,4,5,4,3903,0,0,0,,0,,"LATHROP AV","LONDON AV",0.00,,Y,A,-,N,,,,,,,,,,N,4,0,2,2,A,-,12,21453,A,N,D,D,A,A,H,-,A,A,0,,,,,Y,,A,01,0,0,2,0,0,0,0,0,0,"- ","- ",,,"SAN JOAQUIN",MANTECA,-121.24494171142578,37.826431274414062
9484352,2022,2022-08-31,3903,2022-04-29,2035,3769,,5,5,4,3903,0,0,0,,0,,"N SPRECKELS AV","W PHOENIX DR W",0.00,,Y,A,-,N,,,,,,,,,,Y,4,0,1,2,A,-,09,21801,A,N,D,C,A,A,H,-,C,A,0,,,,,Y,,A,01,0,0,1,0,0,0,0,0,0,"- ","- ",37.793449401855469,-121.19748687744141,"SAN JOAQUIN",MANTECA,-121.19754791259766,37.79345703125
9484354,2022,2022-09-12,3903,2022-04-26,0711,3768,,2,5,4,3903,0,0,0,,0,,"EAST YOSEMITE AV","BUTTON AV",268.00,E,N,A,-,N,,,,,,,,,,Y,4,0,1,2,A,-,08,22107,,N,C,D,A,A,A,H,A,A,0,,,Y,,Y,,C,02,0,0,1,0,0,0,0,0,1,"- ","- ",37.797561645507812,-121.18990325927734,"SAN JOAQUIN",MANTECA,-121.18931579589844,37.797531127929688
9484360,2022,2022-08-25,3903,2022-04-08,1042,3768,,5,5,4,3903,0,0,0,,0,,"EAST YOSEMITE AV","SPRECKELS AV",441.00,W,N,A,-,N,,,,,,,,,,N,4,0,1,2,A,-,08,22107,,N,D,D,A,A,H,-,A,D,0,,,,,Y,,A,01,0,0,1,0,0,0,0,0,0,"- ","- ",,,"SAN JOAQUIN",MANTECA,-121.19968414306641,37.797489166259766
9484365,2022,2022-08-24,3903,2022-04-03,0131,5624,,7,5,4,3903,0,0,0,,0,,"WEST LOUISE AV","LOUISE AVE 2200 BLK",0.00,,-,A,-,N,,,,,,,,,,N,3,0,3,1,A,-,01,23152,A,N,E,I,A,A,H,-,C,A,0,,,,,Y,Y,-,"- ",0,3,0,0,0,0,0,0,0,"- ","- ",37.811920166015625,-121.25736999511719,"SAN JOAQUIN",MANTECA,-121.26041412353516,37.811897277832031
9484369,2022,2023-10-17,3903,2022-03-19,2050,3769,,6,5,4,3903,0,0,0,,0,,"W WOODWARD AV","S AL FONSECA LN",0.00,,Y,A,-,N,,,,,,,,,,Y,3,0,1,1,A,-,01,23152,A,N,A,-,A,A,H,-,C,D,0,,,,,Y,Y,A,01,0,1,0,0,0,0,0,0,0,"- ","- ",37.775638580322266,-121.23831176757812,"SAN JOAQUIN",MANTECA,-121.23838043212891,37.775577545166016
94843934,2025,2025-09-15,9265,2025-09-07,1115,024641,,7,1,9,3900,0,1,1,,2,503,"I-5 N/B","CHARTER WAY",1575.00,N,N,A,-,Y,SJ,,5," "," ",25.685,H,,R,N,4,0,1,3,A,-,07,21658,A,M,B,C,A,A,H,-,A,D,0,,,,,Y,,-,99,0,0,1,0,0,0,0,0,0,"- ","- ",37.941410064697266,-121.29814147949219,"SAN JOAQUIN",UNINCORPORATED,-121.29818725585938,37.94140625
94844614,2025,2025-09-15,9265,2025-08-29,2200,023612,,5,3,9,3900,0,3,5,,2,060,"TULLY RD","HARNEY LN",4171.00,S,N,A,-,N,,,,,,,,,,N,2,0,1,1,A,-,08,22107,,N,F,A,A,A,H,-,D,D,0,,,Y,,Y,,C,02,1,0,0,0,0,0,0,0,1,"- ","- ",38.091461181640625,-121.12409973144531,"SAN JOAQUIN",UNINCORPORATED,-121.13332366943359,38.102668762207031
94845809,2025,2025-09-16,9265,2025-09-04,"805 ",024692,,4,1,9,3900,0,1,3,,2,004,"SR-99 S/B",SR-26,500.00,N,N,A,-,Y,SJ,,99," "," ",19.393,H,,L,Y,4,0,1,5,A,-,03,22350,,N,C,C,A,A,H,-,A,D,0,,,,,Y,,D,22,0,0,1,0,0,0,0,0,0,"- ","- ",37.971298217773438,-121.24652099609375,"SAN JOAQUIN",UNINCORPORATED,-121.24649047851562,37.971309661865234
94847571,2025,2025-09-17,9265,2025-09-06,"535 ",024262,,6,3,4,3903,0,1,3,,2,025,"SR-120 E/B","UNION RD",2149.00,E,N,A,-,Y,SJ,,120," ",R,3.894,H,,R,Y,3,0,1,1,A,-,08,22107,,N,E,I,A,A,H,-,A,D,0,,,,,Y,,A,01,0,1,0,0,0,0,0,0,0,"- ","- ",37.783000946044922,-121.24172973632812,"SAN JOAQUIN",MANTECA,-121.24172973632812,37.783092498779297
94849368,2025,2025-09-18,9265,2025-09-09,1740,016359,,2,2,9,3900,0,3,5,,2,090,"WALNUT GROVE ROAD","LAMB RD",0.00,,Y,B,-,N,,,,,,,,,,Y,4,0,1,2,A,-,05,21752,D,N,D,C,A,A,H,-,A,D,0,,,,,Y,,A,07,0,0,1,0,0,0,0,0,0,"- ","- ",38.22528076171875,-121.47496795654297,"SAN JOAQUIN",UNINCORPORATED,-121.47493743896484,38.225311279296875
94850020,2025,2025-09-18,9265,2025-08-24,1941,024544,,7,2,9,3900,0,1,3,,2,003,"SR-99 S/B","FRENCH CAMP RD",2600.00,N,N,A,-,Y,SJ,,99," "," ",11.993,H,,L,Y,4,0,1,1,A,-,01,23152,A,N,E,8,A,A,H,-,A,D,0,,,,,Y,Y,A,01,0,0,1,0,0,0,0,0,0,"- ","- ",37.867221832275391,-121.21910858154297,"SAN JOAQUIN",UNINCORPORATED,-121.21918487548828,37.867218017578125
94850475,2025,2025-09-18,9266,2025-09-08,"805 ",018628,,1,1,4,3903,0,1,1,,2,014,"I-205 W/B","ELEVENTH ST",500.00,W,N,A,-,Y,SJ,,205," ",R,3.050,H,,L,N,4,0,2,2,A,-,03,22350,,N,C,C,A,A,H,-,C,A,0,,,,,Y,,A,01,0,0,2,0,0,0,0,0,0,"- ","- ",37.740619659423828,-121.50119781494141,"SAN JOAQUIN",MANTECA,-121.50119781494141,37.740680694580078
9485075,2022,2022-08-31,3906,2022-08-10,1853,1751,,3,5,5,3906,0,0,0,,0,003,"CORRAL HOLLOW RD","11TH ST",862.00,S,N,A,-,N,,,,,,,,,,Y,3,0,4,5,A,-,08,22107,,F,C,C,A,A,H,-,A,A,0,,,,Y,Y,,A,01,0,1,3,0,0,0,0,0,0,"- ","- ",,,"SAN JOAQUIN",TRACY,-121.45323181152344,37.737041473388672
94851640,2025,2025-09-19,9265,2025-09-11,1119,024417,,4,1,9,3900,0,1,3,,2,003,"GOLDEN GATE AVE","FARMINGTON RD",800.00,W,N,A,-,N,,,,,,,,,,Y,4,0,1,1,C,-,18,,,N,E,8,A,A,H,-,A,D,0,,,,,Y,,-,"- ",0,0,1,0,0,0,0,0,0,"- ","- ",37.942100524902344,-121.23238372802734,"SAN JOAQUIN",UNINCORPORATED,-121.2330322265625,37.942729949951172
94851664,2025,2025-09-19,9265,2025-09-12,1120,017989,,5,1,9,3900,0,1,3,,2,001,"SR-99 NORTHBOUND","JACK TONE RD",5280.00,N,N,A,-,Y,SJ,,99," "," ",3.360,H,,R,Y,4,0,1,2,A,-,03,22350,,N,C,C,A,A,H,-,A,D,0,,,,,Y,,A,07,0,0,1,0,0,0,0,0,0,"- ","- ",37.760940551757812,-121.15747833251953,"SAN JOAQUIN",UNINCORPORATED,-121.15745544433594,37.760963439941406
94853048,2025,2025-09-22,9265,2025-09-12,1505,024252,,5,2,9,3900,0,3,5,,2,060,"OVERHISER RD","TIEXEIRA DR",80.00,S,N,A,-,N,,,,,,,,,,N,4,0,2,2,A,-,09,21801,A,N,A,C,A,A,H,-,A,D,0,,,,,Y,,A,01,0,0,2,0,0,0,0,0,0,"- ","- ",38.002338409423828,-121.2386474609375,"SAN JOAQUIN",UNINCORPORATED,-121.23872375488281,38.002399444580078
94853062,2025,2025-09-22,9265,2025-09-13,1850,023301,,6,2,9,3900,0,3,5,,2,060,"JAHANT RD","DUSTIN RD",0.00,,Y,A,-,N,,,,,,,,,,Y,4,0,3,2,A,-,12,22450,A,N,D,2,A,A,H,-,B,A,0,,,,,Y,,A,07,0,0,3,0,0,0,0,0,0,"- ","- ",38.203880310058594,-121.22604370117188,"SAN JOAQUIN",UNINCORPORATED,-121.22602844238281,38.203884124755859
94855227,2025,2025-09-22,9265,2025-09-15,2258,023277,,1,3,9,3900,0,1,3,,1,062,"SR-88 W/B","NATHELLE LANE",792.00,W,N,A,-,N,,,,,,,,,,Y,4,0,2,2,A,-,05,21460,,N,B,2,A,A,H,-,D,D,0,,,,,Y,,A,01,0,0,2,0,0,0,0,0,0,"- ","- ",38.094379425048828,-121.18052673339844,"SAN JOAQUIN",UNINCORPORATED,-121.18049621582031,38.094497680664062
94856834,2025,2025-09-23,9265,2025-01-28,"2   ",020071,,2,3,6,3905,0,1,1,,2,503,"INTERSTATE 5 SOUTHBOUND","WEBER AVE",580.00,S,N,A,-,Y,SJ,,5," "," ",26.432,H,,L,Y,1,1,1,1,A,-,01,23152,A,N,F,A,A,A,H,-,D,D,0,,,,,Y,Y,A,07,0,1,0,0,0,0,0,0,0,"- ","- ",37.950538635253906,-121.30417633056641,"SAN JOAQUIN",STOCKTON,-121.30412292480469,37.950614929199219
94857089,2025,2025-09-24,9265,2025-09-12,1945,023736,,5,2,9,3900,0,3,5,,2,060,"JACK TONE ROAD","VICTOR ROAD",518.00,N,N,A,-,N,,,,,,,,,,Y,2,0,1,2,A,-,05,21202,A,N,D,6,A,A,H,-,D,D,0,,Y,,,Y,,L,04,1,0,0,0,0,0,1,0,0,"- ","- ",38.1380615234375,-121.15074157714844,"SAN JOAQUIN",UNINCORPORATED,-121.15071868896484,38.140922546386719
94858585,2025,2025-09-24,9265,2025-09-14,1855,024209,,7,2,9,3900,0,1,3,,2,025,"SR-120 E/B","MAIN ST",2500.00,E,N,A,-,Y,SJ,,120," ",R,5.802,H,,R,Y,4,0,1,2,A,-,03,22350,,N,C,C,A,A,H,-,A,D,0,,,,,Y,,A,01,0,0,1,0,0,0,0,0,0,"- ","- ",37.783180236816406,-121.20688629150391,"SAN JOAQUIN",UNINCORPORATED,-121.20688629150391,37.783210754394531
94858724,2025,2025-09-24,9265,2025-09-17,"955 ",024320,,3,1,9,3900,0,1,3,,2,004,"SR-99 N/B","WILSON WAY",559.00,N,N,A,-,Y,SJ,,99," "," ",21.779,H,,R,N,4,0,1,3,A,-,07,21658,A,M,B,C,A,A,H,-,A,D,0,,,,Y,Y,,F,25,0,0,1,0,0,0,0,0,0,"- ","- ",38.004608154296875,-121.25749969482422,"SAN JOAQUIN",UNINCORPORATED,-121.25751495361328,38.004608154296875
9486127,2022,2022-09-23,3903,2022-07-11,1804,3776,,1,5,4,3903,0,0,0,,0,,"NORTH MAIN ST","WEST LOUISE AV",0.00,,Y,A,-,N,,,,,,,,,,Y,3,0,3,2,A,-,12,21453,A,N,D,C,A,B,H,-,A,A,0,,,,,Y,,A,01,0,3,0,0,0,0,0,0,0,"- ","- ",37.811920166015625,-121.217041015625,"SAN JOAQUIN",MANTECA,-121.217041015625,37.811943054199219
94863943,2025,2025-09-29,9266,2025-09-05,1740,022792,,5,2,9,3900,0,3,5,,2,002,"TRACY BOULEVARD","LINNE ROAD",8976.00,S,N,A,-,N,,,,,,,,,,Y,2,0,1,1,A,-,01,23152,A,N,F,0,A,A,H,-,A,D,0,,,,,Y,Y,A,07,1,0,0,0,0,0,0,0,0,"- ","- ",37.671970367431641,-121.43434143066406,"SAN JOAQUIN",UNINCORPORATED,-121.43439483642578,37.671371459960938
94864271,2025,2025-09-29,9265,2025-09-14,1340,024641,,7,1,4,3903,0,1,3,,2,025,"SR-120 E/B","MAIN ST",1575.00,E,N,A,-,Y,SJ,,120," ",R,5.614,H,,R,Y,3,0,4,3,A,-,07,21658,A,N,B,C,A,A,H,-,A,D,0,,,,,Y,,A,07,0,2,2,0,0,0,0,0,0,"- ","- ",37.783210754394531,-121.21031951904297,"SAN JOAQUIN",MANTECA,-121.21031951904297,37.783203125
94864665,2025,2025-09-29,9265,2025-08-28,1405,024252,,4,2,9,3900,0,1,3,,1,062,SR-88,"BOGGIANO RD",343.00,E,N,A,-,Y,SJ,,88," "," ",3.779,H,,R,N,2,0,2,3,A,-,03,22350,,N,C,2,A,A,H,-,A,D,0,,,,,Y,,D,22,1,0,1,0,0,0,0,0,0,"- ","- ",38.022678375244141,-121.20034790039062,"SAN JOAQUIN",UNINCORPORATED,-121.20034790039062,38.022678375244141
94864844,2025,2025-09-29,9265,2025-09-17,1115,024396,,3,1,9,3900,0,1,1,,2,504,"I-5 N/B","HAMMER LANE",1000.00,N,N,A,-,Y,SJ,,5," "," ",33.017,H,,R,Y,4,0,1,2,A,-,03,22350,,N,C,C,A,A,D,-,A,D,0,,,,Y,Y,,D,22,0,0,1,0,0,0,0,0,0,"- ","- ",38.026008605957031,-121.3609619140625,"SAN JOAQUIN",UNINCORPORATED,-121.36092376708984,38.026020050048828
94865807,2025,2025-09-30,9265,2025-09-18,"435 ",023736,,4,3,9,3900,0,2,4,,1,091,"THORNTON ROAD","STATE ROUTE 12",829.00,N,N,A,-,N,,,,,,,,,,Y,4,0,1,2,A,-,01,23152,A,N,D,C,A,A,H,-,C,D,0,,,,Y,Y,Y,D,22,0,0,1,0,0,0,0,0,0,"- ","- ",38.118431091308594,-121.39356231689453,"SAN JOAQUIN",UNINCORPORATED,-121.39337921142578,38.118297576904297
9486648,2022,2022-09-15,3903,2022-07-21,1734,3950,,4,5,4,3903,0,0,0,,0,,"WATSON AV","W YOSEMITE AV W",0.00,,Y,A,-,N,,,,,,,,,,Y,4,0,2,2,A,-,04,21703,,N,C,D,A,A,H,-,A,D,0,,,,,Y,,D,22,0,0,2,0,0,0,0,0,0,"- ","- ",37.797370910644531,-121.23940277099609,"SAN JOAQUIN",MANTECA,-121.23941040039062,37.797370910644531
94868336,2025,2025-10-01,9265,2025-09-21,1850,023301,,7,2,9,3900,0,3,5,,2,090,"KETTLEMAN LN","LOCUST TREE RD",0.00,,Y,A,-,N,,,,,,,,,,Y,4,0,3,2,A,-,09,21802,A,N,D,3,A,A,H,-,B,A,0,,,,,Y,,A,01,0,0,3,0,0,0,0,0,0,"- ","- ",38.116161346435547,-121.19657135009766,"SAN JOAQUIN",UNINCORPORATED,-121.19652557373047,38.116153717041016
94868511,2025,2025-10-01,9266,2025-09-21,"540 ",018628,,7,3,9,3900,0,1,1,,2,024,"I-5 N/B","KASSON RD",1000.00,S,N,A,-,Y,SJ,,5," "," ",10.592,H,,R,N,3,0,1,3,A,-,08,22107,,F,B,C,E,A,H,-,D,A,0,Y,,,Y,Y,,-,99,0,1,0,0,1,0,0,0,0,"- ","- ",37.741329193115234,-121.34343719482422,"SAN JOAQUIN",UNINCORPORATED,-121.343505859375,37.741329193115234
94870495,2025,2025-10-02,9265,2025-09-23,"456 ",020071,,2,3,9,3900,0,3,5,,2,030,"MATHEWS RD","FREEDOM RD",0.00,,Y,A,-,N,,,,,,,,,,Y,3,0,2,2,A,-,03,22350,,N,C,C,A,A,H,-,D,D,0,,,,,Y,,A,01,0,1,1,0,0,0,0,0,0,"- ","- ",37.882251739501953,-121.281982421875,"SAN JOAQUIN",UNINCORPORATED,-121.28194427490234,37.882270812988281
94871362,2025,2025-10-03,9265,2025-09-24,"900 ",024290,,3,1,4,3903,0,1,3,,2,025,"SR-120 E/B","MAIN STREET",2270.00,E,N,A,-,Y,SJ,,120," ",R,5.745,H,,R,Y,4,0,1,4,A,-,03,22350,,N,C,C,A,A,H,-,A,D,0,,,,Y,Y,,D,22,0,0,1,0,0,0,0,0,0,"- ","- ",37.783191680908203,-121.20791625976562,"SAN JOAQUIN",MANTECA,-121.20792388916016,37.783206939697266
94871401,2025,2025-10-03,9265,2025-09-24,"914 ",024252,,3,1,9,3900,0,1,3,,2,004,"SR-99 S/B","CHEROKEE RD",1056.00,S,N,A,-,Y,SJ,,99," "," ",20.657,H,,L,N,4,0,1,1,A,-,08,22107,,N,E,I,A,A,H,-,A,D,0,,,,,Y,,A,01,0,0,1,0,0,0,0,0,0,"- ","- ",37.989059448242188,-121.25150299072266,"SAN JOAQUIN",UNINCORPORATED,-121.25160217285156,37.989032745361328
94871550,2025,2025-10-03,9265,2025-09-24,1830,024531,,3,2,6,3905,0,1,1,,2,503,"I-5 S/B TO SR-4",SR-4,1800.00,N,N,A,-,Y,SJ,,5," "," ",26.557,H,,L,Y,3,0,1,2,A,-,08,22107,,N,B,2,A,A,H,-,B,D,0,,,,,Y,,A,01,0,1,0,0,0,0,0,0,0,"- ","- ",37.951438903808594,-121.30619812011719,"SAN JOAQUIN",STOCKTON,-121.30609130859375,37.951583862304688
94871814,2025,2025-10-03,9265,2025-09-26,"935 ",024417,,5,1,3,3904,0,1,3,,2,001,"SR-99 N/B","FULTON AVE",10.00,N,N,A,-,Y,SJ,,99," "," ",1.714,H,,R,N,4,0,1,2,A,-,03,22350,,N,C,C,A,A,H,-,A,D,0,,,,,Y,,A,07,0,0,1,0,0,0,0,0,0,"- ","- ",37.746700286865234,-121.13334655761719,"SAN JOAQUIN",RIPON,-121.13333129882812,37.746719360351562
94871819,2025,2025-10-03,9265,2025-09-26,"553 ",021644,,5,3,9,3900,0,1,3,,2,004,"SR-99 S/B","EIGHT MILE RD",1584.00,S,N,A,-,Y,SJ,,99," "," ",25.053,H,,L,Y,4,0,1,2,A,-,08,22107,,N,E,8,A,A,H,-,A,D,0,,,,,Y,,A,01,0,0,1,0,0,0,0,0,0,"- ","- ",38.052070617675781,-121.25919342041016,"SAN JOAQUIN",UNINCORPORATED,-121.25923919677734,38.052066802978516
94871834,2025,2025-10-03,9265,2025-09-26,2035,024490,,5,2,9,3900,0,2,4,,1,064,"JACK TONE RD","SR-4 E/B",3168.00,N,N,A,-,N,,,,,,,,,,Y,3,0,1,2,A,-,03,22350,,N,C,C,A,A,H,-,D,D,0,,,,Y,Y,,A,01,0,1,0,0,0,0,0,0,0,"- ","- ",37.951351165771484,-121.14820861816406,"SAN JOAQUIN",UNINCORPORATED,-121.14820861816406,37.950798034667969
94872848,2025,2025-10-06,9266,2025-09-26,1830,022773,,5,2,5,3906,0,1,1,,2,014,"I-205 E/B","BYRON ROAD",143.00,W,N,A,-,Y,SJ,,205," ",R,4.528,H,,R,N,3,0,1,2,A,-,03,22350,,N,C,C,A,A,H,-,A,D,0,,,,,Y,,A,07,0,1,0,0,0,0,0,0,0,"- ","- ",37.748550415039062,-121.47630310058594,"SAN JOAQUIN",TRACY,-121.47630310058594,37.748554229736328
94874158,2025,2025-10-06,9266,2025-09-16,1930,022123,,2,2,9,3900,0,1,1,,2,024,"I-5 S/B","I-580 W/B",5280.00,N,N,A,-,Y,SJ,,5," "," ",1.732,H,,L,Y,3,0,1,1,A,-,08,22107,,N,E,I,A,A,H,-,D,D,0,,,,,Y,,A,07,0,1,0,0,0,0,0,0,0,"- ","- ",37.612968444824219,-121.34320068359375,"SAN JOAQUIN",UNINCORPORATED,-121.34310150146484,37.612972259521484
94874378,2025,2025-10-06,9265,2025-09-20,1410,024320,,6,2,9,3900,0,3,5,,2,010,"HENRY RD","LONE TREE RD",0.00,,Y,A,-,N,,,,,,,,,,Y,4,0,2,2,A,-,09,21802,A,N,D,C,A,A,H,-,E,A,0,,,,,Y,,A,01,0,0,2,0,0,0,0,0,0,"- ","- ",37.827640533447266,-120.94255828857422,"SAN JOAQUIN",UNINCORPORATED,-120.94254302978516,37.827640533447266
94878533,2025,2025-10-08,9265,2025-09-27,1010,017439,,6,1,9,3900,0,3,5,,2,060,"ARMSTRONG RD","MICKE GROVE RD.",0.00,,Y,A,-,N,,,,,,,,,,N,3,0,9,2,A,-,03,22350,,N,C,C,A,A,H,-,A,D,0,,,,,Y,,A,01,0,9,0,0,0,0,0,0,0,"- ","- ",38.086700439453125,-121.26930999755859,"SAN JOAQUIN",UNINCORPORATED,-121.269287109375,38.086704254150391
94878557,2025,2025-10-08,9265,2025-09-27,1410,024206,,6,2,9,3900,0,1,1,,2,505,"I-5 S/B","WALNUT GROVE RD",1848.00,S,N,A,-,Y,SJ,,5," "," ",47.256,H,,L,N,3,0,2,2,A,-,03,22350,,N,C,C,A,A,H,-,A,D,0,,,,Y,Y,,G,25,0,2,0,0,0,0,0,0,0,"- ","- ",38.221431732177734,-121.42774963378906,"SAN JOAQUIN",UNINCORPORATED,-121.42774200439453,38.221431732177734
94881917,2025,2025-10-13,9265,2025-10-01,1930,024539,,3,2,9,3900,0,2,4,,1,091,"THORTON ROAD","EIGHT MILE",5808.00,N,N,A,-,N,,,,,,,,,,N,3,0,1,1,A,-,03,22350,,N,F,A,A,A,H,-,B,D,0,,,Y,,Y,,C,02,0,1,0,0,0,0,0,0,1,"- ","- ",38.073680877685547,-121.35211181640625,"SAN JOAQUIN",UNINCORPORATED,-121.35182952880859,38.057659149169922
94885549,2025,2025-10-14,9265,2025-09-24,"310 ",024504,,3,3,9,3900,0,1,1,,2,503,"I-5 N/B","CHARTER WAY",1490.00,S,N,A,-,Y,SJ,,5," "," ",25.068,H,,R,Y,2,0,1,1,A,-,01,23152,A,N,E,I,A,A,H,-,D,D,0,,,,,Y,Y,A,01,1,0,0,0,0,0,0,0,0,"- ","- ",37.932598114013672,-121.29651641845703,"SAN JOAQUIN",UNINCORPORATED,-121.29646301269531,37.932613372802734
94885817,2025,2025-10-14,9265,2025-10-03,1521,024531,,5,2,9,3900,0,3,5,,2,080,"RIVER DRIVE","PLYMOUTH RD",137.00,E,N,A,-,N,,,,,,,,,,N,3,0,1,2,A,-,08,22107,,N,D,G,A,A,H,-,A,D,0,,Y,,,Y,,L,04,0,1,0,0,0,0,1,0,0,"- ","- ",37.978679656982422,-121.34089660644531,"SAN JOAQUIN",UNINCORPORATED,-121.34016418457031,37.979080200195312
94886543,2025,2025-10-15,9265,2025-08-16,1900,024209,,6,2,9,3900,0,2,4,,1,031,"FRENCH CAMP RD","EL DORADO RD",50.00,E,N,A,-,N,,,,,,,,,,N,3,0,1,2,A,-,08,22107,,M,C,G,A,A,H,-,C,D,0,,Y,,,Y,,L,04,0,1,0,0,0,0,1,0,0,"- ","- ",37.889850616455078,-121.276123046875,"SAN JOAQUIN",UNINCORPORATED,-121.27631378173828,37.889980316162109
94887679,2025,2025-11-13,9265,2025-10-05,"55  ",023736,,7,3,9,3900,0,1,1,,2,505,"INTERSTATE 5 SOUTHBOUND","STATE ROUTE 12",5011.00,N,N,A,-,Y,SJ,,5," "," ",40.557,H,,L,Y,3,0,1,2,A,-,08,22107,,N,C,C,A,A,H,-,D,D,0,,,,Y,Y,,A,07,0,1,0,0,0,0,0,0,0,"- ","- ",38.129901885986328,-121.39990234375,"SAN JOAQUIN",UNINCORPORATED,-121.39988708496094,38.129898071289062
94887691,2025,2025-10-15,9265,2025-10-05,"450 ",024320,,7,3,9,3900,0,1,1,,2,503,"I-5 N/B","DOWNING AVE",1955.00,S,N,A,-,Y,SJ,,5," ",R,23.292,H,,R,N,4,0,1,2,A,-,03,22350,,N,C,C,A,A,H,-,D,D,0,,,,,Y,,A,01,0,0,1,0,0,0,0,0,0,"- ","- ",37.907749176025391,-121.28752899169922,"SAN JOAQUIN",UNINCORPORATED,-121.2874755859375,37.907760620117188